txn_id,account_id,timestamp,amount,merchant,item,device_id,location,payout_account,is_fraud
T000000,A0173,2026-01-01 07:00:00,63.3,grocery,vegetables,D_A0173,Bengaluru,,0
T000001,R001,2026-01-01 07:17:00,64.69,pharmacy,medicine,D_R001,Delhi,,0
T000002,R003,2026-01-01 07:18:00,83.72,grocery,vegetables,D_R003,Madurai,,0
T000003,A0095,2026-01-01 07:24:00,109.78,pharmacy,medicine,D_A0095,Mumbai,,0
T000004,A0230,2026-01-01 07:27:00,69.75,clothing,clothes,D_A0230,Madurai,,0
T000005,A0282,2026-01-01 07:30:00,34.0,streaming,subscription,D_A0282,Hyderabad,,0
T000006,A0025,2026-01-01 07:44:00,48.17,pharmacy,medicine,D_A0025,Hyderabad,,0
T000007,A0123,2026-01-01 07:49:00,102.01,clothing,clothes,D_A0123,Bengaluru,,0
T000008,A0487,2026-01-01 08:04:00,67.9,food,restaurant,D_A0487,Mumbai,,0
T000009,A0385,2026-01-01 08:10:00,104.26,travel,train_ticket,D_A0385,Kochi,,0
T000010,A0094,2026-01-01 08:18:00,26.73,clothing,shoes,D_A0094,Bengaluru,,0
T000011,A0408,2026-01-01 08:20:00,132.5,clothing,shoes,D_A0408,Kochi,,0
T000012,A0079,2026-01-01 08:25:00,109.88,clothing,shoes,D_A0079,Madurai,,0
T000013,A0498,2026-01-01 08:26:00,107.54,clothing,clothes,D_A0498,Coimbatore,,0
T000014,A0179,2026-01-01 08:30:00,33.26,grocery,groceries,D_A0179,Madurai,,0
T000015,A0062,2026-01-01 08:38:00,31.47,streaming,subscription,D_A0062,Madurai,,0
T000016,A0146,2026-01-01 08:42:00,40.92,grocery,groceries,D_A0146,Mumbai,,0
T000017,A0192,2026-01-01 08:50:00,115.66,pharmacy,medicine,D_A0192,Madurai,,0
T000018,A0123,2026-01-01 08:52:00,47.6,pharmacy,medicine,D_A0123,Bengaluru,,0
T000019,A0143,2026-01-01 08:57:00,70.74,clothing,shoes,D_A0143,Kochi,,0
T000020,A0381,2026-01-01 09:12:00,126.94,clothing,clothes,D_A0381,Chennai,,0
T000021,A0374,2026-01-01 09:18:00,85.3,grocery,vegetables,D_A0374,Bengaluru,,0
T000022,A0112,2026-01-01 09:22:00,23.1,streaming,subscription,D_A0112,Delhi,,0
T000023,A0191,2026-01-01 09:40:00,32.71,pharmacy,medicine,D_A0191,Mumbai,,0
T000024,A0117,2026-01-01 09:42:00,101.35,transfer,p2p_transfer,D_A0117,Bengaluru,PAYEE_A0117,0
T000025,A0117,2026-01-01 10:01:00,31.29,streaming,subscription,D_A0117,Bengaluru,,0
T000026,A0124,2026-01-01 10:04:00,390.7,travel,train_ticket,D_A0124,Hyderabad,,0
T000027,A0452,2026-01-01 10:06:00,59.63,grocery,groceries,D_A0452,Madurai,,0
T000028,A0421,2026-01-01 10:23:00,118.88,clothing,clothes,D_A0421,Chennai,,0
T000029,A0327,2026-01-01 10:23:00,50.18,food,delivery,D_A0327,Coimbatore,,0
T000030,A0487,2026-01-01 10:29:00,296.73,travel,train_ticket,D_A0487,Hyderabad,,0
T000031,A0309,2026-01-01 10:31:00,43.6,grocery,vegetables,D_A0309,Delhi,,0
T000032,A0041,2026-01-01 10:33:00,53.61,clothing,clothes,D_FAM_6,Hyderabad,,0
T000033,A0122,2026-01-01 10:33:00,26.13,streaming,subscription,D_A0122,Chennai,,0
T000034,A0206,2026-01-01 10:44:00,139.44,pharmacy,medicine,D_A0206,Hyderabad,,0
T000035,A0348,2026-01-01 10:51:00,148.99,clothing,clothes,D_A0348,Coimbatore,,0
T000036,A0020,2026-01-01 10:51:00,117.43,pharmacy,medicine,D_A0020,Bengaluru,,0
T000037,A0253,2026-01-01 10:57:00,46.72,fuel,petrol,D_A0253,Mumbai,,0
T000038,A0069,2026-01-01 10:59:00,90.91,clothing,shoes,D_A0069,Chennai,,0
T000039,A0236,2026-01-01 10:59:00,55.48,pharmacy,medicine,D_A0236,Chennai,,0
T000040,A0007,2026-01-01 11:03:00,19.26,food,delivery,D_A0007,Bengaluru,,0
T000041,A0328,2026-01-01 11:05:00,84.09,pharmacy,medicine,D_A0328,Kochi,,0
T000042,A0459,2026-01-01 11:07:00,48.97,pharmacy,medicine,D_A0459,Delhi,,0
T000043,A0010,2026-01-01 11:12:00,36.29,clothing,clothes,D_A0010,Delhi,,0
T000044,A0020,2026-01-01 11:16:00,225.07,fuel,petrol,D_A0020,Bengaluru,,0
T000045,A0399,2026-01-01 11:23:00,85.14,pharmacy,medicine,D_A0399,Hyderabad,,0
T000046,A0230,2026-01-01 11:24:00,40.53,food,delivery,D_A0230,Madurai,,0
T000047,A0178,2026-01-01 11:25:00,31.66,streaming,subscription,D_A0178,Mumbai,,0
T000048,A0167,2026-01-01 11:31:00,98.28,food,delivery,D_A0167,Chennai,,0
T000049,A0206,2026-01-01 11:32:00,207.62,pharmacy,medicine,D_A0206,Hyderabad,,0
T000050,A0174,2026-01-01 11:32:00,82.14,clothing,shoes,D_A0174,Kochi,,0
T000051,A0287,2026-01-01 11:34:00,60.06,fuel,petrol,D_FAM_13,Kochi,,0
T000052,A0313,2026-01-01 11:37:00,16.56,streaming,subscription,D_A0313,Chennai,,0
T000053,A0005,2026-01-01 11:40:00,48.87,food,delivery,D_A0005,Coimbatore,,0
T000054,A0285,2026-01-01 11:43:00,158.93,fuel,petrol,D_A0285,Madurai,,0
T000055,A0241,2026-01-01 11:44:00,75.96,clothing,clothes,D_A0241,Hyderabad,,0
T000056,A0281,2026-01-01 11:45:00,43.56,giftcards,gift_card,D_A0281,Coimbatore,,0
T000057,A0492,2026-01-01 11:45:00,148.63,pharmacy,medicine,D_A0492,Kochi,,0
T000058,A0057,2026-01-01 11:45:00,593.92,travel,bus_ticket,D_OFF_0,Mumbai,,0
T000059,A0048,2026-01-01 11:48:00,136.96,travel,bus_ticket,D_A0048,Mumbai,,0
T000060,A0041,2026-01-01 11:50:00,95.83,clothing,shoes,D_FAM_6,Hyderabad,,0
T000061,A0302,2026-01-01 11:54:00,7.71,streaming,subscription,D_A0302,Kochi,,0
T000062,A0171,2026-01-01 11:56:00,53.82,fuel,petrol,D_A0171,Bengaluru,,0
T000063,A0002,2026-01-01 11:56:00,17.12,streaming,subscription,D_A0002,Kochi,,0
T000064,A0442,2026-01-01 12:00:00,190.35,clothing,shoes,D_A0442,Kochi,,0
T000065,A0446,2026-01-01 12:00:00,220.83,clothing,clothes,D_A0446,Madurai,,0
T000066,A0054,2026-01-01 12:02:00,102.57,travel,bus_ticket,D_A0054,Chennai,,0
T000067,A0298,2026-01-01 12:03:00,31.73,streaming,subscription,D_A0298,Delhi,,0
T000068,A0411,2026-01-01 12:05:00,135.56,transfer,p2p_transfer,D_A0411,Kochi,PAYEE_A0411,0
T000069,A0200,2026-01-01 12:06:00,205.67,clothing,clothes,D_A0200,Coimbatore,,0
T000070,A0064,2026-01-01 12:10:00,110.07,clothing,shoes,D_A0064,Hyderabad,,0
T000071,A0085,2026-01-01 12:12:00,24.28,food,delivery,D_A0085,Delhi,,0
T000072,A0031,2026-01-01 12:16:00,68.36,pharmacy,medicine,D_OFF_2,Coimbatore,,0
T000073,A0268,2026-01-01 12:18:00,169.62,travel,bus_ticket,D_A0268,Chennai,,0
T000074,A0124,2026-01-01 12:23:00,568.46,travel,bus_ticket,D_A0124,Hyderabad,,0
T000075,A0243,2026-01-01 12:26:00,186.93,fuel,petrol,D_A0243,Delhi,,0
T000076,A0246,2026-01-01 12:28:00,22.88,food,delivery,D_A0246,Kochi,,0
T000077,A0357,2026-01-01 12:29:00,89.28,grocery,groceries,D_A0357,Kochi,,0
T000078,A0184,2026-01-01 12:31:00,15.13,streaming,subscription,D_A0184,Coimbatore,,0
T000079,A0038,2026-01-01 12:33:00,43.68,grocery,groceries,D_A0038,Madurai,,0
T000080,A0211,2026-01-01 12:46:00,107.9,travel,bus_ticket,D_A0211,Bengaluru,,0
T000081,A0402,2026-01-01 12:53:00,153.7,travel,train_ticket,D_A0402,Madurai,,0
T000082,A0391,2026-01-01 12:54:00,114.4,travel,bus_ticket,D_A0391,Kochi,,0
T000083,A0084,2026-01-01 12:58:00,30.23,grocery,vegetables,D_A0084,Hyderabad,,0
T000084,A0434,2026-01-01 12:59:00,24.66,food,delivery,D_A0434,Delhi,,0
T000085,A0444,2026-01-01 13:01:00,186.49,grocery,groceries,D_A0444,Kochi,,0
T000086,A0492,2026-01-01 13:07:00,169.7,pharmacy,medicine,D_A0492,Kochi,,0
T000087,A0433,2026-01-01 13:08:00,67.89,fuel,diesel,D_A0433,Hyderabad,,0
T000088,A0141,2026-01-01 13:14:00,48.7,food,restaurant,D_FAM_2,Kochi,,0
T000089,A0151,2026-01-01 13:15:00,115.02,travel,train_ticket,D_A0151,Coimbatore,,0
T000090,A0280,2026-01-01 13:18:00,75.86,food,restaurant,D_A0280,Coimbatore,,0
T000091,A0182,2026-01-01 13:19:00,72.9,grocery,vegetables,D_FAM_8,Chennai,,0
T000092,A0059,2026-01-01 13:19:00,182.49,pharmacy,medicine,D_A0059,Madurai,,0
T000093,A0164,2026-01-01 13:24:00,25.75,streaming,subscription,D_A0164,Madurai,,0
T000094,A0013,2026-01-01 13:27:00,108.95,travel,bus_ticket,D_A0013,Madurai,,0
T000095,A0128,2026-01-01 13:33:00,39.86,food,delivery,D_A0128,Madurai,,0
T000096,A0074,2026-01-01 13:37:00,129.67,grocery,vegetables,D_A0074,Hyderabad,,0
T000097,A0301,2026-01-01 13:45:00,111.23,fuel,diesel,D_A0301,Hyderabad,,0
T000098,A0002,2026-01-01 13:46:00,15.67,streaming,subscription,D_A0002,Kochi,,0
T000099,A0138,2026-01-01 13:51:00,99.58,clothing,clothes,D_A0138,Kochi,,0
T000100,A0040,2026-01-01 13:56:00,41.66,food,restaurant,D_A0040,Coimbatore,,0
T000101,A0311,2026-01-01 13:58:00,88.34,grocery,groceries,D_A0311,Chennai,,0
T000102,A0225,2026-01-01 14:00:00,29.35,grocery,groceries,D_A0225,Bengaluru,,0
T000103,A0205,2026-01-01 14:00:00,14.01,food,delivery,D_A0205,Hyderabad,,0
T000104,A0043,2026-01-01 14:02:00,23.6,streaming,subscription,D_OFF_1,Delhi,,0
T000105,A0233,2026-01-01 14:03:00,41.98,streaming,subscription,D_A0233,Coimbatore,,0
T000106,A0417,2026-01-01 14:06:00,62.06,food,restaurant,D_A0417,Madurai,,0
T000107,A0404,2026-01-01 14:11:00,8.73,food,restaurant,D_A0404,Chennai,,0
T000108,A0304,2026-01-01 14:21:00,137.65,travel,bus_ticket,D_A0304,Hyderabad,,0
T000109,A0267,2026-01-01 14:21:00,13.15,streaming,subscription,D_OFF_1,Delhi,,0
T000110,A0113,2026-01-01 14:22:00,67.76,pharmacy,medicine,D_FAM_3,Hyderabad,,0
T000111,A0422,2026-01-01 14:31:00,75.37,grocery,groceries,D_A0422,Delhi,,0
T000112,A0015,2026-01-01 14:34:00,24.8,fuel,diesel,D_FAM_14,Kochi,,0
T000113,A0266,2026-01-01 14:35:00,137.64,food,restaurant,D_A0266,Hyderabad,,0
T000114,A0313,2026-01-01 14:35:00,30.1,food,restaurant,D_A0313,Chennai,,0
T000115,A0344,2026-01-01 14:36:00,151.78,travel,train_ticket,D_A0344,Kochi,,0
T000116,A0457,2026-01-01 14:41:00,119.47,fuel,diesel,D_A0457,Hyderabad,,0
T000117,A0033,2026-01-01 14:45:00,152.01,travel,train_ticket,D_A0033,Coimbatore,,0
T000118,A0181,2026-01-01 14:50:00,65.23,grocery,groceries,D_A0181,Chennai,,0
T000119,A0268,2026-01-01 14:53:00,112.67,grocery,vegetables,D_A0268,Chennai,,0
T000120,A0468,2026-01-01 14:55:00,182.72,travel,train_ticket,D_A0468,Coimbatore,,0
T000121,A0367,2026-01-01 15:04:00,276.2,travel,bus_ticket,D_A0367,Mumbai,,0
T000122,A0113,2026-01-01 15:09:00,175.57,clothing,shoes,D_FAM_3,Hyderabad,,0
T000123,A0488,2026-01-01 15:10:00,59.69,food,restaurant,D_A0488,Kochi,,0
T000124,A0387,2026-01-01 15:11:00,28.79,fuel,diesel,D_A0387,Madurai,,0
T000125,A0404,2026-01-01 15:13:00,21.48,fuel,diesel,D_A0404,Chennai,,0
T000126,A0478,2026-01-01 15:14:00,59.15,grocery,groceries,D_A0478,Hyderabad,,0
T000127,A0237,2026-01-01 15:21:00,85.59,grocery,vegetables,D_FAM_3,Madurai,,0
T000128,A0482,2026-01-01 15:22:00,176.36,travel,train_ticket,D_A0482,Kochi,,0
T000129,A0479,2026-01-01 15:23:00,58.43,grocery,vegetables,D_A0479,Chennai,,0
T000130,A0087,2026-01-01 15:25:00,432.08,clothing,clothes,D_A0087,Madurai,,0
T000131,A0389,2026-01-01 15:25:00,147.2,travel,train_ticket,D_A0389,Coimbatore,,0
T000132,A0232,2026-01-01 15:26:00,45.73,grocery,groceries,D_A0232,Coimbatore,,0
T000133,A0399,2026-01-01 15:30:00,159.09,fuel,diesel,D_A0399,Madurai,,0
T000134,A0038,2026-01-01 15:32:00,51.09,fuel,petrol,D_A0038,Madurai,,0
T000135,A0323,2026-01-01 15:40:00,97.66,fuel,diesel,D_A0323,Madurai,,0
T000136,A0478,2026-01-01 15:41:00,51.15,grocery,groceries,D_A0478,Hyderabad,,0
T000137,A0117,2026-01-01 15:42:00,21.54,streaming,subscription,D_A0117,Bengaluru,,0
T000138,A0228,2026-01-01 15:47:00,222.01,clothing,shoes,D_A0228,Mumbai,,0
T000139,A0188,2026-01-01 15:52:00,140.46,travel,train_ticket,D_A0188,Chennai,,0
T000140,R007,2026-01-01 16:00:00,166.47,travel,train_ticket,D_R007,Chennai,,0
T000141,A0228,2026-01-01 16:07:00,75.84,pharmacy,medicine,D_A0228,Mumbai,,0
T000142,A0045,2026-01-01 16:17:00,66.13,pharmacy,medicine,D_A0045,Hyderabad,,0
T000143,A0387,2026-01-01 16:19:00,34.4,fuel,petrol,D_A0387,Mumbai,,0
T000144,A0202,2026-01-01 16:21:00,41.89,streaming,subscription,D_A0202,Madurai,,0
T000145,A0256,2026-01-01 16:24:00,121.64,fuel,petrol,D_A0256,Bengaluru,,0
T000146,A0012,2026-01-01 16:27:00,192.11,clothing,shoes,D_A0012,Coimbatore,,0
T000147,A0033,2026-01-01 16:30:00,152.22,clothing,clothes,D_A0033,Coimbatore,,0
T000148,A0119,2026-01-01 16:30:00,37.62,streaming,subscription,D_A0119,Madurai,,0
T000149,A0113,2026-01-01 16:42:00,51.51,food,restaurant,D_FAM_3,Hyderabad,,0
T000150,A0160,2026-01-01 16:43:00,90.7,clothing,clothes,D_OFF_1,Delhi,,0
T000151,A0251,2026-01-01 16:53:00,17.77,pharmacy,medicine,D_A0251,Chennai,,0
T000152,A0114,2026-01-01 16:58:00,73.86,grocery,groceries,D_A0114,Bengaluru,,0
T000153,A0277,2026-01-01 17:02:00,226.25,travel,bus_ticket,D_A0277,Madurai,,0
T000154,A0456,2026-01-01 17:18:00,76.76,transfer,p2p_transfer,D_A0456,Mumbai,PAYEE_A0456,0
T000155,A0002,2026-01-01 17:23:00,49.03,pharmacy,medicine,D_A0002,Kochi,,0
T000156,A0142,2026-01-01 17:23:00,50.37,grocery,vegetables,D_A0142,Madurai,,0
T000157,A0387,2026-01-01 17:38:00,37.29,fuel,diesel,D_A0387,Madurai,,0
T000158,A0462,2026-01-01 17:39:00,96.58,clothing,clothes,D_A0462,Coimbatore,,0
T000159,A0286,2026-01-01 17:40:00,125.52,transfer,p2p_transfer,D_FAM_10,Bengaluru,PAYEE_A0286,0
T000160,A0378,2026-01-01 18:00:00,28.87,pharmacy,medicine,D_A0378,Hyderabad,,0
T000161,A0057,2026-01-01 18:15:00,95.23,fuel,diesel,D_OFF_0,Mumbai,,0
T000162,A0364,2026-01-01 18:16:00,75.61,grocery,groceries,D_A0364,Kochi,,0
T000163,A0409,2026-01-01 18:18:00,88.28,clothing,shoes,D_A0409,Chennai,,0
T000164,A0125,2026-01-01 18:24:00,58.4,transfer,p2p_transfer,D_A0125,Chennai,PAYEE_A0125,0
T000165,A0418,2026-01-01 18:29:00,62.42,grocery,vegetables,D_A0418,Coimbatore,,0
T000166,A0333,2026-01-01 18:32:00,97.63,pharmacy,medicine,D_FAM_9,Bengaluru,,0
T000167,A0358,2026-01-01 18:38:00,121.22,clothing,clothes,D_A0358,Madurai,,0
T000168,A0260,2026-01-01 18:43:00,338.3,clothing,shoes,D_A0260,Hyderabad,,0
T000169,A0200,2026-01-01 18:44:00,279.95,clothing,shoes,D_A0200,Delhi,,0
T000170,A0164,2026-01-01 18:51:00,32.2,streaming,subscription,D_A0164,Hyderabad,,0
T000171,A0299,2026-01-01 18:54:00,31.56,pharmacy,medicine,D_A0299,Chennai,,0
T000172,A0289,2026-01-01 19:06:00,182.78,fuel,diesel,D_A0289,Hyderabad,,0
T000173,A0097,2026-01-01 19:11:00,38.75,grocery,vegetables,D_FAM_1,Delhi,,0
T000174,A0334,2026-01-01 19:14:00,191.98,grocery,vegetables,D_A0334,Madurai,,0
T000175,A0151,2026-01-01 19:37:00,135.83,travel,bus_ticket,D_A0151,Coimbatore,,0
T000176,A0181,2026-01-01 19:39:00,151.92,travel,bus_ticket,D_A0181,Chennai,,0
T000177,A0182,2026-01-01 19:42:00,49.87,grocery,vegetables,D_FAM_8,Chennai,,0
T000178,A0051,2026-01-01 19:46:00,81.11,fuel,petrol,D_A0051,Mumbai,,0
T000179,A0217,2026-01-01 19:47:00,191.44,fuel,diesel,D_A0217,Chennai,,0
T000180,A0258,2026-01-01 19:49:00,183.8,clothing,shoes,D_A0258,Bengaluru,,0
T000181,A0089,2026-01-01 19:55:00,127.12,grocery,groceries,D_A0089,Hyderabad,,0
T000182,A0349,2026-01-01 20:05:00,153.22,food,restaurant,D_A0349,Bengaluru,,0
T000183,A0094,2026-01-01 20:10:00,22.93,food,restaurant,D_A0094,Bengaluru,,0
T000184,A0421,2026-01-01 20:22:00,157.98,travel,bus_ticket,D_A0421,Chennai,,0
T000185,A0375,2026-01-01 20:27:00,548.25,travel,train_ticket,D_A0375,Hyderabad,,0
T000186,A0390,2026-01-01 20:31:00,56.61,pharmacy,medicine,D_A0390,Chennai,,0
T000187,A0460,2026-01-01 20:43:00,167.94,clothing,clothes,D_A0460,Chennai,,0
T000188,A0099,2026-01-01 21:06:00,17.44,streaming,subscription,D_A0099,Kochi,,0
T000189,A0410,2026-01-01 21:21:00,60.2,pharmacy,medicine,D_A0410,Mumbai,,0
T000190,A0176,2026-01-01 21:41:00,21.27,pharmacy,medicine,D_A0176,Coimbatore,,0
T000191,A0031,2026-01-01 22:28:00,60.19,grocery,vegetables,D_OFF_2,Coimbatore,,0
T000192,A0231,2026-01-01 22:43:00,107.52,travel,bus_ticket,D_A0231,Delhi,,0
T000193,A0051,2026-01-01 22:46:00,96.19,fuel,diesel,D_A0051,Mumbai,,0
T000194,A0045,2026-01-01 23:00:00,41.71,pharmacy,medicine,D_A0045,Hyderabad,,0
T000195,A0131,2026-01-01 23:00:00,41.72,streaming,subscription,D_A0131,Bengaluru,,0
T000196,A0484,2026-01-02 07:02:00,79.07,transfer,p2p_transfer,D_A0484,Bengaluru,PAYEE_A0484,0
T000197,A0275,2026-01-02 07:12:00,99.55,clothing,shoes,D_FAM_5,Chennai,,0
T000198,A0169,2026-01-02 07:14:00,66.39,clothing,clothes,D_A0169,Bengaluru,,0
T000199,A0468,2026-01-02 07:19:00,250.49,travel,bus_ticket,D_A0468,Chennai,,0
T000200,A0022,2026-01-02 07:21:00,20.64,clothing,shoes,D_A0022,Madurai,,0
T000201,A0334,2026-01-02 07:23:00,105.01,grocery,vegetables,D_A0334,Madurai,,0
T000202,A0037,2026-01-02 07:34:00,254.82,transfer,p2p_transfer,D_A0037,Madurai,PAYEE_A0037,0
T000203,A0376,2026-01-02 07:37:00,192.3,pharmacy,medicine,D_A0376,Hyderabad,,0
T000204,A0494,2026-01-02 07:38:00,104.98,grocery,groceries,D_A0494,Delhi,,0
T000205,A0485,2026-01-02 07:42:00,76.81,pharmacy,medicine,D_A0485,Madurai,,0
T000206,A0391,2026-01-02 07:53:00,131.45,travel,bus_ticket,D_A0391,Kochi,,0
T000207,A0491,2026-01-02 07:55:00,27.41,pharmacy,medicine,D_FAM_2,Hyderabad,,0
T000208,A0255,2026-01-02 08:07:00,292.73,travel,train_ticket,D_A0255,Mumbai,,0
T000209,R007,2026-01-02 08:24:00,18.82,streaming,subscription,D_R007,Chennai,,0
T000210,A0327,2026-01-02 08:26:00,48.98,food,delivery,D_A0327,Coimbatore,,0
T000211,A0100,2026-01-02 08:30:00,62.43,food,delivery,D_A0100,Kochi,,0
T000212,A0237,2026-01-02 08:40:00,89.35,transfer,p2p_transfer,D_FAM_3,Madurai,PAYEE_A0237,0
T000213,A0356,2026-01-02 08:44:00,7.04,streaming,subscription,D_A0356,Bengaluru,,0
T000214,A0407,2026-01-02 08:49:00,53.62,food,delivery,D_A0407,Bengaluru,,0
T000215,A0002,2026-01-02 08:50:00,18.47,streaming,subscription,D_A0002,Kochi,,0
T000216,A0361,2026-01-02 08:58:00,23.64,streaming,subscription,D_A0361,Chennai,,0
T000217,A0049,2026-01-02 09:04:00,62.93,fuel,petrol,D_FAM_8,Kochi,,0
T000218,A0448,2026-01-02 09:11:00,56.67,food,restaurant,D_A0448,Madurai,,0
T000219,A0160,2026-01-02 09:13:00,63.06,grocery,vegetables,D_OFF_1,Delhi,,0
T000220,A0120,2026-01-02 09:14:00,28.88,streaming,subscription,D_A0120,Hyderabad,,0
T000221,A0495,2026-01-02 09:15:00,113.6,clothing,clothes,D_A0495,Chennai,,0
T000222,A0067,2026-01-02 09:22:00,9.68,streaming,subscription,D_A0067,Madurai,,0
T000223,A0194,2026-01-02 09:48:00,223.47,clothing,clothes,D_FAM_2,Bengaluru,,0
T000224,A0156,2026-01-02 09:57:00,23.32,fuel,petrol,D_A0156,Delhi,,0
T000225,A0294,2026-01-02 10:04:00,147.04,travel,bus_ticket,D_A0294,Mumbai,,0
T000226,A0282,2026-01-02 10:06:00,110.31,pharmacy,medicine,D_A0282,Hyderabad,,0
T000227,A0288,2026-01-02 10:07:00,43.96,pharmacy,medicine,D_A0288,Madurai,,0
T000228,A0244,2026-01-02 10:12:00,70.69,grocery,vegetables,D_A0244,Coimbatore,,0
T000229,A0090,2026-01-02 10:13:00,54.24,transfer,p2p_transfer,D_A0090,Chennai,PAYEE_A0090,0
T000230,A0025,2026-01-02 10:17:00,115.19,clothing,clothes,D_A0025,Hyderabad,,0
T000231,A0466,2026-01-02 10:18:00,29.48,food,restaurant,D_A0466,Hyderabad,,0
T000232,A0210,2026-01-02 10:19:00,196.36,travel,bus_ticket,D_A0210,Bengaluru,,0
T000233,A0148,2026-01-02 10:21:00,57.37,pharmacy,medicine,D_A0148,Delhi,,0
T000234,A0188,2026-01-02 10:22:00,69.24,fuel,diesel,D_A0188,Chennai,,0
T000235,A0167,2026-01-02 10:25:00,119.17,food,delivery,D_A0167,Chennai,,0
T000236,A0481,2026-01-02 10:26:00,174.47,travel,train_ticket,D_A0481,Coimbatore,,0
T000237,A0134,2026-01-02 10:28:00,75.95,pharmacy,medicine,D_A0134,Coimbatore,,0
T000238,A0244,2026-01-02 10:29:00,56.19,grocery,groceries,D_A0244,Coimbatore,,0
T000239,A0491,2026-01-02 10:42:00,17.34,pharmacy,medicine,D_FAM_2,Hyderabad,,0
T000240,A0434,2026-01-02 10:45:00,14.17,food,restaurant,D_A0434,Delhi,,0
T000241,A0266,2026-01-02 10:50:00,87.24,pharmacy,medicine,D_A0266,Hyderabad,,0
T000242,A0496,2026-01-02 10:54:00,174.1,clothing,shoes,D_A0496,Mumbai,,0
T000243,A0040,2026-01-02 10:54:00,77.0,travel,bus_ticket,D_A0040,Coimbatore,,0
T000244,A0370,2026-01-02 10:54:00,75.77,transfer,p2p_transfer,D_A0370,Coimbatore,PAYEE_A0370,0
T000245,A0056,2026-01-02 10:58:00,47.4,grocery,groceries,D_A0056,Coimbatore,,0
T000246,A0355,2026-01-02 10:58:00,140.77,travel,bus_ticket,D_A0355,Kochi,,0
T000247,A0473,2026-01-02 11:00:00,21.45,food,restaurant,D_A0473,Mumbai,,0
T000248,A0220,2026-01-02 11:00:00,27.38,food,restaurant,D_A0220,Coimbatore,,0
T000249,A0035,2026-01-02 11:04:00,26.34,streaming,subscription,D_FAM_9,Delhi,,0
T000250,A0412,2026-01-02 11:05:00,313.47,clothing,shoes,D_A0412,Kochi,,0
T000251,A0264,2026-01-02 11:06:00,52.33,grocery,groceries,D_A0264,Delhi,,0
T000252,A0430,2026-01-02 11:08:00,141.11,clothing,clothes,D_A0430,Kochi,,0
T000253,A0370,2026-01-02 11:10:00,19.31,streaming,subscription,D_A0370,Coimbatore,,0
T000254,A0256,2026-01-02 11:15:00,202.6,travel,bus_ticket,D_A0256,Bengaluru,,0
T000255,A0313,2026-01-02 11:17:00,7.44,streaming,subscription,D_A0313,Chennai,,0
T000256,A0407,2026-01-02 11:24:00,54.93,food,restaurant,D_A0407,Bengaluru,,0
T000257,A0391,2026-01-02 11:32:00,59.93,travel,bus_ticket,D_A0391,Kochi,,0
T000258,A0379,2026-01-02 11:33:00,50.14,fuel,diesel,D_A0379,Chennai,,0
T000259,A0053,2026-01-02 11:41:00,227.45,travel,bus_ticket,D_A0053,Bengaluru,,0
T000260,A0386,2026-01-02 11:44:00,9.01,streaming,subscription,D_A0386,Coimbatore,,0
T000261,A0461,2026-01-02 11:50:00,25.98,food,restaurant,D_FAM_0,Madurai,,0
T000262,A0251,2026-01-02 11:52:00,46.71,fuel,diesel,D_A0251,Chennai,,0
T000263,A0149,2026-01-02 11:58:00,79.34,food,restaurant,D_A0149,Madurai,,0
T000264,A0182,2026-01-02 12:04:00,60.82,fuel,petrol,D_FAM_8,Chennai,,0
T000265,A0162,2026-01-02 12:04:00,62.0,food,delivery,D_A0162,Coimbatore,,0
T000266,A0144,2026-01-02 12:07:00,89.89,grocery,groceries,D_A0144,Madurai,,0
T000267,A0360,2026-01-02 12:09:00,43.96,grocery,vegetables,D_A0360,Mumbai,,0
T000268,A0316,2026-01-02 12:09:00,32.54,food,restaurant,D_FAM_14,Madurai,,0
T000269,A0490,2026-01-02 12:14:00,84.01,fuel,petrol,D_A0490,Hyderabad,,0
T000270,R008,2026-01-02 12:15:00,20.01,streaming,subscription,D_R008,Coimbatore,,0
T000271,A0151,2026-01-02 12:19:00,105.19,clothing,clothes,D_A0151,Coimbatore,,0
T000272,A0335,2026-01-02 12:21:00,34.01,food,delivery,D_A0335,Mumbai,,0
T000273,A0017,2026-01-02 12:28:00,47.43,fuel,diesel,D_A0017,Mumbai,,0
T000274,A0024,2026-01-02 12:30:00,46.32,giftcards,gift_card,D_A0024,Hyderabad,,0
T000275,A0276,2026-01-02 12:30:00,27.24,food,restaurant,D_A0276,Delhi,,0
T000276,A0064,2026-01-02 12:32:00,41.17,pharmacy,medicine,D_A0064,Bengaluru,,0
T000277,A0439,2026-01-02 12:35:00,36.17,grocery,vegetables,D_A0439,Chennai,,0
T000278,A0464,2026-01-02 12:39:00,67.4,fuel,diesel,D_A0464,Hyderabad,,0
T000279,A0086,2026-01-02 12:43:00,88.31,pharmacy,medicine,D_A0086,Kochi,,0
T000280,A0333,2026-01-02 12:45:00,149.11,grocery,vegetables,D_FAM_9,Bengaluru,,0
T000281,A0389,2026-01-02 12:45:00,90.25,fuel,petrol,D_A0389,Coimbatore,,0
T000282,A0390,2026-01-02 12:49:00,268.4,travel,train_ticket,D_A0390,Chennai,,0
T000283,A0417,2026-01-02 12:49:00,86.25,food,delivery,D_A0417,Madurai,,0
T000284,A0474,2026-01-02 12:51:00,164.89,grocery,groceries,D_A0474,Kochi,,0
T000285,A0327,2026-01-02 12:51:00,23.47,food,delivery,D_A0327,Coimbatore,,0
T000286,A0223,2026-01-02 12:52:00,431.9,travel,bus_ticket,D_A0223,Hyderabad,,0
T000287,A0077,2026-01-02 12:59:00,25.27,food,delivery,D_A0077,Madurai,,0
T000288,A0331,2026-01-02 13:00:00,39.63,fuel,diesel,D_A0331,Bengaluru,,0
T000289,A0171,2026-01-02 13:02:00,12.28,streaming,subscription,D_A0171,Madurai,,0
T000290,A0224,2026-01-02 13:03:00,85.51,fuel,petrol,D_A0224,Coimbatore,,0
T000291,A0415,2026-01-02 13:06:00,18.64,streaming,subscription,D_A0415,Kochi,,0
T000292,A0492,2026-01-02 13:09:00,279.07,clothing,clothes,D_A0492,Madurai,,0
T000293,A0186,2026-01-02 13:10:00,18.36,food,restaurant,D_A0186,Kochi,,0
T000294,A0269,2026-01-02 13:10:00,22.57,streaming,subscription,D_A0269,Coimbatore,,0
T000295,A0270,2026-01-02 13:13:00,58.7,grocery,groceries,D_A0270,Madurai,,0
T000296,A0444,2026-01-02 13:17:00,130.93,fuel,diesel,D_A0444,Kochi,,0
T000297,A0080,2026-01-02 13:17:00,31.96,grocery,vegetables,D_A0080,Chennai,,0
T000298,A0043,2026-01-02 13:18:00,58.74,clothing,clothes,D_OFF_1,Kochi,,0
T000299,A0226,2026-01-02 13:22:00,44.37,pharmacy,medicine,D_A0226,Kochi,,0
T000300,A0275,2026-01-02 13:26:00,33.1,food,restaurant,D_FAM_5,Chennai,,0
T000301,A0072,2026-01-02 13:30:00,6.29,streaming,subscription,D_A0072,Hyderabad,,0
T000302,A0124,2026-01-02 13:30:00,42.87,streaming,subscription,D_A0124,Hyderabad,,0
T000303,A0255,2026-01-02 13:39:00,406.6,travel,train_ticket,D_A0255,Mumbai,,0
T000304,A0072,2026-01-02 13:39:00,5.83,streaming,subscription,D_A0072,Delhi,,0
T000305,A0151,2026-01-02 13:40:00,138.28,travel,train_ticket,D_A0151,Coimbatore,,0
T000306,A0048,2026-01-02 13:44:00,29.88,food,delivery,D_A0048,Madurai,,0
T000307,A0135,2026-01-02 13:44:00,519.86,fuel,diesel,D_A0135,Delhi,,0
T000308,A0257,2026-01-02 13:46:00,227.34,clothing,clothes,D_A0257,Coimbatore,,0
T000309,A0389,2026-01-02 13:47:00,28.35,fuel,petrol,D_A0389,Chennai,,0
T000310,A0478,2026-01-02 13:48:00,51.69,giftcards,gift_card,D_A0478,Hyderabad,,0
T000311,A0106,2026-01-02 13:56:00,59.28,giftcards,gift_card,D_A0106,Bengaluru,,0
T000312,A0352,2026-01-02 14:02:00,72.12,travel,train_ticket,D_A0352,Bengaluru,,0
T000313,A0464,2026-01-02 14:05:00,26.98,pharmacy,medicine,D_A0464,Hyderabad,,0
T000314,A0035,2026-01-02 14:07:00,30.2,streaming,subscription,D_FAM_9,Delhi,,0
T000315,A0416,2026-01-02 14:10:00,73.88,fuel,diesel,D_A0416,Hyderabad,,0
T000316,A0266,2026-01-02 14:15:00,140.76,food,restaurant,D_A0266,Hyderabad,,0
T000317,R001,2026-01-02 14:20:00,75.97,grocery,vegetables,D_R001,Delhi,,0
T000318,A0217,2026-01-02 14:29:00,347.23,clothing,clothes,D_A0217,Chennai,,0
T000319,A0052,2026-01-02 14:43:00,98.64,clothing,shoes,D_A0052,Bengaluru,,0
T000320,A0443,2026-01-02 14:46:00,109.81,food,restaurant,D_A0443,Chennai,,0
T000321,A0180,2026-01-02 14:46:00,61.91,transfer,p2p_transfer,D_A0180,Chennai,PAYEE_A0180,0
T000322,A0376,2026-01-02 14:47:00,879.91,travel,bus_ticket,D_A0376,Hyderabad,,0
T000323,A0473,2026-01-02 14:50:00,88.47,travel,train_ticket,D_A0473,Mumbai,,0
T000324,A0154,2026-01-02 14:52:00,79.86,fuel,diesel,D_A0154,Chennai,,0
T000325,A0388,2026-01-02 14:57:00,96.6,travel,bus_ticket,D_A0388,Delhi,,0
T000326,A0310,2026-01-02 14:57:00,269.46,clothing,clothes,D_A0310,Chennai,,0
T000327,A0436,2026-01-02 15:04:00,80.87,fuel,diesel,D_A0436,Hyderabad,,0
T000328,A0493,2026-01-02 15:04:00,64.33,streaming,subscription,D_A0493,Coimbatore,,0
T000329,A0413,2026-01-02 15:05:00,81.46,grocery,groceries,D_A0413,Mumbai,,0
T000330,A0453,2026-01-02 15:06:00,26.88,streaming,subscription,D_A0453,Coimbatore,,0
T000331,A0227,2026-01-02 15:17:00,109.49,grocery,vegetables,D_A0227,Madurai,,0
T000332,A0386,2026-01-02 15:21:00,47.12,grocery,groceries,D_A0386,Coimbatore,,0
T000333,A0497,2026-01-02 15:25:00,94.64,fuel,diesel,D_A0497,Chennai,,0
T000334,A0275,2026-01-02 15:34:00,29.3,food,delivery,D_FAM_5,Chennai,,0
T000335,A0451,2026-01-02 15:43:00,6.31,food,delivery,D_FAM_12,Madurai,,0
T000336,A0420,2026-01-02 15:47:00,359.36,travel,train_ticket,D_OFF_0,Madurai,,0
T000337,A0272,2026-01-02 15:50:00,46.43,food,delivery,D_FAM_14,Delhi,,0
T000338,A0445,2026-01-02 15:51:00,110.3,clothing,clothes,D_A0445,Coimbatore,,0
T000339,R004,2026-01-02 15:55:00,83.71,clothing,shoes,D_R004,Hyderabad,,0
T000340,A0080,2026-01-02 15:56:00,82.33,clothing,clothes,D_A0080,Chennai,,0
T000341,A0098,2026-01-02 15:57:00,13.34,streaming,subscription,D_A0098,Mumbai,,0
T000342,A0157,2026-01-02 16:01:00,146.55,travel,bus_ticket,D_A0157,Hyderabad,,0
T000343,A0476,2026-01-02 16:03:00,105.58,streaming,subscription,D_A0476,Chennai,,0
T000344,A0415,2026-01-02 16:13:00,36.39,pharmacy,medicine,D_A0415,Kochi,,0
T000345,A0456,2026-01-02 16:16:00,21.31,streaming,subscription,D_A0456,Delhi,,0
T000346,A0369,2026-01-02 16:19:00,362.69,travel,bus_ticket,D_A0369,Mumbai,,0
T000347,A0246,2026-01-02 16:20:00,47.86,pharmacy,medicine,D_A0246,Kochi,,0
T000348,A0124,2026-01-02 16:27:00,35.97,streaming,subscription,D_A0124,Hyderabad,,0
T000349,A0041,2026-01-02 16:27:00,88.35,clothing,clothes,D_FAM_6,Hyderabad,,0
T000350,A0353,2026-01-02 16:30:00,83.18,grocery,groceries,D_A0353,Mumbai,,0
T000351,A0245,2026-01-02 16:33:00,123.87,clothing,clothes,D_A0245,Mumbai,,0
T000352,A0016,2026-01-02 16:40:00,255.82,fuel,diesel,D_FAM_12,Chennai,,0
T000353,A0239,2026-01-02 16:40:00,42.59,fuel,petrol,D_A0239,Coimbatore,,0
T000354,A0023,2026-01-02 16:46:00,98.99,grocery,vegetables,D_OFF_0,Hyderabad,,0
T000355,A0100,2026-01-02 16:49:00,40.84,food,delivery,D_A0100,Hyderabad,,0
T000356,A0156,2026-01-02 16:50:00,24.71,fuel,petrol,D_A0156,Delhi,,0
T000357,A0366,2026-01-02 16:53:00,60.45,clothing,shoes,D_FAM_5,Delhi,,0
T000358,A0093,2026-01-02 17:00:00,164.07,travel,train_ticket,D_A0093,Kochi,,0
T000359,A0213,2026-01-02 17:02:00,59.75,giftcards,gift_card,D_A0213,Coimbatore,,0
T000360,A0342,2026-01-02 17:03:00,163.75,clothing,clothes,D_A0342,Hyderabad,,0
T000361,A0210,2026-01-02 17:10:00,138.51,clothing,clothes,D_A0210,Bengaluru,,0
T000362,A0091,2026-01-02 17:12:00,272.61,fuel,diesel,D_A0091,Delhi,,0
T000363,A0121,2026-01-02 17:12:00,115.54,clothing,clothes,D_A0121,Hyderabad,,0
T000364,A0390,2026-01-02 17:14:00,54.49,pharmacy,medicine,D_A0390,Mumbai,,0
T000365,A0009,2026-01-02 17:17:00,49.11,pharmacy,medicine,D_A0009,Mumbai,,0
T000366,A0150,2026-01-02 17:17:00,19.89,grocery,vegetables,D_A0150,Mumbai,,0
T000367,A0129,2026-01-02 17:18:00,16.82,streaming,subscription,D_OFF_2,Delhi,,0
T000368,A0225,2026-01-02 17:18:00,23.13,grocery,vegetables,D_A0225,Bengaluru,,0
T000369,A0093,2026-01-02 17:24:00,78.06,clothing,clothes,D_A0093,Kochi,,0
T000370,A0446,2026-01-02 17:29:00,334.61,travel,bus_ticket,D_A0446,Madurai,,0
T000371,A0366,2026-01-02 17:29:00,35.31,fuel,diesel,D_FAM_5,Delhi,,0
T000372,A0354,2026-01-02 17:40:00,39.16,pharmacy,medicine,D_A0354,Hyderabad,,0
T000373,A0137,2026-01-02 17:41:00,141.26,transfer,p2p_transfer,D_FAM_13,Hyderabad,PAYEE_A0137,0
T000374,A0207,2026-01-02 17:43:00,14.97,streaming,subscription,D_A0207,Delhi,,0
T000375,A0439,2026-01-02 17:48:00,6.9,streaming,subscription,D_A0439,Chennai,,0
T000376,A0243,2026-01-02 17:52:00,381.34,clothing,clothes,D_A0243,Delhi,,0
T000377,A0359,2026-01-02 17:54:00,69.9,fuel,diesel,D_A0359,Bengaluru,,0
T000378,R000,2026-01-02 18:01:00,173.12,travel,train_ticket,D_R000,Madurai,,0
T000379,A0289,2026-01-02 18:38:00,33.79,pharmacy,medicine,D_A0289,Bengaluru,,0
T000380,A0262,2026-01-02 18:44:00,88.51,clothing,clothes,D_A0262,Coimbatore,,0
T000381,A0002,2026-01-02 18:50:00,62.48,pharmacy,medicine,D_A0002,Kochi,,0
T000382,A0226,2026-01-02 18:51:00,28.98,grocery,groceries,D_A0226,Chennai,,0
T000383,A0043,2026-01-02 18:52:00,14.49,streaming,subscription,D_OFF_1,Delhi,,0
T000384,A0031,2026-01-02 18:55:00,85.68,clothing,clothes,D_OFF_2,Coimbatore,,0
T000385,A0050,2026-01-02 19:29:00,233.06,travel,train_ticket,D_A0050,Hyderabad,,0
T000386,A0226,2026-01-02 19:34:00,56.55,fuel,petrol,D_A0226,Chennai,,0
T000387,A0300,2026-01-02 19:41:00,18.58,streaming,subscription,D_FAM_12,Delhi,,0
T000388,A0276,2026-01-02 19:44:00,41.89,fuel,diesel,D_A0276,Kochi,,0
T000389,A0240,2026-01-02 19:46:00,118.95,fuel,petrol,D_FAM_11,Chennai,,0
T000390,A0241,2026-01-02 19:48:00,19.12,food,restaurant,D_A0241,Hyderabad,,0
T000391,A0441,2026-01-02 19:53:00,73.71,food,restaurant,D_A0441,Hyderabad,,0
T000392,A0259,2026-01-02 19:56:00,97.82,transfer,p2p_transfer,D_A0259,Hyderabad,PAYEE_A0259,0
T000393,A0380,2026-01-02 20:03:00,445.25,travel,bus_ticket,D_A0380,Mumbai,,0
T000394,A0086,2026-01-02 20:26:00,161.26,transfer,p2p_transfer,D_A0086,Chennai,PAYEE_A0086,0
T000395,A0138,2026-01-02 20:34:00,13.54,streaming,subscription,D_A0138,Kochi,,0
T000396,R000,2026-01-02 20:48:00,46.61,grocery,vegetables,D_R000,Madurai,,0
T000397,A0116,2026-01-02 21:13:00,14.87,streaming,subscription,D_A0116,Madurai,,0
T000398,A0306,2026-01-02 21:29:00,24.25,pharmacy,medicine,D_A0306,Chennai,,0
T000399,A0301,2026-01-02 21:41:00,99.2,fuel,petrol,D_A0301,Mumbai,,0
T000400,A0296,2026-01-02 22:15:00,95.67,grocery,groceries,D_A0296,Hyderabad,,0
T000401,A0141,2026-01-02 23:09:00,30.57,streaming,subscription,D_FAM_2,Kochi,,0
T000402,A0268,2026-01-02 23:10:00,85.66,transfer,p2p_transfer,D_A0268,Chennai,PAYEE_A0268,0
T000403,A0459,2026-01-02 23:20:00,8.94,pharmacy,medicine,D_A0459,Delhi,,0
T000404,A0155,2026-01-02 23:27:00,53.22,fuel,petrol,D_A0155,Delhi,,0
T000405,A0398,2026-01-03 07:00:00,32.71,streaming,subscription,D_OFF_1,Kochi,,0
T000406,A0099,2026-01-03 07:08:00,50.86,fuel,petrol,D_A0099,Kochi,,0
T000407,A0165,2026-01-03 07:09:00,37.16,pharmacy,medicine,D_A0165,Madurai,,0
T000408,A0234,2026-01-03 07:13:00,24.08,streaming,subscription,D_A0234,Coimbatore,,0
T000409,A0286,2026-01-03 07:13:00,52.32,pharmacy,medicine,D_A0286,Hyderabad,,0
T000410,R007,2026-01-03 07:15:00,16.53,streaming,subscription,D_R007,Chennai,,0
T000411,A0499,2026-01-03 07:19:00,67.14,pharmacy,medicine,D_A0499,Hyderabad,,0
T000412,A0385,2026-01-03 07:25:00,23.13,food,restaurant,D_A0385,Kochi,,0
T000413,A0234,2026-01-03 07:28:00,17.68,streaming,subscription,D_A0234,Coimbatore,,0
T000414,A0239,2026-01-03 07:31:00,51.38,fuel,petrol,D_A0239,Kochi,,0
T000415,A0182,2026-01-03 07:33:00,78.02,grocery,vegetables,D_FAM_8,Chennai,,0
T000416,A0204,2026-01-03 07:46:00,48.95,grocery,groceries,D_A0204,Kochi,,0
T000417,A0050,2026-01-03 07:47:00,125.98,grocery,groceries,D_A0050,Hyderabad,,0
T000418,A0082,2026-01-03 07:54:00,31.16,streaming,subscription,D_A0082,Delhi,,0
T000419,A0094,2026-01-03 07:56:00,11.89,food,delivery,D_A0094,Bengaluru,,0
T000420,A0186,2026-01-03 07:59:00,47.82,fuel,petrol,D_A0186,Kochi,,0
T000421,A0414,2026-01-03 08:07:00,176.87,fuel,petrol,D_A0414,Mumbai,,0
T000422,A0096,2026-01-03 08:10:00,314.9,travel,bus_ticket,D_A0096,Hyderabad,,0
T000423,A0050,2026-01-03 08:23:00,88.1,grocery,groceries,D_A0050,Hyderabad,,0
T000424,A0262,2026-01-03 08:25:00,68.51,clothing,shoes,D_A0262,Coimbatore,,0
T000425,A0282,2026-01-03 08:35:00,242.9,clothing,clothes,D_A0282,Mumbai,,0
T000426,A0130,2026-01-03 08:43:00,102.69,clothing,clothes,D_A0130,Mumbai,,0
T000427,R006,2026-01-03 08:45:00,84.01,pharmacy,medicine,D_R006,Bengaluru,,0
T000428,A0323,2026-01-03 08:47:00,16.0,streaming,subscription,D_A0323,Delhi,,0
T000429,A0085,2026-01-03 08:53:00,25.33,food,delivery,D_A0085,Delhi,,0
T000430,A0081,2026-01-03 09:10:00,12.8,streaming,subscription,D_A0081,Coimbatore,,0
T000431,A0038,2026-01-03 09:12:00,49.21,grocery,vegetables,D_A0038,Madurai,,0
T000432,A0449,2026-01-03 09:12:00,197.37,grocery,groceries,D_FAM_0,Mumbai,,0
T000433,A0450,2026-01-03 09:15:00,41.07,food,restaurant,D_A0450,Hyderabad,,0
T000434,A0009,2026-01-03 09:18:00,26.63,streaming,subscription,D_A0009,Mumbai,,0
T000435,A0244,2026-01-03 09:29:00,56.18,grocery,groceries,D_A0244,Coimbatore,,0
T000436,A0151,2026-01-03 09:55:00,77.71,clothing,clothes,D_A0151,Coimbatore,,0
T000437,A0340,2026-01-03 10:02:00,52.71,streaming,subscription,D_A0340,Madurai,,0
T000438,A0047,2026-01-03 10:03:00,32.51,food,delivery,D_A0047,Coimbatore,,0
T000439,A0050,2026-01-03 10:06:00,158.17,pharmacy,medicine,D_A0050,Hyderabad,,0
T000440,A0387,2026-01-03 10:10:00,78.89,travel,train_ticket,D_A0387,Madurai,,0
T000441,A0364,2026-01-03 10:16:00,86.21,grocery,groceries,D_A0364,Kochi,,0
T000442,A0163,2026-01-03 10:17:00,30.82,food,delivery,D_FAM_5,Chennai,,0
T000443,A0153,2026-01-03 10:18:00,43.45,pharmacy,medicine,D_A0153,Hyderabad,,0
T000444,A0132,2026-01-03 10:26:00,64.32,food,delivery,D_A0132,Delhi,,0
T000445,A0348,2026-01-03 10:30:00,69.87,pharmacy,medicine,D_A0348,Coimbatore,,0
T000446,A0410,2026-01-03 10:31:00,191.38,travel,train_ticket,D_A0410,Mumbai,,0
T000447,A0284,2026-01-03 10:33:00,115.3,fuel,diesel,D_A0284,Coimbatore,,0
T000448,A0102,2026-01-03 10:35:00,15.79,streaming,subscription,D_FAM_7,Madurai,,0
T000449,A0062,2026-01-03 10:38:00,157.29,clothing,shoes,D_A0062,Delhi,,0
T000450,A0075,2026-01-03 10:41:00,51.33,streaming,subscription,D_A0075,Mumbai,,0
T000451,A0354,2026-01-03 10:53:00,100.09,fuel,diesel,D_A0354,Hyderabad,,0
T000452,A0137,2026-01-03 10:58:00,99.43,pharmacy,medicine,D_FAM_13,Hyderabad,,0
T000453,A0387,2026-01-03 11:02:00,33.69,fuel,petrol,D_A0387,Madurai,,0
T000454,A0008,2026-01-03 11:05:00,28.31,food,restaurant,D_A0008,Delhi,,0
T000455,A0498,2026-01-03 11:06:00,122.64,clothing,clothes,D_A0498,Coimbatore,,0
T000456,A0317,2026-01-03 11:06:00,119.87,fuel,diesel,D_OFF_0,Mumbai,,0
T000457,R005,2026-01-03 11:10:00,38.05,food,restaurant,D_R005,Chennai,,0
T000458,R001,2026-01-03 11:11:00,66.69,pharmacy,medicine,D_R001,Delhi,,0
T000459,A0212,2026-01-03 11:12:00,26.56,streaming,subscription,D_OFF_1,Kochi,,0
T000460,A0061,2026-01-03 11:14:00,54.28,fuel,diesel,D_A0061,Madurai,,0
T000461,A0262,2026-01-03 11:16:00,84.24,clothing,shoes,D_A0262,Coimbatore,,0
T000462,A0293,2026-01-03 11:24:00,59.64,fuel,petrol,D_A0293,Mumbai,,0
T000463,A0239,2026-01-03 11:25:00,73.34,clothing,clothes,D_A0239,Coimbatore,,0
T000464,A0369,2026-01-03 11:27:00,347.14,clothing,clothes,D_A0369,Mumbai,,0
T000465,A0360,2026-01-03 11:28:00,41.63,pharmacy,medicine,D_A0360,Mumbai,,0
T000466,A0096,2026-01-03 11:30:00,94.67,clothing,clothes,D_A0096,Hyderabad,,0
T000467,A0270,2026-01-03 11:36:00,158.16,fuel,diesel,D_A0270,Kochi,,0
T000468,A0455,2026-01-03 11:37:00,90.67,travel,train_ticket,D_A0455,Chennai,,0
T000469,A0311,2026-01-03 11:47:00,50.13,grocery,groceries,D_A0311,Chennai,,0
T000470,A0349,2026-01-03 11:49:00,602.82,clothing,clothes,D_A0349,Bengaluru,,0
T000471,A0059,2026-01-03 11:53:00,221.55,pharmacy,medicine,D_A0059,Bengaluru,,0
T000472,A0194,2026-01-03 12:00:00,217.06,clothing,shoes,D_FAM_2,Bengaluru,,0
T000473,A0015,2026-01-03 12:01:00,9.34,streaming,subscription,D_FAM_14,Kochi,,0
T000474,A0381,2026-01-03 12:02:00,294.95,clothing,shoes,D_A0381,Chennai,,0
T000475,A0328,2026-01-03 12:06:00,103.59,pharmacy,medicine,D_A0328,Kochi,,0
T000476,A0335,2026-01-03 12:08:00,41.95,food,delivery,D_A0335,Mumbai,,0
T000477,A0083,2026-01-03 12:09:00,288.54,pharmacy,medicine,D_A0083,Madurai,,0
T000478,A0495,2026-01-03 12:10:00,26.14,grocery,groceries,D_A0495,Chennai,,0
T000479,A0320,2026-01-03 12:13:00,69.11,travel,bus_ticket,D_FAM_4,Madurai,,0
T000480,A0055,2026-01-03 12:19:00,6.79,streaming,subscription,D_A0055,Bengaluru,,0
T000481,A0012,2026-01-03 12:28:00,60.28,food,restaurant,D_A0012,Chennai,,0
T000482,R009,2026-01-03 12:31:00,94.9,fuel,diesel,D_R009,Chennai,,0
T000483,A0377,2026-01-03 12:35:00,65.14,travel,train_ticket,D_A0377,Mumbai,,0
T000484,A0171,2026-01-03 12:38:00,73.84,transfer,p2p_transfer,D_A0171,Madurai,PAYEE_A0171,0
T000485,A0373,2026-01-03 12:42:00,23.02,food,restaurant,D_A0373,Coimbatore,,0
T000486,A0233,2026-01-03 12:42:00,75.74,clothing,clothes,D_A0233,Coimbatore,,0
T000487,A0093,2026-01-03 12:44:00,114.66,clothing,clothes,D_A0093,Kochi,,0
T000488,A0331,2026-01-03 12:46:00,96.63,clothing,shoes,D_A0331,Bengaluru,,0
T000489,A0036,2026-01-03 12:52:00,14.56,streaming,subscription,D_FAM_1,Madurai,,0
T000490,A0027,2026-01-03 12:58:00,141.79,clothing,shoes,D_A0027,Mumbai,,0
T000491,A0296,2026-01-03 12:59:00,111.65,transfer,p2p_transfer,D_A0296,Hyderabad,PAYEE_A0296,0
T000492,A0251,2026-01-03 13:00:00,19.33,food,delivery,D_A0251,Chennai,,0
T000493,A0079,2026-01-03 13:09:00,166.28,clothing,clothes,D_A0079,Hyderabad,,0
T000494,A0437,2026-01-03 13:11:00,225.01,travel,train_ticket,D_FAM_3,Kochi,,0
T000495,A0083,2026-01-03 13:30:00,129.13,pharmacy,medicine,D_A0083,Madurai,,0
T000496,A0297,2026-01-03 13:39:00,31.92,pharmacy,medicine,D_A0297,Hyderabad,,0
T000497,A0203,2026-01-03 13:40:00,24.94,fuel,diesel,D_A0203,Mumbai,,0
T000498,A0480,2026-01-03 13:47:00,155.59,transfer,p2p_transfer,D_FAM_6,Hyderabad,PAYEE_A0480,0
T000499,A0270,2026-01-03 13:51:00,117.6,fuel,diesel,D_A0270,Kochi,,0
T000500,A0477,2026-01-03 13:58:00,318.65,clothing,clothes,D_A0477,Hyderabad,,0
T000501,A0409,2026-01-03 14:00:00,119.3,clothing,shoes,D_A0409,Chennai,,0
T000502,A0016,2026-01-03 14:05:00,148.11,grocery,groceries,D_FAM_12,Chennai,,0
T000503,A0275,2026-01-03 14:05:00,135.77,travel,bus_ticket,D_FAM_5,Chennai,,0
T000504,A0331,2026-01-03 14:08:00,68.59,clothing,clothes,D_A0331,Bengaluru,,0
T000505,A0320,2026-01-03 14:09:00,36.88,pharmacy,medicine,D_A0320,Madurai,,0
T000506,A0139,2026-01-03 14:12:00,60.81,fuel,diesel,D_FAM_7,Hyderabad,,0
T000507,A0366,2026-01-03 14:12:00,57.54,clothing,clothes,D_FAM_5,Delhi,,0
T000508,A0391,2026-01-03 14:15:00,30.87,pharmacy,medicine,D_A0391,Kochi,,0
T000509,A0125,2026-01-03 14:18:00,60.66,pharmacy,medicine,D_A0125,Kochi,,0
T000510,R004,2026-01-03 14:20:00,13.59,food,delivery,D_R004,Hyderabad,,0
T000511,A0290,2026-01-03 14:25:00,95.45,grocery,vegetables,D_OFF_2,Bengaluru,,0
T000512,A0499,2026-01-03 14:26:00,107.8,clothing,clothes,D_A0499,Hyderabad,,0
T000513,A0403,2026-01-03 14:34:00,46.09,transfer,p2p_transfer,D_A0403,Bengaluru,PAYEE_A0403,0
T000514,A0264,2026-01-03 14:35:00,156.0,travel,bus_ticket,D_A0264,Delhi,,0
T000515,A0176,2026-01-03 14:39:00,14.34,food,delivery,D_A0176,Coimbatore,,0
T000516,A0110,2026-01-03 14:40:00,118.25,transfer,p2p_transfer,D_FAM_11,Delhi,PAYEE_A0110,0
T000517,A0431,2026-01-03 14:42:00,27.06,streaming,subscription,D_FAM_11,Delhi,,0
T000518,A0041,2026-01-03 14:55:00,13.72,streaming,subscription,D_FAM_6,Coimbatore,,0
T000519,A0260,2026-01-03 14:55:00,464.43,clothing,clothes,D_A0260,Hyderabad,,0
T000520,A0139,2026-01-03 14:56:00,51.75,food,delivery,D_FAM_7,Hyderabad,,0
T000521,A0094,2026-01-03 14:59:00,6.17,streaming,subscription,D_A0094,Bengaluru,,0
T000522,A0211,2026-01-03 15:02:00,22.5,food,restaurant,D_A0211,Kochi,,0
T000523,A0339,2026-01-03 15:04:00,52.35,pharmacy,medicine,D_A0339,Coimbatore,,0
T000524,A0028,2026-01-03 15:05:00,142.68,travel,bus_ticket,D_A0028,Bengaluru,,0
T000525,A0086,2026-01-03 15:06:00,84.97,pharmacy,medicine,D_A0086,Chennai,,0
T000526,A0261,2026-01-03 15:10:00,13.55,grocery,groceries,D_A0261,Delhi,,0
T000527,A0081,2026-01-03 15:10:00,84.04,fuel,diesel,D_A0081,Coimbatore,,0
T000528,A0122,2026-01-03 15:13:00,82.95,pharmacy,medicine,D_A0122,Chennai,,0
T000529,A0488,2026-01-03 15:19:00,50.8,food,delivery,D_A0488,Kochi,,0
T000530,A0281,2026-01-03 15:19:00,316.4,travel,bus_ticket,D_A0281,Coimbatore,,0
T000531,A0107,2026-01-03 15:23:00,24.51,giftcards,gift_card,D_A0107,Coimbatore,,0
T000532,R008,2026-01-03 15:26:00,53.98,grocery,groceries,D_R008,Coimbatore,,0
T000533,A0042,2026-01-03 15:27:00,91.97,fuel,petrol,D_A0042,Kochi,,0
T000534,A0036,2026-01-03 15:28:00,43.09,fuel,petrol,D_FAM_1,Madurai,,0
T000535,A0076,2026-01-03 15:30:00,20.04,streaming,subscription,D_A0076,Madurai,,0
T000536,A0069,2026-01-03 15:35:00,40.49,food,restaurant,D_A0069,Chennai,,0
T000537,A0200,2026-01-03 15:35:00,116.13,pharmacy,medicine,D_A0200,Delhi,,0
T000538,A0088,2026-01-03 15:37:00,67.95,grocery,groceries,D_A0088,Bengaluru,,0
T000539,A0100,2026-01-03 15:38:00,64.63,grocery,vegetables,D_A0100,Kochi,,0
T000540,A0048,2026-01-03 15:41:00,72.37,grocery,groceries,D_A0048,Mumbai,,0
T000541,A0445,2026-01-03 15:42:00,60.68,food,restaurant,D_A0445,Coimbatore,,0
T000542,A0304,2026-01-03 15:44:00,45.47,transfer,p2p_transfer,D_A0304,Hyderabad,PAYEE_A0304,0
T000543,A0390,2026-01-03 15:45:00,45.44,food,restaurant,D_A0390,Chennai,,0
T000544,R001,2026-01-03 15:45:00,40.23,pharmacy,medicine,D_R001,Delhi,,0
T000545,A0227,2026-01-03 15:48:00,80.26,fuel,petrol,D_A0227,Madurai,,0
T000546,A0436,2026-01-03 15:51:00,82.2,fuel,petrol,D_A0436,Bengaluru,,0
T000547,A0400,2026-01-03 15:55:00,45.96,streaming,subscription,D_A0400,Madurai,,0
T000548,A0025,2026-01-03 15:59:00,29.78,food,delivery,D_A0025,Hyderabad,,0
T000549,A0324,2026-01-03 16:03:00,280.32,travel,train_ticket,D_A0324,Bengaluru,,0
T000550,A0487,2026-01-03 16:10:00,68.22,grocery,vegetables,D_A0487,Mumbai,,0
T000551,A0220,2026-01-03 16:21:00,71.47,fuel,diesel,D_A0220,Coimbatore,,0
T000552,A0162,2026-01-03 16:21:00,172.3,clothing,clothes,D_A0162,Coimbatore,,0
T000553,A0150,2026-01-03 16:22:00,24.26,transfer,p2p_transfer,D_A0150,Mumbai,PAYEE_A0150,0
T000554,A0025,2026-01-03 16:22:00,118.42,clothing,clothes,D_A0025,Hyderabad,,0
T000555,A0234,2026-01-03 16:22:00,83.16,grocery,vegetables,D_A0234,Coimbatore,,0
T000556,A0435,2026-01-03 16:23:00,55.64,clothing,shoes,D_A0435,Coimbatore,,0
T000557,A0481,2026-01-03 16:23:00,188.55,travel,bus_ticket,D_A0481,Coimbatore,,0
T000558,A0424,2026-01-03 16:27:00,7.0,pharmacy,medicine,D_A0424,Mumbai,,0
T000559,A0177,2026-01-03 16:40:00,407.75,travel,bus_ticket,D_A0177,Delhi,,0
T000560,A0395,2026-01-03 16:44:00,49.42,food,restaurant,D_A0395,Chennai,,0
T000561,A0016,2026-01-03 16:45:00,69.85,streaming,subscription,D_FAM_12,Chennai,,0
T000562,A0296,2026-01-03 16:52:00,79.74,grocery,groceries,D_A0296,Hyderabad,,0
T000563,A0175,2026-01-03 16:53:00,179.96,clothing,shoes,D_A0175,Chennai,,0
T000564,A0109,2026-01-03 16:54:00,13.32,streaming,subscription,D_FAM_13,Coimbatore,,0
T000565,A0297,2026-01-03 16:56:00,36.64,pharmacy,medicine,D_A0297,Hyderabad,,0
T000566,A0160,2026-01-03 17:00:00,113.11,clothing,shoes,D_A0160,Delhi,,0
T000567,A0331,2026-01-03 17:01:00,57.17,clothing,clothes,D_A0331,Bengaluru,,0
T000568,A0247,2026-01-03 17:01:00,22.97,streaming,subscription,D_A0247,Coimbatore,,0
T000569,A0385,2026-01-03 17:02:00,43.41,fuel,diesel,D_A0385,Kochi,,0
T000570,A0111,2026-01-03 17:06:00,186.77,travel,bus_ticket,D_A0111,Chennai,,0
T000571,A0449,2026-01-03 17:07:00,385.2,clothing,shoes,D_FAM_0,Mumbai,,0
T000572,A0337,2026-01-03 17:20:00,286.86,fuel,petrol,D_A0337,Coimbatore,,0
T000573,A0368,2026-01-03 17:22:00,427.78,clothing,clothes,D_A0368,Coimbatore,,0
T000574,A0106,2026-01-03 17:22:00,77.39,pharmacy,medicine,D_A0106,Bengaluru,,0
T000575,A0039,2026-01-03 17:29:00,101.46,transfer,p2p_transfer,D_A0039,Madurai,PAYEE_A0039,0
T000576,A0215,2026-01-03 17:30:00,8.29,streaming,subscription,D_A0215,Madurai,,0
T000577,A0238,2026-01-03 17:31:00,67.93,food,restaurant,D_A0238,Madurai,,0
T000578,A0283,2026-01-03 17:32:00,74.73,travel,bus_ticket,D_A0283,Kochi,,0
T000579,A0085,2026-01-03 17:37:00,50.94,fuel,diesel,D_A0085,Delhi,,0
T000580,A0052,2026-01-03 17:38:00,28.81,fuel,diesel,D_A0052,Bengaluru,,0
T000581,A0201,2026-01-03 17:43:00,15.46,food,restaurant,D_A0201,Coimbatore,,0
T000582,A0401,2026-01-03 17:45:00,249.22,travel,train_ticket,D_A0401,Madurai,,0
T000583,A0146,2026-01-03 17:47:00,21.61,food,restaurant,D_A0146,Mumbai,,0
T000584,A0265,2026-01-03 17:49:00,106.52,travel,train_ticket,D_A0265,Mumbai,,0
T000585,A0136,2026-01-03 17:52:00,45.84,food,restaurant,D_FAM_0,Chennai,,0
T000586,A0368,2026-01-03 17:52:00,444.0,clothing,clothes,D_A0368,Coimbatore,,0
T000587,A0380,2026-01-03 17:56:00,37.98,streaming,subscription,D_A0380,Madurai,,0
T000588,A0422,2026-01-03 17:58:00,71.73,fuel,petrol,D_A0422,Delhi,,0
T000589,A0434,2026-01-03 17:59:00,32.3,pharmacy,medicine,D_A0434,Delhi,,0
T000590,A0014,2026-01-03 18:05:00,42.11,grocery,groceries,D_FAM_2,Coimbatore,,0
T000591,A0300,2026-01-03 18:13:00,54.4,fuel,petrol,D_FAM_12,Delhi,,0
T000592,A0238,2026-01-03 18:23:00,212.39,travel,bus_ticket,D_A0238,Madurai,,0
T000593,A0413,2026-01-03 18:23:00,82.6,grocery,vegetables,D_A0413,Delhi,,0
T000594,A0180,2026-01-03 18:37:00,82.01,grocery,groceries,D_A0180,Chennai,,0
T000595,A0381,2026-01-03 18:43:00,40.42,food,restaurant,D_A0381,Chennai,,0
T000596,R002,2026-01-03 18:47:00,48.81,pharmacy,medicine,D_R002,Bengaluru,,0
T000597,A0071,2026-01-03 18:54:00,245.31,travel,bus_ticket,D_A0071,Kochi,,0
T000598,A0238,2026-01-03 19:09:00,63.22,transfer,p2p_transfer,D_A0238,Madurai,PAYEE_A0238,0
T000599,A0173,2026-01-03 19:14:00,25.68,streaming,subscription,D_A0173,Bengaluru,,0
T000600,A0048,2026-01-03 19:15:00,41.7,food,restaurant,D_A0048,Mumbai,,0
T000601,A0072,2026-01-03 19:17:00,74.22,clothing,clothes,D_A0072,Hyderabad,,0
T000602,A0494,2026-01-03 19:19:00,99.6,transfer,p2p_transfer,D_A0494,Delhi,PAYEE_A0494,0
T000603,R007,2026-01-03 19:25:00,60.44,pharmacy,medicine,D_R007,Chennai,,0
T000604,A0043,2026-01-03 19:43:00,14.11,streaming,subscription,D_OFF_1,Delhi,,0
T000605,A0100,2026-01-03 19:49:00,132.14,clothing,shoes,D_A0100,Kochi,,0
T000606,A0243,2026-01-03 19:52:00,81.29,food,delivery,D_A0243,Delhi,,0
T000607,A0079,2026-01-03 20:01:00,24.91,food,restaurant,D_A0079,Hyderabad,,0
T000608,A0069,2026-01-03 20:14:00,121.68,clothing,clothes,D_A0069,Chennai,,0
T000609,A0349,2026-01-03 20:15:00,256.55,clothing,shoes,D_A0349,Bengaluru,,0
T000610,A0495,2026-01-03 20:17:00,119.55,clothing,shoes,D_A0495,Chennai,,0
T000611,A0484,2026-01-03 21:12:00,57.15,fuel,petrol,D_A0484,Bengaluru,,0
T000612,A0058,2026-01-03 21:19:00,161.8,clothing,shoes,D_A0058,Delhi,,0
T000613,A0008,2026-01-03 22:09:00,31.16,grocery,vegetables,D_A0008,Coimbatore,,0
T000614,A0349,2026-01-03 22:42:00,226.62,clothing,shoes,D_A0349,Bengaluru,,0
T000615,R008,2026-01-03 23:07:00,212.63,travel,train_ticket,D_R008,Coimbatore,,0
T000616,A0024,2026-01-03 23:20:00,104.68,food,delivery,D_A0024,Hyderabad,,0
T000617,A0147,2026-01-03 23:40:00,80.27,fuel,diesel,D_A0147,Delhi,,0
T000618,A0100,2026-01-04 07:01:00,51.94,grocery,groceries,D_A0100,Kochi,,0
T000619,A0298,2026-01-04 07:04:00,226.64,travel,train_ticket,D_A0298,Chennai,,0
T000620,A0032,2026-01-04 07:05:00,68.19,transfer,p2p_transfer,D_A0032,Delhi,PAYEE_A0032,0
T000621,A0490,2026-01-04 07:05:00,37.81,grocery,vegetables,D_A0490,Hyderabad,,0
T000622,A0127,2026-01-04 07:08:00,55.28,pharmacy,medicine,D_A0127,Delhi,,0
T000623,A0331,2026-01-04 07:17:00,55.22,fuel,diesel,D_A0331,Bengaluru,,0
T000624,A0340,2026-01-04 07:18:00,126.2,fuel,petrol,D_A0340,Madurai,,0
T000625,A0218,2026-01-04 07:21:00,72.66,clothing,shoes,D_A0218,Bengaluru,,0
T000626,R004,2026-01-04 07:23:00,41.59,grocery,groceries,D_R004,Hyderabad,,0
T000627,A0401,2026-01-04 07:26:00,241.97,travel,bus_ticket,D_A0401,Madurai,,0
T000628,A0056,2026-01-04 07:31:00,81.21,travel,bus_ticket,D_A0056,Coimbatore,,0
T000629,A0230,2026-01-04 07:31:00,57.82,clothing,clothes,D_A0230,Madurai,,0
T000630,A0207,2026-01-04 07:36:00,127.45,fuel,diesel,D_A0207,Bengaluru,,0
T000631,A0292,2026-01-04 07:36:00,64.08,clothing,shoes,D_A0292,Kochi,,0
T000632,A0209,2026-01-04 07:49:00,20.93,food,restaurant,D_A0209,Kochi,,0
T000633,A0040,2026-01-04 07:51:00,23.11,food,delivery,D_A0040,Coimbatore,,0
T000634,A0026,2026-01-04 07:58:00,30.85,pharmacy,medicine,D_A0026,Chennai,,0
T000635,A0114,2026-01-04 07:59:00,117.61,grocery,vegetables,D_A0114,Bengaluru,,0
T000636,A0468,2026-01-04 08:01:00,50.59,food,restaurant,D_A0468,Chennai,,0
T000637,A0024,2026-01-04 08:18:00,220.54,fuel,petrol,D_A0024,Hyderabad,,0
T000638,A0364,2026-01-04 08:28:00,93.58,grocery,groceries,D_A0364,Kochi,,0
T000639,A0270,2026-01-04 08:28:00,72.83,pharmacy,medicine,D_A0270,Kochi,,0
T000640,A0306,2026-01-04 08:32:00,59.45,clothing,clothes,D_A0306,Chennai,,0
T000641,A0473,2026-01-04 08:32:00,74.9,travel,bus_ticket,D_A0473,Mumbai,,0
T000642,A0164,2026-01-04 08:39:00,28.09,streaming,subscription,D_A0164,Madurai,,0
T000643,A0318,2026-01-04 08:42:00,19.9,food,restaurant,D_A0318,Bengaluru,,0
T000644,A0035,2026-01-04 08:44:00,85.11,pharmacy,medicine,D_FAM_9,Delhi,,0
T000645,A0474,2026-01-04 08:46:00,86.72,grocery,vegetables,D_A0474,Kochi,,0
T000646,A0157,2026-01-04 08:47:00,115.63,grocery,groceries,D_A0157,Hyderabad,,0
T000647,A0287,2026-01-04 08:49:00,48.99,fuel,diesel,D_FAM_13,Mumbai,,0
T000648,A0184,2026-01-04 08:54:00,156.83,travel,train_ticket,D_A0184,Coimbatore,,0
T000649,A0490,2026-01-04 09:01:00,15.17,streaming,subscription,D_A0490,Hyderabad,,0
T000650,A0440,2026-01-04 09:02:00,566.16,travel,bus_ticket,D_OFF_2,Madurai,,0
T000651,A0374,2026-01-04 09:05:00,68.48,pharmacy,medicine,D_A0374,Kochi,,0
T000652,A0076,2026-01-04 09:09:00,105.12,clothing,clothes,D_A0076,Coimbatore,,0
T000653,A0120,2026-01-04 09:19:00,70.92,grocery,vegetables,D_A0120,Hyderabad,,0
T000654,A0339,2026-01-04 09:20:00,65.43,grocery,groceries,D_A0339,Coimbatore,,0
T000655,A0337,2026-01-04 09:35:00,403.03,clothing,shoes,D_A0337,Madurai,,0
T000656,R005,2026-01-04 09:37:00,91.1,fuel,diesel,D_R005,Chennai,,0
T000657,A0092,2026-01-04 09:39:00,127.94,grocery,groceries,D_A0092,Chennai,,0
T000658,A0429,2026-01-04 09:45:00,294.76,travel,bus_ticket,D_A0429,Madurai,,0
T000659,A0202,2026-01-04 09:49:00,47.4,streaming,subscription,D_A0202,Madurai,,0
T000660,A0076,2026-01-04 09:56:00,30.14,fuel,petrol,D_A0076,Madurai,,0
T000661,A0273,2026-01-04 09:57:00,15.3,streaming,subscription,D_A0273,Bengaluru,,0
T000662,A0040,2026-01-04 10:01:00,31.47,food,delivery,D_A0040,Coimbatore,,0
T000663,A0143,2026-01-04 10:06:00,16.24,streaming,subscription,D_A0143,Kochi,,0
T000664,A0387,2026-01-04 10:10:00,66.94,fuel,diesel,D_A0387,Madurai,,0
T000665,A0378,2026-01-04 10:11:00,31.51,streaming,subscription,D_A0378,Hyderabad,,0
T000666,A0239,2026-01-04 10:13:00,51.21,fuel,petrol,D_A0239,Kochi,,0
T000667,A0065,2026-01-04 10:25:00,134.16,travel,bus_ticket,D_A0065,Madurai,,0
T000668,A0142,2026-01-04 10:47:00,22.72,grocery,groceries,D_A0142,Madurai,,0
T000669,A0387,2026-01-04 10:56:00,56.58,fuel,petrol,D_A0387,Madurai,,0
T000670,A0228,2026-01-04 11:02:00,245.76,clothing,clothes,D_A0228,Mumbai,,0
T000671,A0028,2026-01-04 11:07:00,41.8,grocery,vegetables,D_A0028,Bengaluru,,0
T000672,A0324,2026-01-04 11:12:00,259.08,travel,train_ticket,D_A0324,Mumbai,,0
T000673,A0228,2026-01-04 11:18:00,43.36,pharmacy,medicine,D_A0228,Mumbai,,0
T000674,A0466,2026-01-04 11:29:00,47.99,fuel,petrol,D_A0466,Hyderabad,,0
T000675,A0146,2026-01-04 11:31:00,37.27,grocery,groceries,D_A0146,Mumbai,,0
T000676,A0219,2026-01-04 11:37:00,17.8,streaming,subscription,D_A0219,Hyderabad,,0
T000677,A0296,2026-01-04 11:41:00,76.81,pharmacy,medicine,D_A0296,Hyderabad,,0
T000678,A0245,2026-01-04 11:41:00,60.57,grocery,vegetables,D_A0245,Mumbai,,0
T000679,A0238,2026-01-04 11:42:00,128.0,transfer,p2p_transfer,D_A0238,Madurai,PAYEE_A0238,0
T000680,A0162,2026-01-04 11:47:00,74.35,pharmacy,medicine,D_A0162,Coimbatore,,0
T000681,R009,2026-01-04 11:50:00,22.2,streaming,subscription,D_R009,Chennai,,0
T000682,R008,2026-01-04 11:55:00,36.61,food,restaurant,D_R008,Coimbatore,,0
T000683,A0329,2026-01-04 11:58:00,165.92,clothing,shoes,D_A0329,Kochi,,0
T000684,A0237,2026-01-04 11:59:00,16.45,streaming,subscription,D_FAM_3,Madurai,,0
T000685,A0100,2026-01-04 12:02:00,194.23,clothing,clothes,D_A0100,Kochi,,0
T000686,A0102,2026-01-04 12:03:00,19.74,streaming,subscription,D_FAM_7,Madurai,,0
T000687,A0265,2026-01-04 12:04:00,69.0,fuel,diesel,D_A0265,Madurai,,0
T000688,A0166,2026-01-04 12:06:00,133.84,fuel,diesel,D_A0166,Bengaluru,,0
T000689,A0249,2026-01-04 12:16:00,13.76,pharmacy,medicine,D_A0249,Kochi,,0
T000690,A0009,2026-01-04 12:21:00,100.23,fuel,petrol,D_A0009,Mumbai,,0
T000691,A0173,2026-01-04 12:22:00,54.2,fuel,petrol,D_A0173,Bengaluru,,0
T000692,A0209,2026-01-04 12:26:00,9.63,streaming,subscription,D_A0209,Kochi,,0
T000693,A0474,2026-01-04 12:27:00,195.46,clothing,shoes,D_A0474,Kochi,,0
T000694,A0214,2026-01-04 12:29:00,8.87,food,restaurant,D_A0214,Chennai,,0
T000695,A0392,2026-01-04 12:30:00,45.12,pharmacy,medicine,D_A0392,Bengaluru,,0
T000696,A0230,2026-01-04 12:34:00,14.17,streaming,subscription,D_A0230,Madurai,,0
T000697,A0218,2026-01-04 12:35:00,22.53,food,delivery,D_A0218,Kochi,,0
T000698,A0055,2026-01-04 12:35:00,4.37,streaming,subscription,D_A0055,Bengaluru,,0
T000699,A0226,2026-01-04 12:35:00,30.99,pharmacy,medicine,D_A0226,Chennai,,0
T000700,A0207,2026-01-04 12:37:00,77.92,fuel,diesel,D_A0207,Bengaluru,,0
T000701,A0447,2026-01-04 12:37:00,45.05,food,restaurant,D_A0447,Hyderabad,,0
T000702,A0098,2026-01-04 12:38:00,8.03,streaming,subscription,D_A0098,Mumbai,,0
T000703,A0129,2026-01-04 12:38:00,39.31,clothing,shoes,D_OFF_2,Delhi,,0
T000704,A0027,2026-01-04 12:38:00,86.1,grocery,vegetables,D_A0027,Mumbai,,0
T000705,A0302,2026-01-04 12:39:00,7.21,streaming,subscription,D_A0302,Kochi,,0
T000706,A0328,2026-01-04 12:43:00,82.73,pharmacy,medicine,D_A0328,Kochi,,0
T000707,A0353,2026-01-04 12:44:00,85.16,grocery,groceries,D_A0353,Mumbai,,0
T000708,A0139,2026-01-04 12:46:00,129.75,clothing,clothes,D_FAM_7,Hyderabad,,0
T000709,A0010,2026-01-04 12:46:00,75.7,travel,train_ticket,D_A0010,Delhi,,0
T000710,A0460,2026-01-04 12:47:00,40.9,streaming,subscription,D_A0460,Hyderabad,,0
T000711,A0445,2026-01-04 12:49:00,150.84,clothing,clothes,D_A0445,Coimbatore,,0
T000712,A0211,2026-01-04 12:55:00,119.91,fuel,petrol,D_A0211,Bengaluru,,0
T000713,A0171,2026-01-04 12:55:00,41.06,fuel,petrol,D_A0171,Madurai,,0
T000714,A0312,2026-01-04 12:56:00,99.87,grocery,vegetables,D_A0312,Hyderabad,,0
T000715,A0416,2026-01-04 13:08:00,77.04,fuel,petrol,D_A0416,Hyderabad,,0
T000716,A0083,2026-01-04 13:16:00,93.42,pharmacy,medicine,D_A0083,Madurai,,0
T000717,A0026,2026-01-04 13:17:00,44.01,pharmacy,medicine,D_A0026,Chennai,,0
T000718,A0463,2026-01-04 13:18:00,28.1,streaming,subscription,D_A0463,Bengaluru,,0
T000719,A0145,2026-01-04 13:19:00,298.51,travel,train_ticket,D_A0145,Coimbatore,,0
T000720,A0464,2026-01-04 13:20:00,24.36,pharmacy,medicine,D_A0464,Hyderabad,,0
T000721,A0474,2026-01-04 13:23:00,67.0,grocery,vegetables,D_A0474,Kochi,,0
T000722,A0429,2026-01-04 13:25:00,277.11,travel,train_ticket,D_A0429,Madurai,,0
T000723,A0336,2026-01-04 13:25:00,288.59,travel,train_ticket,D_A0336,Delhi,,0
T000724,A0471,2026-01-04 13:26:00,39.15,streaming,subscription,D_A0471,Delhi,,0
T000725,A0022,2026-01-04 13:28:00,14.88,pharmacy,medicine,D_A0022,Madurai,,0
T000726,A0443,2026-01-04 13:29:00,157.01,fuel,petrol,D_A0443,Chennai,,0
T000727,A0191,2026-01-04 13:38:00,54.86,clothing,shoes,D_A0191,Mumbai,,0
T000728,R003,2026-01-04 13:39:00,29.53,streaming,subscription,D_R003,Madurai,,0
T000729,A0267,2026-01-04 13:41:00,15.17,streaming,subscription,D_OFF_1,Delhi,,0
T000730,A0101,2026-01-04 13:43:00,60.32,pharmacy,medicine,D_A0101,Kochi,,0
T000731,A0352,2026-01-04 13:45:00,22.76,fuel,diesel,D_A0352,Bengaluru,,0
T000732,A0070,2026-01-04 13:48:00,89.95,fuel,petrol,D_A0070,Chennai,,0
T000733,A0243,2026-01-04 13:56:00,89.38,food,restaurant,D_A0243,Delhi,,0
T000734,A0360,2026-01-04 14:01:00,77.08,fuel,petrol,D_A0360,Mumbai,,0
T000735,A0017,2026-01-04 14:04:00,62.37,fuel,petrol,D_A0017,Mumbai,,0
T000736,R008,2026-01-04 14:05:00,191.24,travel,bus_ticket,D_R008,Coimbatore,,0
T000737,A0109,2026-01-04 14:12:00,44.12,pharmacy,medicine,D_FAM_13,Coimbatore,,0
T000738,A0325,2026-01-04 14:12:00,238.47,travel,train_ticket,D_OFF_2,Bengaluru,,0
T000739,A0089,2026-01-04 14:17:00,137.16,transfer,p2p_transfer,D_A0089,Hyderabad,PAYEE_A0089,0
T000740,A0424,2026-01-04 14:21:00,73.73,grocery,groceries,D_A0424,Mumbai,,0
T000741,A0256,2026-01-04 14:25:00,397.92,travel,train_ticket,D_A0256,Bengaluru,,0
T000742,A0404,2026-01-04 14:33:00,10.69,food,delivery,D_A0404,Chennai,,0
T000743,A0288,2026-01-04 14:37:00,103.94,clothing,clothes,D_A0288,Coimbatore,,0
T000744,A0273,2026-01-04 14:38:00,7.92,streaming,subscription,D_A0273,Chennai,,0
T000745,A0496,2026-01-04 14:39:00,72.93,clothing,shoes,D_A0496,Mumbai,,0
T000746,A0261,2026-01-04 14:41:00,61.58,clothing,shoes,D_A0261,Delhi,,0
T000747,A0333,2026-01-04 14:45:00,141.39,pharmacy,medicine,D_FAM_9,Bengaluru,,0
T000748,A0300,2026-01-04 14:47:00,16.96,streaming,subscription,D_FAM_12,Delhi,,0
T000749,A0437,2026-01-04 14:49:00,52.17,food,delivery,D_FAM_3,Kochi,,0
T000750,A0006,2026-01-04 14:50:00,33.24,streaming,subscription,D_FAM_7,Coimbatore,,0
T000751,A0071,2026-01-04 14:51:00,148.49,transfer,p2p_transfer,D_A0071,Kochi,PAYEE_A0071,0
T000752,A0442,2026-01-04 15:00:00,69.42,pharmacy,medicine,D_A0442,Kochi,,0
T000753,A0004,2026-01-04 15:01:00,28.53,pharmacy,medicine,D_A0004,Chennai,,0
T000754,A0191,2026-01-04 15:07:00,59.86,clothing,shoes,D_A0191,Mumbai,,0
T000755,A0091,2026-01-04 15:09:00,132.0,fuel,diesel,D_A0091,Delhi,,0
T000756,A0342,2026-01-04 15:12:00,73.53,grocery,vegetables,D_A0342,Hyderabad,,0
T000757,A0206,2026-01-04 15:14:00,584.45,travel,bus_ticket,D_A0206,Hyderabad,,0
T000758,A0350,2026-01-04 15:17:00,87.92,food,restaurant,D_A0350,Kochi,,0
T000759,A0024,2026-01-04 15:18:00,343.02,fuel,diesel,D_A0024,Hyderabad,,0
T000760,A0381,2026-01-04 15:19:00,150.72,fuel,diesel,D_A0381,Chennai,,0
T000761,A0139,2026-01-04 15:25:00,30.6,food,restaurant,D_FAM_7,Hyderabad,,0
T000762,A0266,2026-01-04 15:25:00,168.54,fuel,petrol,D_A0266,Hyderabad,,0
T000763,A0459,2026-01-04 15:26:00,107.53,fuel,petrol,D_A0459,Delhi,,0
T000764,A0246,2026-01-04 15:31:00,35.14,giftcards,gift_card,D_A0246,Kochi,,0
T000765,A0334,2026-01-04 15:31:00,311.2,travel,bus_ticket,D_A0334,Madurai,,0
T000766,A0114,2026-01-04 15:37:00,60.22,food,restaurant,D_A0114,Mumbai,,0
T000767,A0430,2026-01-04 15:41:00,25.66,streaming,subscription,D_A0430,Kochi,,0
T000768,A0403,2026-01-04 15:46:00,53.8,clothing,shoes,D_A0403,Bengaluru,,0
T000769,R008,2026-01-04 15:48:00,185.55,travel,train_ticket,D_R008,Coimbatore,,0
T000770,A0169,2026-01-04 15:49:00,10.95,streaming,subscription,D_A0169,Bengaluru,,0
T000771,A0449,2026-01-04 15:54:00,101.08,grocery,groceries,D_FAM_0,Mumbai,,0
T000772,A0113,2026-01-04 15:58:00,23.98,food,restaurant,D_FAM_3,Hyderabad,,0
T000773,A0140,2026-01-04 16:02:00,272.26,clothing,shoes,D_A0140,Madurai,,0
T000774,R009,2026-01-04 16:04:00,52.49,food,delivery,D_R009,Chennai,,0
T000775,A0496,2026-01-04 16:05:00,277.71,travel,bus_ticket,D_A0496,Mumbai,,0
T000776,A0050,2026-01-04 16:06:00,164.69,travel,bus_ticket,D_A0050,Hyderabad,,0
T000777,A0375,2026-01-04 16:10:00,68.06,pharmacy,medicine,D_A0375,Hyderabad,,0
T000778,A0129,2026-01-04 16:12:00,57.04,fuel,diesel,D_OFF_2,Delhi,,0
T000779,A0043,2026-01-04 16:13:00,114.59,clothing,clothes,D_OFF_1,Delhi,,0
T000780,A0290,2026-01-04 16:13:00,94.7,grocery,groceries,D_OFF_2,Bengaluru,,0
T000781,A0476,2026-01-04 16:14:00,100.49,food,restaurant,D_A0476,Chennai,,0
T000782,A0133,2026-01-04 16:14:00,38.05,food,restaurant,D_A0133,Bengaluru,,0
T000783,A0315,2026-01-04 16:14:00,147.15,travel,bus_ticket,D_A0315,Madurai,,0
T000784,A0050,2026-01-04 16:16:00,75.08,pharmacy,medicine,D_A0050,Hyderabad,,0
T000785,A0095,2026-01-04 16:18:00,66.63,food,restaurant,D_A0095,Mumbai,,0
T000786,A0485,2026-01-04 16:26:00,40.19,pharmacy,medicine,D_A0485,Madurai,,0
T000787,A0439,2026-01-04 16:28:00,35.46,grocery,groceries,D_A0439,Chennai,,0
T000788,A0469,2026-01-04 16:30:00,197.8,travel,train_ticket,D_A0469,Delhi,,0
T000789,A0136,2026-01-04 16:42:00,87.06,streaming,subscription,D_FAM_0,Chennai,,0
T000790,A0059,2026-01-04 16:43:00,71.89,streaming,subscription,D_A0059,Bengaluru,,0
T000791,A0184,2026-01-04 16:47:00,63.45,transfer,p2p_transfer,D_A0184,Coimbatore,PAYEE_A0184,0
T000792,A0476,2026-01-04 16:56:00,48.73,streaming,subscription,D_A0476,Chennai,,0
T000793,A0436,2026-01-04 17:00:00,61.54,pharmacy,medicine,D_A0436,Bengaluru,,0
T000794,A0181,2026-01-04 17:02:00,48.44,grocery,vegetables,D_A0181,Chennai,,0
T000795,A0035,2026-01-04 17:04:00,25.04,streaming,subscription,D_FAM_9,Delhi,,0
T000796,R005,2026-01-04 17:14:00,44.02,pharmacy,medicine,D_R005,Chennai,,0
T000797,A0392,2026-01-04 17:14:00,69.9,pharmacy,medicine,D_A0392,Bengaluru,,0
T000798,A0149,2026-01-04 17:17:00,244.42,travel,train_ticket,D_A0149,Madurai,,0
T000799,A0122,2026-01-04 17:19:00,75.39,pharmacy,medicine,D_A0122,Bengaluru,,0
T000800,A0004,2026-01-04 17:25:00,39.25,pharmacy,medicine,D_A0004,Chennai,,0
T000801,A0483,2026-01-04 17:26:00,47.53,fuel,diesel,D_A0483,Delhi,,0
T000802,A0497,2026-01-04 17:28:00,115.48,fuel,petrol,D_A0497,Chennai,,0
T000803,A0331,2026-01-04 17:31:00,60.7,clothing,clothes,D_A0331,Bengaluru,,0
T000804,A0407,2026-01-04 17:43:00,26.81,food,restaurant,D_A0407,Bengaluru,,0
T000805,A0355,2026-01-04 17:45:00,14.5,streaming,subscription,D_A0355,Kochi,,0
T000806,A0014,2026-01-04 17:48:00,74.56,transfer,p2p_transfer,D_FAM_2,Coimbatore,PAYEE_A0014,0
T000807,A0429,2026-01-04 17:50:00,580.82,travel,train_ticket,D_A0429,Madurai,,0
T000808,A0433,2026-01-04 17:54:00,27.18,pharmacy,medicine,D_A0433,Hyderabad,,0
T000809,A0376,2026-01-04 17:57:00,195.89,pharmacy,medicine,D_A0376,Hyderabad,,0
T000810,A0288,2026-01-04 18:13:00,42.31,pharmacy,medicine,D_A0288,Coimbatore,,0
T000811,A0066,2026-01-04 18:15:00,131.75,fuel,diesel,D_A0066,Bengaluru,,0
T000812,A0411,2026-01-04 18:21:00,43.65,pharmacy,medicine,D_A0411,Kochi,,0
T000813,A0221,2026-01-04 18:27:00,39.98,clothing,shoes,D_A0221,Mumbai,,0
T000814,A0417,2026-01-04 18:50:00,338.32,travel,bus_ticket,D_A0417,Madurai,,0
T000815,A0076,2026-01-04 18:53:00,21.97,streaming,subscription,D_A0076,Madurai,,0
T000816,A0090,2026-01-04 19:21:00,39.65,grocery,vegetables,D_A0090,Chennai,,0
T000817,A0108,2026-01-04 19:25:00,109.42,fuel,diesel,D_A0108,Bengaluru,,0
T000818,A0461,2026-01-04 19:32:00,38.5,food,delivery,D_FAM_0,Madurai,,0
T000819,A0119,2026-01-04 19:36:00,43.89,streaming,subscription,D_A0119,Madurai,,0
T000820,A0307,2026-01-04 19:41:00,188.87,clothing,clothes,D_A0307,Mumbai,,0
T000821,A0116,2026-01-04 19:43:00,69.42,grocery,groceries,D_A0116,Madurai,,0
T000822,A0249,2026-01-04 19:45:00,12.98,pharmacy,medicine,D_A0249,Kochi,,0
T000823,A0339,2026-01-04 19:45:00,64.06,pharmacy,medicine,D_A0339,Coimbatore,,0
T000824,A0085,2026-01-04 19:50:00,13.95,food,delivery,D_A0085,Delhi,,0
T000825,A0005,2026-01-04 19:55:00,31.17,food,delivery,D_A0005,Coimbatore,,0
T000826,A0258,2026-01-04 20:08:00,80.73,clothing,clothes,D_A0258,Bengaluru,,0
T000827,A0480,2026-01-04 20:37:00,589.37,travel,bus_ticket,D_FAM_6,Kochi,,0
T000828,A0064,2026-01-04 21:30:00,42.68,pharmacy,medicine,D_A0064,Bengaluru,,0
T000829,A0298,2026-01-04 22:08:00,404.55,clothing,clothes,D_A0298,Chennai,,0
T000830,A0165,2026-01-04 22:20:00,15.52,streaming,subscription,D_A0165,Madurai,,0
T000831,A0356,2026-01-04 22:21:00,46.08,transfer,p2p_transfer,D_A0356,Bengaluru,PAYEE_A0356,0
T000832,A0154,2026-01-04 23:01:00,146.79,clothing,clothes,D_A0154,Chennai,,0
T000833,A0164,2026-01-04 23:08:00,17.4,streaming,subscription,D_A0164,Madurai,,0
T000834,A0433,2026-01-05 07:03:00,45.71,pharmacy,medicine,D_A0433,Hyderabad,,0
T000835,A0079,2026-01-05 07:03:00,81.93,clothing,clothes,D_A0079,Hyderabad,,0
T000836,A0262,2026-01-05 07:07:00,82.01,clothing,clothes,D_A0262,Coimbatore,,0
T000837,A0360,2026-01-05 07:10:00,46.72,grocery,groceries,D_A0360,Mumbai,,0
T000838,A0223,2026-01-05 07:20:00,221.9,travel,bus_ticket,D_A0223,Hyderabad,,0
T000839,A0243,2026-01-05 07:21:00,425.16,travel,bus_ticket,D_A0243,Coimbatore,,0
T000840,A0122,2026-01-05 07:23:00,32.16,streaming,subscription,D_A0122,Chennai,,0
T000841,A0104,2026-01-05 07:26:00,384.83,travel,train_ticket,D_A0104,Delhi,,0
T000842,A0370,2026-01-05 07:27:00,124.57,fuel,diesel,D_A0370,Coimbatore,,0
T000843,A0140,2026-01-05 07:28:00,469.7,travel,train_ticket,D_A0140,Madurai,,0
T000844,A0170,2026-01-05 07:29:00,76.12,grocery,vegetables,D_A0170,Kochi,,0
T000845,A0419,2026-01-05 07:40:00,23.84,food,restaurant,D_A0419,Delhi,,0
T000846,A0194,2026-01-05 07:43:00,119.38,clothing,shoes,D_FAM_2,Bengaluru,,0
T000847,A0227,2026-01-05 07:44:00,54.82,grocery,groceries,D_A0227,Mumbai,,0
T000848,A0157,2026-01-05 07:49:00,118.39,fuel,diesel,D_A0157,Hyderabad,,0
T000849,A0122,2026-01-05 07:52:00,59.17,pharmacy,medicine,D_A0122,Bengaluru,,0
T000850,A0341,2026-01-05 07:52:00,38.89,streaming,subscription,D_A0341,Madurai,,0
T000851,A0046,2026-01-05 07:55:00,32.86,pharmacy,medicine,D_A0046,Kochi,,0
T000852,A0199,2026-01-05 07:57:00,44.65,food,restaurant,D_A0199,Madurai,,0
T000853,A0265,2026-01-05 08:05:00,14.68,streaming,subscription,D_A0265,Mumbai,,0
T000854,A0208,2026-01-05 08:11:00,87.95,fuel,diesel,D_A0208,Hyderabad,,0
T000855,A0369,2026-01-05 08:12:00,308.55,travel,bus_ticket,D_A0369,Mumbai,,0
T000856,A0423,2026-01-05 08:27:00,11.0,food,restaurant,D_A0423,Coimbatore,,0
T000857,A0054,2026-01-05 08:33:00,8.79,streaming,subscription,D_A0054,Chennai,,0
T000858,A0469,2026-01-05 08:42:00,19.53,streaming,subscription,D_A0469,Delhi,,0
T000859,A0183,2026-01-05 08:43:00,41.58,clothing,clothes,D_A0183,Mumbai,,0
T000860,A0372,2026-01-05 08:46:00,271.38,travel,train_ticket,D_A0372,Coimbatore,,0
T000861,A0046,2026-01-05 08:46:00,36.26,pharmacy,medicine,D_A0046,Kochi,,0
T000862,A0065,2026-01-05 08:46:00,46.38,giftcards,gift_card,D_A0065,Chennai,,0
T000863,A0322,2026-01-05 09:03:00,144.48,travel,bus_ticket,D_A0322,Madurai,,0
T000864,A0390,2026-01-05 09:09:00,203.81,travel,bus_ticket,D_A0390,Chennai,,0
T000865,A0042,2026-01-05 09:22:00,95.38,grocery,groceries,D_A0042,Kochi,,0
T000866,A0327,2026-01-05 09:24:00,53.08,giftcards,gift_card,D_A0327,Coimbatore,,0
T000867,A0176,2026-01-05 09:27:00,29.08,fuel,petrol,D_A0176,Coimbatore,,0
T000868,A0448,2026-01-05 09:27:00,33.91,streaming,subscription,D_A0448,Madurai,,0
T000869,A0136,2026-01-05 09:28:00,57.2,food,restaurant,D_A0136,Kochi,,0
T000870,A0449,2026-01-05 09:29:00,298.74,clothing,clothes,D_FAM_0,Delhi,,0
T000871,A0445,2026-01-05 09:38:00,295.69,travel,bus_ticket,D_A0445,Coimbatore,,0
T000872,A0264,2026-01-05 09:52:00,100.0,clothing,clothes,D_A0264,Delhi,,0
T000873,A0160,2026-01-05 09:53:00,61.32,grocery,groceries,D_OFF_1,Delhi,,0
T000874,A0467,2026-01-05 09:55:00,142.96,travel,train_ticket,D_OFF_1,Delhi,,0
T000875,A0192,2026-01-05 10:00:00,138.05,grocery,vegetables,D_A0192,Madurai,,0
T000876,A0435,2026-01-05 10:04:00,15.38,streaming,subscription,D_A0435,Coimbatore,,0
T000877,A0462,2026-01-05 10:05:00,20.09,food,restaurant,D_A0462,Coimbatore,,0
T000878,A0353,2026-01-05 10:10:00,280.71,travel,bus_ticket,D_A0353,Mumbai,,0
T000879,A0294,2026-01-05 10:14:00,236.73,travel,train_ticket,D_A0294,Chennai,,0
T000880,A0351,2026-01-05 10:16:00,14.32,streaming,subscription,D_A0351,Chennai,,0
T000881,A0252,2026-01-05 10:21:00,47.93,clothing,clothes,D_A0252,Delhi,,0
T000882,A0057,2026-01-05 10:23:00,52.85,streaming,subscription,D_A0057,Mumbai,,0
T000883,A0313,2026-01-05 10:25:00,25.63,food,restaurant,D_A0313,Chennai,,0
T000884,A0306,2026-01-05 10:34:00,36.17,transfer,p2p_transfer,D_A0306,Chennai,PAYEE_A0306,0
T000885,A0162,2026-01-05 10:37:00,64.77,food,restaurant,D_A0162,Coimbatore,,0
T000886,A0280,2026-01-05 10:42:00,70.49,pharmacy,medicine,D_A0280,Coimbatore,,0
T000887,A0097,2026-01-05 10:46:00,22.04,grocery,vegetables,D_FAM_1,Delhi,,0
T000888,A0360,2026-01-05 10:55:00,48.45,grocery,vegetables,D_A0360,Mumbai,,0
T000889,A0383,2026-01-05 10:58:00,49.66,food,restaurant,D_A0383,Bengaluru,,0
T000890,A0337,2026-01-05 10:59:00,65.07,streaming,subscription,D_A0337,Coimbatore,,0
T000891,A0227,2026-01-05 11:02:00,94.15,food,delivery,D_A0227,Madurai,,0
T000892,A0115,2026-01-05 11:08:00,25.11,streaming,subscription,D_A0115,Kochi,,0
T000893,A0276,2026-01-05 11:12:00,14.05,food,restaurant,D_A0276,Delhi,,0
T000894,A0068,2026-01-05 11:13:00,333.68,travel,train_ticket,D_A0068,Madurai,,0
T000895,A0224,2026-01-05 11:36:00,11.67,streaming,subscription,D_A0224,Coimbatore,,0
T000896,A0246,2026-01-05 11:41:00,16.69,pharmacy,medicine,D_A0246,Kochi,,0
T000897,A0080,2026-01-05 11:42:00,80.81,clothing,clothes,D_A0080,Chennai,,0
T000898,A0179,2026-01-05 11:50:00,36.56,clothing,clothes,D_A0179,Mumbai,,0
T000899,A0104,2026-01-05 11:51:00,37.09,streaming,subscription,D_A0104,Delhi,,0
T000900,A0066,2026-01-05 11:51:00,40.65,food,restaurant,D_A0066,Bengaluru,,0
T000901,A0233,2026-01-05 11:56:00,244.25,transfer,p2p_transfer,D_A0233,Coimbatore,PAYEE_A0233,0
T000902,A0153,2026-01-05 11:57:00,40.59,pharmacy,medicine,D_A0153,Madurai,,0
T000903,A0066,2026-01-05 11:57:00,91.73,fuel,diesel,D_A0066,Bengaluru,,0
T000904,A0497,2026-01-05 11:57:00,10.17,grocery,groceries,D_A0497,Chennai,,0
T000905,A0006,2026-01-05 11:59:00,69.81,pharmacy,medicine,D_FAM_7,Madurai,,0
T000906,A0090,2026-01-05 12:04:00,146.65,travel,bus_ticket,D_A0090,Chennai,,0
T000907,A0333,2026-01-05 12:09:00,217.82,grocery,groceries,D_FAM_9,Bengaluru,,0
T000908,A0140,2026-01-05 12:18:00,522.75,travel,bus_ticket,D_A0140,Madurai,,0
T000909,A0206,2026-01-05 12:21:00,507.75,travel,bus_ticket,D_A0206,Hyderabad,,0
T000910,A0002,2026-01-05 12:25:00,21.46,streaming,subscription,D_A0002,Delhi,,0
T000911,A0235,2026-01-05 12:26:00,82.35,fuel,petrol,D_A0235,Delhi,,0
T000912,A0153,2026-01-05 12:27:00,38.19,food,restaurant,D_A0153,Madurai,,0
T000913,A0296,2026-01-05 12:27:00,63.4,pharmacy,medicine,D_A0296,Hyderabad,,0
T000914,A0305,2026-01-05 12:33:00,99.96,fuel,diesel,D_A0305,Mumbai,,0
T000915,A0239,2026-01-05 12:36:00,20.73,food,delivery,D_A0239,Coimbatore,,0
T000916,A0419,2026-01-05 12:37:00,52.06,transfer,p2p_transfer,D_A0419,Delhi,PAYEE_A0419,0
T000917,A0083,2026-01-05 12:41:00,200.03,fuel,petrol,D_A0083,Madurai,,0
T000918,A0114,2026-01-05 12:44:00,91.32,grocery,vegetables,D_A0114,Mumbai,,0
T000919,A0207,2026-01-05 12:44:00,152.75,clothing,clothes,D_A0207,Delhi,,0
T000920,A0055,2026-01-05 12:47:00,19.78,pharmacy,medicine,D_A0055,Bengaluru,,0
T000921,A0385,2026-01-05 12:48:00,117.22,travel,bus_ticket,D_A0385,Kochi,,0
T000922,A0459,2026-01-05 12:52:00,79.04,fuel,diesel,D_A0459,Delhi,,0
T000923,A0046,2026-01-05 13:01:00,10.91,streaming,subscription,D_A0046,Kochi,,0
T000924,A0493,2026-01-05 13:08:00,530.99,travel,bus_ticket,D_A0493,Coimbatore,,0
T000925,A0161,2026-01-05 13:12:00,89.19,grocery,vegetables,D_A0161,Bengaluru,,0
T000926,A0456,2026-01-05 13:14:00,14.35,streaming,subscription,D_A0456,Mumbai,,0
T000927,A0208,2026-01-05 13:18:00,222.44,travel,train_ticket,D_A0208,Hyderabad,,0
T000928,R008,2026-01-05 13:21:00,65.11,fuel,diesel,D_R008,Coimbatore,,0
T000929,A0407,2026-01-05 13:25:00,85.53,grocery,groceries,D_A0407,Bengaluru,,0
T000930,A0061,2026-01-05 13:26:00,41.61,pharmacy,medicine,D_A0061,Madurai,,0
T000931,A0263,2026-01-05 13:39:00,287.06,clothing,shoes,D_A0263,Coimbatore,,0
T000932,A0167,2026-01-05 13:42:00,44.05,streaming,subscription,D_A0167,Chennai,,0
T000933,A0062,2026-01-05 13:47:00,66.44,food,restaurant,D_A0062,Madurai,,0
T000934,A0159,2026-01-05 13:53:00,104.01,clothing,shoes,D_A0159,Mumbai,,0
T000935,A0223,2026-01-05 13:54:00,56.27,grocery,groceries,D_A0223,Hyderabad,,0
T000936,A0312,2026-01-05 13:58:00,31.39,pharmacy,medicine,D_A0312,Hyderabad,,0
T000937,A0086,2026-01-05 13:58:00,89.48,grocery,groceries,D_A0086,Chennai,,0
T000938,A0478,2026-01-05 14:00:00,51.02,grocery,groceries,D_A0478,Madurai,,0
T000939,A0133,2026-01-05 14:04:00,104.17,clothing,shoes,D_A0133,Bengaluru,,0
T000940,A0026,2026-01-05 14:06:00,103.61,travel,train_ticket,D_A0026,Chennai,,0
T000941,A0026,2026-01-05 14:07:00,31.99,pharmacy,medicine,D_A0026,Chennai,,0
T000942,A0125,2026-01-05 14:09:00,23.83,food,restaurant,D_A0125,Kochi,,0
T000943,A0399,2026-01-05 14:09:00,195.53,fuel,petrol,D_A0399,Hyderabad,,0
T000944,A0113,2026-01-05 14:15:00,164.77,fuel,petrol,D_FAM_3,Hyderabad,,0
T000945,A0222,2026-01-05 14:16:00,36.07,grocery,vegetables,D_A0222,Madurai,,0
T000946,A0282,2026-01-05 14:24:00,336.85,clothing,clothes,D_A0282,Hyderabad,,0
T000947,A0366,2026-01-05 14:24:00,32.63,clothing,clothes,D_FAM_5,Delhi,,0
T000948,A0479,2026-01-05 14:24:00,41.77,grocery,groceries,D_A0479,Chennai,,0
T000949,A0015,2026-01-05 14:26:00,71.63,clothing,clothes,D_FAM_14,Bengaluru,,0
T000950,A0053,2026-01-05 14:27:00,60.98,pharmacy,medicine,D_A0053,Bengaluru,,0
T000951,A0003,2026-01-05 14:28:00,56.48,pharmacy,medicine,D_A0003,Chennai,,0
T000952,A0185,2026-01-05 14:29:00,258.31,grocery,groceries,D_A0185,Bengaluru,,0
T000953,A0474,2026-01-05 14:30:00,176.09,transfer,p2p_transfer,D_A0474,Kochi,PAYEE_A0474,0
T000954,A0015,2026-01-05 14:32:00,37.38,fuel,diesel,D_A0015,Bengaluru,,0
T000955,A0158,2026-01-05 14:33:00,42.03,giftcards,gift_card,D_A0158,Bengaluru,,0
T000956,A0018,2026-01-05 14:38:00,113.17,food,restaurant,D_A0018,Coimbatore,,0
T000957,A0444,2026-01-05 14:39:00,174.71,clothing,clothes,D_A0444,Kochi,,0
T000958,A0017,2026-01-05 14:41:00,35.25,food,restaurant,D_A0017,Mumbai,,0
T000959,A0393,2026-01-05 14:43:00,72.92,clothing,shoes,D_A0393,Bengaluru,,0
T000960,A0176,2026-01-05 14:46:00,29.06,fuel,diesel,D_A0176,Coimbatore,,0
T000961,A0446,2026-01-05 14:47:00,418.18,travel,train_ticket,D_A0446,Madurai,,0
T000962,A0135,2026-01-05 14:49:00,734.35,travel,bus_ticket,D_A0135,Delhi,,0
T000963,R002,2026-01-05 14:53:00,200.77,clothing,shoes,D_R002,Bengaluru,,0
T000964,A0486,2026-01-05 15:02:00,227.73,grocery,vegetables,D_A0486,Mumbai,,0
T000965,R003,2026-01-05 15:03:00,275.22,travel,train_ticket,D_R003,Madurai,,0
T000966,A0312,2026-01-05 15:07:00,98.44,grocery,vegetables,D_A0312,Madurai,,0
T000967,A0200,2026-01-05 15:16:00,132.61,pharmacy,medicine,D_A0200,Coimbatore,,0
T000968,A0433,2026-01-05 15:18:00,44.15,pharmacy,medicine,D_A0433,Hyderabad,,0
T000969,R007,2026-01-05 15:20:00,172.86,travel,bus_ticket,D_R007,Chennai,,0
T000970,A0174,2026-01-05 15:21:00,12.12,streaming,subscription,D_A0174,Kochi,,0
T000971,A0078,2026-01-05 15:24:00,57.85,fuel,petrol,D_A0078,Hyderabad,,0
T000972,A0401,2026-01-05 15:25:00,175.75,travel,bus_ticket,D_A0401,Madurai,,0
T000973,A0486,2026-01-05 15:29:00,473.1,clothing,shoes,D_A0486,Mumbai,,0
T000974,A0233,2026-01-05 15:29:00,37.85,streaming,subscription,D_A0233,Coimbatore,,0
T000975,A0110,2026-01-05 15:29:00,150.77,clothing,shoes,D_FAM_11,Delhi,,0
T000976,A0310,2026-01-05 15:32:00,316.86,travel,bus_ticket,D_A0310,Chennai,,0
T000977,A0187,2026-01-05 15:43:00,27.13,transfer,p2p_transfer,D_A0187,Bengaluru,PAYEE_A0187,0
T000978,A0314,2026-01-05 15:48:00,34.5,grocery,groceries,D_A0314,Mumbai,,0
T000979,A0326,2026-01-05 15:57:00,67.76,grocery,vegetables,D_A0326,Bengaluru,,0
T000980,A0345,2026-01-05 16:00:00,74.76,fuel,petrol,D_A0345,Bengaluru,,0
T000981,A0026,2026-01-05 16:03:00,17.04,streaming,subscription,D_A0026,Chennai,,0
T000982,A0311,2026-01-05 16:09:00,30.12,grocery,groceries,D_A0311,Chennai,,0
T000983,A0249,2026-01-05 16:14:00,23.1,pharmacy,medicine,D_A0249,Kochi,,0
T000984,A0196,2026-01-05 16:15:00,64.54,food,restaurant,D_A0196,Coimbatore,,0
T000985,A0407,2026-01-05 16:18:00,65.15,grocery,groceries,D_A0407,Bengaluru,,0
T000986,A0383,2026-01-05 16:18:00,281.01,travel,bus_ticket,D_A0383,Bengaluru,,0
T000987,A0203,2026-01-05 16:20:00,19.1,fuel,petrol,D_A0203,Mumbai,,0
T000988,A0380,2026-01-05 16:22:00,25.07,streaming,subscription,D_A0380,Mumbai,,0
T000989,R002,2026-01-05 16:23:00,368.77,travel,bus_ticket,D_R002,Bengaluru,,0
T000990,A0321,2026-01-05 16:27:00,146.79,clothing,clothes,D_A0321,Mumbai,,0
T000991,A0286,2026-01-05 16:34:00,194.24,travel,bus_ticket,D_FAM_10,Hyderabad,,0
T000992,A0076,2026-01-05 16:35:00,55.44,fuel,diesel,D_A0076,Madurai,,0
T000993,A0052,2026-01-05 16:35:00,27.92,grocery,groceries,D_A0052,Hyderabad,,0
T000994,A0236,2026-01-05 16:36:00,160.77,travel,train_ticket,D_A0236,Chennai,,0
T000995,A0346,2026-01-05 16:38:00,153.82,grocery,groceries,D_A0346,Mumbai,,0
T000996,A0437,2026-01-05 16:42:00,181.99,travel,train_ticket,D_FAM_3,Chennai,,0
T000997,A0348,2026-01-05 16:45:00,66.49,pharmacy,medicine,D_A0348,Coimbatore,,0
T000998,A0019,2026-01-05 16:53:00,120.39,grocery,groceries,D_A0019,Mumbai,,0
T000999,A0329,2026-01-05 16:59:00,56.31,pharmacy,medicine,D_A0329,Kochi,,0
T001000,A0211,2026-01-05 17:04:00,126.68,fuel,diesel,D_A0211,Bengaluru,,0
T001001,A0257,2026-01-05 17:07:00,103.58,transfer,p2p_transfer,D_A0257,Coimbatore,PAYEE_A0257,0
T001002,A0100,2026-01-05 17:10:00,20.12,streaming,subscription,D_A0100,Kochi,,0
T001003,A0175,2026-01-05 17:14:00,102.31,grocery,groceries,D_FAM_7,Coimbatore,,0
T001004,A0041,2026-01-05 17:23:00,99.24,clothing,shoes,D_FAM_6,Hyderabad,,0
T001005,A0403,2026-01-05 17:31:00,324.77,travel,bus_ticket,D_A0403,Bengaluru,,0
T001006,A0157,2026-01-05 17:43:00,98.71,grocery,vegetables,D_A0157,Hyderabad,,0
T001007,A0142,2026-01-05 17:45:00,86.05,transfer,p2p_transfer,D_A0142,Madurai,PAYEE_A0142,0
T001008,A0215,2026-01-05 17:45:00,109.08,clothing,clothes,D_A0215,Madurai,,0
T001009,A0172,2026-01-05 17:45:00,31.94,streaming,subscription,D_A0172,Hyderabad,,0
T001010,A0443,2026-01-05 17:58:00,125.9,fuel,petrol,D_A0443,Chennai,,0
T001011,A0460,2026-01-05 18:06:00,127.79,clothing,clothes,D_A0460,Hyderabad,,0
T001012,A0059,2026-01-05 18:10:00,109.46,pharmacy,medicine,D_A0059,Bengaluru,,0
T001013,A0462,2026-01-05 18:19:00,55.77,food,delivery,D_A0462,Coimbatore,,0
T001014,A0316,2026-01-05 18:31:00,64.01,food,delivery,D_FAM_14,Madurai,,0
T001015,A0281,2026-01-05 18:36:00,56.94,grocery,groceries,D_A0281,Coimbatore,,0
T001016,A0103,2026-01-05 18:36:00,9.65,streaming,subscription,D_A0103,Delhi,,0
T001017,A0448,2026-01-05 18:44:00,161.98,fuel,petrol,D_A0448,Madurai,,0
T001018,A0322,2026-01-05 18:47:00,49.9,giftcards,gift_card,D_A0322,Madurai,,0
T001019,A0300,2026-01-05 18:53:00,12.74,streaming,subscription,D_FAM_12,Delhi,,0
T001020,A0081,2026-01-05 18:54:00,176.06,travel,train_ticket,D_A0081,Madurai,,0
T001021,A0063,2026-01-05 19:08:00,64.64,fuel,diesel,D_A0063,Coimbatore,,0
T001022,A0159,2026-01-05 19:09:00,58.19,pharmacy,medicine,D_A0159,Delhi,,0
T001023,A0257,2026-01-05 19:13:00,32.28,food,delivery,D_A0257,Coimbatore,,0
T001024,A0300,2026-01-05 19:14:00,14.73,streaming,subscription,D_FAM_12,Delhi,,0
T001025,A0097,2026-01-05 19:15:00,57.52,fuel,diesel,D_FAM_1,Delhi,,0
T001026,A0467,2026-01-05 19:32:00,117.67,travel,bus_ticket,D_OFF_1,Delhi,,0
T001027,A0243,2026-01-05 19:40:00,293.18,clothing,clothes,D_A0243,Delhi,,0
T001028,R009,2026-01-05 19:43:00,309.03,travel,bus_ticket,D_R009,Chennai,,0
T001029,A0229,2026-01-05 19:44:00,161.7,pharmacy,medicine,D_A0229,Kochi,,0
T001030,A0371,2026-01-05 19:55:00,44.28,food,delivery,D_A0371,Madurai,,0
T001031,A0326,2026-01-05 19:55:00,84.13,grocery,groceries,D_A0326,Bengaluru,,0
T001032,A0478,2026-01-05 20:18:00,61.64,grocery,groceries,D_A0478,Hyderabad,,0
T001033,A0315,2026-01-05 20:35:00,73.99,clothing,clothes,D_A0315,Madurai,,0
T001034,A0438,2026-01-05 20:58:00,227.87,transfer,p2p_transfer,D_A0438,Bengaluru,PAYEE_A0438,0
T001035,A0159,2026-01-05 20:59:00,53.45,food,delivery,D_A0159,Delhi,,0
T001036,R004,2026-01-05 21:03:00,55.58,fuel,petrol,D_R004,Hyderabad,,0
T001037,A0187,2026-01-05 21:36:00,6.05,streaming,subscription,D_A0187,Bengaluru,,0
T001038,A0174,2026-01-05 22:09:00,106.33,clothing,clothes,D_A0174,Kochi,,0
T001039,A0024,2026-01-05 22:45:00,91.24,food,delivery,D_A0024,Delhi,,0
T001040,A0450,2026-01-05 23:01:00,39.18,food,restaurant,D_A0450,Hyderabad,,0
T001041,A0179,2026-01-05 23:03:00,8.38,streaming,subscription,D_A0179,Mumbai,,0
T001042,A0326,2026-01-05 23:23:00,42.75,giftcards,gift_card,D_A0326,Mumbai,,0
T001043,A0225,2026-01-05 23:24:00,99.27,travel,train_ticket,D_A0225,Hyderabad,,0
T001044,A0496,2026-01-05 23:39:00,233.88,travel,train_ticket,D_A0496,Mumbai,,0
T001045,A0289,2026-01-05 23:57:00,97.75,pharmacy,medicine,D_A0289,Bengaluru,,0
T001046,A0337,2026-01-06 07:01:00,45.38,streaming,subscription,D_A0337,Coimbatore,,0
T001047,A0425,2026-01-06 07:01:00,39.49,pharmacy,medicine,D_A0425,Madurai,,0
T001048,A0490,2026-01-06 07:04:00,40.35,grocery,vegetables,D_A0490,Hyderabad,,0
T001049,A0106,2026-01-06 07:06:00,52.45,pharmacy,medicine,D_A0106,Mumbai,,0
T001050,A0302,2026-01-06 07:15:00,26.0,grocery,groceries,D_A0302,Kochi,,0
T001051,A0138,2026-01-06 07:15:00,102.15,clothing,clothes,D_A0138,Kochi,,0
T001052,A0177,2026-01-06 07:16:00,103.59,pharmacy,medicine,D_A0177,Delhi,,0
T001053,R008,2026-01-06 07:16:00,117.42,clothing,shoes,D_R008,Coimbatore,,0
T001054,A0133,2026-01-06 07:16:00,38.76,food,delivery,D_A0133,Chennai,,0
T001055,A0194,2026-01-06 07:22:00,250.87,clothing,shoes,D_FAM_2,Bengaluru,,0
T001056,A0332,2026-01-06 07:23:00,31.92,food,delivery,D_A0332,Delhi,,0
T001057,A0188,2026-01-06 07:34:00,22.47,food,delivery,D_A0188,Chennai,,0
T001058,A0098,2026-01-06 07:42:00,12.25,streaming,subscription,D_A0098,Mumbai,,0
T001059,A0498,2026-01-06 07:49:00,63.86,fuel,petrol,D_A0498,Coimbatore,,0
T001060,A0178,2026-01-06 07:56:00,42.98,streaming,subscription,D_A0178,Mumbai,,0
T001061,A0182,2026-01-06 08:04:00,65.97,grocery,vegetables,D_FAM_8,Chennai,,0
T001062,A0103,2026-01-06 08:24:00,162.26,transfer,p2p_transfer,D_A0103,Delhi,PAYEE_A0103,0
T001063,A0284,2026-01-06 08:43:00,64.79,fuel,petrol,D_A0284,Coimbatore,,0
T001064,A0038,2026-01-06 08:44:00,54.43,fuel,petrol,D_A0038,Madurai,,0
T001065,A0348,2026-01-06 08:51:00,52.59,food,delivery,D_A0348,Coimbatore,,0
T001066,A0395,2026-01-06 08:58:00,18.87,pharmacy,medicine,D_A0395,Chennai,,0
T001067,A0137,2026-01-06 09:00:00,91.13,transfer,p2p_transfer,D_FAM_13,Chennai,PAYEE_A0137,0
T001068,A0036,2026-01-06 09:13:00,16.06,streaming,subscription,D_FAM_1,Madurai,,0
T001069,A0303,2026-01-06 09:23:00,26.34,food,delivery,D_FAM_4,Madurai,,0
T001070,A0268,2026-01-06 09:26:00,54.61,grocery,vegetables,D_A0268,Chennai,,0
T001071,A0308,2026-01-06 09:41:00,59.58,clothing,clothes,D_A0308,Bengaluru,,0
T001072,A0465,2026-01-06 09:49:00,67.22,grocery,groceries,D_A0465,Delhi,,0
T001073,A0198,2026-01-06 09:57:00,152.28,clothing,clothes,D_A0198,Coimbatore,,0
T001074,A0116,2026-01-06 09:57:00,96.96,clothing,clothes,D_A0116,Madurai,,0
T001075,A0284,2026-01-06 10:07:00,126.71,clothing,shoes,D_A0284,Coimbatore,,0
T001076,A0189,2026-01-06 10:09:00,28.61,grocery,vegetables,D_A0189,Chennai,,0
T001077,A0450,2026-01-06 10:16:00,45.7,food,restaurant,D_A0450,Hyderabad,,0
T001078,A0049,2026-01-06 10:20:00,51.62,giftcards,gift_card,D_FAM_8,Coimbatore,,0
T001079,A0046,2026-01-06 10:31:00,25.53,pharmacy,medicine,D_A0046,Kochi,,0
T001080,A0449,2026-01-06 10:36:00,353.83,clothing,clothes,D_FAM_0,Mumbai,,0
T001081,A0297,2026-01-06 10:39:00,27.8,fuel,petrol,D_A0297,Hyderabad,,0
T001082,A0396,2026-01-06 10:42:00,33.96,streaming,subscription,D_FAM_3,Coimbatore,,0
T001083,A0322,2026-01-06 10:46:00,125.08,grocery,vegetables,D_A0322,Madurai,,0
T001084,R007,2026-01-06 10:47:00,170.24,travel,train_ticket,D_R007,Chennai,,0
T001085,A0074,2026-01-06 10:51:00,133.26,clothing,clothes,D_A0074,Hyderabad,,0
T001086,A0076,2026-01-06 10:52:00,62.58,fuel,petrol,D_A0076,Madurai,,0
T001087,A0283,2026-01-06 10:53:00,31.96,grocery,vegetables,D_A0283,Kochi,,0
T001088,A0313,2026-01-06 10:55:00,11.23,streaming,subscription,D_A0313,Chennai,,0
T001089,A0072,2026-01-06 11:01:00,63.67,clothing,clothes,D_A0072,Hyderabad,,0
T001090,A0220,2026-01-06 11:06:00,81.67,clothing,shoes,D_A0220,Coimbatore,,0
T001091,A0463,2026-01-06 11:06:00,104.77,fuel,diesel,D_A0463,Bengaluru,,0
T001092,A0437,2026-01-06 11:08:00,55.77,grocery,groceries,D_FAM_3,Kochi,,0
T001093,R002,2026-01-06 11:09:00,131.02,clothing,shoes,D_R002,Bengaluru,,0
T001094,A0091,2026-01-06 11:12:00,95.52,food,delivery,D_A0091,Coimbatore,,0
T001095,A0359,2026-01-06 11:26:00,129.9,travel,train_ticket,D_A0359,Bengaluru,,0
T001096,R000,2026-01-06 11:36:00,57.47,fuel,petrol,D_R000,Madurai,,0
T001097,A0202,2026-01-06 11:37:00,32.93,streaming,subscription,D_A0202,Madurai,,0
T001098,A0161,2026-01-06 11:38:00,25.12,streaming,subscription,D_A0161,Bengaluru,,0
T001099,A0447,2026-01-06 11:40:00,73.73,food,delivery,D_A0447,Hyderabad,,0
T001100,A0152,2026-01-06 11:40:00,60.6,pharmacy,medicine,D_A0152,Hyderabad,,0
T001101,A0489,2026-01-06 11:46:00,69.86,pharmacy,medicine,D_A0489,Chennai,,0
T001102,A0123,2026-01-06 11:47:00,153.99,travel,train_ticket,D_A0123,Bengaluru,,0
T001103,A0354,2026-01-06 11:58:00,44.85,pharmacy,medicine,D_A0354,Hyderabad,,0
T001104,A0466,2026-01-06 12:06:00,15.76,food,delivery,D_A0466,Hyderabad,,0
T001105,A0114,2026-01-06 12:06:00,165.91,clothing,clothes,D_A0114,Mumbai,,0
T001106,A0483,2026-01-06 12:08:00,13.67,streaming,subscription,D_A0483,Delhi,,0
T001107,A0377,2026-01-06 12:09:00,31.86,fuel,diesel,D_A0377,Mumbai,,0
T001108,A0173,2026-01-06 12:10:00,210.51,fuel,petrol,D_A0173,Bengaluru,,0
T001109,A0452,2026-01-06 12:13:00,51.97,grocery,groceries,D_A0452,Madurai,,0
T001110,A0480,2026-01-06 12:27:00,307.95,travel,train_ticket,D_FAM_6,Kochi,,0
T001111,A0148,2026-01-06 12:31:00,70.36,pharmacy,medicine,D_A0148,Delhi,,0
T001112,A0150,2026-01-06 12:31:00,98.24,travel,bus_ticket,D_A0150,Mumbai,,0
T001113,A0360,2026-01-06 12:31:00,26.47,grocery,groceries,D_A0360,Mumbai,,0
T001114,A0077,2026-01-06 12:35:00,44.85,food,delivery,D_A0077,Delhi,,0
T001115,A0142,2026-01-06 12:36:00,37.97,food,delivery,D_A0142,Madurai,,0
T001116,A0189,2026-01-06 12:36:00,34.44,giftcards,gift_card,D_A0189,Delhi,,0
T001117,A0176,2026-01-06 12:37:00,76.81,travel,train_ticket,D_A0176,Coimbatore,,0
T001118,A0037,2026-01-06 12:40:00,83.05,food,restaurant,D_A0037,Madurai,,0
T001119,A0081,2026-01-06 12:45:00,61.14,fuel,diesel,D_A0081,Coimbatore,,0
T001120,A0443,2026-01-06 12:52:00,121.02,fuel,diesel,D_A0443,Mumbai,,0
T001121,A0013,2026-01-06 12:52:00,64.55,fuel,diesel,D_A0013,Madurai,,0
T001122,A0377,2026-01-06 12:54:00,32.96,fuel,diesel,D_A0377,Mumbai,,0
T001123,A0332,2026-01-06 12:59:00,42.87,grocery,groceries,D_A0332,Delhi,,0
T001124,A0204,2026-01-06 13:01:00,19.27,grocery,groceries,D_A0204,Kochi,,0
T001125,A0010,2026-01-06 13:01:00,27.41,clothing,clothes,D_A0010,Delhi,,0
T001126,A0051,2026-01-06 13:01:00,105.69,fuel,diesel,D_A0051,Mumbai,,0
T001127,A0240,2026-01-06 13:03:00,85.78,grocery,groceries,D_FAM_11,Bengaluru,,0
T001128,A0175,2026-01-06 13:05:00,94.5,grocery,groceries,D_FAM_7,Chennai,,0
T001129,R003,2026-01-06 13:06:00,138.87,clothing,shoes,D_R003,Madurai,,0
T001130,A0434,2026-01-06 13:06:00,34.19,pharmacy,medicine,D_A0434,Delhi,,0
T001131,A0043,2026-01-06 13:11:00,15.98,streaming,subscription,D_OFF_1,Delhi,,0
T001132,A0248,2026-01-06 13:15:00,9.74,streaming,subscription,D_A0248,Coimbatore,,0
T001133,A0120,2026-01-06 13:17:00,128.2,grocery,vegetables,D_A0120,Hyderabad,,0
T001134,A0058,2026-01-06 13:26:00,67.11,fuel,diesel,D_A0058,Delhi,,0
T001135,A0307,2026-01-06 13:40:00,188.93,travel,bus_ticket,D_A0307,Mumbai,,0
T001136,A0358,2026-01-06 13:47:00,57.96,food,restaurant,D_A0358,Madurai,,0
T001137,A0336,2026-01-06 13:53:00,104.14,grocery,groceries,D_A0336,Delhi,,0
T001138,A0341,2026-01-06 13:53:00,306.54,travel,bus_ticket,D_A0341,Madurai,,0
T001139,A0311,2026-01-06 13:53:00,30.52,pharmacy,medicine,D_A0311,Chennai,,0
T001140,A0270,2026-01-06 13:56:00,56.71,fuel,petrol,D_A0270,Kochi,,0
T001141,A0006,2026-01-06 14:04:00,95.64,fuel,diesel,D_FAM_7,Coimbatore,,0
T001142,A0365,2026-01-06 14:04:00,125.9,travel,bus_ticket,D_A0365,Bengaluru,,0
T001143,A0142,2026-01-06 14:05:00,44.45,food,delivery,D_A0142,Madurai,,0
T001144,A0058,2026-01-06 14:07:00,114.73,clothing,clothes,D_A0058,Coimbatore,,0
T001145,A0106,2026-01-06 14:07:00,99.27,pharmacy,medicine,D_A0106,Bengaluru,,0
T001146,A0451,2026-01-06 14:08:00,14.15,grocery,groceries,D_FAM_12,Madurai,,0
T001147,A0100,2026-01-06 14:12:00,62.27,food,delivery,D_A0100,Kochi,,0
T001148,A0290,2026-01-06 14:15:00,71.84,grocery,groceries,D_OFF_2,Bengaluru,,0
T001149,A0422,2026-01-06 14:16:00,154.26,travel,train_ticket,D_A0422,Delhi,,0
T001150,A0195,2026-01-06 14:17:00,2.35,streaming,subscription,D_FAM_11,Kochi,,0
T001151,A0393,2026-01-06 14:17:00,57.15,grocery,groceries,D_A0393,Bengaluru,,0
T001152,A0350,2026-01-06 14:22:00,625.77,travel,bus_ticket,D_A0350,Kochi,,0
T001153,A0292,2026-01-06 14:27:00,39.92,grocery,groceries,D_A0292,Kochi,,0
T001154,A0267,2026-01-06 14:29:00,27.68,streaming,subscription,D_OFF_1,Delhi,,0
T001155,A0361,2026-01-06 14:29:00,174.49,clothing,clothes,D_A0361,Chennai,,0
T001156,A0433,2026-01-06 14:31:00,14.44,streaming,subscription,D_A0433,Hyderabad,,0
T001157,A0366,2026-01-06 14:31:00,47.02,fuel,petrol,D_FAM_5,Delhi,,0
T001158,A0081,2026-01-06 14:32:00,44.32,travel,train_ticket,D_A0081,Coimbatore,,0
T001159,A0103,2026-01-06 14:43:00,63.06,pharmacy,medicine,D_A0103,Delhi,,0
T001160,A0477,2026-01-06 14:44:00,115.58,pharmacy,medicine,D_A0477,Hyderabad,,0
T001161,A0155,2026-01-06 14:46:00,71.82,fuel,diesel,D_A0155,Coimbatore,,0
T001162,A0176,2026-01-06 14:47:00,72.31,travel,bus_ticket,D_A0176,Coimbatore,,0
T001163,A0096,2026-01-06 14:49:00,249.46,clothing,shoes,D_A0096,Hyderabad,,0
T001164,A0380,2026-01-06 14:52:00,336.71,travel,train_ticket,D_A0380,Mumbai,,0
T001165,R006,2026-01-06 14:56:00,268.84,travel,bus_ticket,D_R006,Bengaluru,,0
T001166,A0440,2026-01-06 14:56:00,242.64,travel,bus_ticket,D_OFF_2,Madurai,,0
T001167,A0004,2026-01-06 15:02:00,20.8,pharmacy,medicine,D_A0004,Chennai,,0
T001168,A0004,2026-01-06 15:04:00,66.92,travel,bus_ticket,D_A0004,Chennai,,0
T001169,A0014,2026-01-06 15:05:00,40.61,fuel,petrol,D_FAM_2,Coimbatore,,0
T001170,A0393,2026-01-06 15:08:00,44.99,grocery,vegetables,D_A0393,Bengaluru,,0
T001171,A0233,2026-01-06 15:08:00,114.33,grocery,vegetables,D_A0233,Coimbatore,,0
T001172,R006,2026-01-06 15:09:00,353.94,travel,train_ticket,D_R006,Bengaluru,,0
T001173,R003,2026-01-06 15:10:00,75.42,food,delivery,D_R003,Madurai,,0
T001174,A0438,2026-01-06 15:12:00,31.08,food,restaurant,D_A0438,Madurai,,0
T001175,A0174,2026-01-06 15:15:00,139.13,travel,train_ticket,D_A0174,Kochi,,0
T001176,A0461,2026-01-06 15:19:00,34.09,pharmacy,medicine,D_FAM_0,Madurai,,0
T001177,A0069,2026-01-06 15:23:00,63.29,clothing,clothes,D_A0069,Chennai,,0
T001178,A0463,2026-01-06 15:24:00,355.91,travel,bus_ticket,D_A0463,Bengaluru,,0
T001179,A0451,2026-01-06 15:30:00,14.59,pharmacy,medicine,D_FAM_12,Madurai,,0
T001180,A0090,2026-01-06 15:33:00,125.55,travel,bus_ticket,D_A0090,Chennai,,0
T001181,A0265,2026-01-06 15:34:00,141.39,travel,bus_ticket,D_A0265,Mumbai,,0
T001182,A0121,2026-01-06 15:36:00,225.08,travel,bus_ticket,D_A0121,Hyderabad,,0
T001183,A0002,2026-01-06 15:40:00,12.35,streaming,subscription,D_A0002,Kochi,,0
T001184,A0036,2026-01-06 15:41:00,57.71,fuel,petrol,D_FAM_1,Madurai,,0
T001185,A0427,2026-01-06 15:42:00,39.44,clothing,shoes,D_A0427,Coimbatore,,0
T001186,A0388,2026-01-06 15:47:00,93.7,travel,train_ticket,D_A0388,Delhi,,0
T001187,A0214,2026-01-06 15:48:00,51.69,travel,bus_ticket,D_A0214,Chennai,,0
T001188,A0329,2026-01-06 15:50:00,169.09,clothing,shoes,D_A0329,Kochi,,0
T001189,A0062,2026-01-06 15:54:00,38.86,streaming,subscription,D_A0062,Madurai,,0
T001190,A0316,2026-01-06 15:57:00,99.52,fuel,diesel,D_FAM_14,Madurai,,0
T001191,A0252,2026-01-06 16:01:00,17.87,fuel,diesel,D_A0252,Delhi,,0
T001192,A0180,2026-01-06 16:04:00,23.29,streaming,subscription,D_A0180,Chennai,,0
T001193,A0266,2026-01-06 16:05:00,198.61,fuel,petrol,D_A0266,Hyderabad,,0
T001194,A0145,2026-01-06 16:09:00,45.36,food,delivery,D_A0145,Kochi,,0
T001195,A0406,2026-01-06 16:17:00,162.06,travel,train_ticket,D_A0406,Coimbatore,,0
T001196,A0391,2026-01-06 16:22:00,32.15,grocery,groceries,D_A0391,Kochi,,0
T001197,A0293,2026-01-06 16:26:00,96.82,fuel,diesel,D_A0293,Mumbai,,0
T001198,A0180,2026-01-06 16:28:00,29.98,streaming,subscription,D_A0180,Chennai,,0
T001199,A0046,2026-01-06 16:29:00,23.38,streaming,subscription,D_A0046,Kochi,,0
T001200,A0448,2026-01-06 16:30:00,52.09,food,delivery,D_A0448,Madurai,,0
T001201,A0014,2026-01-06 16:43:00,42.1,grocery,vegetables,D_FAM_2,Coimbatore,,0
T001202,A0303,2026-01-06 16:46:00,96.92,clothing,clothes,D_FAM_4,Madurai,,0
T001203,R008,2026-01-06 16:48:00,20.34,streaming,subscription,D_R008,Coimbatore,,0
T001204,A0463,2026-01-06 16:51:00,119.4,fuel,petrol,D_A0463,Bengaluru,,0
T001205,A0231,2026-01-06 16:57:00,94.17,travel,bus_ticket,D_A0231,Delhi,,0
T001206,A0470,2026-01-06 16:57:00,127.97,travel,train_ticket,D_A0470,Mumbai,,0
T001207,A0218,2026-01-06 16:59:00,70.84,clothing,shoes,D_A0218,Kochi,,0
T001208,A0143,2026-01-06 17:02:00,113.27,travel,train_ticket,D_A0143,Kochi,,0
T001209,A0173,2026-01-06 17:06:00,86.48,grocery,groceries,D_A0173,Bengaluru,,0
T001210,A0360,2026-01-06 17:09:00,62.31,grocery,vegetables,D_A0360,Coimbatore,,0
T001211,A0268,2026-01-06 17:11:00,29.32,pharmacy,medicine,D_A0268,Chennai,,0
T001212,A0084,2026-01-06 17:17:00,8.28,streaming,subscription,D_A0084,Hyderabad,,0
T001213,A0445,2026-01-06 17:22:00,57.7,food,restaurant,D_A0445,Coimbatore,,0
T001214,A0379,2026-01-06 17:23:00,50.09,fuel,diesel,D_A0379,Chennai,,0
T001215,A0194,2026-01-06 17:23:00,94.55,pharmacy,medicine,D_FAM_2,Bengaluru,,0
T001216,A0283,2026-01-06 17:25:00,32.69,transfer,p2p_transfer,D_A0283,Kochi,PAYEE_A0283,0
T001217,A0485,2026-01-06 17:28:00,52.9,pharmacy,medicine,D_A0485,Madurai,,0
T001218,A0157,2026-01-06 17:35:00,90.05,grocery,vegetables,D_A0157,Hyderabad,,0
T001219,A0497,2026-01-06 17:37:00,42.94,food,delivery,D_A0497,Chennai,,0
T001220,A0015,2026-01-06 17:43:00,83.78,clothing,shoes,D_FAM_14,Kochi,,0
T001221,A0322,2026-01-06 17:43:00,54.21,grocery,groceries,D_A0322,Madurai,,0
T001222,R009,2026-01-06 17:46:00,52.78,food,delivery,D_R009,Chennai,,0
T001223,A0182,2026-01-06 17:54:00,139.05,fuel,petrol,D_FAM_8,Kochi,,0
T001224,A0261,2026-01-06 17:56:00,104.37,clothing,shoes,D_A0261,Delhi,,0
T001225,A0492,2026-01-06 17:59:00,361.9,clothing,shoes,D_A0492,Kochi,,0
T001226,A0269,2026-01-06 18:02:00,178.04,fuel,diesel,D_A0269,Coimbatore,,0
T001227,A0089,2026-01-06 18:17:00,140.13,pharmacy,medicine,D_A0089,Madurai,,0
T001228,A0094,2026-01-06 18:19:00,7.69,streaming,subscription,D_A0094,Bengaluru,,0
T001229,A0381,2026-01-06 18:24:00,145.83,fuel,petrol,D_A0381,Madurai,,0
T001230,A0199,2026-01-06 18:36:00,54.06,pharmacy,medicine,D_A0199,Madurai,,0
T001231,A0277,2026-01-06 18:39:00,22.2,streaming,subscription,D_A0277,Madurai,,0
T001232,A0060,2026-01-06 18:42:00,32.59,pharmacy,medicine,D_A0060,Madurai,,0
T001233,A0383,2026-01-06 18:43:00,97.36,travel,bus_ticket,D_A0383,Bengaluru,,0
T001234,A0155,2026-01-06 18:43:00,253.13,travel,bus_ticket,D_A0155,Coimbatore,,0
T001235,A0263,2026-01-06 18:48:00,209.31,clothing,clothes,D_A0263,Coimbatore,,0
T001236,A0499,2026-01-06 18:50:00,96.92,fuel,petrol,D_A0499,Hyderabad,,0
T001237,A0427,2026-01-06 19:02:00,22.52,food,restaurant,D_A0427,Coimbatore,,0
T001238,A0330,2026-01-06 19:03:00,95.3,grocery,vegetables,D_A0330,Coimbatore,,0
T001239,A0090,2026-01-06 19:11:00,107.02,travel,train_ticket,D_A0090,Madurai,,0
T001240,A0235,2026-01-06 19:21:00,86.53,fuel,diesel,D_A0235,Chennai,,0
T001241,A0020,2026-01-06 19:24:00,150.0,fuel,diesel,D_A0020,Bengaluru,,0
T001242,A0341,2026-01-06 19:35:00,327.53,travel,train_ticket,D_A0341,Madurai,,0
T001243,A0224,2026-01-06 19:40:00,48.36,pharmacy,medicine,D_A0224,Coimbatore,,0
T001244,A0400,2026-01-06 19:42:00,76.49,food,restaurant,D_A0400,Coimbatore,,0
T001245,A0186,2026-01-06 19:46:00,62.76,transfer,p2p_transfer,D_A0186,Kochi,PAYEE_A0186,0
T001246,A0275,2026-01-06 20:41:00,114.11,transfer,p2p_transfer,D_FAM_5,Chennai,PAYEE_A0275,0
T001247,A0000,2026-01-06 20:42:00,69.62,fuel,diesel,D_A0000,Madurai,,0
T001248,A0259,2026-01-06 20:53:00,62.03,pharmacy,medicine,D_A0259,Hyderabad,,0
T001249,A0087,2026-01-06 20:58:00,177.54,food,delivery,D_A0087,Madurai,,0
T001250,A0333,2026-01-06 21:00:00,125.79,pharmacy,medicine,D_FAM_9,Bengaluru,,0
T001251,A0237,2026-01-06 21:13:00,120.69,fuel,diesel,D_FAM_3,Kochi,,0
T001252,A0147,2026-01-06 21:15:00,305.58,travel,bus_ticket,D_A0147,Delhi,,0
T001253,A0208,2026-01-06 21:28:00,74.78,fuel,petrol,D_A0208,Hyderabad,,0
T001254,A0490,2026-01-06 21:38:00,26.21,grocery,groceries,D_A0490,Hyderabad,,0
T001255,A0379,2026-01-06 22:46:00,28.29,grocery,vegetables,D_A0379,Chennai,,0
T001256,A0125,2026-01-06 23:13:00,30.23,food,restaurant,D_A0125,Kochi,,0
T001257,A0299,2026-01-06 23:14:00,91.49,clothing,shoes,D_A0299,Chennai,,0
T001258,A0013,2026-01-06 23:33:00,51.08,giftcards,gift_card,D_A0013,Madurai,,0
T001259,A0434,2026-01-07 07:04:00,135.68,travel,bus_ticket,D_A0434,Delhi,,0
T001260,A0443,2026-01-07 07:07:00,61.94,food,delivery,D_A0443,Chennai,,0
T001261,A0358,2026-01-07 07:08:00,27.34,streaming,subscription,D_A0358,Madurai,,0
T001262,A0255,2026-01-07 07:18:00,438.98,travel,bus_ticket,D_A0255,Mumbai,,0
T001263,A0178,2026-01-07 07:21:00,28.38,streaming,subscription,D_A0178,Mumbai,,0
T001264,A0189,2026-01-07 07:21:00,180.85,travel,bus_ticket,D_A0189,Chennai,,0
T001265,A0146,2026-01-07 07:25:00,32.26,grocery,groceries,D_A0146,Mumbai,,0
T001266,A0052,2026-01-07 07:29:00,44.88,fuel,diesel,D_A0052,Bengaluru,,0
T001267,A0217,2026-01-07 07:29:00,218.78,fuel,petrol,D_A0217,Hyderabad,,0
T001268,A0341,2026-01-07 07:39:00,182.51,travel,bus_ticket,D_A0341,Madurai,,0
T001269,A0493,2026-01-07 07:42:00,475.01,travel,train_ticket,D_A0493,Coimbatore,,0
T001270,A0317,2026-01-07 07:52:00,84.42,fuel,petrol,D_OFF_0,Hyderabad,,0
T001271,A0353,2026-01-07 07:53:00,307.99,travel,train_ticket,D_A0353,Kochi,,0
T001272,A0267,2026-01-07 07:55:00,47.92,food,delivery,D_OFF_1,Delhi,,0
T001273,A0092,2026-01-07 07:58:00,90.05,grocery,vegetables,D_A0092,Chennai,,0
T001274,A0429,2026-01-07 07:58:00,27.5,streaming,subscription,D_A0429,Madurai,,0
T001275,A0202,2026-01-07 08:01:00,39.13,streaming,subscription,D_A0202,Madurai,,0
T001276,A0060,2026-01-07 08:06:00,84.32,fuel,diesel,D_A0060,Delhi,,0
T001277,A0351,2026-01-07 08:09:00,167.62,travel,train_ticket,D_A0351,Chennai,,0
T001278,R000,2026-01-07 08:14:00,114.2,travel,bus_ticket,D_R000,Madurai,,0
T001279,A0255,2026-01-07 08:21:00,304.16,travel,bus_ticket,D_A0255,Mumbai,,0
T001280,A0175,2026-01-07 08:22:00,73.73,food,delivery,D_A0175,Chennai,,0
T001281,A0208,2026-01-07 08:32:00,99.92,fuel,petrol,D_A0208,Mumbai,,0
T001282,A0097,2026-01-07 08:35:00,120.01,travel,train_ticket,D_FAM_1,Delhi,,0
T001283,A0036,2026-01-07 08:36:00,50.61,fuel,petrol,D_FAM_1,Madurai,,0
T001284,A0420,2026-01-07 08:41:00,347.89,travel,train_ticket,D_OFF_0,Madurai,,0
T001285,A0110,2026-01-07 09:02:00,90.34,grocery,groceries,D_FAM_11,Delhi,,0
T001286,A0109,2026-01-07 09:16:00,10.57,streaming,subscription,D_FAM_13,Mumbai,,0
T001287,A0184,2026-01-07 09:17:00,186.9,travel,bus_ticket,D_A0184,Coimbatore,,0
T001288,A0195,2026-01-07 09:20:00,18.8,fuel,petrol,D_FAM_11,Kochi,,0
T001289,A0076,2026-01-07 09:25:00,64.89,fuel,diesel,D_A0076,Madurai,,0
T001290,A0181,2026-01-07 09:25:00,158.67,travel,bus_ticket,D_A0181,Chennai,,0
T001291,A0439,2026-01-07 09:29:00,12.64,streaming,subscription,D_A0439,Chennai,,0
T001292,A0212,2026-01-07 09:36:00,540.61,travel,bus_ticket,D_OFF_1,Kochi,,0
T001293,A0494,2026-01-07 09:45:00,83.56,grocery,groceries,D_A0494,Delhi,,0
T001294,A0007,2026-01-07 09:45:00,14.0,food,restaurant,D_A0007,Bengaluru,,0
T001295,A0308,2026-01-07 09:57:00,26.41,food,delivery,D_A0308,Bengaluru,,0
T001296,A0385,2026-01-07 09:58:00,41.95,fuel,petrol,D_A0385,Kochi,,0
T001297,A0102,2026-01-07 10:10:00,74.83,clothing,shoes,D_FAM_7,Madurai,,0
T001298,A0273,2026-01-07 10:10:00,91.45,clothing,clothes,D_A0273,Bengaluru,,0
T001299,A0436,2026-01-07 10:12:00,29.44,streaming,subscription,D_A0436,Bengaluru,,0
T001300,A0344,2026-01-07 10:13:00,150.71,travel,bus_ticket,D_A0344,Kochi,,0
T001301,A0056,2026-01-07 10:21:00,41.1,grocery,vegetables,D_A0056,Delhi,,0
T001302,A0344,2026-01-07 10:24:00,61.72,fuel,diesel,D_A0344,Kochi,,0
T001303,A0160,2026-01-07 10:28:00,55.7,grocery,vegetables,D_A0160,Delhi,,0
T001304,A0141,2026-01-07 10:36:00,103.45,transfer,p2p_transfer,D_FAM_2,Kochi,PAYEE_A0141,0
T001305,A0453,2026-01-07 10:39:00,289.32,travel,bus_ticket,D_A0453,Bengaluru,,0
T001306,A0375,2026-01-07 10:40:00,70.56,fuel,diesel,D_A0375,Hyderabad,,0
T001307,A0463,2026-01-07 10:40:00,383.38,travel,train_ticket,D_A0463,Bengaluru,,0
T001308,A0351,2026-01-07 10:46:00,70.01,fuel,diesel,D_A0351,Chennai,,0
T001309,A0132,2026-01-07 10:51:00,195.43,grocery,vegetables,D_A0132,Delhi,,0
T001310,A0065,2026-01-07 10:51:00,202.77,travel,bus_ticket,D_A0065,Chennai,,0
T001311,A0435,2026-01-07 10:53:00,15.48,streaming,subscription,D_A0435,Coimbatore,,0
T001312,A0316,2026-01-07 10:55:00,285.85,travel,train_ticket,D_FAM_14,Madurai,,0
T001313,A0479,2026-01-07 10:56:00,218.49,travel,train_ticket,D_A0479,Chennai,,0
T001314,A0370,2026-01-07 11:04:00,67.34,fuel,diesel,D_A0370,Coimbatore,,0
T001315,A0107,2026-01-07 11:04:00,95.89,clothing,shoes,D_A0107,Madurai,,0
T001316,A0283,2026-01-07 11:08:00,35.8,transfer,p2p_transfer,D_A0283,Kochi,PAYEE_A0283,0
T001317,A0497,2026-01-07 11:08:00,65.83,food,delivery,D_A0497,Chennai,,0
T001318,A0084,2026-01-07 11:09:00,9.59,streaming,subscription,D_A0084,Hyderabad,,0
T001319,A0294,2026-01-07 11:15:00,59.69,fuel,diesel,D_A0294,Mumbai,,0
T001320,A0188,2026-01-07 11:15:00,119.85,clothing,clothes,D_A0188,Chennai,,0
T001321,A0131,2026-01-07 11:20:00,27.69,streaming,subscription,D_A0131,Bengaluru,,0
T001322,A0377,2026-01-07 11:21:00,15.43,pharmacy,medicine,D_A0377,Mumbai,,0
T001323,A0105,2026-01-07 11:22:00,22.18,streaming,subscription,D_A0105,Chennai,,0
T001324,A0174,2026-01-07 11:28:00,119.12,travel,train_ticket,D_A0174,Bengaluru,,0
T001325,A0077,2026-01-07 11:29:00,50.62,food,restaurant,D_A0077,Madurai,,0
T001326,A0187,2026-01-07 11:43:00,13.61,streaming,subscription,D_A0187,Bengaluru,,0
T001327,A0265,2026-01-07 11:44:00,37.61,food,restaurant,D_A0265,Mumbai,,0
T001328,A0213,2026-01-07 11:56:00,194.47,clothing,clothes,D_A0213,Coimbatore,,0
T001329,A0283,2026-01-07 11:58:00,61.27,travel,bus_ticket,D_A0283,Kochi,,0
T001330,A0132,2026-01-07 11:58:00,424.86,travel,bus_ticket,D_A0132,Delhi,,0
T001331,A0060,2026-01-07 12:03:00,125.88,clothing,clothes,D_A0060,Madurai,,0
T001332,A0485,2026-01-07 12:05:00,102.17,clothing,clothes,D_A0485,Madurai,,0
T001333,A0369,2026-01-07 12:05:00,360.84,travel,bus_ticket,D_A0369,Mumbai,,0
T001334,A0120,2026-01-07 12:07:00,26.45,streaming,subscription,D_A0120,Hyderabad,,0
T001335,A0469,2026-01-07 12:13:00,21.25,streaming,subscription,D_A0469,Delhi,,0
T001336,A0048,2026-01-07 12:19:00,50.44,food,delivery,D_A0048,Mumbai,,0
T001337,A0233,2026-01-07 12:20:00,47.19,streaming,subscription,D_A0233,Coimbatore,,0
T001338,A0090,2026-01-07 12:21:00,152.98,travel,bus_ticket,D_A0090,Chennai,,0
T001339,A0408,2026-01-07 12:22:00,54.23,grocery,vegetables,D_A0408,Delhi,,0
T001340,A0090,2026-01-07 12:24:00,55.67,fuel,petrol,D_A0090,Chennai,,0
T001341,A0431,2026-01-07 12:26:00,327.02,travel,train_ticket,D_FAM_11,Hyderabad,,0
T001342,A0166,2026-01-07 12:27:00,94.42,grocery,vegetables,D_A0166,Bengaluru,,0
T001343,A0469,2026-01-07 12:34:00,18.62,streaming,subscription,D_A0469,Delhi,,0
T001344,R007,2026-01-07 12:35:00,47.89,food,restaurant,D_R007,Chennai,,0
T001345,A0001,2026-01-07 12:37:00,559.38,travel,bus_ticket,D_A0001,Kochi,,0
T001346,A0195,2026-01-07 12:44:00,9.46,fuel,petrol,D_FAM_11,Madurai,,0
T001347,A0357,2026-01-07 12:44:00,103.01,transfer,p2p_transfer,D_A0357,Kochi,PAYEE_A0357,0
T001348,A0255,2026-01-07 12:47:00,221.4,clothing,clothes,D_A0255,Mumbai,,0
T001349,A0262,2026-01-07 12:49:00,85.38,clothing,shoes,D_A0262,Coimbatore,,0
T001350,A0458,2026-01-07 12:53:00,24.03,grocery,groceries,D_FAM_9,Mumbai,,0
T001351,A0134,2026-01-07 12:53:00,53.96,food,restaurant,D_A0134,Coimbatore,,0
T001352,A0427,2026-01-07 12:54:00,60.58,clothing,shoes,D_A0427,Coimbatore,,0
T001353,A0162,2026-01-07 12:56:00,79.9,food,delivery,D_A0162,Coimbatore,,0
T001354,A0007,2026-01-07 12:56:00,28.68,grocery,groceries,D_A0007,Bengaluru,,0
T001355,A0278,2026-01-07 12:57:00,131.89,fuel,petrol,D_A0278,Madurai,,0
T001356,A0071,2026-01-07 12:58:00,22.07,giftcards,gift_card,D_A0071,Kochi,,0
T001357,A0136,2026-01-07 13:02:00,94.22,pharmacy,medicine,D_FAM_0,Chennai,,0
T001358,A0041,2026-01-07 13:04:00,111.6,clothing,clothes,D_FAM_6,Hyderabad,,0
T001359,A0438,2026-01-07 13:06:00,65.81,food,restaurant,D_A0438,Madurai,,0
T001360,A0356,2026-01-07 13:09:00,7.67,streaming,subscription,D_A0356,Bengaluru,,0
T001361,A0441,2026-01-07 13:09:00,37.7,food,restaurant,D_A0441,Hyderabad,,0
T001362,A0425,2026-01-07 13:13:00,4.5,streaming,subscription,D_A0425,Madurai,,0
T001363,A0369,2026-01-07 13:15:00,128.38,clothing,shoes,D_A0369,Mumbai,,0
T001364,A0001,2026-01-07 13:16:00,141.15,travel,train_ticket,D_A0001,Kochi,,0
T001365,A0304,2026-01-07 13:16:00,26.02,grocery,vegetables,D_A0304,Hyderabad,,0
T001366,A0360,2026-01-07 13:17:00,47.51,fuel,diesel,D_A0360,Mumbai,,0
T001367,A0432,2026-01-07 13:21:00,150.95,travel,train_ticket,D_FAM_14,Kochi,,0
T001368,A0059,2026-01-07 13:24:00,71.26,streaming,subscription,D_A0059,Bengaluru,,0
T001369,A0212,2026-01-07 13:25:00,461.74,travel,bus_ticket,D_OFF_1,Kochi,,0
T001370,A0237,2026-01-07 13:27:00,88.92,fuel,petrol,D_FAM_3,Madurai,,0
T001371,A0177,2026-01-07 13:27:00,114.23,pharmacy,medicine,D_A0177,Delhi,,0
T001372,A0091,2026-01-07 13:29:00,65.06,food,restaurant,D_A0091,Delhi,,0
T001373,A0178,2026-01-07 13:29:00,56.14,grocery,groceries,D_A0178,Mumbai,,0
T001374,A0311,2026-01-07 13:32:00,40.59,pharmacy,medicine,D_A0311,Chennai,,0
T001375,A0209,2026-01-07 13:33:00,25.88,food,restaurant,D_A0209,Kochi,,0
T001376,A0087,2026-01-07 13:36:00,182.35,food,delivery,D_A0087,Madurai,,0
T001377,A0388,2026-01-07 13:36:00,28.77,grocery,groceries,D_A0388,Delhi,,0
T001378,A0138,2026-01-07 13:37:00,73.11,clothing,clothes,D_A0138,Kochi,,0
T001379,A0354,2026-01-07 13:46:00,36.15,pharmacy,medicine,D_A0354,Hyderabad,,0
T001380,A0271,2026-01-07 13:48:00,17.68,streaming,subscription,D_A0271,Chennai,,0
T001381,A0282,2026-01-07 13:52:00,122.72,pharmacy,medicine,D_A0282,Hyderabad,,0
T001382,A0042,2026-01-07 14:00:00,89.77,pharmacy,medicine,D_A0042,Kochi,,0
T001383,R002,2026-01-07 14:04:00,230.71,clothing,clothes,D_R002,Bengaluru,,0
T001384,A0129,2026-01-07 14:05:00,31.39,fuel,diesel,D_OFF_2,Delhi,,0
T001385,A0278,2026-01-07 14:05:00,63.33,food,delivery,D_A0278,Madurai,,0
T001386,A0017,2026-01-07 14:07:00,29.05,food,delivery,D_A0017,Madurai,,0
T001387,A0313,2026-01-07 14:07:00,11.79,streaming,subscription,D_A0313,Chennai,,0
T001388,A0320,2026-01-07 14:08:00,160.26,travel,bus_ticket,D_FAM_4,Madurai,,0
T001389,A0374,2026-01-07 14:19:00,72.49,grocery,groceries,D_A0374,Bengaluru,,0
T001390,A0008,2026-01-07 14:20:00,74.38,grocery,groceries,D_A0008,Coimbatore,,0
T001391,A0439,2026-01-07 14:25:00,46.21,grocery,vegetables,D_A0439,Chennai,,0
T001392,A0083,2026-01-07 14:29:00,127.61,pharmacy,medicine,D_A0083,Madurai,,0
T001393,A0074,2026-01-07 14:29:00,57.64,grocery,groceries,D_A0074,Hyderabad,,0
T001394,A0192,2026-01-07 14:32:00,80.29,pharmacy,medicine,D_A0192,Madurai,,0
T001395,A0105,2026-01-07 14:34:00,14.74,streaming,subscription,D_OFF_2,Chennai,,0
T001396,A0214,2026-01-07 14:43:00,47.89,travel,train_ticket,D_A0214,Chennai,,0
T001397,A0007,2026-01-07 14:45:00,45.7,transfer,p2p_transfer,D_A0007,Bengaluru,PAYEE_A0007,0
T001398,A0177,2026-01-07 14:46:00,50.6,pharmacy,medicine,D_A0177,Delhi,,0
T001399,A0460,2026-01-07 14:47:00,17.25,streaming,subscription,D_A0460,Hyderabad,,0
T001400,A0095,2026-01-07 14:50:00,172.09,food,delivery,D_A0095,Mumbai,,0
T001401,A0498,2026-01-07 14:55:00,104.81,clothing,clothes,D_A0498,Coimbatore,,0
T001402,A0146,2026-01-07 14:57:00,11.25,food,delivery,D_A0146,Mumbai,,0
T001403,A0207,2026-01-07 14:57:00,23.85,streaming,subscription,D_A0207,Bengaluru,,0
T001404,R003,2026-01-07 14:59:00,34.29,streaming,subscription,D_R003,Madurai,,0
T001405,A0001,2026-01-07 14:59:00,57.95,food,delivery,D_A0001,Kochi,,0
T001406,A0086,2026-01-07 15:00:00,105.44,grocery,groceries,D_A0086,Chennai,,0
T001407,A0221,2026-01-07 15:01:00,89.82,clothing,shoes,D_A0221,Bengaluru,,0
T001408,A0339,2026-01-07 15:05:00,58.74,grocery,groceries,D_A0339,Coimbatore,,0
T001409,A0365,2026-01-07 15:05:00,163.68,travel,bus_ticket,D_A0365,Bengaluru,,0
T001410,A0279,2026-01-07 15:08:00,107.31,clothing,clothes,D_OFF_0,Hyderabad,,0
T001411,A0066,2026-01-07 15:12:00,58.18,food,restaurant,D_A0066,Bengaluru,,0
T001412,A0211,2026-01-07 15:13:00,130.82,transfer,p2p_transfer,D_A0211,Bengaluru,PAYEE_A0211,0
T001413,A0417,2026-01-07 15:21:00,241.48,travel,bus_ticket,D_A0417,Madurai,,0
T001414,A0486,2026-01-07 15:29:00,122.35,food,delivery,D_A0486,Mumbai,,0
T001415,A0472,2026-01-07 15:30:00,220.39,clothing,shoes,D_A0472,Madurai,,0
T001416,A0460,2026-01-07 15:32:00,32.77,streaming,subscription,D_A0460,Hyderabad,,0
T001417,A0225,2026-01-07 15:33:00,27.61,grocery,vegetables,D_A0225,Bengaluru,,0
T001418,A0117,2026-01-07 15:39:00,56.96,food,delivery,D_A0117,Bengaluru,,0
T001419,A0153,2026-01-07 15:39:00,48.38,food,delivery,D_A0153,Madurai,,0
T001420,A0040,2026-01-07 15:43:00,159.55,travel,train_ticket,D_A0040,Coimbatore,,0
T001421,A0299,2026-01-07 15:44:00,29.67,pharmacy,medicine,D_A0299,Chennai,,0
T001422,A0085,2026-01-07 16:03:00,5.88,food,delivery,D_A0085,Delhi,,0
T001423,A0381,2026-01-07 16:04:00,188.58,clothing,shoes,D_A0381,Chennai,,0
T001424,A0250,2026-01-07 16:04:00,103.72,clothing,clothes,D_A0250,Hyderabad,,0
T001425,A0062,2026-01-07 16:05:00,67.23,pharmacy,medicine,D_A0062,Madurai,,0
T001426,A0229,2026-01-07 16:05:00,114.34,pharmacy,medicine,D_A0229,Bengaluru,,0
T001427,A0059,2026-01-07 16:06:00,91.33,streaming,subscription,D_A0059,Bengaluru,,0
T001428,A0064,2026-01-07 16:07:00,118.04,clothing,clothes,D_A0064,Bengaluru,,0
T001429,A0177,2026-01-07 16:12:00,274.29,travel,bus_ticket,D_A0177,Delhi,,0
T001430,R008,2026-01-07 16:13:00,17.5,streaming,subscription,D_R008,Coimbatore,,0
T001431,A0481,2026-01-07 16:14:00,79.89,grocery,groceries,D_A0481,Coimbatore,,0
T001432,A0357,2026-01-07 16:16:00,72.14,grocery,vegetables,D_A0357,Kochi,,0
T001433,A0157,2026-01-07 16:21:00,136.5,fuel,petrol,D_A0157,Delhi,,0
T001434,R001,2026-01-07 16:33:00,56.3,pharmacy,medicine,D_R001,Delhi,,0
T001435,A0180,2026-01-07 16:42:00,48.5,grocery,vegetables,D_A0180,Coimbatore,,0
T001436,A0322,2026-01-07 16:45:00,194.82,travel,bus_ticket,D_A0322,Madurai,,0
T001437,A0128,2026-01-07 16:53:00,327.67,travel,bus_ticket,D_A0128,Madurai,,0
T001438,A0189,2026-01-07 16:59:00,37.94,grocery,groceries,D_A0189,Chennai,,0
T001439,A0123,2026-01-07 17:04:00,122.42,travel,train_ticket,D_A0123,Bengaluru,,0
T001440,A0483,2026-01-07 17:11:00,41.28,fuel,petrol,D_A0483,Delhi,,0
T001441,A0126,2026-01-07 17:18:00,81.47,grocery,vegetables,D_A0126,Chennai,,0
T001442,A0067,2026-01-07 17:19:00,26.65,fuel,petrol,D_A0067,Madurai,,0
T001443,A0222,2026-01-07 17:32:00,77.99,travel,train_ticket,D_A0222,Madurai,,0
T001444,A0360,2026-01-07 17:42:00,83.93,grocery,groceries,D_A0360,Mumbai,,0
T001445,A0291,2026-01-07 17:44:00,50.29,grocery,groceries,D_A0291,Coimbatore,,0
T001446,A0280,2026-01-07 17:44:00,58.27,food,delivery,D_A0280,Coimbatore,,0
T001447,A0127,2026-01-07 17:45:00,213.04,travel,train_ticket,D_A0127,Delhi,,0
T001448,R007,2026-01-07 17:48:00,42.72,pharmacy,medicine,D_R007,Chennai,,0
T001449,A0298,2026-01-07 18:04:00,121.97,travel,train_ticket,D_A0298,Chennai,,0
T001450,A0218,2026-01-07 18:05:00,9.08,food,delivery,D_A0218,Kochi,,0
T001451,A0076,2026-01-07 18:34:00,48.3,fuel,diesel,D_A0076,Madurai,,0
T001452,A0002,2026-01-07 18:36:00,24.29,streaming,subscription,D_A0002,Kochi,,0
T001453,A0441,2026-01-07 18:54:00,79.2,food,delivery,D_A0441,Hyderabad,,0
T001454,A0156,2026-01-07 18:56:00,63.55,travel,train_ticket,D_A0156,Delhi,,0
T001455,A0189,2026-01-07 19:10:00,30.87,grocery,groceries,D_A0189,Chennai,,0
T001456,A0440,2026-01-07 19:26:00,240.71,travel,bus_ticket,D_OFF_2,Chennai,,0
T001457,A0342,2026-01-07 19:37:00,64.94,grocery,vegetables,D_A0342,Madurai,,0
T001458,A0070,2026-01-07 19:44:00,50.77,food,delivery,D_A0070,Chennai,,0
T001459,A0192,2026-01-07 19:49:00,56.02,pharmacy,medicine,D_A0192,Mumbai,,0
T001460,A0230,2026-01-07 19:57:00,98.97,clothing,shoes,D_A0230,Madurai,,0
T001461,A0114,2026-01-07 20:08:00,128.79,grocery,groceries,D_A0114,Mumbai,,0
T001462,A0027,2026-01-07 20:10:00,24.37,streaming,subscription,D_A0027,Mumbai,,0
T001463,A0429,2026-01-07 20:18:00,80.99,fuel,petrol,D_A0429,Madurai,,0
T001464,A0226,2026-01-07 20:44:00,7.49,pharmacy,medicine,D_A0226,Chennai,,0
T001465,A0416,2026-01-07 20:52:00,62.89,fuel,diesel,D_A0416,Hyderabad,,0
T001466,A0114,2026-01-07 20:52:00,55.95,grocery,groceries,D_A0114,Mumbai,,0
T001467,A0235,2026-01-07 21:08:00,68.2,fuel,petrol,D_A0235,Chennai,,0
T001468,A0057,2026-01-07 21:19:00,280.22,travel,train_ticket,D_OFF_0,Mumbai,,0
T001469,A0107,2026-01-07 21:35:00,64.69,fuel,diesel,D_A0107,Madurai,,0
T001470,A0150,2026-01-07 21:46:00,35.39,grocery,groceries,D_A0150,Mumbai,,0
T001471,A0340,2026-01-07 21:49:00,19.94,streaming,subscription,D_A0340,Madurai,,0
T001472,A0065,2026-01-07 21:54:00,122.6,travel,bus_ticket,D_A0065,Chennai,,0
T001473,A0120,2026-01-07 22:47:00,113.03,grocery,vegetables,D_A0120,Hyderabad,,0
T001474,A0436,2026-01-07 23:26:00,164.07,transfer,p2p_transfer,D_A0436,Bengaluru,PAYEE_A0436,0
T001475,A0488,2026-01-07 23:46:00,21.87,streaming,subscription,D_A0488,Kochi,,0
T001476,A0043,2026-01-08 07:01:00,178.36,travel,train_ticket,D_OFF_1,Delhi,,0
T001477,A0463,2026-01-08 07:04:00,460.35,travel,bus_ticket,D_A0463,Bengaluru,,0
T001478,A0119,2026-01-08 07:05:00,38.41,streaming,subscription,D_A0119,Bengaluru,,0
T001479,A0468,2026-01-08 07:09:00,44.18,food,delivery,D_A0468,Chennai,,0
T001480,A0152,2026-01-08 07:09:00,59.92,pharmacy,medicine,D_A0152,Mumbai,,0
T001481,A0401,2026-01-08 07:12:00,160.05,clothing,clothes,D_A0401,Madurai,,0
T001482,A0468,2026-01-08 07:22:00,45.84,giftcards,gift_card,D_A0468,Chennai,,0
T001483,A0212,2026-01-08 07:23:00,389.91,travel,bus_ticket,D_OFF_1,Kochi,,0
T001484,A0024,2026-01-08 07:30:00,88.72,food,restaurant,D_A0024,Delhi,,0
T001485,A0071,2026-01-08 07:39:00,66.22,pharmacy,medicine,D_A0071,Kochi,,0
T001486,A0048,2026-01-08 07:48:00,88.52,grocery,groceries,D_A0048,Madurai,,0
T001487,A0198,2026-01-08 07:51:00,51.65,pharmacy,medicine,D_A0198,Coimbatore,,0
T001488,A0397,2026-01-08 08:07:00,129.74,fuel,petrol,D_A0397,Chennai,,0
T001489,A0366,2026-01-08 08:28:00,70.0,clothing,shoes,D_FAM_5,Delhi,,0
T001490,A0127,2026-01-08 08:42:00,37.82,pharmacy,medicine,D_A0127,Delhi,,0
T001491,A0139,2026-01-08 08:54:00,117.65,clothing,shoes,D_FAM_7,Bengaluru,,0
T001492,A0460,2026-01-08 09:00:00,84.22,grocery,vegetables,D_A0460,Hyderabad,,0
T001493,A0138,2026-01-08 09:02:00,39.82,pharmacy,medicine,D_A0138,Kochi,,0
T001494,A0497,2026-01-08 09:05:00,44.54,fuel,diesel,D_A0497,Chennai,,0
T001495,A0194,2026-01-08 09:06:00,55.44,pharmacy,medicine,D_FAM_2,Bengaluru,,0
T001496,A0007,2026-01-08 09:15:00,49.95,clothing,shoes,D_A0007,Bengaluru,,0
T001497,A0250,2026-01-08 09:27:00,223.87,travel,bus_ticket,D_A0250,Hyderabad,,0
T001498,A0286,2026-01-08 09:29:00,215.72,travel,train_ticket,D_FAM_10,Hyderabad,,0
T001499,A0497,2026-01-08 09:30:00,327.58,travel,train_ticket,D_A0497,Chennai,,0
T001500,A0405,2026-01-08 09:31:00,59.28,transfer,p2p_transfer,D_A0405,Kochi,PAYEE_A0405,0
T001501,A0079,2026-01-08 09:42:00,34.92,food,restaurant,D_A0079,Madurai,,0
T001502,A0477,2026-01-08 09:43:00,77.01,food,delivery,D_A0477,Hyderabad,,0
T001503,A0155,2026-01-08 09:43:00,75.64,fuel,diesel,D_A0155,Coimbatore,,0
T001504,A0134,2026-01-08 09:46:00,50.54,food,restaurant,D_A0134,Coimbatore,,0
T001505,A0327,2026-01-08 10:07:00,45.66,food,restaurant,D_A0327,Coimbatore,,0
T001506,A0136,2026-01-08 10:08:00,22.81,streaming,subscription,D_A0136,Chennai,,0
T001507,A0081,2026-01-08 10:08:00,16.34,streaming,subscription,D_A0081,Coimbatore,,0
T001508,A0179,2026-01-08 10:10:00,11.57,streaming,subscription,D_A0179,Mumbai,,0
T001509,A0290,2026-01-08 10:14:00,90.1,grocery,groceries,D_OFF_2,Bengaluru,,0
T001510,A0082,2026-01-08 10:25:00,51.42,streaming,subscription,D_A0082,Delhi,,0
T001511,A0195,2026-01-08 10:33:00,13.74,fuel,petrol,D_FAM_11,Kochi,,0
T001512,R005,2026-01-08 10:34:00,51.74,food,delivery,D_R005,Chennai,,0
T001513,A0211,2026-01-08 10:35:00,51.76,pharmacy,medicine,D_A0211,Bengaluru,,0
T001514,R003,2026-01-08 10:37:00,69.7,pharmacy,medicine,D_R003,Madurai,,0
T001515,A0012,2026-01-08 10:40:00,348.83,clothing,clothes,D_A0012,Chennai,,0
T001516,A0286,2026-01-08 10:42:00,52.82,pharmacy,medicine,D_FAM_10,Bengaluru,,0
T001517,A0197,2026-01-08 10:52:00,30.8,food,restaurant,D_A0197,Bengaluru,,0
T001518,A0021,2026-01-08 10:56:00,61.39,fuel,petrol,D_A0021,Kochi,,0
T001519,A0125,2026-01-08 11:00:00,30.68,food,restaurant,D_A0125,Chennai,,0
T001520,A0230,2026-01-08 11:02:00,60.16,food,delivery,D_A0230,Madurai,,0
T001521,A0151,2026-01-08 11:09:00,148.52,travel,train_ticket,D_A0151,Coimbatore,,0
T001522,A0470,2026-01-08 11:10:00,119.45,clothing,shoes,D_A0470,Mumbai,,0
T001523,A0499,2026-01-08 11:12:00,135.19,transfer,p2p_transfer,D_A0499,Hyderabad,PAYEE_A0499,0
T001524,A0466,2026-01-08 11:12:00,143.93,travel,bus_ticket,D_A0466,Hyderabad,,0
T001525,A0318,2026-01-08 11:14:00,8.55,streaming,subscription,D_A0318,Bengaluru,,0
T001526,A0147,2026-01-08 11:15:00,54.52,fuel,petrol,D_A0147,Delhi,,0
T001527,A0308,2026-01-08 11:16:00,82.89,travel,bus_ticket,D_A0308,Bengaluru,,0
T001528,A0072,2026-01-08 11:16:00,12.83,streaming,subscription,D_A0072,Hyderabad,,0
T001529,A0192,2026-01-08 11:27:00,70.14,pharmacy,medicine,D_A0192,Madurai,,0
T001530,A0165,2026-01-08 11:28:00,74.82,transfer,p2p_transfer,D_A0165,Madurai,PAYEE_A0165,0
T001531,A0266,2026-01-08 11:29:00,112.87,fuel,diesel,D_A0266,Hyderabad,,0
T001532,A0105,2026-01-08 11:31:00,82.24,fuel,petrol,D_OFF_2,Chennai,,0
T001533,A0086,2026-01-08 11:39:00,119.4,pharmacy,medicine,D_A0086,Chennai,,0
T001534,A0371,2026-01-08 11:42:00,57.84,food,restaurant,D_A0371,Madurai,,0
T001535,A0023,2026-01-08 11:42:00,383.31,travel,train_ticket,D_OFF_0,Hyderabad,,0
T001536,A0038,2026-01-08 11:44:00,51.01,transfer,p2p_transfer,D_A0038,Madurai,PAYEE_A0038,0
T001537,A0293,2026-01-08 11:47:00,79.52,fuel,diesel,D_A0293,Mumbai,,0
T001538,A0163,2026-01-08 11:53:00,26.36,food,delivery,D_FAM_5,Chennai,,0
T001539,A0165,2026-01-08 11:54:00,38.15,pharmacy,medicine,D_A0165,Madurai,,0
T001540,R005,2026-01-08 11:58:00,49.69,pharmacy,medicine,D_R005,Chennai,,0
T001541,A0180,2026-01-08 12:00:00,87.68,clothing,shoes,D_A0180,Chennai,,0
T001542,A0145,2026-01-08 12:00:00,20.36,streaming,subscription,D_A0145,Coimbatore,,0
T001543,A0202,2026-01-08 12:01:00,29.96,streaming,subscription,D_A0202,Madurai,,0
T001544,A0338,2026-01-08 12:09:00,40.26,transfer,p2p_transfer,D_A0338,Kochi,PAYEE_A0338,0
T001545,A0456,2026-01-08 12:10:00,194.52,travel,bus_ticket,D_A0456,Mumbai,,0
T001546,A0121,2026-01-08 12:11:00,136.5,clothing,clothes,D_A0121,Hyderabad,,0
T001547,A0051,2026-01-08 12:12:00,33.43,food,restaurant,D_A0051,Mumbai,,0
T001548,A0012,2026-01-08 12:16:00,98.84,clothing,clothes,D_A0012,Chennai,,0
T001549,A0434,2026-01-08 12:18:00,110.41,travel,train_ticket,D_A0434,Delhi,,0
T001550,A0477,2026-01-08 12:23:00,131.04,pharmacy,medicine,D_A0477,Hyderabad,,0
T001551,A0013,2026-01-08 12:25:00,122.16,travel,train_ticket,D_A0013,Madurai,,0
T001552,A0072,2026-01-08 12:27:00,8.68,streaming,subscription,D_A0072,Hyderabad,,0
T001553,A0113,2026-01-08 12:27:00,152.22,fuel,diesel,D_FAM_3,Hyderabad,,0
T001554,A0428,2026-01-08 12:29:00,28.59,food,restaurant,D_A0428,Mumbai,,0
T001555,A0460,2026-01-08 12:34:00,249.84,clothing,clothes,D_A0460,Hyderabad,,0
T001556,A0028,2026-01-08 12:34:00,53.81,grocery,groceries,D_A0028,Bengaluru,,0
T001557,A0462,2026-01-08 12:36:00,22.38,food,restaurant,D_A0462,Coimbatore,,0
T001558,A0022,2026-01-08 12:38:00,3.77,streaming,subscription,D_FAM_5,Madurai,,0
T001559,A0194,2026-01-08 12:46:00,99.33,pharmacy,medicine,D_A0194,Bengaluru,,0
T001560,A0493,2026-01-08 12:49:00,434.0,travel,train_ticket,D_A0493,Hyderabad,,0
T001561,A0199,2026-01-08 12:50:00,40.23,food,restaurant,D_A0199,Coimbatore,,0
T001562,A0248,2026-01-08 12:52:00,56.43,transfer,p2p_transfer,D_A0248,Mumbai,PAYEE_A0248,0
T001563,R005,2026-01-08 12:55:00,120.71,clothing,clothes,D_R005,Chennai,,0
T001564,A0024,2026-01-08 12:56:00,247.45,fuel,petrol,D_A0024,Hyderabad,,0
T001565,A0257,2026-01-08 12:59:00,22.62,food,restaurant,D_A0257,Coimbatore,,0
T001566,A0464,2026-01-08 13:01:00,244.76,travel,train_ticket,D_A0464,Hyderabad,,0
T001567,A0415,2026-01-08 13:03:00,12.57,streaming,subscription,D_A0415,Kochi,,0
T001568,A0345,2026-01-08 13:05:00,19.77,streaming,subscription,D_A0345,Hyderabad,,0
T001569,A0157,2026-01-08 13:09:00,123.95,grocery,groceries,D_A0157,Hyderabad,,0
T001570,A0132,2026-01-08 13:10:00,90.59,food,delivery,D_A0132,Delhi,,0
T001571,A0189,2026-01-08 13:11:00,19.92,grocery,vegetables,D_A0189,Chennai,,0
T001572,A0461,2026-01-08 13:14:00,30.65,food,restaurant,D_FAM_0,Madurai,,0
T001573,A0439,2026-01-08 13:17:00,9.06,streaming,subscription,D_A0439,Madurai,,0
T001574,A0258,2026-01-08 13:18:00,68.72,fuel,petrol,D_A0258,Bengaluru,,0
T001575,A0307,2026-01-08 13:27:00,344.02,travel,bus_ticket,D_A0307,Mumbai,,0
T001576,A0012,2026-01-08 13:27:00,84.85,fuel,diesel,D_A0012,Chennai,,0
T001577,A0485,2026-01-08 13:28:00,63.93,grocery,groceries,D_A0485,Madurai,,0
T001578,A0121,2026-01-08 13:30:00,58.08,pharmacy,medicine,D_A0121,Hyderabad,,0
T001579,A0030,2026-01-08 13:32:00,63.32,pharmacy,medicine,D_A0030,Hyderabad,,0
T001580,A0219,2026-01-08 13:40:00,74.51,fuel,petrol,D_A0219,Hyderabad,,0
T001581,A0136,2026-01-08 13:42:00,41.02,grocery,groceries,D_FAM_0,Chennai,,0
T001582,A0048,2026-01-08 13:43:00,1066.98,electronics,television,D_A0048,Mumbai,,0
T001583,A0417,2026-01-08 13:45:00,56.99,giftcards,gift_card,D_A0417,Madurai,,0
T001584,A0285,2026-01-08 13:45:00,160.49,fuel,diesel,D_A0285,Madurai,,0
T001585,A0153,2026-01-08 13:55:00,26.59,pharmacy,medicine,D_A0153,Madurai,,0
T001586,A0000,2026-01-08 13:55:00,121.55,fuel,diesel,D_A0000,Madurai,,0
T001587,A0446,2026-01-08 13:57:00,111.77,pharmacy,medicine,D_A0446,Madurai,,0
T001588,A0066,2026-01-08 13:58:00,71.25,food,delivery,D_A0066,Bengaluru,,0
T001589,A0007,2026-01-08 14:02:00,19.59,food,restaurant,D_A0007,Bengaluru,,0
T001590,A0287,2026-01-08 14:05:00,63.9,fuel,diesel,D_FAM_13,Mumbai,,0
T001591,R002,2026-01-08 14:06:00,153.2,fuel,diesel,D_R002,Bengaluru,,0
T001592,A0021,2026-01-08 14:06:00,24.44,food,restaurant,D_A0021,Kochi,,0
T001593,A0053,2026-01-08 14:07:00,31.48,pharmacy,medicine,D_A0053,Bengaluru,,0
T001594,A0445,2026-01-08 14:08:00,25.46,food,delivery,D_A0445,Coimbatore,,0
T001595,A0231,2026-01-08 14:09:00,29.1,pharmacy,medicine,D_A0231,Delhi,,0
T001596,A0278,2026-01-08 14:12:00,170.47,fuel,diesel,D_A0278,Madurai,,0
T001597,A0055,2026-01-08 14:18:00,16.41,pharmacy,medicine,D_A0055,Bengaluru,,0
T001598,A0475,2026-01-08 14:18:00,265.23,travel,train_ticket,D_A0475,Hyderabad,,0
T001599,A0263,2026-01-08 14:18:00,617.59,travel,bus_ticket,D_A0263,Coimbatore,,0
T001600,A0275,2026-01-08 14:30:00,21.99,streaming,subscription,D_FAM_5,Chennai,,0
T001601,A0150,2026-01-08 14:32:00,73.54,travel,train_ticket,D_A0150,Mumbai,,0
T001602,A0027,2026-01-08 14:39:00,43.82,grocery,vegetables,D_A0027,Mumbai,,0
T001603,A0132,2026-01-08 14:48:00,61.31,food,restaurant,D_A0132,Delhi,,0
T001604,A0324,2026-01-08 14:49:00,68.18,grocery,vegetables,D_A0324,Mumbai,,0
T001605,A0251,2026-01-08 14:52:00,7.08,streaming,subscription,D_A0251,Chennai,,0
T001606,A0326,2026-01-08 14:57:00,95.05,food,delivery,D_A0326,Bengaluru,,0
T001607,A0489,2026-01-08 14:58:00,33.9,fuel,petrol,D_A0489,Madurai,,0
T001608,A0213,2026-01-08 15:07:00,91.47,grocery,vegetables,D_A0213,Coimbatore,,0
T001609,A0248,2026-01-08 15:19:00,9.45,streaming,subscription,D_A0248,Mumbai,,0
T001610,A0405,2026-01-08 15:32:00,36.53,pharmacy,medicine,D_A0405,Kochi,,0
T001611,A0151,2026-01-08 15:32:00,80.45,travel,bus_ticket,D_A0151,Coimbatore,,0
T001612,A0471,2026-01-08 15:34:00,28.79,streaming,subscription,D_A0471,Delhi,,0
T001613,A0278,2026-01-08 15:37:00,81.19,food,delivery,D_A0278,Madurai,,0
T001614,A0395,2026-01-08 15:43:00,58.63,food,restaurant,D_A0395,Chennai,,0
T001615,A0393,2026-01-08 15:44:00,91.75,clothing,clothes,D_A0393,Bengaluru,,0
T001616,A0208,2026-01-08 15:45:00,36.09,giftcards,gift_card,D_A0208,Hyderabad,,0
T001617,A0026,2026-01-08 15:47:00,35.02,giftcards,gift_card,D_A0026,Chennai,,0
T001618,A0382,2026-01-08 15:47:00,58.82,grocery,vegetables,D_A0382,Bengaluru,,0
T001619,A0243,2026-01-08 15:49:00,106.83,fuel,diesel,D_A0243,Delhi,,0
T001620,A0341,2026-01-08 15:49:00,12.58,streaming,subscription,D_A0341,Madurai,,0
T001621,A0194,2026-01-08 15:52:00,95.85,pharmacy,medicine,D_FAM_2,Bengaluru,,0
T001622,A0384,2026-01-08 15:57:00,32.82,food,restaurant,D_A0384,Kochi,,0
T001623,A0430,2026-01-08 16:07:00,222.64,clothing,clothes,D_A0430,Kochi,,0
T001624,A0250,2026-01-08 16:09:00,146.02,travel,bus_ticket,D_A0250,Hyderabad,,0
T001625,A0003,2026-01-08 16:16:00,131.23,clothing,shoes,D_A0003,Hyderabad,,0
T001626,A0231,2026-01-08 16:18:00,182.98,travel,train_ticket,D_A0231,Delhi,,0
T001627,A0304,2026-01-08 16:19:00,47.76,grocery,groceries,D_A0304,Hyderabad,,0
T001628,A0315,2026-01-08 16:20:00,89.51,clothing,clothes,D_A0315,Madurai,,0
T001629,A0397,2026-01-08 16:20:00,235.8,clothing,shoes,D_A0397,Mumbai,,0
T001630,A0396,2026-01-08 16:23:00,36.23,streaming,subscription,D_FAM_3,Coimbatore,,0
T001631,A0359,2026-01-08 16:27:00,33.27,food,restaurant,D_A0359,Bengaluru,,0
T001632,A0008,2026-01-08 16:35:00,23.5,food,restaurant,D_A0008,Delhi,,0
T001633,A0106,2026-01-08 16:39:00,318.23,travel,bus_ticket,D_A0106,Bengaluru,,0
T001634,A0189,2026-01-08 16:42:00,47.06,grocery,groceries,D_A0189,Chennai,,0
T001635,A0163,2026-01-08 16:43:00,108.71,food,delivery,D_FAM_5,Chennai,,0
T001636,A0140,2026-01-08 16:49:00,412.86,travel,bus_ticket,D_A0140,Madurai,,0
T001637,A0125,2026-01-08 16:56:00,33.01,pharmacy,medicine,D_A0125,Kochi,,0
T001638,A0200,2026-01-08 17:02:00,136.06,pharmacy,medicine,D_A0200,Coimbatore,,0
T001639,A0447,2026-01-08 17:09:00,132.83,clothing,clothes,D_A0447,Hyderabad,,0
T001640,A0376,2026-01-08 17:10:00,141.51,pharmacy,medicine,D_A0376,Hyderabad,,0
T001641,A0076,2026-01-08 17:11:00,89.06,clothing,clothes,D_A0076,Madurai,,0
T001642,A0461,2026-01-08 17:13:00,55.92,pharmacy,medicine,D_FAM_0,Madurai,,0
T001643,A0011,2026-01-08 17:13:00,18.22,streaming,subscription,D_A0011,Delhi,,0
T001644,A0114,2026-01-08 17:14:00,72.08,grocery,groceries,D_A0114,Mumbai,,0
T001645,A0338,2026-01-08 17:15:00,25.56,fuel,petrol,D_A0338,Kochi,,0
T001646,A0371,2026-01-08 17:17:00,39.44,food,restaurant,D_A0371,Kochi,,0
T001647,A0278,2026-01-08 17:19:00,74.29,food,restaurant,D_A0278,Kochi,,0
T001648,R009,2026-01-08 17:25:00,257.67,travel,train_ticket,D_R009,Chennai,,0
T001649,A0210,2026-01-08 17:28:00,328.32,clothing,shoes,D_A0210,Bengaluru,,0
T001650,A0275,2026-01-08 17:29:00,136.65,travel,bus_ticket,D_FAM_5,Chennai,,0
T001651,A0226,2026-01-08 17:32:00,36.17,pharmacy,medicine,D_A0226,Chennai,,0
T001652,A0072,2026-01-08 17:36:00,61.62,clothing,shoes,D_A0072,Hyderabad,,0
T001653,A0281,2026-01-08 17:36:00,193.76,travel,train_ticket,D_A0281,Coimbatore,,0
T001654,A0489,2026-01-08 17:47:00,36.18,fuel,petrol,D_A0489,Madurai,,0
T001655,A0110,2026-01-08 17:52:00,136.89,clothing,shoes,D_FAM_11,Delhi,,0
T001656,A0129,2026-01-08 17:53:00,35.74,pharmacy,medicine,D_OFF_2,Delhi,,0
T001657,A0421,2026-01-08 17:56:00,14.76,streaming,subscription,D_A0421,Chennai,,0
T001658,A0066,2026-01-08 18:20:00,101.09,grocery,vegetables,D_A0066,Bengaluru,,0
T001659,A0261,2026-01-08 18:28:00,38.3,grocery,vegetables,D_A0261,Delhi,,0
T001660,A0474,2026-01-08 18:29:00,116.89,grocery,groceries,D_A0474,Kochi,,0
T001661,A0006,2026-01-08 18:46:00,118.81,fuel,petrol,D_FAM_7,Coimbatore,,0
T001662,A0037,2026-01-08 18:54:00,31.66,streaming,subscription,D_A0037,Madurai,,0
T001663,A0320,2026-01-08 19:08:00,66.21,clothing,clothes,D_FAM_4,Madurai,,0
T001664,A0239,2026-01-08 19:11:00,45.66,fuel,diesel,D_A0239,Coimbatore,,0
T001665,A0011,2026-01-08 19:18:00,40.14,pharmacy,medicine,D_A0011,Delhi,,0
T001666,A0083,2026-01-08 19:21:00,100.74,pharmacy,medicine,D_A0083,Madurai,,0
T001667,A0169,2026-01-08 19:24:00,59.65,clothing,clothes,D_A0169,Bengaluru,,0
T001668,A0343,2026-01-08 19:24:00,67.6,clothing,clothes,D_A0343,Kochi,,0
T001669,A0030,2026-01-08 19:43:00,54.59,grocery,groceries,D_A0030,Hyderabad,,0
T001670,A0478,2026-01-08 19:46:00,55.36,grocery,vegetables,D_A0478,Hyderabad,,0
T001671,A0432,2026-01-08 19:51:00,47.06,fuel,petrol,D_FAM_14,Kochi,,0
T001672,A0244,2026-01-08 19:53:00,110.58,travel,train_ticket,D_A0244,Coimbatore,,0
T001673,A0110,2026-01-08 19:54:00,80.55,clothing,clothes,D_FAM_11,Hyderabad,,0
T001674,A0127,2026-01-08 20:15:00,357.91,travel,bus_ticket,D_A0127,Delhi,,0
T001675,A0461,2026-01-08 20:46:00,31.19,pharmacy,medicine,D_FAM_0,Madurai,,0
T001676,A0155,2026-01-08 20:55:00,32.08,food,delivery,D_A0155,Coimbatore,,0
T001677,A0164,2026-01-08 21:30:00,61.7,food,restaurant,D_A0164,Madurai,,0
T001678,A0478,2026-01-08 21:46:00,43.04,grocery,groceries,D_A0478,Hyderabad,,0
T001679,A0129,2026-01-08 22:22:00,61.61,fuel,petrol,D_OFF_2,Delhi,,0
T001680,A0302,2026-01-08 23:00:00,19.97,food,restaurant,D_A0302,Kochi,,0
T001681,A0174,2026-01-08 23:54:00,11.84,streaming,subscription,D_A0174,Kochi,,0
T001682,A0205,2026-01-09 07:03:00,190.06,travel,bus_ticket,D_A0205,Hyderabad,,0
T001683,A0297,2026-01-09 07:05:00,32.21,food,delivery,D_A0297,Hyderabad,,0
T001684,A0331,2026-01-09 07:09:00,48.62,clothing,clothes,D_A0331,Chennai,,0
T001685,A0025,2026-01-09 07:09:00,81.13,clothing,clothes,D_A0025,Hyderabad,,0
T001686,A0355,2026-01-09 07:14:00,50.07,pharmacy,medicine,D_A0355,Kochi,,0
T001687,R006,2026-01-09 07:20:00,76.91,pharmacy,medicine,D_R006,Bengaluru,,0
T001688,A0447,2026-01-09 07:22:00,156.57,clothing,clothes,D_A0447,Hyderabad,,0
T001689,A0053,2026-01-09 07:26:00,30.39,pharmacy,medicine,D_A0053,Bengaluru,,0
T001690,A0026,2026-01-09 07:27:00,19.96,streaming,subscription,D_A0026,Chennai,,0
T001691,A0389,2026-01-09 07:36:00,48.66,grocery,groceries,D_A0389,Coimbatore,,0
T001692,A0112,2026-01-09 07:37:00,141.92,clothing,clothes,D_A0112,Delhi,,0
T001693,A0081,2026-01-09 07:44:00,126.47,travel,train_ticket,D_A0081,Coimbatore,,0
T001694,A0141,2026-01-09 07:47:00,198.38,clothing,clothes,D_FAM_2,Kochi,,0
T001695,A0353,2026-01-09 07:52:00,51.56,pharmacy,medicine,D_A0353,Mumbai,,0
T001696,A0201,2026-01-09 08:01:00,13.97,streaming,subscription,D_A0201,Coimbatore,,0
T001697,A0373,2026-01-09 08:43:00,11.0,streaming,subscription,D_A0373,Coimbatore,,0
T001698,A0316,2026-01-09 08:52:00,45.93,food,delivery,D_FAM_14,Madurai,,0
T001699,A0044,2026-01-09 09:00:00,71.1,clothing,clothes,D_A0044,Bengaluru,,0
T001700,A0276,2026-01-09 09:02:00,20.69,grocery,vegetables,D_A0276,Delhi,,0
T001701,A0328,2026-01-09 09:03:00,100.95,pharmacy,medicine,D_A0328,Kochi,,0
T001702,A0169,2026-01-09 09:04:00,9.02,streaming,subscription,D_A0169,Bengaluru,,0
T001703,A0052,2026-01-09 09:08:00,35.62,grocery,vegetables,D_A0052,Hyderabad,,0
T001704,A0025,2026-01-09 09:08:00,26.75,food,restaurant,D_A0025,Hyderabad,,0
T001705,A0434,2026-01-09 09:11:00,94.39,travel,bus_ticket,D_A0434,Delhi,,0
T001706,A0397,2026-01-09 09:19:00,189.67,clothing,clothes,D_A0397,Chennai,,0
T001707,A0371,2026-01-09 09:25:00,48.5,pharmacy,medicine,D_A0371,Madurai,,0
T001708,A0177,2026-01-09 09:43:00,79.83,streaming,subscription,D_A0177,Delhi,,0
T001709,A0171,2026-01-09 09:46:00,8.02,streaming,subscription,D_A0171,Madurai,,0
T001710,A0057,2026-01-09 10:03:00,159.44,clothing,clothes,D_OFF_0,Mumbai,,0
T001711,A0436,2026-01-09 10:04:00,62.52,grocery,groceries,D_A0436,Bengaluru,,0
T001712,A0091,2026-01-09 10:07:00,159.22,grocery,groceries,D_A0091,Delhi,,0
T001713,A0242,2026-01-09 10:08:00,212.38,food,delivery,D_A0242,Bengaluru,,0
T001714,A0234,2026-01-09 10:14:00,111.14,grocery,groceries,D_A0234,Coimbatore,,0
T001715,A0099,2026-01-09 10:25:00,97.63,fuel,petrol,D_A0099,Kochi,,0
T001716,A0427,2026-01-09 10:37:00,99.45,transfer,p2p_transfer,D_A0427,Coimbatore,PAYEE_A0427,0
T001717,A0190,2026-01-09 10:43:00,215.75,clothing,clothes,D_FAM_13,Madurai,,0
T001718,A0431,2026-01-09 10:46:00,33.92,food,restaurant,D_FAM_11,Delhi,,0
T001719,A0089,2026-01-09 10:46:00,107.21,pharmacy,medicine,D_A0089,Hyderabad,,0
T001720,A0151,2026-01-09 10:52:00,82.1,clothing,clothes,D_A0151,Coimbatore,,0
T001721,A0184,2026-01-09 10:58:00,30.18,food,delivery,D_A0184,Coimbatore,,0
T001722,A0106,2026-01-09 11:05:00,84.56,pharmacy,medicine,D_A0106,Bengaluru,,0
T001723,A0190,2026-01-09 11:08:00,160.12,clothing,shoes,D_FAM_13,Kochi,,0
T001724,A0453,2026-01-09 11:10:00,129.19,fuel,diesel,D_A0453,Bengaluru,,0
T001725,A0159,2026-01-09 11:13:00,32.08,food,restaurant,D_A0159,Delhi,,0
T001726,A0055,2026-01-09 11:24:00,10.47,pharmacy,medicine,D_A0055,Bengaluru,,0
T001727,R001,2026-01-09 11:24:00,244.76,travel,train_ticket,D_R001,Delhi,,0
T001728,A0144,2026-01-09 11:27:00,220.39,travel,bus_ticket,D_A0144,Madurai,,0
T001729,A0414,2026-01-09 11:29:00,162.02,clothing,clothes,D_A0414,Mumbai,,0
T001730,A0181,2026-01-09 11:29:00,54.66,grocery,groceries,D_A0181,Chennai,,0
T001731,A0307,2026-01-09 11:40:00,99.32,clothing,shoes,D_A0307,Mumbai,,0
T001732,A0421,2026-01-09 11:48:00,110.45,clothing,clothes,D_A0421,Chennai,,0
T001733,A0246,2026-01-09 11:54:00,39.23,food,delivery,D_A0246,Coimbatore,,0
T001734,A0120,2026-01-09 11:54:00,78.66,grocery,groceries,D_A0120,Mumbai,,0
T001735,A0260,2026-01-09 12:01:00,88.61,clothing,clothes,D_A0260,Hyderabad,,0
T001736,A0360,2026-01-09 12:07:00,59.75,grocery,groceries,D_A0360,Mumbai,,0
T001737,A0380,2026-01-09 12:07:00,419.26,travel,train_ticket,D_A0380,Mumbai,,0
T001738,A0062,2026-01-09 12:11:00,273.29,clothing,shoes,D_A0062,Madurai,,0
T001739,A0102,2026-01-09 12:17:00,124.2,clothing,clothes,D_FAM_7,Madurai,,0
T001740,A0209,2026-01-09 12:22:00,7.56,streaming,subscription,D_A0209,Kochi,,0
T001741,A0413,2026-01-09 12:24:00,114.63,grocery,vegetables,D_A0413,Mumbai,,0
T001742,A0198,2026-01-09 12:27:00,58.31,food,delivery,D_A0198,Coimbatore,,0
T001743,A0406,2026-01-09 12:27:00,26.48,pharmacy,medicine,D_A0406,Coimbatore,,0
T001744,A0137,2026-01-09 12:36:00,329.95,travel,train_ticket,D_FAM_13,Hyderabad,,0
T001745,A0414,2026-01-09 12:37:00,154.08,fuel,diesel,D_A0414,Mumbai,,0
T001746,A0060,2026-01-09 12:41:00,36.76,pharmacy,medicine,D_A0060,Madurai,,0
T001747,A0144,2026-01-09 12:41:00,59.06,grocery,groceries,D_A0144,Madurai,,0
T001748,A0317,2026-01-09 12:43:00,168.39,transfer,p2p_transfer,D_OFF_0,Hyderabad,PAYEE_A0317,0
T001749,A0302,2026-01-09 12:45:00,11.04,streaming,subscription,D_A0302,Kochi,,0
T001750,A0159,2026-01-09 12:47:00,40.88,grocery,groceries,D_A0159,Mumbai,,0
T001751,A0113,2026-01-09 12:47:00,68.31,food,restaurant,D_FAM_3,Hyderabad,,0
T001752,A0236,2026-01-09 12:49:00,41.82,pharmacy,medicine,D_A0236,Chennai,,0
T001753,A0216,2026-01-09 12:53:00,23.51,streaming,subscription,D_A0216,Mumbai,,0
T001754,A0260,2026-01-09 12:55:00,301.89,clothing,shoes,D_A0260,Hyderabad,,0
T001755,A0375,2026-01-09 12:57:00,510.33,clothing,shoes,D_A0375,Hyderabad,,0
T001756,A0456,2026-01-09 13:01:00,142.11,travel,train_ticket,D_A0456,Mumbai,,0
T001757,A0434,2026-01-09 13:01:00,39.55,transfer,p2p_transfer,D_A0434,Delhi,PAYEE_A0434,0
T001758,A0479,2026-01-09 13:01:00,99.36,grocery,groceries,D_A0479,Chennai,,0
T001759,A0007,2026-01-09 13:05:00,33.59,grocery,vegetables,D_A0007,Chennai,,0
T001760,A0092,2026-01-09 13:14:00,55.43,pharmacy,medicine,D_A0092,Chennai,,0
T001761,A0060,2026-01-09 13:17:00,134.03,clothing,shoes,D_A0060,Madurai,,0
T001762,A0084,2026-01-09 13:19:00,44.82,transfer,p2p_transfer,D_A0084,Hyderabad,PAYEE_A0084,0
T001763,A0435,2026-01-09 13:21:00,90.0,clothing,shoes,D_A0435,Coimbatore,,0
T001764,A0281,2026-01-09 13:22:00,80.21,grocery,groceries,D_A0281,Coimbatore,,0
T001765,A0287,2026-01-09 13:29:00,47.97,grocery,groceries,D_FAM_13,Kochi,,0
T001766,A0419,2026-01-09 13:30:00,271.87,travel,bus_ticket,D_A0419,Delhi,,0
T001767,A0118,2026-01-09 13:31:00,110.21,fuel,diesel,D_A0118,Hyderabad,,0
T001768,A0473,2026-01-09 13:34:00,27.07,pharmacy,medicine,D_A0473,Mumbai,,0
T001769,A0034,2026-01-09 13:36:00,21.62,travel,bus_ticket,D_FAM_10,Bengaluru,,0
T001770,A0497,2026-01-09 13:37:00,53.44,giftcards,gift_card,D_A0497,Chennai,,0
T001771,A0072,2026-01-09 13:38:00,11.65,streaming,subscription,D_A0072,Hyderabad,,0
T001772,A0144,2026-01-09 13:40:00,68.28,transfer,p2p_transfer,D_A0144,Madurai,PAYEE_A0144,0
T001773,A0061,2026-01-09 13:42:00,95.43,transfer,p2p_transfer,D_A0061,Madurai,PAYEE_A0061,0
T001774,A0011,2026-01-09 13:42:00,79.36,fuel,petrol,D_A0011,Delhi,,0
T001775,A0282,2026-01-09 13:51:00,74.94,pharmacy,medicine,D_A0282,Hyderabad,,0
T001776,A0034,2026-01-09 13:52:00,63.02,travel,bus_ticket,D_FAM_10,Bengaluru,,0
T001777,A0245,2026-01-09 13:57:00,94.79,clothing,clothes,D_A0245,Hyderabad,,0
T001778,A0252,2026-01-09 13:59:00,12.46,food,delivery,D_A0252,Delhi,,0
T001779,A0485,2026-01-09 14:05:00,15.51,pharmacy,medicine,D_A0485,Madurai,,0
T001780,A0328,2026-01-09 14:07:00,385.0,travel,bus_ticket,D_A0328,Kochi,,0
T001781,A0046,2026-01-09 14:10:00,40.78,pharmacy,medicine,D_A0046,Kochi,,0
T001782,A0190,2026-01-09 14:12:00,74.06,pharmacy,medicine,D_FAM_13,Madurai,,0
T001783,A0192,2026-01-09 14:14:00,122.01,grocery,groceries,D_A0192,Mumbai,,0
T001784,A0015,2026-01-09 14:16:00,72.01,clothing,clothes,D_FAM_14,Kochi,,0
T001785,A0491,2026-01-09 14:18:00,56.47,clothing,shoes,D_FAM_2,Hyderabad,,0
T001786,A0388,2026-01-09 14:18:00,21.3,grocery,groceries,D_A0388,Delhi,,0
T001787,A0169,2026-01-09 14:27:00,8.86,streaming,subscription,D_A0169,Bengaluru,,0
T001788,A0075,2026-01-09 14:28:00,121.85,pharmacy,medicine,D_A0075,Kochi,,0
T001789,A0230,2026-01-09 14:35:00,32.24,food,restaurant,D_A0230,Madurai,,0
T001790,A0170,2026-01-09 14:43:00,149.25,travel,train_ticket,D_A0170,Kochi,,0
T001791,A0183,2026-01-09 14:46:00,19.54,pharmacy,medicine,D_A0183,Kochi,,0
T001792,A0413,2026-01-09 14:53:00,123.43,grocery,vegetables,D_A0413,Mumbai,,0
T001793,A0335,2026-01-09 14:55:00,30.48,food,delivery,D_A0335,Mumbai,,0
T001794,A0160,2026-01-09 14:57:00,152.7,clothing,shoes,D_OFF_1,Delhi,,0
T001795,A0183,2026-01-09 14:59:00,24.51,pharmacy,medicine,D_A0183,Mumbai,,0
T001796,A0198,2026-01-09 15:01:00,67.29,pharmacy,medicine,D_A0198,Coimbatore,,0
T001797,A0425,2026-01-09 15:02:00,13.44,streaming,subscription,D_A0425,Madurai,,0
T001798,A0180,2026-01-09 15:05:00,135.12,clothing,clothes,D_A0180,Chennai,,0
T001799,A0461,2026-01-09 15:08:00,50.69,food,delivery,D_FAM_0,Madurai,,0
T001800,A0171,2026-01-09 15:23:00,41.19,fuel,petrol,D_A0171,Bengaluru,,0
T001801,A0127,2026-01-09 15:23:00,40.64,pharmacy,medicine,D_A0127,Delhi,,0
T001802,A0422,2026-01-09 15:24:00,59.62,grocery,groceries,D_A0422,Bengaluru,,0
T001803,A0440,2026-01-09 15:26:00,41.15,pharmacy,medicine,D_OFF_2,Madurai,,0
T001804,A0406,2026-01-09 15:29:00,133.16,travel,train_ticket,D_A0406,Coimbatore,,0
T001805,A0435,2026-01-09 15:29:00,242.18,travel,train_ticket,D_A0435,Coimbatore,,0
T001806,A0004,2026-01-09 15:29:00,89.0,travel,bus_ticket,D_A0004,Chennai,,0
T001807,R000,2026-01-09 15:30:00,174.12,travel,train_ticket,D_R000,Madurai,,0
T001808,A0088,2026-01-09 15:32:00,57.13,pharmacy,medicine,D_A0088,Chennai,,0
T001809,A0287,2026-01-09 15:36:00,81.08,food,delivery,D_FAM_13,Mumbai,,0
T001810,A0020,2026-01-09 15:48:00,48.23,streaming,subscription,D_A0020,Bengaluru,,0
T001811,A0093,2026-01-09 15:54:00,149.84,clothing,shoes,D_A0093,Kochi,,0
T001812,A0077,2026-01-09 15:55:00,41.77,pharmacy,medicine,D_A0077,Madurai,,0
T001813,A0026,2026-01-09 16:00:00,105.58,transfer,p2p_transfer,D_A0026,Chennai,PAYEE_A0026,0
T001814,A0178,2026-01-09 16:00:00,24.39,streaming,subscription,D_A0178,Mumbai,,0
T001815,A0381,2026-01-09 16:06:00,112.94,fuel,diesel,D_A0381,Chennai,,0
T001816,A0005,2026-01-09 16:11:00,56.5,giftcards,gift_card,D_A0005,Coimbatore,,0
T001817,A0101,2026-01-09 16:12:00,165.15,fuel,diesel,D_A0101,Kochi,,0
T001818,A0100,2026-01-09 16:13:00,92.05,grocery,vegetables,D_A0100,Kochi,,0
T001819,A0357,2026-01-09 16:16:00,37.79,food,delivery,D_A0357,Kochi,,0
T001820,A0453,2026-01-09 16:17:00,40.88,streaming,subscription,D_A0453,Bengaluru,,0
T001821,A0457,2026-01-09 16:21:00,102.61,fuel,diesel,D_A0457,Hyderabad,,0
T001822,A0255,2026-01-09 16:22:00,132.05,clothing,shoes,D_A0255,Mumbai,,0
T001823,A0103,2026-01-09 16:22:00,13.22,streaming,subscription,D_A0103,Delhi,,0
T001824,A0019,2026-01-09 16:24:00,46.05,grocery,vegetables,D_A0019,Mumbai,,0
T001825,A0179,2026-01-09 16:25:00,59.03,clothing,clothes,D_A0179,Mumbai,,0
T001826,A0328,2026-01-09 16:27:00,249.66,travel,bus_ticket,D_A0328,Kochi,,0
T001827,A0268,2026-01-09 16:27:00,51.4,grocery,groceries,D_A0268,Chennai,,0
T001828,A0245,2026-01-09 16:31:00,77.36,transfer,p2p_transfer,D_A0245,Mumbai,PAYEE_A0245,0
T001829,A0078,2026-01-09 16:32:00,40.43,grocery,vegetables,D_A0078,Hyderabad,,0
T001830,A0219,2026-01-09 16:42:00,28.0,pharmacy,medicine,D_A0219,Hyderabad,,0
T001831,A0471,2026-01-09 16:44:00,21.92,streaming,subscription,D_A0471,Delhi,,0
T001832,A0116,2026-01-09 16:47:00,18.09,streaming,subscription,D_A0116,Chennai,,0
T001833,A0015,2026-01-09 16:51:00,33.93,food,delivery,D_A0015,Kochi,,0
T001834,A0086,2026-01-09 16:57:00,112.47,grocery,vegetables,D_A0086,Chennai,,0
T001835,A0205,2026-01-09 17:07:00,118.75,travel,bus_ticket,D_A0205,Hyderabad,,0
T001836,A0493,2026-01-09 17:10:00,32.59,streaming,subscription,D_A0493,Coimbatore,,0
T001837,A0062,2026-01-09 17:14:00,53.56,pharmacy,medicine,D_A0062,Madurai,,0
T001838,A0411,2026-01-09 17:33:00,184.11,travel,train_ticket,D_A0411,Kochi,,0
T001839,A0196,2026-01-09 17:33:00,77.92,grocery,vegetables,D_A0196,Coimbatore,,0
T001840,A0487,2026-01-09 17:34:00,63.2,food,delivery,D_A0487,Hyderabad,,0
T001841,A0057,2026-01-09 17:35:00,370.02,travel,bus_ticket,D_OFF_0,Mumbai,,0
T001842,A0348,2026-01-09 17:44:00,34.56,food,delivery,D_A0348,Coimbatore,,0
T001843,A0357,2026-01-09 17:44:00,44.83,food,restaurant,D_A0357,Kochi,,0
T001844,A0472,2026-01-09 17:46:00,79.46,food,delivery,D_A0472,Madurai,,0
T001845,A0292,2026-01-09 17:47:00,71.02,grocery,groceries,D_A0292,Kochi,,0
T001846,A0157,2026-01-09 17:51:00,116.51,fuel,petrol,D_A0157,Hyderabad,,0
T001847,A0376,2026-01-09 17:51:00,953.67,travel,train_ticket,D_A0376,Hyderabad,,0
T001848,A0283,2026-01-09 18:03:00,93.22,travel,bus_ticket,D_A0283,Kochi,,0
T001849,A0443,2026-01-09 18:25:00,79.07,fuel,petrol,D_A0443,Chennai,,0
T001850,A0217,2026-01-09 18:32:00,55.03,streaming,subscription,D_A0217,Hyderabad,,0
T001851,A0140,2026-01-09 18:32:00,64.35,streaming,subscription,D_A0140,Chennai,,0
T001852,A0382,2026-01-09 18:33:00,52.3,grocery,vegetables,D_A0382,Bengaluru,,0
T001853,A0176,2026-01-09 18:50:00,40.13,fuel,petrol,D_A0176,Coimbatore,,0
T001854,A0465,2026-01-09 18:53:00,44.39,food,delivery,D_A0465,Delhi,,0
T001855,A0037,2026-01-09 18:54:00,33.24,streaming,subscription,D_A0037,Madurai,,0
T001856,A0180,2026-01-09 18:55:00,56.44,grocery,groceries,D_A0180,Chennai,,0
T001857,A0084,2026-01-09 18:56:00,30.36,grocery,groceries,D_A0084,Hyderabad,,0
T001858,A0162,2026-01-09 19:10:00,204.86,clothing,clothes,D_A0162,Coimbatore,,0
T001859,A0126,2026-01-09 19:16:00,224.18,grocery,vegetables,D_A0126,Chennai,,0
T001860,A0141,2026-01-09 19:24:00,55.81,food,delivery,D_FAM_2,Kochi,,0
T001861,A0494,2026-01-09 19:30:00,296.22,travel,bus_ticket,D_A0494,Delhi,,0
T001862,A0228,2026-01-09 19:37:00,135.22,clothing,shoes,D_A0228,Mumbai,,0
T001863,A0078,2026-01-09 19:43:00,43.65,grocery,vegetables,D_A0078,Hyderabad,,0
T001864,A0396,2026-01-09 19:45:00,41.78,food,delivery,D_FAM_3,Coimbatore,,0
T001865,A0372,2026-01-09 19:58:00,58.73,grocery,vegetables,D_A0372,Coimbatore,,0
T001866,A0265,2026-01-09 20:15:00,73.65,fuel,diesel,D_A0265,Mumbai,,0
T001867,A0460,2026-01-09 20:29:00,34.81,streaming,subscription,D_A0460,Hyderabad,,0
T001868,A0134,2026-01-09 20:30:00,55.23,food,restaurant,D_A0134,Coimbatore,,0
T001869,A0116,2026-01-09 20:30:00,141.15,clothing,clothes,D_A0116,Madurai,,0
T001870,A0320,2026-01-09 20:33:00,79.24,clothing,shoes,D_A0320,Madurai,,0
T001871,A0082,2026-01-09 20:39:00,145.16,fuel,petrol,D_A0082,Delhi,,0
T001872,A0369,2026-01-09 20:44:00,399.52,travel,bus_ticket,D_A0369,Mumbai,,0
T001873,R004,2026-01-09 20:57:00,153.87,travel,train_ticket,D_R004,Hyderabad,,0
T001874,R004,2026-01-09 21:05:00,15.4,streaming,subscription,D_R004,Hyderabad,,0
T001875,A0492,2026-01-09 21:21:00,443.46,clothing,clothes,D_A0492,Kochi,,0
T001876,R006,2026-01-09 21:29:00,188.62,clothing,clothes,D_R006,Bengaluru,,0
T001877,A0435,2026-01-09 21:49:00,88.47,clothing,clothes,D_A0435,Coimbatore,,0
T001878,A0342,2026-01-09 21:51:00,96.45,clothing,clothes,D_A0342,Hyderabad,,0
T001879,A0203,2026-01-09 21:53:00,26.37,clothing,shoes,D_A0203,Mumbai,,0
T001880,A0101,2026-01-09 22:04:00,196.32,travel,train_ticket,D_A0101,Kochi,,0
T001881,A0238,2026-01-09 22:20:00,225.9,travel,bus_ticket,D_A0238,Madurai,,0
T001882,A0278,2026-01-09 22:21:00,228.13,transfer,p2p_transfer,D_A0278,Madurai,PAYEE_A0278,0
T001883,A0284,2026-01-09 22:41:00,120.04,clothing,clothes,D_A0284,Coimbatore,,0
T001884,A0282,2026-01-09 22:42:00,28.5,streaming,subscription,D_A0282,Hyderabad,,0
T001885,A0141,2026-01-09 23:22:00,105.02,food,delivery,D_FAM_2,Kochi,,0
T001886,A0279,2026-01-10 07:02:00,64.15,grocery,groceries,D_OFF_0,Hyderabad,,0
T001887,A0215,2026-01-10 07:03:00,80.44,clothing,shoes,D_A0215,Madurai,,0
T001888,A0161,2026-01-10 07:03:00,50.8,fuel,petrol,D_A0161,Bengaluru,,0
T001889,R000,2026-01-10 07:21:00,190.07,travel,train_ticket,D_R000,Madurai,,0
T001890,A0328,2026-01-10 07:22:00,587.36,travel,train_ticket,D_A0328,Kochi,,0
T001891,A0219,2026-01-10 07:27:00,53.1,pharmacy,medicine,D_A0219,Hyderabad,,0
T001892,A0457,2026-01-10 07:35:00,172.85,travel,bus_ticket,D_A0457,Hyderabad,,0
T001893,A0384,2026-01-10 07:53:00,39.37,grocery,vegetables,D_A0384,Hyderabad,,0
T001894,A0109,2026-01-10 07:58:00,59.44,pharmacy,medicine,D_FAM_13,Coimbatore,,0
T001895,A0451,2026-01-10 07:59:00,4.6,food,restaurant,D_FAM_12,Madurai,,0
T001896,A0288,2026-01-10 08:05:00,59.55,pharmacy,medicine,D_A0288,Madurai,,0
T001897,A0082,2026-01-10 08:15:00,29.96,streaming,subscription,D_A0082,Delhi,,0
T001898,A0140,2026-01-10 08:32:00,54.13,giftcards,gift_card,D_A0140,Madurai,,0
T001899,A0061,2026-01-10 08:43:00,203.65,travel,train_ticket,D_A0061,Madurai,,0
T001900,A0348,2026-01-10 08:50:00,315.25,travel,bus_ticket,D_A0348,Coimbatore,,0
T001901,A0342,2026-01-10 09:06:00,62.4,grocery,groceries,D_A0342,Hyderabad,,0
T001902,A0062,2026-01-10 09:18:00,29.41,streaming,subscription,D_A0062,Madurai,,0
T001903,A0483,2026-01-10 09:20:00,154.83,travel,train_ticket,D_A0483,Delhi,,0
T001904,A0122,2026-01-10 09:26:00,31.37,streaming,subscription,D_A0122,Chennai,,0
T001905,A0473,2026-01-10 09:31:00,15.8,food,delivery,D_A0473,Mumbai,,0
T001906,A0056,2026-01-10 09:33:00,65.65,grocery,vegetables,D_A0056,Coimbatore,,0
T001907,A0243,2026-01-10 09:34:00,306.55,clothing,clothes,D_A0243,Delhi,,0
T001908,A0253,2026-01-10 09:35:00,61.43,fuel,diesel,D_A0253,Madurai,,0
T001909,A0286,2026-01-10 09:47:00,55.06,pharmacy,medicine,D_FAM_10,Hyderabad,,0
T001910,A0269,2026-01-10 09:47:00,38.56,streaming,subscription,D_A0269,Coimbatore,,0
T001911,A0354,2026-01-10 10:00:00,90.11,clothing,shoes,D_A0354,Hyderabad,,0
T001912,A0135,2026-01-10 10:03:00,494.6,clothing,clothes,D_A0135,Delhi,,0
T001913,A0363,2026-01-10 10:04:00,56.61,food,delivery,D_A0363,Coimbatore,,0
T001914,A0220,2026-01-10 10:07:00,54.61,grocery,vegetables,D_A0220,Coimbatore,,0
T001915,A0226,2026-01-10 10:15:00,45.67,grocery,vegetables,D_A0226,Chennai,,0
T001916,A0181,2026-01-10 10:16:00,81.45,grocery,vegetables,D_A0181,Chennai,,0
T001917,A0023,2026-01-10 10:17:00,293.92,travel,train_ticket,D_OFF_0,Hyderabad,,0
T001918,A0246,2026-01-10 10:19:00,37.06,pharmacy,medicine,D_A0246,Kochi,,0
T001919,A0215,2026-01-10 10:20:00,77.46,transfer,p2p_transfer,D_A0215,Madurai,PAYEE_A0215,0
T001920,A0456,2026-01-10 10:21:00,18.18,streaming,subscription,D_A0456,Mumbai,,0
T001921,A0134,2026-01-10 10:23:00,72.84,pharmacy,medicine,D_A0134,Bengaluru,,0
T001922,A0094,2026-01-10 10:39:00,11.41,food,delivery,D_A0094,Bengaluru,,0
T001923,A0356,2026-01-10 10:41:00,68.72,clothing,clothes,D_A0356,Bengaluru,,0
T001924,A0164,2026-01-10 10:46:00,71.24,food,restaurant,D_A0164,Madurai,,0
T001925,A0130,2026-01-10 10:48:00,49.31,pharmacy,medicine,D_A0130,Mumbai,,0
T001926,A0054,2026-01-10 10:53:00,9.63,streaming,subscription,D_A0054,Chennai,,0
T001927,A0083,2026-01-10 10:59:00,126.87,pharmacy,medicine,D_A0083,Madurai,,0
T001928,A0367,2026-01-10 11:08:00,32.79,food,restaurant,D_A0367,Mumbai,,0
T001929,A0410,2026-01-10 11:18:00,44.31,pharmacy,medicine,D_A0410,Mumbai,,0
T001930,A0036,2026-01-10 11:22:00,12.89,streaming,subscription,D_FAM_1,Madurai,,0
T001931,A0105,2026-01-10 11:24:00,76.04,fuel,diesel,D_OFF_2,Chennai,,0
T001932,A0159,2026-01-10 11:28:00,59.67,grocery,vegetables,D_A0159,Delhi,,0
T001933,A0166,2026-01-10 11:32:00,276.06,fuel,petrol,D_A0166,Bengaluru,,0
T001934,A0099,2026-01-10 11:42:00,15.55,streaming,subscription,D_A0099,Hyderabad,,0
T001935,A0451,2026-01-10 11:43:00,21.59,fuel,diesel,D_FAM_12,Madurai,,0
T001936,A0339,2026-01-10 11:47:00,91.97,fuel,diesel,D_A0339,Coimbatore,,0
T001937,A0385,2026-01-10 11:47:00,14.03,food,delivery,D_A0385,Kochi,,0
T001938,A0486,2026-01-10 11:49:00,142.45,food,restaurant,D_A0486,Mumbai,,0
T001939,A0210,2026-01-10 11:50:00,35.07,food,restaurant,D_A0210,Bengaluru,,0
T001940,A0016,2026-01-10 11:52:00,52.13,streaming,subscription,D_FAM_12,Chennai,,0
T001941,A0471,2026-01-10 11:54:00,64.07,food,delivery,D_A0471,Delhi,,0
T001942,A0053,2026-01-10 11:55:00,252.96,travel,bus_ticket,D_A0053,Bengaluru,,0
T001943,A0475,2026-01-10 12:03:00,54.0,grocery,groceries,D_A0475,Hyderabad,,0
T001944,A0375,2026-01-10 12:05:00,107.93,fuel,diesel,D_A0375,Chennai,,0
T001945,R000,2026-01-10 12:07:00,102.9,clothing,clothes,D_R000,Madurai,,0
T001946,A0146,2026-01-10 12:17:00,44.96,grocery,groceries,D_A0146,Bengaluru,,0
T001947,A0413,2026-01-10 12:17:00,83.42,grocery,vegetables,D_A0413,Mumbai,,0
T001948,A0024,2026-01-10 12:20:00,122.64,food,restaurant,D_A0024,Hyderabad,,0
T001949,A0355,2026-01-10 12:27:00,100.24,clothing,clothes,D_A0355,Madurai,,0
T001950,A0208,2026-01-10 12:28:00,59.26,fuel,petrol,D_A0208,Hyderabad,,0
T001951,A0343,2026-01-10 12:30:00,26.34,grocery,vegetables,D_A0343,Kochi,,0
T001952,A0419,2026-01-10 12:30:00,51.13,clothing,shoes,D_A0419,Delhi,,0
T001953,A0232,2026-01-10 12:31:00,174.87,travel,train_ticket,D_A0232,Coimbatore,,0
T001954,A0256,2026-01-10 12:32:00,98.24,grocery,vegetables,D_A0256,Bengaluru,,0
T001955,A0167,2026-01-10 12:32:00,88.65,food,delivery,D_A0167,Chennai,,0
T001956,A0297,2026-01-10 12:34:00,43.95,pharmacy,medicine,D_A0297,Hyderabad,,0
T001957,A0295,2026-01-10 12:44:00,40.67,fuel,petrol,D_A0295,Madurai,,0
T001958,A0006,2026-01-10 12:44:00,45.29,pharmacy,medicine,D_FAM_7,Coimbatore,,0
T001959,A0105,2026-01-10 13:00:00,64.75,fuel,diesel,D_OFF_2,Chennai,,0
T001960,A0109,2026-01-10 13:04:00,17.03,streaming,subscription,D_FAM_13,Mumbai,,0
T001961,A0326,2026-01-10 13:04:00,182.8,transfer,p2p_transfer,D_A0326,Bengaluru,PAYEE_A0326,0
T001962,A0309,2026-01-10 13:04:00,10.3,streaming,subscription,D_A0309,Delhi,,0
T001963,A0136,2026-01-10 13:04:00,95.92,pharmacy,medicine,D_FAM_0,Chennai,,0
T001964,A0355,2026-01-10 13:11:00,40.33,giftcards,gift_card,D_A0355,Kochi,,0
T001965,A0367,2026-01-10 13:16:00,48.69,food,restaurant,D_A0367,Mumbai,,0
T001966,A0189,2026-01-10 13:17:00,55.12,grocery,vegetables,D_A0189,Delhi,,0
T001967,A0114,2026-01-10 13:18:00,252.04,clothing,clothes,D_A0114,Mumbai,,0
T001968,A0245,2026-01-10 13:21:00,51.19,pharmacy,medicine,D_A0245,Mumbai,,0
T001969,A0144,2026-01-10 13:21:00,181.31,travel,bus_ticket,D_A0144,Madurai,,0
T001970,R005,2026-01-10 13:22:00,64.71,grocery,groceries,D_R005,Chennai,,0
T001971,A0473,2026-01-10 13:25:00,46.57,fuel,diesel,D_A0473,Mumbai,,0
T001972,A0179,2026-01-10 13:25:00,12.46,streaming,subscription,D_A0179,Mumbai,,0
T001973,A0122,2026-01-10 13:26:00,39.96,streaming,subscription,D_A0122,Chennai,,0
T001974,A0396,2026-01-10 13:30:00,34.15,streaming,subscription,D_FAM_3,Coimbatore,,0
T001975,A0217,2026-01-10 13:32:00,252.5,clothing,clothes,D_A0217,Chennai,,0
T001976,A0449,2026-01-10 13:34:00,74.75,pharmacy,medicine,D_FAM_0,Mumbai,,0
T001977,A0482,2026-01-10 13:36:00,175.32,travel,bus_ticket,D_A0482,Kochi,,0
T001978,A0068,2026-01-10 13:37:00,312.62,travel,bus_ticket,D_A0068,Madurai,,0
T001979,A0208,2026-01-10 13:44:00,60.59,fuel,diesel,D_A0208,Mumbai,,0
T001980,A0389,2026-01-10 13:49:00,193.34,travel,train_ticket,D_A0389,Coimbatore,,0
T001981,A0108,2026-01-10 13:50:00,29.73,streaming,subscription,D_A0108,Coimbatore,,0
T001982,A0453,2026-01-10 13:55:00,34.84,streaming,subscription,D_A0453,Bengaluru,,0
T001983,A0123,2026-01-10 13:55:00,116.45,travel,train_ticket,D_A0123,Bengaluru,,0
T001984,A0107,2026-01-10 13:57:00,52.46,fuel,diesel,D_A0107,Coimbatore,,0
T001985,A0161,2026-01-10 14:02:00,29.54,streaming,subscription,D_A0161,Coimbatore,,0
T001986,A0422,2026-01-10 14:07:00,24.9,streaming,subscription,D_A0422,Delhi,,0
T001987,A0348,2026-01-10 14:11:00,167.3,travel,bus_ticket,D_A0348,Coimbatore,,0
T001988,A0189,2026-01-10 14:14:00,140.94,travel,train_ticket,D_A0189,Chennai,,0
T001989,A0244,2026-01-10 14:15:00,127.0,grocery,groceries,D_A0244,Coimbatore,,0
T001990,A0153,2026-01-10 14:21:00,49.72,pharmacy,medicine,D_A0153,Madurai,,0
T001991,A0100,2026-01-10 14:29:00,52.74,food,delivery,D_A0100,Kochi,,0
T001992,A0124,2026-01-10 14:31:00,561.63,travel,bus_ticket,D_A0124,Hyderabad,,0
T001993,A0249,2026-01-10 14:31:00,18.38,pharmacy,medicine,D_A0249,Kochi,,0
T001994,A0287,2026-01-10 14:31:00,33.18,grocery,vegetables,D_FAM_13,Mumbai,,0
T001995,A0146,2026-01-10 14:32:00,23.35,food,restaurant,D_A0146,Mumbai,,0
T001996,A0384,2026-01-10 14:32:00,66.26,grocery,vegetables,D_A0384,Kochi,,0
T001997,A0440,2026-01-10 14:32:00,49.06,giftcards,gift_card,D_OFF_2,Chennai,,0
T001998,A0066,2026-01-10 14:36:00,106.06,fuel,diesel,D_A0066,Madurai,,0
T001999,A0108,2026-01-10 14:38:00,29.05,streaming,subscription,D_A0108,Coimbatore,,0
T002000,A0262,2026-01-10 14:42:00,48.44,pharmacy,medicine,D_A0262,Coimbatore,,0
T002001,A0271,2026-01-10 14:53:00,52.56,grocery,vegetables,D_A0271,Chennai,,0
T002002,A0104,2026-01-10 15:03:00,134.06,fuel,diesel,D_A0104,Delhi,,0
T002003,A0055,2026-01-10 15:06:00,14.45,grocery,groceries,D_A0055,Bengaluru,,0
T002004,A0415,2026-01-10 15:06:00,120.76,pharmacy,medicine,D_A0415,Kochi,,0
T002005,A0057,2026-01-10 15:09:00,183.36,fuel,diesel,D_OFF_0,Mumbai,,0
T002006,A0068,2026-01-10 15:12:00,35.9,streaming,subscription,D_A0068,Madurai,,0
T002007,A0358,2026-01-10 15:12:00,131.99,clothing,shoes,D_A0358,Madurai,,0
T002008,A0065,2026-01-10 15:13:00,152.92,travel,train_ticket,D_A0065,Chennai,,0
T002009,A0247,2026-01-10 15:16:00,77.11,pharmacy,medicine,D_A0247,Coimbatore,,0
T002010,A0006,2026-01-10 15:24:00,58.58,pharmacy,medicine,D_A0006,Coimbatore,,0
T002011,A0180,2026-01-10 15:25:00,252.86,travel,bus_ticket,D_A0180,Chennai,,0
T002012,A0108,2026-01-10 15:26:00,54.77,fuel,petrol,D_A0108,Bengaluru,,0
T002013,A0180,2026-01-10 15:34:00,15.85,streaming,subscription,D_A0180,Chennai,,0
T002014,A0062,2026-01-10 15:43:00,36.0,food,delivery,D_A0062,Madurai,,0
T002015,A0392,2026-01-10 15:44:00,71.71,pharmacy,medicine,D_A0392,Chennai,,0
T002016,A0498,2026-01-10 15:50:00,171.59,travel,train_ticket,D_A0498,Coimbatore,,0
T002017,A0067,2026-01-10 15:51:00,24.09,food,restaurant,D_A0067,Madurai,,0
T002018,A0118,2026-01-10 15:57:00,124.62,fuel,petrol,D_A0118,Hyderabad,,0
T002019,A0001,2026-01-10 16:00:00,51.7,food,restaurant,D_A0001,Kochi,,0
T002020,A0086,2026-01-10 16:05:00,81.65,grocery,vegetables,D_A0086,Kochi,,0
T002021,A0294,2026-01-10 16:16:00,66.93,fuel,petrol,D_A0294,Chennai,,0
T002022,A0062,2026-01-10 16:20:00,21.58,streaming,subscription,D_A0062,Madurai,,0
T002023,A0240,2026-01-10 16:23:00,35.76,food,restaurant,D_FAM_11,Bengaluru,,0
T002024,A0137,2026-01-10 16:24:00,376.9,travel,bus_ticket,D_A0137,Hyderabad,,0
T002025,A0301,2026-01-10 16:24:00,446.84,travel,train_ticket,D_A0301,Hyderabad,,0
T002026,A0084,2026-01-10 16:28:00,41.94,grocery,vegetables,D_A0084,Hyderabad,,0
T002027,A0177,2026-01-10 16:32:00,135.4,fuel,diesel,D_A0177,Delhi,,0
T002028,R006,2026-01-10 16:33:00,145.12,fuel,petrol,D_R006,Bengaluru,,0
T002029,A0398,2026-01-10 16:33:00,29.96,streaming,subscription,D_OFF_1,Kochi,,0
T002030,A0118,2026-01-10 16:37:00,226.11,travel,train_ticket,D_A0118,Hyderabad,,0
T002031,A0329,2026-01-10 16:38:00,37.02,pharmacy,medicine,D_A0329,Kochi,,0
T002032,A0271,2026-01-10 16:40:00,21.7,streaming,subscription,D_A0271,Chennai,,0
T002033,A0228,2026-01-10 16:41:00,94.98,pharmacy,medicine,D_A0228,Mumbai,,0
T002034,A0472,2026-01-10 16:42:00,172.6,fuel,petrol,D_A0472,Madurai,,0
T002035,A0025,2026-01-10 16:43:00,20.24,food,delivery,D_A0025,Hyderabad,,0
T002036,A0097,2026-01-10 16:43:00,60.83,fuel,diesel,D_FAM_1,Delhi,,0
T002037,A0078,2026-01-10 16:59:00,71.64,clothing,clothes,D_A0078,Hyderabad,,0
T002038,A0093,2026-01-10 17:04:00,720.76,travel,bus_ticket,D_A0093,Kochi,,0
T002039,A0020,2026-01-10 17:05:00,29.6,streaming,subscription,D_A0020,Bengaluru,,0
T002040,A0039,2026-01-10 17:13:00,59.97,fuel,diesel,D_A0039,Madurai,,0
T002041,A0028,2026-01-10 17:13:00,21.13,grocery,groceries,D_A0028,Bengaluru,,0
T002042,A0016,2026-01-10 17:14:00,187.26,grocery,groceries,D_FAM_12,Chennai,,0
T002043,A0315,2026-01-10 17:17:00,20.32,streaming,subscription,D_A0315,Madurai,,0
T002044,A0339,2026-01-10 17:20:00,132.17,transfer,p2p_transfer,D_A0339,Chennai,PAYEE_A0339,0
T002045,A0359,2026-01-10 17:29:00,94.43,travel,bus_ticket,D_A0359,Madurai,,0
T002046,A0496,2026-01-10 17:31:00,120.06,clothing,clothes,D_A0496,Mumbai,,0
T002047,A0467,2026-01-10 17:50:00,9.83,streaming,subscription,D_OFF_1,Delhi,,0
T002048,A0106,2026-01-10 17:50:00,380.5,travel,bus_ticket,D_A0106,Bengaluru,,0
T002049,A0366,2026-01-10 17:52:00,31.92,fuel,diesel,D_FAM_5,Delhi,,0
T002050,A0291,2026-01-10 17:54:00,53.65,grocery,groceries,D_A0291,Mumbai,,0
T002051,A0120,2026-01-10 17:54:00,93.18,grocery,vegetables,D_A0120,Hyderabad,,0
T002052,A0224,2026-01-10 17:58:00,124.95,fuel,diesel,D_A0224,Coimbatore,,0
T002053,A0042,2026-01-10 18:01:00,26.05,streaming,subscription,D_A0042,Kochi,,0
T002054,A0144,2026-01-10 18:04:00,55.37,grocery,groceries,D_A0144,Madurai,,0
T002055,A0382,2026-01-10 18:05:00,163.87,clothing,clothes,D_A0382,Bengaluru,,0
T002056,A0431,2026-01-10 18:06:00,34.21,streaming,subscription,D_FAM_11,Hyderabad,,0
T002057,A0057,2026-01-10 18:09:00,130.42,fuel,petrol,D_OFF_0,Mumbai,,0
T002058,A0388,2026-01-10 18:12:00,28.85,grocery,vegetables,D_A0388,Delhi,,0
T002059,A0068,2026-01-10 18:15:00,260.1,travel,train_ticket,D_A0068,Madurai,,0
T002060,A0105,2026-01-10 18:34:00,16.29,streaming,subscription,D_A0105,Chennai,,0
T002061,A0337,2026-01-10 18:37:00,53.7,streaming,subscription,D_A0337,Coimbatore,,0
T002062,A0046,2026-01-10 18:49:00,20.07,streaming,subscription,D_A0046,Kochi,,0
T002063,A0410,2026-01-10 18:50:00,249.42,travel,train_ticket,D_A0410,Mumbai,,0
T002064,A0412,2026-01-10 18:54:00,39.15,food,delivery,D_A0412,Kochi,,0
T002065,A0257,2026-01-10 18:59:00,27.32,food,restaurant,D_A0257,Coimbatore,,0
T002066,A0168,2026-01-10 19:24:00,63.88,food,delivery,D_A0168,Madurai,,0
T002067,A0417,2026-01-10 19:33:00,318.97,travel,train_ticket,D_A0417,Madurai,,0
T002068,A0054,2026-01-10 19:33:00,97.07,travel,bus_ticket,D_A0054,Chennai,,0
T002069,A0334,2026-01-10 19:34:00,107.99,food,restaurant,D_A0334,Madurai,,0
T002070,A0222,2026-01-10 19:40:00,48.44,transfer,p2p_transfer,D_A0222,Madurai,PAYEE_A0222,0
T002071,A0396,2026-01-10 19:40:00,123.9,fuel,petrol,D_FAM_3,Coimbatore,,0
T002072,A0094,2026-01-10 19:55:00,40.04,transfer,p2p_transfer,D_A0094,Bengaluru,PAYEE_A0094,0
T002073,A0383,2026-01-10 19:57:00,171.81,travel,train_ticket,D_A0383,Bengaluru,,0
T002074,A0198,2026-01-10 21:31:00,240.68,clothing,clothes,D_A0198,Coimbatore,,0
T002075,A0219,2026-01-10 21:43:00,22.03,streaming,subscription,D_A0219,Hyderabad,,0
T002076,A0108,2026-01-10 22:20:00,12.67,streaming,subscription,D_A0108,Coimbatore,,0
T002077,A0083,2026-01-10 22:37:00,102.34,pharmacy,medicine,D_A0083,Madurai,,0
T002078,A0054,2026-01-10 23:51:00,15.31,streaming,subscription,D_A0054,Chennai,,0
T002079,A0008,2026-01-10 23:55:00,40.29,grocery,groceries,D_A0008,Coimbatore,,0
T002080,A0400,2026-01-11 07:11:00,57.72,giftcards,gift_card,D_A0400,Coimbatore,,0
T002081,A0453,2026-01-11 07:11:00,369.69,travel,bus_ticket,D_A0453,Bengaluru,,0
T002082,A0081,2026-01-11 07:12:00,180.97,travel,train_ticket,D_A0081,Coimbatore,,0
T002083,A0254,2026-01-11 07:12:00,42.55,fuel,petrol,D_A0254,Coimbatore,,0
T002084,A0298,2026-01-11 07:13:00,26.35,streaming,subscription,D_A0298,Chennai,,0
T002085,A0340,2026-01-11 07:16:00,109.51,fuel,diesel,D_A0340,Madurai,,0
T002086,A0494,2026-01-11 07:22:00,251.35,travel,bus_ticket,D_A0494,Bengaluru,,0
T002087,A0274,2026-01-11 07:23:00,49.7,food,delivery,D_A0274,Madurai,,0
T002088,A0416,2026-01-11 07:30:00,63.31,fuel,diesel,D_A0416,Hyderabad,,0
T002089,A0065,2026-01-11 07:31:00,51.11,fuel,petrol,D_A0065,Chennai,,0
T002090,A0480,2026-01-11 07:41:00,233.92,fuel,petrol,D_FAM_6,Kochi,,0
T002091,A0181,2026-01-11 07:50:00,281.8,travel,bus_ticket,D_A0181,Chennai,,0
T002092,A0237,2026-01-11 07:54:00,73.36,fuel,diesel,D_A0237,Madurai,,0
T002093,A0426,2026-01-11 07:57:00,77.34,fuel,petrol,D_A0426,Hyderabad,,0
T002094,R007,2026-01-11 07:57:00,107.61,fuel,diesel,D_R007,Chennai,,0
T002095,A0372,2026-01-11 08:01:00,289.24,travel,train_ticket,D_A0372,Coimbatore,,0
T002096,A0243,2026-01-11 08:14:00,423.16,travel,train_ticket,D_A0243,Delhi,,0
T002097,A0224,2026-01-11 08:18:00,12.36,streaming,subscription,D_A0224,Coimbatore,,0
T002098,A0021,2026-01-11 08:20:00,60.11,clothing,shoes,D_A0021,Coimbatore,,0
T002099,A0410,2026-01-11 08:25:00,102.84,travel,train_ticket,D_A0410,Mumbai,,0
T002100,A0388,2026-01-11 08:29:00,21.82,grocery,vegetables,D_A0388,Delhi,,0
T002101,A0214,2026-01-11 08:31:00,31.13,clothing,clothes,D_A0214,Chennai,,0
T002102,A0296,2026-01-11 08:31:00,117.17,transfer,p2p_transfer,D_A0296,Hyderabad,PAYEE_A0296,0
T002103,A0451,2026-01-11 08:33:00,14.29,pharmacy,medicine,D_FAM_12,Madurai,,0
T002104,A0283,2026-01-11 08:58:00,52.85,travel,bus_ticket,D_A0283,Kochi,,0
T002105,A0297,2026-01-11 09:02:00,77.14,fuel,petrol,D_A0297,Hyderabad,,0
T002106,A0322,2026-01-11 09:08:00,202.79,travel,bus_ticket,D_A0322,Hyderabad,,0
T002107,R005,2026-01-11 09:10:00,26.72,streaming,subscription,D_R005,Chennai,,0
T002108,A0170,2026-01-11 09:17:00,235.01,travel,train_ticket,D_A0170,Bengaluru,,0
T002109,A0212,2026-01-11 09:19:00,420.03,travel,bus_ticket,D_OFF_1,Kochi,,0
T002110,A0451,2026-01-11 09:19:00,23.71,fuel,petrol,D_FAM_12,Madurai,,0
T002111,A0268,2026-01-11 09:24:00,49.46,giftcards,gift_card,D_A0268,Chennai,,0
T002112,A0034,2026-01-11 09:34:00,36.51,travel,bus_ticket,D_FAM_10,Bengaluru,,0
T002113,A0425,2026-01-11 09:35:00,11.25,streaming,subscription,D_A0425,Madurai,,0
T002114,A0416,2026-01-11 09:39:00,82.16,fuel,diesel,D_A0416,Hyderabad,,0
T002115,A0480,2026-01-11 09:41:00,142.4,fuel,petrol,D_FAM_6,Kochi,,0
T002116,A0158,2026-01-11 09:57:00,133.63,clothing,clothes,D_A0158,Mumbai,,0
T002117,A0236,2026-01-11 10:01:00,31.19,pharmacy,medicine,D_A0236,Chennai,,0
T002118,A0391,2026-01-11 10:04:00,37.18,grocery,groceries,D_A0391,Kochi,,0
T002119,A0358,2026-01-11 10:13:00,22.9,streaming,subscription,D_A0358,Madurai,,0
T002120,A0281,2026-01-11 10:14:00,93.04,grocery,groceries,D_A0281,Coimbatore,,0
T002121,A0080,2026-01-11 10:19:00,28.98,grocery,vegetables,D_A0080,Chennai,,0
T002122,A0286,2026-01-11 10:30:00,38.17,pharmacy,medicine,D_FAM_10,Hyderabad,,0
T002123,A0000,2026-01-11 10:33:00,43.34,food,restaurant,D_A0000,Kochi,,0
T002124,A0036,2026-01-11 10:34:00,10.6,streaming,subscription,D_FAM_1,Madurai,,0
T002125,A0369,2026-01-11 10:37:00,462.19,travel,train_ticket,D_A0369,Mumbai,,0
T002126,R009,2026-01-11 10:39:00,52.57,pharmacy,medicine,D_R009,Chennai,,0
T002127,A0005,2026-01-11 10:42:00,55.33,food,delivery,D_A0005,Coimbatore,,0
T002128,A0391,2026-01-11 10:48:00,91.93,travel,train_ticket,D_A0391,Kochi,,0
T002129,A0002,2026-01-11 10:50:00,34.06,pharmacy,medicine,D_A0002,Kochi,,0
T002130,A0371,2026-01-11 10:59:00,104.33,fuel,diesel,D_A0371,Madurai,,0
T002131,A0210,2026-01-11 10:59:00,176.85,clothing,shoes,D_A0210,Chennai,,0
T002132,A0381,2026-01-11 10:59:00,180.95,clothing,clothes,D_A0381,Chennai,,0
T002133,A0196,2026-01-11 11:00:00,125.18,grocery,vegetables,D_A0196,Coimbatore,,0
T002134,A0038,2026-01-11 11:04:00,48.53,fuel,diesel,D_A0038,Madurai,,0
T002135,A0201,2026-01-11 11:06:00,25.62,streaming,subscription,D_A0201,Coimbatore,,0
T002136,A0244,2026-01-11 11:06:00,69.78,grocery,vegetables,D_A0244,Coimbatore,,0
T002137,A0154,2026-01-11 11:10:00,237.29,travel,train_ticket,D_A0154,Chennai,,0
T002138,A0243,2026-01-11 11:26:00,231.45,fuel,diesel,D_A0243,Delhi,,0
T002139,A0330,2026-01-11 11:26:00,36.87,streaming,subscription,D_A0330,Coimbatore,,0
T002140,A0442,2026-01-11 11:26:00,235.57,travel,train_ticket,D_A0442,Kochi,,0
T002141,A0133,2026-01-11 11:29:00,52.16,food,delivery,D_A0133,Bengaluru,,0
T002142,A0077,2026-01-11 11:35:00,25.66,food,delivery,D_A0077,Madurai,,0
T002143,A0024,2026-01-11 11:38:00,92.59,food,restaurant,D_A0024,Hyderabad,,0
T002144,A0246,2026-01-11 11:40:00,21.57,pharmacy,medicine,D_A0246,Kochi,,0
T002145,A0193,2026-01-11 11:46:00,666.76,travel,train_ticket,D_A0193,Kochi,,0
T002146,A0466,2026-01-11 11:47:00,111.14,grocery,vegetables,D_A0466,Hyderabad,,0
T002147,A0069,2026-01-11 11:50:00,27.82,food,restaurant,D_A0069,Chennai,,0
T002148,A0377,2026-01-11 11:58:00,92.61,travel,train_ticket,D_A0377,Mumbai,,0
T002149,A0150,2026-01-11 11:59:00,37.06,travel,train_ticket,D_A0150,Mumbai,,0
T002150,A0292,2026-01-11 12:02:00,90.83,clothing,shoes,D_A0292,Kochi,,0
T002151,A0065,2026-01-11 12:02:00,56.6,transfer,p2p_transfer,D_A0065,Chennai,PAYEE_A0065,0
T002152,A0190,2026-01-11 12:03:00,69.31,pharmacy,medicine,D_FAM_13,Madurai,,0
T002153,A0374,2026-01-11 12:05:00,151.93,pharmacy,medicine,D_A0374,Kochi,,0
T002154,A0282,2026-01-11 12:16:00,166.88,clothing,shoes,D_A0282,Hyderabad,,0
T002155,A0360,2026-01-11 12:20:00,51.31,fuel,diesel,D_A0360,Mumbai,,0
T002156,A0302,2026-01-11 12:25:00,8.04,streaming,subscription,D_A0302,Kochi,,0
T002157,A0493,2026-01-11 12:29:00,293.19,travel,bus_ticket,D_A0493,Coimbatore,,0
T002158,A0411,2026-01-11 12:32:00,299.83,travel,bus_ticket,D_A0411,Kochi,,0
T002159,A0220,2026-01-11 12:36:00,19.8,food,delivery,D_A0220,Coimbatore,,0
T002160,A0377,2026-01-11 12:39:00,110.13,travel,bus_ticket,D_A0377,Mumbai,,0
T002161,A0284,2026-01-11 12:40:00,158.34,clothing,clothes,D_A0284,Coimbatore,,0
T002162,A0311,2026-01-11 12:41:00,40.37,grocery,vegetables,D_A0311,Chennai,,0
T002163,A0279,2026-01-11 12:42:00,141.29,clothing,clothes,D_OFF_0,Hyderabad,,0
T002164,A0166,2026-01-11 12:46:00,429.08,travel,bus_ticket,D_A0166,Bengaluru,,0
T002165,A0262,2026-01-11 12:49:00,65.43,clothing,shoes,D_A0262,Coimbatore,,0
T002166,A0404,2026-01-11 12:49:00,9.2,pharmacy,medicine,D_A0404,Chennai,,0
T002167,A0308,2026-01-11 12:49:00,14.49,food,restaurant,D_A0308,Bengaluru,,0
T002168,A0335,2026-01-11 12:50:00,133.11,grocery,groceries,D_A0335,Mumbai,,0
T002169,A0132,2026-01-11 12:53:00,703.25,clothing,shoes,D_A0132,Delhi,,0
T002170,R006,2026-01-11 12:53:00,18.62,streaming,subscription,D_R006,Bengaluru,,0
T002171,A0406,2026-01-11 12:55:00,162.89,travel,bus_ticket,D_A0406,Coimbatore,,0
T002172,A0171,2026-01-11 12:59:00,779.79,electronics,phone,D_A0171,Madurai,,0
T002173,A0305,2026-01-11 13:03:00,92.3,fuel,petrol,D_A0305,Mumbai,,0
T002174,A0047,2026-01-11 13:08:00,28.55,pharmacy,medicine,D_A0047,Coimbatore,,0
T002175,A0259,2026-01-11 13:09:00,21.26,streaming,subscription,D_A0259,Hyderabad,,0
T002176,A0120,2026-01-11 13:10:00,36.64,streaming,subscription,D_A0120,Hyderabad,,0
T002177,A0457,2026-01-11 13:11:00,216.67,travel,train_ticket,D_A0457,Hyderabad,,0
T002178,A0109,2026-01-11 13:13:00,95.88,pharmacy,medicine,D_A0109,Mumbai,,0
T002179,A0405,2026-01-11 13:13:00,73.78,fuel,diesel,D_A0405,Kochi,,0
T002180,R009,2026-01-11 13:13:00,62.91,food,delivery,D_R009,Chennai,,0
T002181,A0361,2026-01-11 13:16:00,19.99,streaming,subscription,D_A0361,Chennai,,0
T002182,A0266,2026-01-11 13:17:00,76.21,pharmacy,medicine,D_A0266,Hyderabad,,0
T002183,A0326,2026-01-11 13:17:00,92.14,grocery,groceries,D_A0326,Bengaluru,,0
T002184,A0485,2026-01-11 13:19:00,130.19,clothing,clothes,D_A0485,Madurai,,0
T002185,A0200,2026-01-11 13:21:00,126.18,food,delivery,D_A0200,Coimbatore,,0
T002186,A0445,2026-01-11 13:26:00,312.78,travel,train_ticket,D_A0445,Coimbatore,,0
T002187,A0374,2026-01-11 13:31:00,63.33,pharmacy,medicine,D_A0374,Kochi,,0
T002188,A0178,2026-01-11 13:33:00,21.93,streaming,subscription,D_A0178,Mumbai,,0
T002189,A0072,2026-01-11 13:37:00,29.47,clothing,shoes,D_A0072,Hyderabad,,0
T002190,A0389,2026-01-11 13:37:00,73.0,fuel,diesel,D_A0389,Chennai,,0
T002191,R000,2026-01-11 13:40:00,73.94,grocery,vegetables,D_R000,Madurai,,0
T002192,A0041,2026-01-11 13:41:00,87.31,clothing,shoes,D_FAM_6,Hyderabad,,0
T002193,R006,2026-01-11 13:44:00,119.85,fuel,diesel,D_R006,Bengaluru,,0
T002194,A0260,2026-01-11 13:47:00,58.44,streaming,subscription,D_A0260,Hyderabad,,0
T002195,R007,2026-01-11 13:47:00,17.23,streaming,subscription,D_R007,Chennai,,0
T002196,A0126,2026-01-11 13:56:00,220.08,grocery,groceries,D_A0126,Chennai,,0
T002197,A0097,2026-01-11 13:56:00,62.06,fuel,diesel,D_FAM_1,Delhi,,0
T002198,A0400,2026-01-11 13:57:00,98.93,grocery,vegetables,D_A0400,Coimbatore,,0
T002199,A0088,2026-01-11 14:00:00,24.56,streaming,subscription,D_A0088,Chennai,,0
T002200,A0477,2026-01-11 14:09:00,117.75,pharmacy,medicine,D_A0477,Hyderabad,,0
T002201,A0384,2026-01-11 14:10:00,47.44,food,restaurant,D_A0384,Hyderabad,,0
T002202,A0364,2026-01-11 14:13:00,186.43,clothing,shoes,D_A0364,Kochi,,0
T002203,A0209,2026-01-11 14:13:00,39.73,pharmacy,medicine,D_A0209,Kochi,,0
T002204,A0265,2026-01-11 14:15:00,190.8,travel,bus_ticket,D_A0265,Mumbai,,0
T002205,A0005,2026-01-11 14:18:00,50.9,fuel,petrol,D_A0005,Coimbatore,,0
T002206,A0076,2026-01-11 14:19:00,109.65,clothing,shoes,D_A0076,Madurai,,0
T002207,A0476,2026-01-11 14:19:00,346.22,travel,train_ticket,D_A0476,Chennai,,0
T002208,A0008,2026-01-11 14:26:00,23.64,food,delivery,D_A0008,Coimbatore,,0
T002209,A0495,2026-01-11 14:26:00,225.15,travel,bus_ticket,D_A0495,Chennai,,0
T002210,A0179,2026-01-11 14:31:00,49.25,clothing,shoes,D_A0179,Mumbai,,0
T002211,R002,2026-01-11 14:34:00,373.38,travel,bus_ticket,D_R002,Bengaluru,,0
T002212,A0371,2026-01-11 14:36:00,33.54,food,restaurant,D_A0371,Madurai,,0
T002213,A0124,2026-01-11 14:44:00,32.29,streaming,subscription,D_A0124,Hyderabad,,0
T002214,R006,2026-01-11 14:46:00,60.88,pharmacy,medicine,D_R006,Bengaluru,,0
T002215,A0059,2026-01-11 14:46:00,57.34,streaming,subscription,D_A0059,Bengaluru,,0
T002216,A0344,2026-01-11 14:48:00,78.3,travel,train_ticket,D_A0344,Madurai,,0
T002217,A0481,2026-01-11 14:52:00,167.58,travel,bus_ticket,D_A0481,Coimbatore,,0
T002218,A0407,2026-01-11 14:53:00,86.13,transfer,p2p_transfer,D_A0407,Bengaluru,PAYEE_A0407,0
T002219,A0154,2026-01-11 15:06:00,132.75,clothing,shoes,D_A0154,Chennai,,0
T002220,A0210,2026-01-11 15:07:00,39.56,food,restaurant,D_A0210,Chennai,,0
T002221,A0152,2026-01-11 15:09:00,51.38,food,delivery,D_A0152,Hyderabad,,0
T002222,A0404,2026-01-11 15:09:00,6.38,food,delivery,D_A0404,Chennai,,0
T002223,A0162,2026-01-11 15:09:00,173.62,clothing,shoes,D_A0162,Coimbatore,,0
T002224,A0057,2026-01-11 15:11:00,32.06,streaming,subscription,D_OFF_0,Mumbai,,0
T002225,A0177,2026-01-11 15:19:00,272.97,travel,bus_ticket,D_A0177,Delhi,,0
T002226,A0147,2026-01-11 15:24:00,125.72,fuel,diesel,D_A0147,Delhi,,0
T002227,A0253,2026-01-11 15:28:00,63.13,fuel,diesel,D_A0253,Mumbai,,0
T002228,A0460,2026-01-11 15:31:00,19.62,streaming,subscription,D_A0460,Hyderabad,,0
T002229,A0073,2026-01-11 15:40:00,137.91,clothing,shoes,D_A0073,Bengaluru,,0
T002230,A0088,2026-01-11 15:44:00,54.77,food,delivery,D_A0088,Chennai,,0
T002231,A0148,2026-01-11 15:48:00,119.13,pharmacy,medicine,D_A0148,Delhi,,0
T002232,A0231,2026-01-11 15:50:00,47.62,pharmacy,medicine,D_A0231,Delhi,,0
T002233,A0220,2026-01-11 15:53:00,39.13,grocery,groceries,D_A0220,Coimbatore,,0
T002234,A0430,2026-01-11 15:55:00,62.95,pharmacy,medicine,D_A0430,Kochi,,0
T002235,A0476,2026-01-11 15:55:00,31.42,streaming,subscription,D_A0476,Chennai,,0
T002236,A0473,2026-01-11 15:59:00,37.62,fuel,diesel,D_A0473,Mumbai,,0
T002237,A0099,2026-01-11 16:08:00,83.15,fuel,diesel,D_A0099,Kochi,,0
T002238,A0425,2026-01-11 16:08:00,10.91,streaming,subscription,D_A0425,Madurai,,0
T002239,A0032,2026-01-11 16:09:00,39.41,grocery,groceries,D_A0032,Delhi,,0
T002240,A0361,2026-01-11 16:12:00,84.89,transfer,p2p_transfer,D_A0361,Chennai,PAYEE_A0361,0
T002241,A0104,2026-01-11 16:17:00,147.5,fuel,diesel,D_A0104,Delhi,,0
T002242,A0451,2026-01-11 16:25:00,20.54,pharmacy,medicine,D_FAM_12,Madurai,,0
T002243,A0065,2026-01-11 16:25:00,64.22,fuel,diesel,D_A0065,Chennai,,0
T002244,A0165,2026-01-11 16:26:00,16.34,streaming,subscription,D_A0165,Madurai,,0
T002245,R009,2026-01-11 16:28:00,300.85,travel,train_ticket,D_R009,Chennai,,0
T002246,A0208,2026-01-11 16:32:00,102.5,travel,bus_ticket,D_A0208,Mumbai,,0
T002247,A0351,2026-01-11 16:33:00,120.76,travel,bus_ticket,D_A0351,Chennai,,0
T002248,A0279,2026-01-11 16:36:00,63.42,fuel,petrol,D_OFF_0,Hyderabad,,0
T002249,A0018,2026-01-11 16:38:00,905.38,clothing,clothes,D_A0018,Coimbatore,,0
T002250,A0145,2026-01-11 16:44:00,40.31,food,delivery,D_A0145,Coimbatore,,0
T002251,A0217,2026-01-11 16:47:00,48.09,streaming,subscription,D_A0217,Chennai,,0
T002252,A0415,2026-01-11 16:50:00,50.47,pharmacy,medicine,D_A0415,Kochi,,0
T002253,A0020,2026-01-11 16:52:00,2045.49,electronics,laptop,D_A0020,Bengaluru,,0
T002254,A0403,2026-01-11 16:57:00,12.87,streaming,subscription,D_A0403,Bengaluru,,0
T002255,A0051,2026-01-11 16:58:00,94.3,fuel,petrol,D_A0051,Mumbai,,0
T002256,A0018,2026-01-11 16:59:00,437.36,clothing,clothes,D_A0018,Coimbatore,,0
T002257,A0045,2026-01-11 17:02:00,181.7,pharmacy,medicine,D_A0045,Madurai,,0
T002258,A0399,2026-01-11 17:02:00,92.96,pharmacy,medicine,D_A0399,Hyderabad,,0
T002259,A0321,2026-01-11 17:04:00,48.11,streaming,subscription,D_A0321,Mumbai,,0
T002260,A0402,2026-01-11 17:05:00,158.45,travel,bus_ticket,D_A0402,Madurai,,0
T002261,A0096,2026-01-11 17:06:00,1667.26,electronics,laptop,D_A0096,Hyderabad,,0
T002262,A0428,2026-01-11 17:12:00,43.09,grocery,groceries,D_A0428,Coimbatore,,0
T002263,A0307,2026-01-11 17:24:00,186.01,clothing,shoes,D_A0307,Bengaluru,,0
T002264,A0475,2026-01-11 17:26:00,169.79,travel,train_ticket,D_A0475,Hyderabad,,0
T002265,A0150,2026-01-11 17:27:00,121.65,travel,bus_ticket,D_A0150,Mumbai,,0
T002266,A0312,2026-01-11 17:28:00,82.22,pharmacy,medicine,D_A0312,Madurai,,0
T002267,A0249,2026-01-11 17:29:00,49.11,clothing,shoes,D_A0249,Mumbai,,0
T002268,A0379,2026-01-11 17:37:00,92.38,clothing,shoes,D_A0379,Chennai,,0
T002269,A0246,2026-01-11 17:44:00,54.99,pharmacy,medicine,D_A0246,Kochi,,0
T002270,A0058,2026-01-11 17:51:00,12.66,streaming,subscription,D_A0058,Delhi,,0
T002271,A0072,2026-01-11 17:59:00,48.07,clothing,shoes,D_A0072,Hyderabad,,0
T002272,A0140,2026-01-11 18:12:00,37.02,giftcards,gift_card,D_A0140,Madurai,,0
T002273,A0336,2026-01-11 18:19:00,113.49,travel,train_ticket,D_A0336,Bengaluru,,0
T002274,A0084,2026-01-11 18:25:00,15.75,grocery,vegetables,D_A0084,Hyderabad,,0
T002275,A0330,2026-01-11 18:26:00,56.71,grocery,vegetables,D_A0330,Coimbatore,,0
T002276,A0149,2026-01-11 18:36:00,119.74,grocery,groceries,D_A0149,Madurai,,0
T002277,A0293,2026-01-11 18:36:00,48.08,fuel,diesel,D_A0293,Mumbai,,0
T002278,A0250,2026-01-11 18:38:00,180.76,clothing,shoes,D_A0250,Hyderabad,,0
T002279,A0014,2026-01-11 18:38:00,54.09,grocery,vegetables,D_FAM_2,Coimbatore,,0
T002280,A0436,2026-01-11 18:42:00,51.39,grocery,vegetables,D_A0436,Bengaluru,,0
T002281,A0278,2026-01-11 18:48:00,134.59,fuel,diesel,D_A0278,Madurai,,0
T002282,A0405,2026-01-11 18:49:00,74.15,fuel,petrol,D_A0405,Kochi,,0
T002283,A0194,2026-01-11 19:11:00,100.05,pharmacy,medicine,D_FAM_2,Bengaluru,,0
T002284,A0107,2026-01-11 19:22:00,11.12,streaming,subscription,D_A0107,Madurai,,0
T002285,A0234,2026-01-11 19:27:00,72.99,fuel,diesel,D_A0234,Coimbatore,,0
T002286,A0001,2026-01-11 19:33:00,243.87,travel,bus_ticket,D_A0001,Kochi,,0
T002287,A0297,2026-01-11 19:45:00,31.98,pharmacy,medicine,D_A0297,Chennai,,0
T002288,A0187,2026-01-11 19:46:00,23.65,streaming,subscription,D_A0187,Mumbai,,0
T002289,R001,2026-01-11 19:47:00,271.05,travel,bus_ticket,D_R001,Delhi,,0
T002290,A0034,2026-01-11 20:06:00,14.71,pharmacy,medicine,D_FAM_10,Bengaluru,,0
T002291,A0243,2026-01-11 20:08:00,280.33,clothing,shoes,D_A0243,Delhi,,0
T002292,A0329,2026-01-11 20:12:00,35.58,pharmacy,medicine,D_A0329,Kochi,,0
T002293,A0258,2026-01-11 20:20:00,214.79,travel,bus_ticket,D_A0258,Bengaluru,,0
T002294,A0449,2026-01-11 20:42:00,354.82,clothing,shoes,D_FAM_0,Delhi,,0
T002295,A0074,2026-01-11 21:04:00,51.49,food,restaurant,D_A0074,Coimbatore,,0
T002296,A0100,2026-01-11 21:34:00,20.53,streaming,subscription,D_A0100,Kochi,,0
T002297,A0159,2026-01-11 21:41:00,69.32,grocery,groceries,D_A0159,Delhi,,0
T002298,A0136,2026-01-11 21:53:00,176.74,transfer,p2p_transfer,D_FAM_0,Chennai,PAYEE_A0136,0
T002299,A0180,2026-01-11 22:09:00,59.87,grocery,groceries,D_A0180,Chennai,,0
T002300,A0497,2026-01-11 22:11:00,213.45,travel,train_ticket,D_A0497,Chennai,,0
T002301,A0071,2026-01-11 22:21:00,246.28,travel,bus_ticket,D_A0071,Kochi,,0
T002302,R000,2026-01-11 23:15:00,52.14,pharmacy,medicine,D_R000,Madurai,,0
T002303,A0076,2026-01-11 23:33:00,69.09,clothing,clothes,D_A0076,Madurai,,0
T002304,A0135,2026-01-12 01:44:00,5474.67,giftcards,gift_card,D_STOLEN_37,Mumbai,,1
T002305,A0135,2026-01-12 01:56:00,3706.2,giftcards,gift_card,D_STOLEN_37,Mumbai,,1
T002306,A0135,2026-01-12 02:08:00,3726.78,electronics,flight_ticket,D_STOLEN_37,Mumbai,,1
T002307,A0060,2026-01-12 07:04:00,145.23,clothing,clothes,D_A0060,Madurai,,0
T002308,A0038,2026-01-12 07:10:00,48.57,grocery,vegetables,D_A0038,Madurai,,0
T002309,A0035,2026-01-12 07:11:00,59.29,grocery,groceries,D_FAM_9,Delhi,,0
T002310,R004,2026-01-12 07:12:00,58.65,fuel,diesel,D_R004,Hyderabad,,0
T002311,A0335,2026-01-12 07:12:00,53.59,food,delivery,D_A0335,Mumbai,,0
T002312,A0371,2026-01-12 07:18:00,107.58,food,restaurant,D_A0371,Madurai,,0
T002313,A0396,2026-01-12 07:20:00,399.88,travel,bus_ticket,D_FAM_3,Coimbatore,,0
T002314,A0031,2026-01-12 07:22:00,141.63,transfer,p2p_transfer,D_OFF_2,Coimbatore,PAYEE_A0031,0
T002315,A0301,2026-01-12 07:29:00,66.44,grocery,groceries,D_A0301,Hyderabad,,0
T002316,A0329,2026-01-12 07:31:00,54.94,pharmacy,medicine,D_A0329,Kochi,,0
T002317,A0064,2026-01-12 07:47:00,31.85,pharmacy,medicine,D_A0064,Bengaluru,,0
T002318,A0446,2026-01-12 07:49:00,220.41,transfer,p2p_transfer,D_A0446,Madurai,PAYEE_A0446,0
T002319,A0227,2026-01-12 07:59:00,15.23,streaming,subscription,D_A0227,Madurai,,0
T002320,A0325,2026-01-12 08:08:00,131.22,travel,bus_ticket,D_OFF_2,Kochi,,0
T002321,A0374,2026-01-12 08:10:00,93.41,pharmacy,medicine,D_A0374,Kochi,,0
T002322,A0199,2026-01-12 08:18:00,35.66,pharmacy,medicine,D_A0199,Madurai,,0
T002323,A0073,2026-01-12 08:40:00,103.14,clothing,clothes,D_A0073,Bengaluru,,0
T002324,A0152,2026-01-12 08:44:00,42.45,food,restaurant,D_A0152,Hyderabad,,0
T002325,A0185,2026-01-12 08:49:00,304.78,grocery,vegetables,D_A0185,Bengaluru,,0
T002326,A0178,2026-01-12 08:54:00,77.14,grocery,vegetables,D_A0178,Mumbai,,0
T002327,A0081,2026-01-12 09:08:00,10.01,streaming,subscription,D_A0081,Coimbatore,,0
T002328,A0139,2026-01-12 09:08:00,69.95,fuel,diesel,D_FAM_7,Hyderabad,,0
T002329,A0306,2026-01-12 09:13:00,82.71,clothing,shoes,D_A0306,Chennai,,0
T002330,A0230,2026-01-12 09:20:00,13.52,streaming,subscription,D_A0230,Madurai,,0
T002331,A0212,2026-01-12 09:23:00,311.69,travel,bus_ticket,D_OFF_1,Coimbatore,,0
T002332,A0167,2026-01-12 09:25:00,32.09,streaming,subscription,D_A0167,Chennai,,0
T002333,A0216,2026-01-12 09:26:00,67.71,grocery,groceries,D_A0216,Mumbai,,0
T002334,A0437,2026-01-12 09:32:00,142.91,travel,train_ticket,D_FAM_3,Kochi,,0
T002335,A0121,2026-01-12 09:32:00,69.29,pharmacy,medicine,D_A0121,Hyderabad,,0
T002336,A0220,2026-01-12 09:33:00,56.64,grocery,groceries,D_A0220,Coimbatore,,0
T002337,A0394,2026-01-12 09:33:00,75.02,grocery,groceries,D_A0394,Coimbatore,,0
T002338,A0496,2026-01-12 09:34:00,174.2,travel,bus_ticket,D_A0496,Mumbai,,0
T002339,A0234,2026-01-12 09:39:00,17.9,streaming,subscription,D_A0234,Coimbatore,,0
T002340,A0143,2026-01-12 09:53:00,9.66,streaming,subscription,D_A0143,Kochi,,0
T002341,A0027,2026-01-12 09:58:00,95.98,grocery,groceries,D_A0027,Mumbai,,0
T002342,R003,2026-01-12 10:06:00,161.87,clothing,shoes,D_R003,Madurai,,0
T002343,A0075,2026-01-12 10:06:00,58.46,giftcards,gift_card,D_A0075,Kochi,,0
T002344,A0040,2026-01-12 10:10:00,136.63,travel,bus_ticket,D_A0040,Coimbatore,,0
T002345,A0159,2026-01-12 10:12:00,98.32,clothing,clothes,D_A0159,Delhi,,0
T002346,A0312,2026-01-12 10:17:00,139.33,grocery,vegetables,D_A0312,Madurai,,0
T002347,A0312,2026-01-12 10:22:00,79.67,pharmacy,medicine,D_A0312,Madurai,,0
T002348,A0010,2026-01-12 10:25:00,6.55,streaming,subscription,D_A0010,Delhi,,0
T002349,A0185,2026-01-12 10:28:00,476.47,food,delivery,D_A0185,Bengaluru,,0
T002350,A0240,2026-01-12 10:29:00,58.78,grocery,groceries,D_FAM_11,Bengaluru,,0
T002351,A0296,2026-01-12 10:34:00,72.78,grocery,vegetables,D_A0296,Hyderabad,,0
T002352,A0199,2026-01-12 10:38:00,65.73,grocery,groceries,D_A0199,Madurai,,0
T002353,A0057,2026-01-12 10:42:00,280.63,travel,bus_ticket,D_OFF_0,Mumbai,,0
T002354,A0492,2026-01-12 10:44:00,93.69,pharmacy,medicine,D_A0492,Madurai,,0
T002355,A0254,2026-01-12 10:49:00,54.34,clothing,clothes,D_A0254,Delhi,,0
T002356,A0398,2026-01-12 10:50:00,310.58,travel,bus_ticket,D_OFF_1,Kochi,,0
T002357,A0267,2026-01-12 10:50:00,51.67,grocery,vegetables,D_OFF_1,Delhi,,0
T002358,A0455,2026-01-12 10:51:00,1011.02,electronics,phone,D_A0455,Chennai,,0
T002359,A0233,2026-01-12 10:54:00,230.56,clothing,clothes,D_A0233,Coimbatore,,0
T002360,A0007,2026-01-12 10:54:00,21.59,food,restaurant,D_A0007,Chennai,,0
T002361,R001,2026-01-12 11:05:00,36.39,pharmacy,medicine,D_R001,Delhi,,0
T002362,A0294,2026-01-12 11:07:00,11.8,pharmacy,medicine,D_A0294,Chennai,,0
T002363,A0232,2026-01-12 11:15:00,33.19,pharmacy,medicine,D_A0232,Coimbatore,,0
T002364,A0270,2026-01-12 11:18:00,101.31,fuel,diesel,D_A0270,Kochi,,0
T002365,A0282,2026-01-12 11:24:00,35.2,streaming,subscription,D_A0282,Hyderabad,,0
T002366,A0337,2026-01-12 11:32:00,231.46,clothing,shoes,D_A0337,Coimbatore,,0
T002367,A0053,2026-01-12 11:41:00,73.61,pharmacy,medicine,D_A0053,Bengaluru,,0
T002368,A0334,2026-01-12 11:42:00,496.12,travel,bus_ticket,D_A0334,Madurai,,0
T002369,A0488,2026-01-12 11:42:00,34.86,streaming,subscription,D_A0488,Kochi,,0
T002370,A0056,2026-01-12 11:47:00,156.89,travel,bus_ticket,D_A0056,Coimbatore,,0
T002371,A0036,2026-01-12 11:56:00,79.17,transfer,p2p_transfer,D_FAM_1,Madurai,PAYEE_A0036,0
T002372,A0444,2026-01-12 12:00:00,253.31,clothing,shoes,D_A0444,Kochi,,0
T002373,A0225,2026-01-12 12:03:00,36.49,grocery,vegetables,D_A0225,Bengaluru,,0
T002374,A0211,2026-01-12 12:07:00,98.58,fuel,petrol,D_A0211,Bengaluru,,0
T002375,A0093,2026-01-12 12:09:00,257.16,travel,train_ticket,D_A0093,Kochi,,0
T002376,R005,2026-01-12 12:10:00,29.15,pharmacy,medicine,D_R005,Chennai,,0
T002377,A0219,2026-01-12 12:25:00,39.83,pharmacy,medicine,D_A0219,Hyderabad,,0
T002378,A0317,2026-01-12 12:27:00,67.88,pharmacy,medicine,D_OFF_0,Mumbai,,0
T002379,A0454,2026-01-12 12:27:00,43.3,transfer,p2p_transfer,D_A0454,Kochi,PAYEE_A0454,0
T002380,A0252,2026-01-12 12:28:00,8.87,food,restaurant,D_A0252,Delhi,,0
T002381,A0236,2026-01-12 12:32:00,46.7,pharmacy,medicine,D_A0236,Chennai,,0
T002382,A0377,2026-01-12 12:33:00,121.99,travel,bus_ticket,D_A0377,Mumbai,,0
T002383,A0373,2026-01-12 12:36:00,13.62,streaming,subscription,D_A0373,Coimbatore,,0
T002384,A0198,2026-01-12 12:39:00,189.23,clothing,shoes,D_A0198,Coimbatore,,0
T002385,A0154,2026-01-12 12:42:00,25.19,food,delivery,D_A0154,Chennai,,0
T002386,A0130,2026-01-12 12:48:00,67.57,clothing,shoes,D_A0130,Mumbai,,0
T002387,A0169,2026-01-12 13:00:00,35.17,clothing,clothes,D_A0169,Bengaluru,,0
T002388,A0320,2026-01-12 13:00:00,8.07,pharmacy,medicine,D_FAM_4,Madurai,,0
T002389,A0217,2026-01-12 13:04:00,83.42,food,delivery,D_A0217,Chennai,,0
T002390,A0029,2026-01-12 13:04:00,96.39,travel,bus_ticket,D_A0029,Hyderabad,,0
T002391,A0352,2026-01-12 13:04:00,9.63,food,delivery,D_A0352,Bengaluru,,0
T002392,A0481,2026-01-12 13:05:00,30.82,grocery,groceries,D_A0481,Coimbatore,,0
T002393,A0311,2026-01-12 13:12:00,48.85,grocery,groceries,D_A0311,Chennai,,0
T002394,A0444,2026-01-12 13:13:00,282.59,travel,bus_ticket,D_A0444,Kochi,,0
T002395,A0418,2026-01-12 13:17:00,55.99,pharmacy,medicine,D_A0418,Coimbatore,,0
T002396,A0361,2026-01-12 13:17:00,32.93,streaming,subscription,D_A0361,Chennai,,0
T002397,A0091,2026-01-12 13:20:00,107.57,food,delivery,D_A0091,Delhi,,0
T002398,A0142,2026-01-12 13:20:00,28.23,food,delivery,D_A0142,Madurai,,0
T002399,A0086,2026-01-12 13:22:00,93.97,grocery,vegetables,D_A0086,Kochi,,0
T002400,A0195,2026-01-12 13:22:00,4.76,streaming,subscription,D_FAM_11,Madurai,,0
T002401,A0123,2026-01-12 13:25:00,49.76,pharmacy,medicine,D_A0123,Bengaluru,,0
T002402,A0064,2026-01-12 13:26:00,43.25,pharmacy,medicine,D_A0064,Bengaluru,,0
T002403,A0453,2026-01-12 13:28:00,13.65,streaming,subscription,D_A0453,Bengaluru,,0
T002404,A0427,2026-01-12 13:29:00,12.59,food,delivery,D_A0427,Coimbatore,,0
T002405,A0388,2026-01-12 13:37:00,24.86,grocery,vegetables,D_A0388,Delhi,,0
T002406,A0270,2026-01-12 13:40:00,64.03,grocery,groceries,D_A0270,Kochi,,0
T002407,A0332,2026-01-12 13:41:00,19.07,food,restaurant,D_A0332,Delhi,,0
T002408,A0361,2026-01-12 13:42:00,119.86,clothing,shoes,D_A0361,Chennai,,0
T002409,A0123,2026-01-12 13:43:00,43.67,pharmacy,medicine,D_A0123,Bengaluru,,0
T002410,A0088,2026-01-12 13:43:00,58.98,food,delivery,D_A0088,Chennai,,0
T002411,A0306,2026-01-12 13:46:00,65.18,clothing,clothes,D_A0306,Chennai,,0
T002412,A0016,2026-01-12 13:57:00,53.53,streaming,subscription,D_FAM_12,Chennai,,0
T002413,A0068,2026-01-12 14:00:00,431.82,travel,train_ticket,D_A0068,Madurai,,0
T002414,A0110,2026-01-12 14:01:00,86.22,grocery,vegetables,D_FAM_11,Delhi,,0
T002415,A0008,2026-01-12 14:01:00,17.91,food,delivery,D_A0008,Coimbatore,,0
T002416,A0430,2026-01-12 14:05:00,189.98,pharmacy,medicine,D_A0430,Kochi,,0
T002417,A0070,2026-01-12 14:06:00,55.7,grocery,groceries,D_A0070,Mumbai,,0
T002418,A0064,2026-01-12 14:08:00,39.64,pharmacy,medicine,D_A0064,Hyderabad,,0
T002419,A0206,2026-01-12 14:11:00,318.63,transfer,p2p_transfer,D_A0206,Hyderabad,PAYEE_A0206,0
T002420,A0127,2026-01-12 14:11:00,57.97,pharmacy,medicine,D_A0127,Delhi,,0
T002421,A0160,2026-01-12 14:12:00,106.58,clothing,shoes,D_A0160,Delhi,,0
T002422,A0193,2026-01-12 14:14:00,496.06,travel,bus_ticket,D_A0193,Kochi,,0
T002423,A0029,2026-01-12 14:15:00,35.27,grocery,vegetables,D_A0029,Hyderabad,,0
T002424,A0008,2026-01-12 14:16:00,28.66,grocery,vegetables,D_A0008,Coimbatore,,0
T002425,A0480,2026-01-12 14:18:00,230.29,fuel,diesel,D_FAM_6,Kochi,,0
T002426,A0017,2026-01-12 14:19:00,89.07,travel,bus_ticket,D_A0017,Mumbai,,0
T002427,A0450,2026-01-12 14:20:00,50.27,grocery,groceries,D_A0450,Hyderabad,,0
T002428,A0059,2026-01-12 14:20:00,170.99,pharmacy,medicine,D_A0059,Bengaluru,,0
T002429,A0035,2026-01-12 14:22:00,220.33,travel,bus_ticket,D_FAM_9,Delhi,,0
T002430,A0261,2026-01-12 14:27:00,162.21,travel,bus_ticket,D_A0261,Delhi,,0
T002431,A0333,2026-01-12 14:31:00,67.72,pharmacy,medicine,D_FAM_9,Bengaluru,,0
T002432,A0319,2026-01-12 14:32:00,170.12,fuel,diesel,D_A0319,Madurai,,0
T002433,A0285,2026-01-12 14:35:00,133.94,fuel,petrol,D_A0285,Madurai,,0
T002434,A0192,2026-01-12 14:37:00,133.74,pharmacy,medicine,D_A0192,Madurai,,0
T002435,A0012,2026-01-12 14:39:00,63.04,food,restaurant,D_A0012,Chennai,,0
T002436,A0092,2026-01-12 14:39:00,75.83,pharmacy,medicine,D_A0092,Chennai,,0
T002437,A0176,2026-01-12 14:40:00,28.98,fuel,diesel,D_A0176,Mumbai,,0
T002438,A0311,2026-01-12 14:44:00,39.61,grocery,vegetables,D_A0311,Chennai,,0
T002439,A0469,2026-01-12 14:44:00,192.2,travel,bus_ticket,D_A0469,Hyderabad,,0
T002440,A0098,2026-01-12 14:46:00,12.35,streaming,subscription,D_A0098,Mumbai,,0
T002441,A0247,2026-01-12 14:48:00,19.79,streaming,subscription,D_A0247,Coimbatore,,0
T002442,A0479,2026-01-12 14:58:00,144.9,transfer,p2p_transfer,D_A0479,Chennai,PAYEE_A0479,0
T002443,A0108,2026-01-12 15:05:00,92.47,fuel,petrol,D_A0108,Coimbatore,,0
T002444,A0175,2026-01-12 15:07:00,127.2,transfer,p2p_transfer,D_FAM_7,Chennai,PAYEE_A0175,0
T002445,A0346,2026-01-12 15:10:00,55.28,giftcards,gift_card,D_A0346,Mumbai,,0
T002446,A0451,2026-01-12 15:13:00,11.16,food,restaurant,D_FAM_12,Madurai,,0
T002447,A0304,2026-01-12 15:15:00,42.67,pharmacy,medicine,D_A0304,Hyderabad,,0
T002448,A0012,2026-01-12 15:20:00,90.47,fuel,diesel,D_A0012,Chennai,,0
T002449,A0338,2026-01-12 15:21:00,9.51,streaming,subscription,D_A0338,Kochi,,0
T002450,A0324,2026-01-12 15:22:00,79.9,grocery,vegetables,D_A0324,Mumbai,,0
T002451,A0142,2026-01-12 15:23:00,56.82,grocery,groceries,D_A0142,Madurai,,0
T002452,A0074,2026-01-12 15:31:00,268.47,travel,bus_ticket,D_A0074,Hyderabad,,0
T002453,A0409,2026-01-12 15:34:00,72.69,clothing,clothes,D_A0409,Chennai,,0
T002454,A0418,2026-01-12 15:36:00,49.46,pharmacy,medicine,D_A0418,Delhi,,0
T002455,A0227,2026-01-12 15:40:00,29.45,streaming,subscription,D_A0227,Madurai,,0
T002456,A0432,2026-01-12 15:47:00,167.81,travel,train_ticket,D_FAM_14,Kochi,,0
T002457,A0277,2026-01-12 15:48:00,185.06,clothing,clothes,D_A0277,Madurai,,0
T002458,A0275,2026-01-12 15:51:00,22.02,streaming,subscription,D_FAM_5,Chennai,,0
T002459,A0129,2026-01-12 15:54:00,15.37,streaming,subscription,D_OFF_2,Delhi,,0
T002460,A0336,2026-01-12 15:57:00,265.19,travel,train_ticket,D_A0336,Bengaluru,,0
T002461,A0458,2026-01-12 15:58:00,11.94,streaming,subscription,D_FAM_9,Mumbai,,0
T002462,A0048,2026-01-12 15:59:00,47.74,grocery,vegetables,D_A0048,Mumbai,,0
T002463,A0401,2026-01-12 16:04:00,142.29,travel,train_ticket,D_A0401,Madurai,,0
T002464,A0065,2026-01-12 16:08:00,125.57,travel,bus_ticket,D_A0065,Chennai,,0
T002465,A0426,2026-01-12 16:09:00,72.48,fuel,petrol,D_A0426,Hyderabad,,0
T002466,A0489,2026-01-12 16:10:00,48.07,fuel,diesel,D_A0489,Madurai,,0
T002467,A0132,2026-01-12 16:21:00,240.25,clothing,shoes,D_A0132,Delhi,,0
T002468,A0176,2026-01-12 16:23:00,82.86,travel,train_ticket,D_A0176,Coimbatore,,0
T002469,A0409,2026-01-12 16:27:00,40.17,grocery,groceries,D_A0409,Chennai,,0
T002470,A0396,2026-01-12 16:29:00,50.79,food,delivery,D_FAM_3,Coimbatore,,0
T002471,R009,2026-01-12 16:33:00,83.4,pharmacy,medicine,D_R009,Chennai,,0
T002472,A0103,2026-01-12 16:36:00,27.62,streaming,subscription,D_A0103,Mumbai,,0
T002473,A0378,2026-01-12 16:36:00,60.07,pharmacy,medicine,D_A0378,Hyderabad,,0
T002474,A0357,2026-01-12 16:37:00,72.52,grocery,vegetables,D_A0357,Kochi,,0
T002475,A0301,2026-01-12 16:42:00,175.44,travel,train_ticket,D_A0301,Hyderabad,,0
T002476,A0448,2026-01-12 16:42:00,36.78,streaming,subscription,D_A0448,Madurai,,0
T002477,A0266,2026-01-12 16:45:00,160.41,fuel,diesel,D_A0266,Hyderabad,,0
T002478,A0106,2026-01-12 16:52:00,281.15,travel,train_ticket,D_A0106,Bengaluru,,0
T002479,A0203,2026-01-12 16:52:00,77.82,travel,bus_ticket,D_A0203,Mumbai,,0
T002480,A0159,2026-01-12 16:57:00,27.91,food,restaurant,D_A0159,Delhi,,0
T002481,A0161,2026-01-12 16:57:00,14.31,streaming,subscription,D_A0161,Bengaluru,,0
T002482,A0272,2026-01-12 17:06:00,47.51,streaming,subscription,D_FAM_14,Delhi,,0
T002483,A0223,2026-01-12 17:06:00,79.27,grocery,groceries,D_A0223,Hyderabad,,0
T002484,A0162,2026-01-12 17:09:00,48.36,pharmacy,medicine,D_A0162,Coimbatore,,0
T002485,A0284,2026-01-12 17:11:00,69.31,fuel,diesel,D_A0284,Coimbatore,,0
T002486,A0004,2026-01-12 17:11:00,53.04,travel,bus_ticket,D_A0004,Chennai,,0
T002487,A0215,2026-01-12 17:13:00,81.37,clothing,shoes,D_A0215,Madurai,,0
T002488,A0456,2026-01-12 17:13:00,41.67,fuel,diesel,D_A0456,Mumbai,,0
T002489,A0023,2026-01-12 17:13:00,333.65,travel,bus_ticket,D_OFF_0,Hyderabad,,0
T002490,A0261,2026-01-12 17:13:00,37.9,food,restaurant,D_A0261,Delhi,,0
T002491,A0328,2026-01-12 17:21:00,303.58,travel,train_ticket,D_A0328,Kochi,,0
T002492,A0157,2026-01-12 17:32:00,333.34,travel,train_ticket,D_A0157,Hyderabad,,0
T002493,A0489,2026-01-12 17:36:00,30.61,pharmacy,medicine,D_A0489,Madurai,,0
T002494,A0280,2026-01-12 17:45:00,228.42,transfer,p2p_transfer,D_A0280,Coimbatore,PAYEE_A0280,0
T002495,A0039,2026-01-12 17:46:00,26.27,food,delivery,D_A0039,Madurai,,0
T002496,A0343,2026-01-12 17:52:00,16.2,grocery,groceries,D_A0343,Kochi,,0
T002497,A0408,2026-01-12 17:57:00,49.54,grocery,vegetables,D_A0408,Kochi,,0
T002498,A0034,2026-01-12 18:09:00,13.63,pharmacy,medicine,D_FAM_10,Chennai,,0
T002499,A0119,2026-01-12 18:23:00,165.37,travel,train_ticket,D_A0119,Madurai,,0
T002500,A0073,2026-01-12 18:25:00,58.18,fuel,diesel,D_A0073,Bengaluru,,0
T002501,A0205,2026-01-12 18:29:00,33.52,food,delivery,D_A0205,Hyderabad,,0
T002502,R003,2026-01-12 18:31:00,138.04,clothing,shoes,D_R003,Madurai,,0
T002503,A0045,2026-01-12 18:35:00,101.06,transfer,p2p_transfer,D_A0045,Hyderabad,PAYEE_A0045,0
T002504,A0135,2026-01-12 18:38:00,588.65,travel,bus_ticket,D_A0135,Delhi,,0
T002505,A0216,2026-01-12 18:43:00,17.08,streaming,subscription,D_A0216,Delhi,,0
T002506,A0380,2026-01-12 18:52:00,29.38,streaming,subscription,D_A0380,Mumbai,,0
T002507,A0289,2026-01-12 18:58:00,54.82,fuel,diesel,D_A0289,Bengaluru,,0
T002508,A0184,2026-01-12 18:58:00,169.0,travel,train_ticket,D_A0184,Coimbatore,,0
T002509,A0301,2026-01-12 19:01:00,12.9,streaming,subscription,D_A0301,Hyderabad,,0
T002510,A0233,2026-01-12 19:06:00,278.24,clothing,clothes,D_A0233,Coimbatore,,0
T002511,A0438,2026-01-12 19:07:00,151.1,clothing,clothes,D_A0438,Bengaluru,,0
T002512,A0288,2026-01-12 19:14:00,34.16,food,delivery,D_A0288,Coimbatore,,0
T002513,A0303,2026-01-12 19:29:00,32.39,food,restaurant,D_FAM_4,Madurai,,0
T002514,A0278,2026-01-12 19:45:00,76.77,food,delivery,D_A0278,Madurai,,0
T002515,A0330,2026-01-12 19:50:00,16.63,grocery,groceries,D_A0330,Coimbatore,,0
T002516,A0364,2026-01-12 20:07:00,87.96,clothing,clothes,D_A0364,Kochi,,0
T002517,A0292,2026-01-12 20:38:00,61.36,clothing,clothes,D_A0292,Kochi,,0
T002518,A0225,2026-01-12 20:43:00,147.81,travel,train_ticket,D_A0225,Bengaluru,,0
T002519,A0293,2026-01-12 21:01:00,75.45,fuel,diesel,D_A0293,Mumbai,,0
T002520,A0012,2026-01-12 21:08:00,111.82,clothing,shoes,D_A0012,Chennai,,0
T002521,A0210,2026-01-12 21:37:00,77.61,grocery,vegetables,D_A0210,Bengaluru,,0
T002522,A0294,2026-01-12 21:44:00,36.89,pharmacy,medicine,D_A0294,Chennai,,0
T002523,R008,2026-01-12 21:49:00,46.39,pharmacy,medicine,D_R008,Coimbatore,,0
T002524,A0278,2026-01-12 22:09:00,46.58,food,delivery,D_A0278,Madurai,,0
T002525,A0125,2026-01-12 23:12:00,62.4,pharmacy,medicine,D_A0125,Kochi,,0
T002526,A0431,2026-01-13 03:14:00,1406.02,giftcards,gift_card,D_STOLEN_28,Coimbatore,,1
T002527,A0431,2026-01-13 03:26:00,1165.2,travel,flight_ticket,D_STOLEN_28,Coimbatore,,1
T002528,A0431,2026-01-13 03:38:00,1167.02,giftcards,gift_card,D_STOLEN_28,Coimbatore,,1
T002529,A0187,2026-01-13 07:05:00,11.31,streaming,subscription,D_A0187,Bengaluru,,0
T002530,A0383,2026-01-13 07:08:00,272.88,clothing,shoes,D_A0383,Bengaluru,,0
T002531,A0433,2026-01-13 07:16:00,36.14,fuel,petrol,D_A0433,Hyderabad,,0
T002532,A0088,2026-01-13 07:18:00,61.61,pharmacy,medicine,D_A0088,Chennai,,0
T002533,A0307,2026-01-13 07:26:00,218.0,travel,bus_ticket,D_A0307,Mumbai,,0
T002534,A0150,2026-01-13 07:45:00,122.69,travel,bus_ticket,D_A0150,Mumbai,,0
T002535,A0087,2026-01-13 07:46:00,442.66,clothing,clothes,D_A0087,Madurai,,0
T002536,A0311,2026-01-13 07:53:00,46.87,grocery,groceries,D_A0311,Chennai,,0
T002537,A0385,2026-01-13 07:53:00,25.67,food,delivery,D_A0385,Kochi,,0
T002538,A0211,2026-01-13 07:58:00,68.29,pharmacy,medicine,D_A0211,Bengaluru,,0
T002539,A0076,2026-01-13 08:04:00,58.27,fuel,diesel,D_A0076,Madurai,,0
T002540,A0334,2026-01-13 08:11:00,388.48,travel,bus_ticket,D_A0334,Madurai,,0
T002541,A0086,2026-01-13 08:26:00,58.66,pharmacy,medicine,D_A0086,Chennai,,0
T002542,A0166,2026-01-13 08:29:00,177.47,fuel,petrol,D_A0166,Bengaluru,,0
T002543,A0048,2026-01-13 08:31:00,30.62,grocery,groceries,D_A0048,Mumbai,,0
T002544,A0068,2026-01-13 08:42:00,51.85,pharmacy,medicine,D_A0068,Madurai,,0
T002545,A0164,2026-01-13 08:43:00,14.87,streaming,subscription,D_A0164,Madurai,,0
T002546,A0153,2026-01-13 08:47:00,54.0,pharmacy,medicine,D_A0153,Madurai,,0
T002547,A0280,2026-01-13 08:53:00,55.43,travel,bus_ticket,D_A0280,Bengaluru,,0
T002548,A0224,2026-01-13 09:04:00,10.81,streaming,subscription,D_A0224,Hyderabad,,0
T002549,A0014,2026-01-13 09:06:00,36.1,pharmacy,medicine,D_A0014,Coimbatore,,0
T002550,A0486,2026-01-13 09:06:00,454.3,clothing,shoes,D_A0486,Mumbai,,0
T002551,A0275,2026-01-13 09:12:00,129.12,clothing,clothes,D_FAM_5,Chennai,,0
T002552,A0020,2026-01-13 09:15:00,94.22,pharmacy,medicine,D_A0020,Bengaluru,,0
T002553,A0236,2026-01-13 09:30:00,41.44,pharmacy,medicine,D_A0236,Chennai,,0
T002554,A0106,2026-01-13 09:38:00,65.97,pharmacy,medicine,D_A0106,Bengaluru,,0
T002555,A0040,2026-01-13 09:44:00,25.46,food,restaurant,D_A0040,Coimbatore,,0
T002556,A0042,2026-01-13 09:50:00,87.42,pharmacy,medicine,D_A0042,Kochi,,0
T002557,A0131,2026-01-13 09:57:00,29.29,streaming,subscription,D_A0131,Bengaluru,,0
T002558,A0310,2026-01-13 09:59:00,71.23,food,delivery,D_A0310,Chennai,,0
T002559,A0415,2026-01-13 10:02:00,18.23,streaming,subscription,D_A0415,Kochi,,0
T002560,A0221,2026-01-13 10:12:00,13.01,streaming,subscription,D_A0221,Mumbai,,0
T002561,A0393,2026-01-13 10:23:00,85.33,clothing,clothes,D_A0393,Bengaluru,,0
T002562,A0368,2026-01-13 10:27:00,195.93,transfer,p2p_transfer,D_A0368,Coimbatore,PAYEE_A0368,0
T002563,A0432,2026-01-13 10:27:00,36.53,pharmacy,medicine,D_A0432,Kochi,,0
T002564,A0125,2026-01-13 10:29:00,33.38,food,delivery,D_A0125,Kochi,,0
T002565,A0300,2026-01-13 10:30:00,17.75,streaming,subscription,D_FAM_12,Delhi,,0
T002566,R002,2026-01-13 10:30:00,49.21,food,delivery,D_R002,Bengaluru,,0
T002567,A0278,2026-01-13 10:30:00,68.31,food,delivery,D_A0278,Madurai,,0
T002568,A0253,2026-01-13 10:37:00,54.07,fuel,diesel,D_A0253,Mumbai,,0
T002569,A0147,2026-01-13 10:44:00,456.35,travel,train_ticket,D_A0147,Delhi,,0
T002570,A0156,2026-01-13 10:49:00,27.77,fuel,petrol,D_A0156,Delhi,,0
T002571,A0271,2026-01-13 10:55:00,22.82,streaming,subscription,D_A0271,Chennai,,0
T002572,A0365,2026-01-13 10:57:00,50.74,grocery,groceries,D_A0365,Bengaluru,,0
T002573,A0142,2026-01-13 11:05:00,78.35,grocery,vegetables,D_A0142,Delhi,,0
T002574,A0499,2026-01-13 11:07:00,28.54,pharmacy,medicine,D_A0499,Hyderabad,,0
T002575,A0088,2026-01-13 11:08:00,160.82,transfer,p2p_transfer,D_A0088,Chennai,PAYEE_A0088,0
T002576,A0344,2026-01-13 11:13:00,124.05,fuel,diesel,D_A0344,Kochi,,0
T002577,A0397,2026-01-13 11:17:00,85.06,fuel,diesel,D_A0397,Chennai,,0
T002578,A0449,2026-01-13 11:21:00,191.29,pharmacy,medicine,D_FAM_0,Mumbai,,0
T002579,A0483,2026-01-13 11:23:00,36.66,grocery,groceries,D_A0483,Coimbatore,,0
T002580,A0204,2026-01-13 11:26:00,25.67,pharmacy,medicine,D_A0204,Kochi,,0
T002581,A0071,2026-01-13 11:28:00,78.78,grocery,groceries,D_A0071,Kochi,,0
T002582,A0416,2026-01-13 11:29:00,63.36,fuel,diesel,D_A0416,Hyderabad,,0
T002583,A0248,2026-01-13 11:29:00,11.8,streaming,subscription,D_A0248,Mumbai,,0
T002584,A0088,2026-01-13 11:32:00,128.69,grocery,groceries,D_A0088,Bengaluru,,0
T002585,A0157,2026-01-13 11:40:00,186.71,travel,train_ticket,D_A0157,Hyderabad,,0
T002586,A0214,2026-01-13 11:50:00,5.72,food,delivery,D_A0214,Chennai,,0
T002587,A0068,2026-01-13 11:51:00,88.91,pharmacy,medicine,D_A0068,Madurai,,0
T002588,A0239,2026-01-13 11:53:00,47.85,fuel,petrol,D_A0239,Kochi,,0
T002589,A0171,2026-01-13 11:59:00,42.41,fuel,petrol,D_A0171,Madurai,,0
T002590,A0489,2026-01-13 12:00:00,57.24,fuel,petrol,D_A0489,Chennai,,0
T002591,A0254,2026-01-13 12:02:00,34.93,fuel,diesel,D_A0254,Delhi,,0
T002592,A0313,2026-01-13 12:04:00,20.11,food,delivery,D_A0313,Chennai,,0
T002593,A0304,2026-01-13 12:05:00,58.34,grocery,vegetables,D_A0304,Hyderabad,,0
T002594,A0251,2026-01-13 12:09:00,8.8,streaming,subscription,D_A0251,Chennai,,0
T002595,A0488,2026-01-13 12:09:00,51.02,food,delivery,D_A0488,Chennai,,0
T002596,A0161,2026-01-13 12:15:00,40.96,streaming,subscription,D_A0161,Bengaluru,,0
T002597,A0186,2026-01-13 12:15:00,13.49,food,restaurant,D_A0186,Kochi,,0
T002598,A0090,2026-01-13 12:16:00,36.54,grocery,vegetables,D_A0090,Chennai,,0
T002599,A0173,2026-01-13 12:22:00,85.74,grocery,groceries,D_A0173,Bengaluru,,0
T002600,A0315,2026-01-13 12:24:00,196.07,travel,train_ticket,D_A0315,Madurai,,0
T002601,A0128,2026-01-13 12:25:00,58.43,food,restaurant,D_A0128,Delhi,,0
T002602,A0178,2026-01-13 12:30:00,69.45,grocery,vegetables,D_A0178,Coimbatore,,0
T002603,A0117,2026-01-13 12:31:00,52.78,food,restaurant,D_A0117,Bengaluru,,0
T002604,A0151,2026-01-13 12:33:00,40.87,clothing,shoes,D_A0151,Delhi,,0
T002605,R002,2026-01-13 12:36:00,33.88,streaming,subscription,D_R002,Bengaluru,,0
T002606,A0010,2026-01-13 12:37:00,16.07,food,delivery,D_A0010,Delhi,,0
T002607,A0025,2026-01-13 12:37:00,99.98,clothing,shoes,D_A0025,Hyderabad,,0
T002608,A0395,2026-01-13 12:44:00,49.84,pharmacy,medicine,D_A0395,Chennai,,0
T002609,A0370,2026-01-13 12:45:00,80.65,fuel,diesel,D_A0370,Coimbatore,,0
T002610,A0043,2026-01-13 12:46:00,129.16,clothing,clothes,D_OFF_1,Kochi,,0
T002611,R008,2026-01-13 12:47:00,107.08,clothing,shoes,D_R008,Coimbatore,,0
T002612,A0027,2026-01-13 12:47:00,2831.2,electronics,laptop,D_A0027,Mumbai,,0
T002613,A0224,2026-01-13 12:48:00,89.81,fuel,diesel,D_A0224,Coimbatore,,0
T002614,A0408,2026-01-13 12:51:00,22.41,streaming,subscription,D_A0408,Kochi,,0
T002615,A0196,2026-01-13 12:54:00,100.02,food,delivery,D_A0196,Coimbatore,,0
T002616,A0259,2026-01-13 12:55:00,45.96,pharmacy,medicine,D_A0259,Hyderabad,,0
T002617,A0347,2026-01-13 12:57:00,386.47,travel,train_ticket,D_A0347,Chennai,,0
T002618,A0242,2026-01-13 12:57:00,314.86,fuel,diesel,D_A0242,Bengaluru,,0
T002619,A0445,2026-01-13 12:58:00,90.96,clothing,clothes,D_A0445,Coimbatore,,0
T002620,A0295,2026-01-13 12:59:00,67.76,fuel,diesel,D_A0295,Madurai,,0
T002621,A0479,2026-01-13 13:07:00,179.99,travel,train_ticket,D_A0479,Chennai,,0
T002622,A0359,2026-01-13 13:13:00,26.87,food,delivery,D_A0359,Bengaluru,,0
T002623,A0246,2026-01-13 13:15:00,44.2,food,restaurant,D_A0246,Kochi,,0
T002624,A0246,2026-01-13 13:17:00,30.68,pharmacy,medicine,D_A0246,Kochi,,0
T002625,A0155,2026-01-13 13:22:00,28.74,food,restaurant,D_A0155,Coimbatore,,0
T002626,A0080,2026-01-13 13:25:00,35.17,fuel,petrol,D_A0080,Chennai,,0
T002627,R001,2026-01-13 13:28:00,46.1,food,delivery,D_R001,Delhi,,0
T002628,A0025,2026-01-13 13:33:00,42.7,pharmacy,medicine,D_A0025,Hyderabad,,0
T002629,A0452,2026-01-13 13:36:00,185.93,travel,train_ticket,D_A0452,Madurai,,0
T002630,A0235,2026-01-13 13:39:00,81.07,fuel,petrol,D_A0235,Delhi,,0
T002631,A0437,2026-01-13 13:39:00,73.76,grocery,vegetables,D_FAM_3,Chennai,,0
T002632,A0364,2026-01-13 13:42:00,189.46,clothing,shoes,D_A0364,Coimbatore,,0
T002633,A0343,2026-01-13 13:44:00,54.73,fuel,petrol,D_A0343,Kochi,,0
T002634,A0218,2026-01-13 13:58:00,30.81,pharmacy,medicine,D_A0218,Kochi,,0
T002635,A0488,2026-01-13 13:58:00,43.62,streaming,subscription,D_A0488,Kochi,,0
T002636,A0441,2026-01-13 14:03:00,77.06,transfer,p2p_transfer,D_A0441,Hyderabad,PAYEE_A0441,0
T002637,A0428,2026-01-13 14:10:00,51.82,giftcards,gift_card,D_A0428,Mumbai,,0
T002638,A0415,2026-01-13 14:18:00,47.53,pharmacy,medicine,D_A0415,Kochi,,0
T002639,A0484,2026-01-13 14:18:00,65.71,fuel,diesel,D_A0484,Bengaluru,,0
T002640,A0208,2026-01-13 14:21:00,182.38,travel,bus_ticket,D_A0208,Hyderabad,,0
T002641,A0084,2026-01-13 14:28:00,35.06,grocery,vegetables,D_A0084,Hyderabad,,0
T002642,A0338,2026-01-13 14:28:00,110.62,travel,train_ticket,D_A0338,Kochi,,0
T002643,A0119,2026-01-13 14:34:00,36.62,streaming,subscription,D_A0119,Madurai,,0
T002644,A0298,2026-01-13 14:39:00,81.14,grocery,vegetables,D_A0298,Chennai,,0
T002645,A0095,2026-01-13 14:43:00,105.97,pharmacy,medicine,D_A0095,Mumbai,,0
T002646,A0058,2026-01-13 14:47:00,28.98,streaming,subscription,D_A0058,Delhi,,0
T002647,R009,2026-01-13 14:47:00,30.69,streaming,subscription,D_R009,Chennai,,0
T002648,A0408,2026-01-13 14:50:00,22.79,streaming,subscription,D_A0408,Kochi,,0
T002649,A0104,2026-01-13 14:54:00,220.64,clothing,clothes,D_A0104,Delhi,,0
T002650,A0211,2026-01-13 14:55:00,143.21,travel,bus_ticket,D_A0211,Bengaluru,,0
T002651,A0176,2026-01-13 14:57:00,32.38,fuel,petrol,D_A0176,Coimbatore,,0
T002652,A0289,2026-01-13 15:12:00,20.71,streaming,subscription,D_A0289,Bengaluru,,0
T002653,A0061,2026-01-13 15:13:00,112.15,transfer,p2p_transfer,D_A0061,Madurai,PAYEE_A0061,0
T002654,A0057,2026-01-13 15:13:00,276.01,transfer,p2p_transfer,D_OFF_0,Mumbai,PAYEE_A0057,0
T002655,A0040,2026-01-13 15:13:00,132.43,travel,train_ticket,D_A0040,Coimbatore,,0
T002656,A0481,2026-01-13 15:14:00,74.17,grocery,vegetables,D_A0481,Coimbatore,,0
T002657,A0038,2026-01-13 15:16:00,35.23,grocery,groceries,D_A0038,Madurai,,0
T002658,A0263,2026-01-13 15:23:00,186.48,grocery,vegetables,D_A0263,Coimbatore,,0
T002659,A0057,2026-01-13 15:30:00,56.84,streaming,subscription,D_OFF_0,Mumbai,,0
T002660,A0325,2026-01-13 15:32:00,19.04,food,delivery,D_OFF_2,Bengaluru,,0
T002661,A0030,2026-01-13 15:34:00,44.51,pharmacy,medicine,D_A0030,Hyderabad,,0
T002662,A0494,2026-01-13 15:34:00,33.16,grocery,vegetables,D_A0494,Delhi,,0
T002663,A0122,2026-01-13 15:35:00,19.13,streaming,subscription,D_A0122,Bengaluru,,0
T002664,A0308,2026-01-13 15:39:00,94.57,travel,train_ticket,D_A0308,Bengaluru,,0
T002665,A0183,2026-01-13 15:44:00,26.45,pharmacy,medicine,D_A0183,Mumbai,,0
T002666,A0282,2026-01-13 15:44:00,269.76,clothing,shoes,D_A0282,Hyderabad,,0
T002667,A0074,2026-01-13 15:47:00,227.3,travel,bus_ticket,D_A0074,Hyderabad,,0
T002668,A0074,2026-01-13 15:50:00,80.87,clothing,shoes,D_A0074,Hyderabad,,0
T002669,A0396,2026-01-13 15:53:00,69.17,food,restaurant,D_FAM_3,Coimbatore,,0
T002670,A0449,2026-01-13 15:57:00,232.57,grocery,groceries,D_FAM_0,Mumbai,,0
T002671,A0116,2026-01-13 16:03:00,83.15,clothing,shoes,D_A0116,Madurai,,0
T002672,A0450,2026-01-13 16:07:00,18.75,food,delivery,D_A0450,Hyderabad,,0
T002673,R002,2026-01-13 16:07:00,112.04,fuel,petrol,D_R002,Bengaluru,,0
T002674,A0155,2026-01-13 16:10:00,85.3,fuel,diesel,D_A0155,Coimbatore,,0
T002675,A0318,2026-01-13 16:11:00,18.92,food,restaurant,D_A0318,Bengaluru,,0
T002676,A0234,2026-01-13 16:32:00,14.82,streaming,subscription,D_A0234,Coimbatore,,0
T002677,A0057,2026-01-13 16:35:00,82.53,fuel,diesel,D_OFF_0,Mumbai,,0
T002678,A0320,2026-01-13 16:45:00,118.04,travel,bus_ticket,D_FAM_4,Kochi,,0
T002679,R007,2026-01-13 16:47:00,141.38,clothing,shoes,D_R007,Chennai,,0
T002680,A0447,2026-01-13 16:52:00,37.37,food,delivery,D_A0447,Madurai,,0
T002681,A0380,2026-01-13 16:54:00,34.83,streaming,subscription,D_A0380,Mumbai,,0
T002682,A0360,2026-01-13 16:57:00,48.29,pharmacy,medicine,D_A0360,Mumbai,,0
T002683,A0381,2026-01-13 16:59:00,82.69,food,delivery,D_A0381,Madurai,,0
T002684,A0288,2026-01-13 17:00:00,145.57,clothing,shoes,D_A0288,Coimbatore,,0
T002685,A0416,2026-01-13 17:07:00,17.73,fuel,diesel,D_A0416,Hyderabad,,0
T002686,A0362,2026-01-13 17:08:00,26.37,pharmacy,medicine,D_A0362,Delhi,,0
T002687,A0019,2026-01-13 17:15:00,87.16,grocery,groceries,D_A0019,Mumbai,,0
T002688,A0181,2026-01-13 17:16:00,195.7,travel,bus_ticket,D_A0181,Chennai,,0
T002689,A0080,2026-01-13 17:21:00,10.56,streaming,subscription,D_A0080,Chennai,,0
T002690,A0227,2026-01-13 17:27:00,16.99,streaming,subscription,D_A0227,Madurai,,0
T002691,A0359,2026-01-13 17:42:00,126.16,travel,bus_ticket,D_A0359,Bengaluru,,0
T002692,A0161,2026-01-13 17:43:00,119.84,grocery,vegetables,D_A0161,Bengaluru,,0
T002693,A0186,2026-01-13 17:49:00,43.42,fuel,petrol,D_A0186,Kochi,,0
T002694,A0119,2026-01-13 17:53:00,36.72,streaming,subscription,D_A0119,Madurai,,0
T002695,A0395,2026-01-13 17:54:00,62.78,pharmacy,medicine,D_A0395,Chennai,,0
T002696,A0487,2026-01-13 17:54:00,359.4,travel,bus_ticket,D_A0487,Mumbai,,0
T002697,A0049,2026-01-13 17:59:00,29.72,giftcards,gift_card,D_FAM_8,Coimbatore,,0
T002698,A0118,2026-01-13 18:00:00,265.78,travel,bus_ticket,D_A0118,Hyderabad,,0
T002699,A0442,2026-01-13 18:02:00,177.06,clothing,clothes,D_A0442,Kochi,,0
T002700,A0152,2026-01-13 18:06:00,161.6,clothing,shoes,D_A0152,Hyderabad,,0
T002701,A0361,2026-01-13 18:09:00,22.66,streaming,subscription,D_A0361,Chennai,,0
T002702,A0168,2026-01-13 18:16:00,69.62,food,delivery,D_A0168,Madurai,,0
T002703,A0238,2026-01-13 18:18:00,187.43,travel,train_ticket,D_A0238,Madurai,,0
T002704,A0297,2026-01-13 18:20:00,17.51,food,restaurant,D_A0297,Hyderabad,,0
T002705,A0233,2026-01-13 18:29:00,218.78,clothing,shoes,D_A0233,Bengaluru,,0
T002706,A0417,2026-01-13 18:29:00,47.85,food,restaurant,D_A0417,Madurai,,0
T002707,A0185,2026-01-13 18:31:00,182.26,food,delivery,D_A0185,Bengaluru,,0
T002708,A0061,2026-01-13 18:41:00,34.33,pharmacy,medicine,D_A0061,Madurai,,0
T002709,A0354,2026-01-13 18:42:00,33.86,pharmacy,medicine,D_A0354,Hyderabad,,0
T002710,A0483,2026-01-13 18:43:00,8.28,streaming,subscription,D_A0483,Delhi,,0
T002711,A0071,2026-01-13 18:57:00,33.74,grocery,groceries,D_A0071,Kochi,,0
T002712,A0187,2026-01-13 19:06:00,27.09,food,restaurant,D_A0187,Bengaluru,,0
T002713,A0130,2026-01-13 19:08:00,40.26,pharmacy,medicine,D_A0130,Mumbai,,0
T002714,A0222,2026-01-13 19:42:00,21.99,grocery,vegetables,D_A0222,Madurai,,0
T002715,R009,2026-01-13 19:55:00,69.12,pharmacy,medicine,D_R009,Chennai,,0
T002716,A0058,2026-01-13 20:14:00,83.55,fuel,petrol,D_A0058,Delhi,,0
T002717,A0175,2026-01-13 20:18:00,102.51,grocery,vegetables,D_FAM_7,Coimbatore,,0
T002718,A0036,2026-01-13 20:20:00,12.86,streaming,subscription,D_FAM_1,Hyderabad,,0
T002719,A0109,2026-01-13 20:46:00,16.52,streaming,subscription,D_FAM_13,Mumbai,,0
T002720,A0020,2026-01-13 20:59:00,129.3,fuel,petrol,D_A0020,Bengaluru,,0
T002721,A0078,2026-01-13 21:45:00,40.04,fuel,diesel,D_A0078,Hyderabad,,0
T002722,A0395,2026-01-13 21:53:00,37.98,food,restaurant,D_A0395,Chennai,,0
T002723,A0443,2026-01-13 21:57:00,179.86,fuel,petrol,D_A0443,Chennai,,0
T002724,A0495,2026-01-13 22:21:00,37.49,giftcards,gift_card,D_A0495,Chennai,,0
T002725,A0128,2026-01-13 23:02:00,318.97,travel,bus_ticket,D_A0128,Madurai,,0
T002726,A0291,2026-01-13 23:19:00,119.37,travel,bus_ticket,D_A0291,Mumbai,,0
T002727,A0403,2026-01-13 23:21:00,114.54,fuel,diesel,D_A0403,Bengaluru,,0
T002728,A0227,2026-01-14 07:19:00,77.29,food,delivery,D_A0227,Madurai,,0
T002729,A0399,2026-01-14 07:29:00,39.55,streaming,subscription,D_A0399,Madurai,,0
T002730,A0367,2026-01-14 07:34:00,36.88,streaming,subscription,D_A0367,Mumbai,,0
T002731,A0150,2026-01-14 07:35:00,50.24,clothing,shoes,D_A0150,Mumbai,,0
T002732,A0067,2026-01-14 07:36:00,19.33,pharmacy,medicine,D_A0067,Madurai,,0
T002733,A0267,2026-01-14 07:41:00,40.18,grocery,groceries,D_OFF_1,Delhi,,0
T002734,A0489,2026-01-14 07:41:00,23.75,fuel,petrol,D_A0489,Madurai,,0
T002735,A0391,2026-01-14 07:43:00,38.91,pharmacy,medicine,D_A0391,Hyderabad,,0
T002736,A0376,2026-01-14 08:04:00,126.58,food,restaurant,D_A0376,Hyderabad,,0
T002737,A0111,2026-01-14 08:04:00,176.35,travel,bus_ticket,D_A0111,Chennai,,0
T002738,A0393,2026-01-14 08:06:00,10.38,grocery,groceries,D_A0393,Madurai,,0
T002739,A0211,2026-01-14 08:06:00,232.87,travel,bus_ticket,D_A0211,Bengaluru,,0
T002740,A0424,2026-01-14 08:12:00,48.31,fuel,petrol,D_A0424,Mumbai,,0
T002741,R004,2026-01-14 08:29:00,168.56,travel,train_ticket,D_R004,Hyderabad,,0
T002742,A0174,2026-01-14 08:37:00,78.06,clothing,shoes,D_A0174,Kochi,,0
T002743,A0354,2026-01-14 08:43:00,91.23,clothing,shoes,D_A0354,Kochi,,0
T002744,A0370,2026-01-14 08:44:00,82.6,fuel,diesel,D_A0370,Coimbatore,,0
T002745,A0052,2026-01-14 09:02:00,76.06,clothing,clothes,D_A0052,Bengaluru,,0
T002746,A0229,2026-01-14 09:05:00,106.45,food,restaurant,D_A0229,Bengaluru,,0
T002747,A0025,2026-01-14 09:16:00,26.06,pharmacy,medicine,D_A0025,Hyderabad,,0
T002748,A0497,2026-01-14 09:17:00,82.13,fuel,petrol,D_A0497,Chennai,,0
T002749,A0278,2026-01-14 09:20:00,57.88,food,restaurant,D_A0278,Kochi,,0
T002750,A0346,2026-01-14 09:22:00,124.08,grocery,groceries,D_A0346,Mumbai,,0
T002751,A0251,2026-01-14 09:24:00,5.55,streaming,subscription,D_A0251,Chennai,,0
T002752,A0190,2026-01-14 09:27:00,199.85,clothing,shoes,D_FAM_13,Madurai,,0
T002753,A0106,2026-01-14 09:32:00,502.34,travel,train_ticket,D_A0106,Bengaluru,,0
T002754,A0011,2026-01-14 09:34:00,11.52,streaming,subscription,D_A0011,Delhi,,0
T002755,A0481,2026-01-14 09:37:00,161.37,travel,train_ticket,D_A0481,Coimbatore,,0
T002756,A0164,2026-01-14 09:37:00,26.87,streaming,subscription,D_A0164,Madurai,,0
T002757,A0274,2026-01-14 09:40:00,36.87,streaming,subscription,D_A0274,Madurai,,0
T002758,A0193,2026-01-14 09:41:00,474.1,travel,train_ticket,D_A0193,Delhi,,0
T002759,A0476,2026-01-14 09:42:00,129.16,transfer,p2p_transfer,D_A0476,Chennai,PAYEE_A0476,0
T002760,A0123,2026-01-14 09:43:00,264.62,travel,bus_ticket,D_A0123,Delhi,,0
T002761,A0135,2026-01-14 09:51:00,882.35,travel,train_ticket,D_A0135,Delhi,,0
T002762,A0357,2026-01-14 09:52:00,55.24,grocery,groceries,D_A0357,Kochi,,0
T002763,A0241,2026-01-14 09:53:00,55.98,grocery,groceries,D_A0241,Hyderabad,,0
T002764,A0006,2026-01-14 10:05:00,159.27,travel,bus_ticket,D_FAM_7,Madurai,,0
T002765,A0340,2026-01-14 10:08:00,26.54,streaming,subscription,D_A0340,Madurai,,0
T002766,A0423,2026-01-14 10:13:00,44.47,transfer,p2p_transfer,D_A0423,Kochi,PAYEE_A0423,0
T002767,A0016,2026-01-14 10:18:00,228.36,fuel,petrol,D_FAM_12,Chennai,,0
T002768,A0307,2026-01-14 10:20:00,179.72,clothing,shoes,D_A0307,Bengaluru,,0
T002769,R003,2026-01-14 10:26:00,51.55,grocery,groceries,D_R003,Madurai,,0
T002770,A0191,2026-01-14 10:33:00,26.65,transfer,p2p_transfer,D_A0191,Mumbai,PAYEE_A0191,0
T002771,A0144,2026-01-14 10:35:00,164.43,travel,train_ticket,D_A0144,Madurai,,0
T002772,A0369,2026-01-14 10:37:00,244.94,clothing,shoes,D_A0369,Mumbai,,0
T002773,A0306,2026-01-14 10:40:00,20.12,pharmacy,medicine,D_A0306,Hyderabad,,0
T002774,A0350,2026-01-14 10:41:00,122.04,food,delivery,D_A0350,Kochi,,0
T002775,A0168,2026-01-14 10:43:00,20.84,streaming,subscription,D_A0168,Madurai,,0
T002776,A0084,2026-01-14 10:48:00,33.18,grocery,vegetables,D_A0084,Delhi,,0
T002777,A0116,2026-01-14 10:50:00,75.92,grocery,groceries,D_A0116,Madurai,,0
T002778,A0042,2026-01-14 10:51:00,45.44,grocery,vegetables,D_A0042,Kochi,,0
T002779,A0454,2026-01-14 10:52:00,32.59,grocery,groceries,D_A0454,Kochi,,0
T002780,A0148,2026-01-14 10:56:00,115.13,fuel,diesel,D_A0148,Delhi,,0
T002781,A0003,2026-01-14 11:00:00,70.7,fuel,diesel,D_A0003,Hyderabad,,0
T002782,A0261,2026-01-14 11:02:00,23.31,food,restaurant,D_A0261,Delhi,,0
T002783,A0364,2026-01-14 11:05:00,60.17,grocery,groceries,D_A0364,Kochi,,0
T002784,R003,2026-01-14 11:09:00,58.16,food,restaurant,D_R003,Madurai,,0
T002785,A0281,2026-01-14 11:20:00,19.75,grocery,vegetables,D_A0281,Coimbatore,,0
T002786,A0265,2026-01-14 11:22:00,111.45,transfer,p2p_transfer,D_A0265,Mumbai,PAYEE_A0265,0
T002787,A0290,2026-01-14 11:24:00,88.16,grocery,groceries,D_OFF_2,Bengaluru,,0
T002788,A0207,2026-01-14 11:30:00,86.5,grocery,vegetables,D_A0207,Bengaluru,,0
T002789,A0478,2026-01-14 11:33:00,67.01,grocery,groceries,D_A0478,Hyderabad,,0
T002790,A0318,2026-01-14 11:38:00,16.12,food,restaurant,D_A0318,Bengaluru,,0
T002791,A0074,2026-01-14 11:38:00,117.67,clothing,clothes,D_A0074,Hyderabad,,0
T002792,A0454,2026-01-14 11:40:00,25.79,pharmacy,medicine,D_A0454,Kochi,,0
T002793,A0227,2026-01-14 11:54:00,66.74,grocery,groceries,D_A0227,Madurai,,0
T002794,A0405,2026-01-14 11:55:00,33.64,pharmacy,medicine,D_A0405,Kochi,,0
T002795,A0120,2026-01-14 12:06:00,44.86,grocery,groceries,D_A0120,Hyderabad,,0
T002796,A0154,2026-01-14 12:06:00,91.65,fuel,petrol,D_A0154,Chennai,,0
T002797,A0456,2026-01-14 12:06:00,211.62,travel,bus_ticket,D_A0456,Mumbai,,0
T002798,A0051,2026-01-14 12:09:00,65.74,food,restaurant,D_A0051,Mumbai,,0
T002799,A0064,2026-01-14 12:12:00,36.91,pharmacy,medicine,D_A0064,Bengaluru,,0
T002800,A0281,2026-01-14 12:13:00,187.54,clothing,shoes,D_A0281,Coimbatore,,0
T002801,A0340,2026-01-14 12:19:00,70.58,pharmacy,medicine,D_A0340,Madurai,,0
T002802,A0158,2026-01-14 12:22:00,58.18,clothing,shoes,D_A0158,Mumbai,,0
T002803,A0096,2026-01-14 12:32:00,114.98,transfer,p2p_transfer,D_A0096,Hyderabad,PAYEE_A0096,0
T002804,A0368,2026-01-14 12:32:00,344.84,clothing,shoes,D_A0368,Coimbatore,,0
T002805,A0326,2026-01-14 12:32:00,30.23,food,restaurant,D_A0326,Bengaluru,,0
T002806,A0453,2026-01-14 12:40:00,251.97,travel,bus_ticket,D_A0453,Bengaluru,,0
T002807,A0482,2026-01-14 12:44:00,138.02,travel,bus_ticket,D_A0482,Kochi,,0
T002808,A0495,2026-01-14 12:45:00,42.03,grocery,vegetables,D_A0495,Delhi,,0
T002809,A0107,2026-01-14 12:46:00,84.8,clothing,clothes,D_A0107,Madurai,,0
T002810,A0143,2026-01-14 12:47:00,444.87,travel,train_ticket,D_A0143,Kochi,,0
T002811,R002,2026-01-14 12:54:00,81.73,pharmacy,medicine,D_R002,Bengaluru,,0
T002812,A0191,2026-01-14 12:56:00,26.14,fuel,diesel,D_A0191,Mumbai,,0
T002813,A0196,2026-01-14 12:59:00,133.78,transfer,p2p_transfer,D_A0196,Hyderabad,PAYEE_A0196,0
T002814,A0422,2026-01-14 13:00:00,17.46,streaming,subscription,D_A0422,Delhi,,0
T002815,A0288,2026-01-14 13:05:00,34.24,food,delivery,D_A0288,Coimbatore,,0
T002816,A0091,2026-01-14 13:05:00,130.94,grocery,vegetables,D_A0091,Delhi,,0
T002817,A0267,2026-01-14 13:07:00,20.25,streaming,subscription,D_OFF_1,Delhi,,0
T002818,R001,2026-01-14 13:08:00,56.6,food,delivery,D_R001,Delhi,,0
T002819,A0244,2026-01-14 13:09:00,170.94,travel,bus_ticket,D_A0244,Coimbatore,,0
T002820,A0229,2026-01-14 13:14:00,56.52,streaming,subscription,D_A0229,Bengaluru,,0
T002821,A0381,2026-01-14 13:15:00,137.97,clothing,clothes,D_A0381,Chennai,,0
T002822,A0279,2026-01-14 13:19:00,74.72,transfer,p2p_transfer,D_OFF_0,Hyderabad,PAYEE_A0279,0
T002823,A0383,2026-01-14 13:19:00,149.41,travel,train_ticket,D_A0383,Bengaluru,,0
T002824,A0423,2026-01-14 13:22:00,22.87,food,restaurant,D_A0423,Coimbatore,,0
T002825,A0434,2026-01-14 13:23:00,22.29,pharmacy,medicine,D_A0434,Delhi,,0
T002826,A0119,2026-01-14 13:34:00,42.83,streaming,subscription,D_A0119,Madurai,,0
T002827,A0331,2026-01-14 13:35:00,76.55,clothing,shoes,D_A0331,Bengaluru,,0
T002828,A0147,2026-01-14 13:36:00,352.26,travel,train_ticket,D_A0147,Delhi,,0
T002829,A0338,2026-01-14 13:37:00,93.14,travel,bus_ticket,D_A0338,Kochi,,0
T002830,A0087,2026-01-14 13:37:00,337.93,clothing,shoes,D_A0087,Bengaluru,,0
T002831,A0223,2026-01-14 13:41:00,81.13,fuel,diesel,D_A0223,Hyderabad,,0
T002832,A0183,2026-01-14 13:41:00,30.12,pharmacy,medicine,D_A0183,Mumbai,,0
T002833,A0069,2026-01-14 13:42:00,29.97,food,restaurant,D_A0069,Chennai,,0
T002834,A0170,2026-01-14 13:44:00,46.47,grocery,vegetables,D_A0170,Kochi,,0
T002835,A0035,2026-01-14 13:45:00,38.25,streaming,subscription,D_FAM_9,Madurai,,0
T002836,A0155,2026-01-14 13:45:00,58.0,fuel,diesel,D_A0155,Coimbatore,,0
T002837,A0009,2026-01-14 13:47:00,80.16,pharmacy,medicine,D_A0009,Mumbai,,0
T002838,A0423,2026-01-14 13:51:00,33.9,grocery,vegetables,D_A0423,Kochi,,0
T002839,A0277,2026-01-14 13:52:00,118.27,clothing,clothes,D_A0277,Madurai,,0
T002840,A0317,2026-01-14 13:55:00,162.33,clothing,clothes,D_OFF_0,Hyderabad,,0
T002841,A0380,2026-01-14 13:59:00,232.32,travel,bus_ticket,D_A0380,Mumbai,,0
T002842,A0143,2026-01-14 14:00:00,135.69,travel,bus_ticket,D_A0143,Kochi,,0
T002843,A0268,2026-01-14 14:01:00,40.41,pharmacy,medicine,D_A0268,Chennai,,0
T002844,A0405,2026-01-14 14:02:00,33.69,pharmacy,medicine,D_A0405,Kochi,,0
T002845,A0219,2026-01-14 14:02:00,137.16,pharmacy,medicine,D_A0219,Coimbatore,,0
T002846,A0113,2026-01-14 14:04:00,92.09,food,delivery,D_FAM_3,Hyderabad,,0
T002847,A0217,2026-01-14 14:09:00,99.4,food,delivery,D_A0217,Chennai,,0
T002848,A0088,2026-01-14 14:09:00,15.48,streaming,subscription,D_A0088,Chennai,,0
T002849,A0424,2026-01-14 14:11:00,86.49,pharmacy,medicine,D_A0424,Mumbai,,0
T002850,A0235,2026-01-14 14:15:00,122.28,fuel,diesel,D_A0235,Delhi,,0
T002851,A0054,2026-01-14 14:22:00,71.97,clothing,shoes,D_A0054,Chennai,,0
T002852,A0493,2026-01-14 14:22:00,35.02,streaming,subscription,D_A0493,Coimbatore,,0
T002853,A0158,2026-01-14 14:23:00,58.99,transfer,p2p_transfer,D_A0158,Mumbai,PAYEE_A0158,0
T002854,A0456,2026-01-14 14:24:00,70.38,fuel,diesel,D_A0456,Mumbai,,0
T002855,A0431,2026-01-14 14:25:00,245.13,travel,bus_ticket,D_FAM_11,Hyderabad,,0
T002856,A0407,2026-01-14 14:27:00,27.01,food,restaurant,D_A0407,Bengaluru,,0
T002857,A0174,2026-01-14 14:28:00,9.45,streaming,subscription,D_A0174,Kochi,,0
T002858,A0398,2026-01-14 14:31:00,864.49,travel,bus_ticket,D_OFF_1,Kochi,,0
T002859,A0148,2026-01-14 14:33:00,112.41,pharmacy,medicine,D_A0148,Delhi,,0
T002860,A0171,2026-01-14 14:34:00,49.51,fuel,diesel,D_A0171,Bengaluru,,0
T002861,A0460,2026-01-14 14:37:00,80.01,grocery,vegetables,D_A0460,Hyderabad,,0
T002862,A0148,2026-01-14 14:44:00,177.42,fuel,petrol,D_A0148,Delhi,,0
T002863,A0006,2026-01-14 14:44:00,27.55,streaming,subscription,D_FAM_7,Coimbatore,,0
T002864,A0148,2026-01-14 14:45:00,82.37,pharmacy,medicine,D_A0148,Mumbai,,0
T002865,A0051,2026-01-14 14:46:00,142.7,fuel,petrol,D_A0051,Mumbai,,0
T002866,A0258,2026-01-14 14:53:00,69.26,pharmacy,medicine,D_A0258,Bengaluru,,0
T002867,A0003,2026-01-14 14:53:00,87.54,fuel,diesel,D_A0003,Hyderabad,,0
T002868,A0387,2026-01-14 14:57:00,55.04,fuel,petrol,D_A0387,Madurai,,0
T002869,A0243,2026-01-14 14:59:00,150.1,clothing,clothes,D_A0243,Coimbatore,,0
T002870,A0318,2026-01-14 15:02:00,61.34,transfer,p2p_transfer,D_A0318,Bengaluru,PAYEE_A0318,0
T002871,A0458,2026-01-14 15:07:00,10.22,streaming,subscription,D_FAM_9,Mumbai,,0
T002872,A0262,2026-01-14 15:12:00,33.77,pharmacy,medicine,D_A0262,Coimbatore,,0
T002873,R001,2026-01-14 15:12:00,91.47,fuel,petrol,D_R001,Delhi,,0
T002874,A0281,2026-01-14 15:17:00,226.08,travel,bus_ticket,D_A0281,Coimbatore,,0
T002875,A0228,2026-01-14 15:19:00,51.7,pharmacy,medicine,D_A0228,Mumbai,,0
T002876,A0142,2026-01-14 15:23:00,47.98,grocery,groceries,D_A0142,Madurai,,0
T002877,A0399,2026-01-14 15:27:00,210.15,travel,bus_ticket,D_A0399,Madurai,,0
T002878,A0302,2026-01-14 15:39:00,20.09,grocery,vegetables,D_A0302,Kochi,,0
T002879,A0276,2026-01-14 15:41:00,22.44,food,restaurant,D_A0276,Delhi,,0
T002880,A0151,2026-01-14 15:42:00,62.69,clothing,clothes,D_A0151,Coimbatore,,0
T002881,A0039,2026-01-14 15:47:00,63.65,grocery,vegetables,D_A0039,Madurai,,0
T002882,A0467,2026-01-14 15:48:00,157.8,travel,train_ticket,D_OFF_1,Delhi,,0
T002883,A0416,2026-01-14 15:49:00,48.03,grocery,groceries,D_A0416,Hyderabad,,0
T002884,A0376,2026-01-14 15:51:00,209.36,pharmacy,medicine,D_A0376,Hyderabad,,0
T002885,A0265,2026-01-14 15:55:00,129.99,travel,train_ticket,D_A0265,Mumbai,,0
T002886,A0039,2026-01-14 15:57:00,55.31,grocery,groceries,D_A0039,Madurai,,0
T002887,A0460,2026-01-14 16:01:00,25.77,streaming,subscription,D_A0460,Hyderabad,,0
T002888,A0020,2026-01-14 16:18:00,50.06,pharmacy,medicine,D_A0020,Bengaluru,,0
T002889,A0310,2026-01-14 16:21:00,259.87,clothing,clothes,D_A0310,Chennai,,0
T002890,A0379,2026-01-14 16:23:00,52.57,transfer,p2p_transfer,D_A0379,Chennai,PAYEE_A0379,0
T002891,A0494,2026-01-14 16:29:00,179.27,travel,bus_ticket,D_A0494,Delhi,,0
T002892,A0193,2026-01-14 16:32:00,150.9,pharmacy,medicine,D_A0193,Kochi,,0
T002893,A0305,2026-01-14 16:40:00,82.09,fuel,diesel,D_A0305,Mumbai,,0
T002894,A0096,2026-01-14 16:40:00,152.37,clothing,shoes,D_A0096,Kochi,,0
T002895,A0090,2026-01-14 16:44:00,35.06,grocery,vegetables,D_A0090,Chennai,,0
T002896,A0349,2026-01-14 16:46:00,81.43,food,restaurant,D_A0349,Bengaluru,,0
T002897,A0433,2026-01-14 16:51:00,76.67,pharmacy,medicine,D_A0433,Hyderabad,,0
T002898,R006,2026-01-14 16:58:00,112.33,clothing,shoes,D_R006,Bengaluru,,0
T002899,A0284,2026-01-14 17:03:00,135.71,clothing,clothes,D_A0284,Coimbatore,,0
T002900,A0270,2026-01-14 17:08:00,92.74,pharmacy,medicine,D_A0270,Kochi,,0
T002901,A0171,2026-01-14 17:09:00,12.77,streaming,subscription,D_A0171,Madurai,,0
T002902,A0022,2026-01-14 17:13:00,32.1,clothing,clothes,D_FAM_5,Madurai,,0
T002903,A0058,2026-01-14 17:24:00,34.51,pharmacy,medicine,D_A0058,Delhi,,0
T002904,A0238,2026-01-14 17:24:00,85.95,fuel,diesel,D_A0238,Madurai,,0
T002905,A0024,2026-01-14 17:33:00,97.49,food,restaurant,D_A0024,Hyderabad,,0
T002906,A0211,2026-01-14 17:34:00,61.12,pharmacy,medicine,D_A0211,Bengaluru,,0
T002907,A0123,2026-01-14 17:35:00,41.69,pharmacy,medicine,D_A0123,Bengaluru,,0
T002908,A0285,2026-01-14 17:40:00,832.88,travel,bus_ticket,D_A0285,Madurai,,0
T002909,A0018,2026-01-14 17:43:00,329.03,clothing,shoes,D_A0018,Coimbatore,,0
T002910,A0090,2026-01-14 17:43:00,32.71,grocery,groceries,D_A0090,Chennai,,0
T002911,A0439,2026-01-14 17:52:00,137.52,clothing,clothes,D_A0439,Chennai,,0
T002912,A0033,2026-01-14 17:58:00,321.22,travel,bus_ticket,D_A0033,Coimbatore,,0
T002913,A0268,2026-01-14 18:28:00,67.0,transfer,p2p_transfer,D_A0268,Chennai,PAYEE_A0268,0
T002914,A0137,2026-01-14 18:33:00,108.11,grocery,vegetables,D_FAM_13,Hyderabad,,0
T002915,A0272,2026-01-14 18:41:00,38.98,food,delivery,D_FAM_14,Delhi,,0
T002916,A0394,2026-01-14 18:45:00,81.27,grocery,groceries,D_A0394,Coimbatore,,0
T002917,R000,2026-01-14 18:46:00,42.02,food,restaurant,D_R000,Madurai,,0
T002918,R000,2026-01-14 18:55:00,40.41,grocery,vegetables,D_R000,Madurai,,0
T002919,A0203,2026-01-14 18:56:00,81.77,travel,train_ticket,D_A0203,Mumbai,,0
T002920,A0101,2026-01-14 19:06:00,112.13,fuel,diesel,D_A0101,Kochi,,0
T002921,A0318,2026-01-14 19:16:00,28.86,transfer,p2p_transfer,D_A0318,Bengaluru,PAYEE_A0318,0
T002922,A0097,2026-01-14 19:26:00,22.17,grocery,vegetables,D_FAM_1,Delhi,,0
T002923,R004,2026-01-14 19:27:00,53.42,fuel,diesel,D_R004,Hyderabad,,0
T002924,A0492,2026-01-14 19:28:00,118.44,pharmacy,medicine,D_A0492,Kochi,,0
T002925,A0433,2026-01-14 19:29:00,93.29,transfer,p2p_transfer,D_A0433,Hyderabad,PAYEE_A0433,0
T002926,A0048,2026-01-14 19:35:00,46.55,grocery,groceries,D_A0048,Mumbai,,0
T002927,A0119,2026-01-14 19:38:00,187.26,travel,train_ticket,D_A0119,Bengaluru,,0
T002928,R004,2026-01-14 19:45:00,14.26,streaming,subscription,D_R004,Hyderabad,,0
T002929,A0223,2026-01-14 20:09:00,66.97,grocery,vegetables,D_A0223,Hyderabad,,0
T002930,A0389,2026-01-14 20:17:00,68.6,fuel,diesel,D_A0389,Coimbatore,,0
T002931,A0227,2026-01-14 20:25:00,48.18,grocery,groceries,D_A0227,Madurai,,0
T002932,A0440,2026-01-14 20:37:00,86.17,clothing,shoes,D_A0440,Madurai,,0
T002933,A0438,2026-01-14 20:37:00,36.31,streaming,subscription,D_A0438,Bengaluru,,0
T002934,A0288,2026-01-14 20:59:00,34.2,fuel,petrol,D_A0288,Coimbatore,,0
T002935,A0032,2026-01-14 21:20:00,32.13,pharmacy,medicine,D_A0032,Delhi,,0
T002936,A0289,2026-01-14 21:23:00,78.33,fuel,diesel,D_A0289,Bengaluru,,0
T002937,A0449,2026-01-14 21:24:00,446.44,clothing,clothes,D_FAM_0,Mumbai,,0
T002938,A0304,2026-01-14 21:38:00,33.77,grocery,vegetables,D_A0304,Delhi,,0
T002939,A0186,2026-01-14 22:33:00,19.3,food,restaurant,D_A0186,Kochi,,0
T002940,A0259,2026-01-14 22:58:00,217.96,travel,bus_ticket,D_A0259,Hyderabad,,0
T002941,A0314,2026-01-14 23:01:00,115.5,grocery,groceries,D_FAM_10,Mumbai,,0
T002942,A0317,2026-01-14 23:05:00,184.1,clothing,clothes,D_OFF_0,Hyderabad,,0
T002943,A0387,2026-01-14 23:40:00,55.25,fuel,diesel,D_A0387,Madurai,,0
T002944,A0217,2026-01-15 07:12:00,134.93,food,restaurant,D_A0217,Chennai,,0
T002945,A0335,2026-01-15 07:14:00,45.75,food,restaurant,D_A0335,Mumbai,,0
T002946,A0298,2026-01-15 07:22:00,181.19,clothing,clothes,D_A0298,Chennai,,0
T002947,A0240,2026-01-15 07:22:00,80.18,fuel,diesel,D_FAM_11,Bengaluru,,0
T002948,A0075,2026-01-15 07:23:00,268.45,grocery,vegetables,D_A0075,Kochi,,0
T002949,A0127,2026-01-15 07:23:00,18.23,streaming,subscription,D_A0127,Chennai,,0
T002950,A0158,2026-01-15 07:30:00,23.73,food,delivery,D_A0158,Mumbai,,0
T002951,A0167,2026-01-15 07:30:00,44.76,streaming,subscription,D_A0167,Chennai,,0
T002952,A0327,2026-01-15 07:33:00,51.21,pharmacy,medicine,D_A0327,Coimbatore,,0
T002953,A0456,2026-01-15 07:42:00,141.24,travel,bus_ticket,D_A0456,Mumbai,,0
T002954,A0018,2026-01-15 07:47:00,119.13,food,restaurant,D_A0018,Coimbatore,,0
T002955,A0396,2026-01-15 07:47:00,27.16,streaming,subscription,D_FAM_3,Delhi,,0
T002956,A0324,2026-01-15 07:59:00,274.19,travel,train_ticket,D_A0324,Mumbai,,0
T002957,A0110,2026-01-15 08:00:00,145.19,clothing,clothes,D_FAM_11,Delhi,,0
T002958,A0280,2026-01-15 08:06:00,58.18,food,delivery,D_A0280,Coimbatore,,0
T002959,A0343,2026-01-15 08:08:00,26.2,transfer,p2p_transfer,D_A0343,Kochi,PAYEE_A0343,0
T002960,A0490,2026-01-15 08:16:00,63.93,grocery,groceries,D_A0490,Hyderabad,,0
T002961,A0494,2026-01-15 08:17:00,116.62,fuel,petrol,D_A0494,Delhi,,0
T002962,A0439,2026-01-15 08:19:00,86.38,clothing,shoes,D_A0439,Chennai,,0
T002963,A0080,2026-01-15 08:25:00,69.94,clothing,clothes,D_A0080,Hyderabad,,0
T002964,A0125,2026-01-15 08:27:00,51.87,pharmacy,medicine,D_A0125,Kochi,,0
T002965,R004,2026-01-15 08:28:00,150.82,travel,bus_ticket,D_R004,Hyderabad,,0
T002966,A0463,2026-01-15 08:34:00,140.42,fuel,diesel,D_A0463,Coimbatore,,0
T002967,A0020,2026-01-15 08:36:00,164.47,fuel,diesel,D_A0020,Bengaluru,,0
T002968,A0271,2026-01-15 08:40:00,102.56,grocery,groceries,D_A0271,Chennai,,0
T002969,A0353,2026-01-15 08:42:00,70.32,pharmacy,medicine,D_A0353,Mumbai,,0
T002970,A0462,2026-01-15 08:58:00,91.07,clothing,shoes,D_A0462,Coimbatore,,0
T002971,A0247,2026-01-15 09:00:00,39.83,pharmacy,medicine,D_A0247,Coimbatore,,0
T002972,A0203,2026-01-15 09:04:00,52.28,clothing,shoes,D_A0203,Mumbai,,0
T002973,A0402,2026-01-15 09:07:00,118.25,travel,bus_ticket,D_A0402,Madurai,,0
T002974,A0084,2026-01-15 09:09:00,35.32,grocery,groceries,D_A0084,Delhi,,0
T002975,R000,2026-01-15 09:15:00,103.83,clothing,clothes,D_R000,Madurai,,0
T002976,A0439,2026-01-15 09:29:00,27.96,grocery,vegetables,D_A0439,Chennai,,0
T002977,A0454,2026-01-15 09:29:00,19.68,pharmacy,medicine,D_A0454,Kochi,,0
T002978,A0324,2026-01-15 09:35:00,213.3,travel,train_ticket,D_A0324,Mumbai,,0
T002979,A0069,2026-01-15 09:38:00,145.27,clothing,clothes,D_A0069,Chennai,,0
T002980,A0237,2026-01-15 09:51:00,16.91,streaming,subscription,D_FAM_3,Madurai,,0
T002981,A0065,2026-01-15 09:55:00,44.75,grocery,groceries,D_A0065,Chennai,,0
T002982,A0132,2026-01-15 09:56:00,266.74,clothing,clothes,D_A0132,Delhi,,0
T002983,R005,2026-01-15 09:58:00,162.09,clothing,shoes,D_R005,Chennai,,0
T002984,A0425,2026-01-15 09:59:00,29.39,pharmacy,medicine,D_A0425,Madurai,,0
T002985,A0140,2026-01-15 10:07:00,307.68,clothing,shoes,D_A0140,Madurai,,0
T002986,A0489,2026-01-15 10:10:00,56.81,fuel,diesel,D_A0489,Madurai,,0
T002987,A0320,2026-01-15 10:11:00,7.12,streaming,subscription,D_FAM_4,Madurai,,0
T002988,A0277,2026-01-15 10:19:00,168.41,travel,train_ticket,D_A0277,Madurai,,0
T002989,A0432,2026-01-15 10:20:00,39.65,pharmacy,medicine,D_FAM_14,Kochi,,0
T002990,A0436,2026-01-15 10:24:00,153.63,grocery,vegetables,D_A0436,Hyderabad,,0
T002991,A0205,2026-01-15 10:30:00,160.27,travel,train_ticket,D_A0205,Delhi,,0
T002992,A0327,2026-01-15 10:33:00,98.21,food,delivery,D_A0327,Coimbatore,,0
T002993,A0084,2026-01-15 10:34:00,5.72,streaming,subscription,D_A0084,Hyderabad,,0
T002994,A0413,2026-01-15 10:41:00,85.14,grocery,vegetables,D_A0413,Mumbai,,0
T002995,A0074,2026-01-15 10:45:00,245.89,travel,train_ticket,D_A0074,Hyderabad,,0
T002996,A0112,2026-01-15 10:51:00,119.74,clothing,shoes,D_A0112,Mumbai,,0
T002997,A0390,2026-01-15 10:51:00,27.21,pharmacy,medicine,D_A0390,Chennai,,0
T002998,A0400,2026-01-15 10:55:00,48.18,food,restaurant,D_A0400,Coimbatore,,0
T002999,R004,2026-01-15 10:56:00,54.29,fuel,petrol,D_R004,Hyderabad,,0
T003000,A0383,2026-01-15 10:57:00,134.6,travel,bus_ticket,D_A0383,Bengaluru,,0
T003001,A0282,2026-01-15 10:58:00,122.1,clothing,clothes,D_A0282,Hyderabad,,0
T003002,A0482,2026-01-15 11:05:00,65.34,fuel,petrol,D_A0482,Kochi,,0
T003003,A0203,2026-01-15 11:06:00,62.4,travel,bus_ticket,D_A0203,Mumbai,,0
T003004,A0174,2026-01-15 11:13:00,16.03,streaming,subscription,D_A0174,Kochi,,0
T003005,A0364,2026-01-15 11:13:00,109.13,grocery,groceries,D_A0364,Coimbatore,,0
T003006,A0132,2026-01-15 11:15:00,126.35,transfer,p2p_transfer,D_A0132,Delhi,PAYEE_A0132,0
T003007,A0028,2026-01-15 11:17:00,31.07,pharmacy,medicine,D_A0028,Bengaluru,,0
T003008,A0188,2026-01-15 11:19:00,44.08,food,restaurant,D_A0188,Chennai,,0
T003009,A0487,2026-01-15 11:20:00,173.03,food,delivery,D_A0487,Mumbai,,0
T003010,A0278,2026-01-15 11:21:00,161.43,fuel,petrol,D_A0278,Madurai,,0
T003011,A0133,2026-01-15 11:21:00,30.19,food,delivery,D_A0133,Bengaluru,,0
T003012,R003,2026-01-15 11:24:00,86.45,pharmacy,medicine,D_R003,Madurai,,0
T003013,A0168,2026-01-15 11:31:00,86.15,food,delivery,D_A0168,Madurai,,0
T003014,A0297,2026-01-15 11:34:00,108.48,clothing,shoes,D_A0297,Hyderabad,,0
T003015,R002,2026-01-15 11:40:00,30.56,streaming,subscription,D_R002,Bengaluru,,0
T003016,A0492,2026-01-15 11:43:00,233.71,transfer,p2p_transfer,D_A0492,Kochi,PAYEE_A0492,0
T003017,A0448,2026-01-15 11:46:00,69.51,food,delivery,D_A0448,Madurai,,0
T003018,A0194,2026-01-15 11:50:00,263.93,clothing,clothes,D_FAM_2,Bengaluru,,0
T003019,A0159,2026-01-15 11:57:00,43.56,pharmacy,medicine,D_A0159,Delhi,,0
T003020,A0032,2026-01-15 11:57:00,42.7,pharmacy,medicine,D_A0032,Delhi,,0
T003021,A0429,2026-01-15 11:58:00,28.65,streaming,subscription,D_A0429,Madurai,,0
T003022,A0078,2026-01-15 11:59:00,54.98,fuel,petrol,D_A0078,Hyderabad,,0
T003023,A0126,2026-01-15 12:03:00,116.96,grocery,groceries,D_A0126,Chennai,,0
T003024,A0145,2026-01-15 12:04:00,29.64,food,delivery,D_A0145,Coimbatore,,0
T003025,A0006,2026-01-15 12:06:00,398.47,travel,train_ticket,D_FAM_7,Coimbatore,,0
T003026,A0014,2026-01-15 12:06:00,48.35,fuel,petrol,D_FAM_2,Coimbatore,,0
T003027,A0080,2026-01-15 12:12:00,28.75,grocery,vegetables,D_A0080,Chennai,,0
T003028,A0462,2026-01-15 12:12:00,83.16,clothing,shoes,D_A0462,Coimbatore,,0
T003029,A0382,2026-01-15 12:16:00,162.79,clothing,shoes,D_A0382,Bengaluru,,0
T003030,A0142,2026-01-15 12:22:00,59.98,grocery,vegetables,D_A0142,Madurai,,0
T003031,A0221,2026-01-15 12:23:00,26.92,streaming,subscription,D_A0221,Bengaluru,,0
T003032,A0169,2026-01-15 12:30:00,77.23,clothing,shoes,D_A0169,Bengaluru,,0
T003033,A0368,2026-01-15 12:39:00,31.17,streaming,subscription,D_A0368,Coimbatore,,0
T003034,A0013,2026-01-15 12:39:00,32.63,food,delivery,D_A0013,Madurai,,0
T003035,A0403,2026-01-15 12:41:00,52.32,fuel,petrol,D_A0403,Bengaluru,,0
T003036,A0132,2026-01-15 12:45:00,123.09,food,restaurant,D_A0132,Delhi,,0
T003037,R006,2026-01-15 12:54:00,166.15,clothing,shoes,D_R006,Bengaluru,,0
T003038,A0365,2026-01-15 13:11:00,105.04,transfer,p2p_transfer,D_A0365,Bengaluru,PAYEE_A0365,0
T003039,A0062,2026-01-15 13:11:00,51.43,food,delivery,D_A0062,Madurai,,0
T003040,A0192,2026-01-15 13:13:00,72.96,pharmacy,medicine,D_A0192,Madurai,,0
T003041,A0254,2026-01-15 13:14:00,60.9,clothing,shoes,D_A0254,Delhi,,0
T003042,A0340,2026-01-15 13:17:00,127.05,fuel,diesel,D_A0340,Madurai,,0
T003043,A0287,2026-01-15 13:23:00,32.49,fuel,diesel,D_FAM_13,Mumbai,,0
T003044,R005,2026-01-15 13:24:00,46.21,food,restaurant,D_R005,Chennai,,0
T003045,A0050,2026-01-15 13:24:00,64.99,pharmacy,medicine,D_A0050,Hyderabad,,0
T003046,A0232,2026-01-15 13:25:00,179.58,travel,bus_ticket,D_A0232,Kochi,,0
T003047,A0359,2026-01-15 13:25:00,31.43,food,restaurant,D_A0359,Bengaluru,,0
T003048,A0219,2026-01-15 13:26:00,98.67,fuel,diesel,D_A0219,Hyderabad,,0
T003049,A0289,2026-01-15 13:26:00,24.68,streaming,subscription,D_A0289,Hyderabad,,0
T003050,A0491,2026-01-15 13:27:00,17.21,pharmacy,medicine,D_FAM_2,Hyderabad,,0
T003051,A0182,2026-01-15 13:34:00,69.31,grocery,groceries,D_FAM_8,Chennai,,0
T003052,A0193,2026-01-15 13:40:00,176.59,fuel,diesel,D_A0193,Kochi,,0
T003053,A0135,2026-01-15 13:40:00,313.83,clothing,shoes,D_A0135,Delhi,,0
T003054,A0234,2026-01-15 13:41:00,81.07,fuel,diesel,D_A0234,Coimbatore,,0
T003055,A0033,2026-01-15 13:42:00,92.87,clothing,shoes,D_A0033,Coimbatore,,0
T003056,A0335,2026-01-15 13:42:00,48.4,food,restaurant,D_A0335,Mumbai,,0
T003057,A0068,2026-01-15 13:43:00,25.35,streaming,subscription,D_A0068,Madurai,,0
T003058,A0281,2026-01-15 13:44:00,263.58,clothing,shoes,D_A0281,Coimbatore,,0
T003059,A0473,2026-01-15 13:53:00,127.75,travel,bus_ticket,D_A0473,Mumbai,,0
T003060,A0007,2026-01-15 13:54:00,31.96,grocery,groceries,D_A0007,Bengaluru,,0
T003061,A0364,2026-01-15 13:59:00,180.38,clothing,clothes,D_A0364,Kochi,,0
T003062,A0109,2026-01-15 14:03:00,26.81,streaming,subscription,D_FAM_13,Mumbai,,0
T003063,A0424,2026-01-15 14:04:00,53.61,fuel,diesel,D_A0424,Mumbai,,0
T003064,A0419,2026-01-15 14:05:00,97.13,travel,train_ticket,D_A0419,Delhi,,0
T003065,A0368,2026-01-15 14:15:00,109.5,grocery,vegetables,D_A0368,Coimbatore,,0
T003066,A0345,2026-01-15 14:18:00,20.26,fuel,diesel,D_A0345,Bengaluru,,0
T003067,A0195,2026-01-15 14:23:00,6.46,streaming,subscription,D_FAM_11,Kochi,,0
T003068,A0075,2026-01-15 14:25:00,227.37,pharmacy,medicine,D_A0075,Kochi,,0
T003069,A0475,2026-01-15 14:30:00,94.34,fuel,diesel,D_A0475,Hyderabad,,0
T003070,A0426,2026-01-15 14:31:00,33.62,food,restaurant,D_A0426,Mumbai,,0
T003071,R001,2026-01-15 14:33:00,188.18,travel,train_ticket,D_R001,Delhi,,0
T003072,A0158,2026-01-15 14:34:00,73.47,clothing,clothes,D_A0158,Bengaluru,,0
T003073,A0048,2026-01-15 14:34:00,147.06,travel,train_ticket,D_A0048,Mumbai,,0
T003074,A0046,2026-01-15 14:36:00,6.78,streaming,subscription,D_A0046,Kochi,,0
T003075,A0271,2026-01-15 14:38:00,66.83,grocery,groceries,D_A0271,Chennai,,0
T003076,A0440,2026-01-15 14:39:00,59.62,transfer,p2p_transfer,D_OFF_2,Madurai,PAYEE_A0440,0
T003077,A0132,2026-01-15 14:41:00,262.36,clothing,shoes,D_A0132,Delhi,,0
T003078,A0205,2026-01-15 14:43:00,43.19,transfer,p2p_transfer,D_A0205,Hyderabad,PAYEE_A0205,0
T003079,A0028,2026-01-15 14:48:00,128.45,travel,train_ticket,D_A0028,Bengaluru,,0
T003080,A0319,2026-01-15 14:51:00,187.65,clothing,shoes,D_A0319,Madurai,,0
T003081,A0013,2026-01-15 14:55:00,54.34,fuel,petrol,D_A0013,Madurai,,0
T003082,A0408,2026-01-15 14:58:00,26.69,grocery,vegetables,D_A0408,Kochi,,0
T003083,A0425,2026-01-15 15:01:00,37.6,grocery,vegetables,D_A0425,Madurai,,0
T003084,A0493,2026-01-15 15:05:00,30.16,streaming,subscription,D_A0493,Coimbatore,,0
T003085,A0496,2026-01-15 15:07:00,214.54,clothing,clothes,D_A0496,Mumbai,,0
T003086,A0143,2026-01-15 15:18:00,40.98,clothing,shoes,D_A0143,Kochi,,0
T003087,A0261,2026-01-15 15:27:00,89.29,clothing,shoes,D_A0261,Delhi,,0
T003088,A0194,2026-01-15 15:28:00,48.46,pharmacy,medicine,D_FAM_2,Bengaluru,,0
T003089,A0109,2026-01-15 15:28:00,44.22,pharmacy,medicine,D_FAM_13,Mumbai,,0
T003090,A0198,2026-01-15 15:32:00,85.12,pharmacy,medicine,D_A0198,Coimbatore,,0
T003091,A0453,2026-01-15 15:42:00,189.86,travel,bus_ticket,D_A0453,Coimbatore,,0
T003092,A0469,2026-01-15 15:43:00,32.6,food,restaurant,D_A0469,Delhi,,0
T003093,A0465,2026-01-15 15:46:00,56.6,pharmacy,medicine,D_A0465,Hyderabad,,0
T003094,A0027,2026-01-15 15:47:00,51.45,grocery,vegetables,D_A0027,Mumbai,,0
T003095,A0443,2026-01-15 15:47:00,60.24,food,delivery,D_A0443,Chennai,,0
T003096,R007,2026-01-15 15:58:00,15.28,streaming,subscription,D_R007,Chennai,,0
T003097,A0230,2026-01-15 15:59:00,9.16,streaming,subscription,D_A0230,Madurai,,0
T003098,A0000,2026-01-15 16:03:00,28.16,food,delivery,D_A0000,Madurai,,0
T003099,A0337,2026-01-15 16:04:00,369.01,clothing,shoes,D_A0337,Coimbatore,,0
T003100,A0311,2026-01-15 16:06:00,36.44,pharmacy,medicine,D_A0311,Chennai,,0
T003101,A0405,2026-01-15 16:10:00,61.26,pharmacy,medicine,D_A0405,Kochi,,0
T003102,A0492,2026-01-15 16:15:00,158.69,pharmacy,medicine,D_A0492,Kochi,,0
T003103,A0241,2026-01-15 16:16:00,79.09,clothing,clothes,D_A0241,Coimbatore,,0
T003104,A0070,2026-01-15 16:18:00,105.02,fuel,petrol,D_A0070,Chennai,,0
T003105,A0162,2026-01-15 16:19:00,45.19,food,delivery,D_A0162,Coimbatore,,0
T003106,A0394,2026-01-15 16:21:00,92.31,grocery,vegetables,D_A0394,Coimbatore,,0
T003107,A0262,2026-01-15 16:31:00,25.64,giftcards,gift_card,D_A0262,Coimbatore,,0
T003108,R006,2026-01-15 16:31:00,28.1,streaming,subscription,D_R006,Bengaluru,,0
T003109,A0150,2026-01-15 16:32:00,27.53,grocery,vegetables,D_A0150,Mumbai,,0
T003110,A0205,2026-01-15 16:35:00,30.28,food,restaurant,D_A0205,Hyderabad,,0
T003111,A0368,2026-01-15 16:36:00,293.2,clothing,clothes,D_A0368,Coimbatore,,0
T003112,A0240,2026-01-15 16:39:00,38.12,fuel,petrol,D_FAM_11,Bengaluru,,0
T003113,A0327,2026-01-15 16:42:00,49.97,food,restaurant,D_A0327,Coimbatore,,0
T003114,A0426,2026-01-15 16:47:00,96.91,transfer,p2p_transfer,D_A0426,Hyderabad,PAYEE_A0426,0
T003115,A0111,2026-01-15 16:51:00,71.61,transfer,p2p_transfer,D_A0111,Chennai,PAYEE_A0111,0
T003116,A0208,2026-01-15 16:55:00,165.49,travel,bus_ticket,D_A0208,Hyderabad,,0
T003117,A0160,2026-01-15 16:58:00,188.22,clothing,clothes,D_OFF_1,Delhi,,0
T003118,A0274,2026-01-15 16:59:00,20.48,streaming,subscription,D_A0274,Madurai,,0
T003119,A0356,2026-01-15 17:03:00,52.1,clothing,shoes,D_A0356,Bengaluru,,0
T003120,A0342,2026-01-15 17:17:00,124.07,clothing,clothes,D_A0342,Hyderabad,,0
T003121,A0215,2026-01-15 17:18:00,38.09,streaming,subscription,D_A0215,Madurai,,0
T003122,A0425,2026-01-15 17:19:00,12.23,streaming,subscription,D_A0425,Madurai,,0
T003123,A0127,2026-01-15 17:26:00,210.39,travel,bus_ticket,D_A0127,Delhi,,0
T003124,A0384,2026-01-15 17:27:00,210.16,travel,bus_ticket,D_A0384,Kochi,,0
T003125,A0010,2026-01-15 17:30:00,49.21,clothing,clothes,D_A0010,Delhi,,0
T003126,A0023,2026-01-15 17:34:00,200.6,clothing,clothes,D_OFF_0,Hyderabad,,0
T003127,A0053,2026-01-15 17:37:00,178.39,travel,train_ticket,D_A0053,Bengaluru,,0
T003128,A0113,2026-01-15 17:40:00,109.11,transfer,p2p_transfer,D_FAM_3,Delhi,PAYEE_A0113,0
T003129,A0270,2026-01-15 17:41:00,67.13,pharmacy,medicine,D_A0270,Kochi,,0
T003130,A0063,2026-01-15 17:47:00,57.93,fuel,petrol,D_A0063,Coimbatore,,0
T003131,A0165,2026-01-15 17:59:00,12.93,streaming,subscription,D_A0165,Madurai,,0
T003132,A0092,2026-01-15 18:00:00,114.61,grocery,vegetables,D_A0092,Chennai,,0
T003133,A0263,2026-01-15 18:07:00,442.33,travel,train_ticket,D_A0263,Coimbatore,,0
T003134,R005,2026-01-15 18:09:00,73.47,grocery,vegetables,D_R005,Chennai,,0
T003135,A0459,2026-01-15 18:11:00,84.15,fuel,diesel,D_A0459,Delhi,,0
T003136,A0364,2026-01-15 18:17:00,65.82,grocery,groceries,D_A0364,Kochi,,0
T003137,A0158,2026-01-15 18:25:00,90.48,transfer,p2p_transfer,D_A0158,Mumbai,PAYEE_A0158,0
T003138,A0086,2026-01-15 18:38:00,20.94,giftcards,gift_card,D_A0086,Chennai,,0
T003139,A0145,2026-01-15 18:39:00,13.46,streaming,subscription,D_A0145,Coimbatore,,0
T003140,A0046,2026-01-15 18:41:00,37.46,pharmacy,medicine,D_A0046,Kochi,,0
T003141,A0064,2026-01-15 18:43:00,46.22,pharmacy,medicine,D_A0064,Bengaluru,,0
T003142,A0281,2026-01-15 18:47:00,265.35,travel,train_ticket,D_A0281,Coimbatore,,0
T003143,A0000,2026-01-15 18:47:00,93.63,fuel,petrol,D_A0000,Madurai,,0
T003144,A0318,2026-01-15 18:52:00,19.8,food,delivery,D_A0318,Bengaluru,,0
T003145,A0171,2026-01-15 18:54:00,47.45,fuel,diesel,D_A0171,Madurai,,0
T003146,A0123,2026-01-15 18:55:00,33.11,pharmacy,medicine,D_A0123,Bengaluru,,0
T003147,A0137,2026-01-15 18:57:00,77.5,grocery,vegetables,D_FAM_13,Hyderabad,,0
T003148,A0414,2026-01-15 19:02:00,157.88,clothing,shoes,D_A0414,Mumbai,,0
T003149,A0079,2026-01-15 19:03:00,94.77,clothing,clothes,D_A0079,Hyderabad,,0
T003150,A0471,2026-01-15 19:13:00,60.12,food,delivery,D_A0471,Delhi,,0
T003151,A0295,2026-01-15 19:31:00,41.13,grocery,vegetables,D_A0295,Madurai,,0
T003152,A0448,2026-01-15 19:45:00,146.08,fuel,petrol,D_A0448,Madurai,,0
T003153,A0259,2026-01-15 19:52:00,56.28,pharmacy,medicine,D_A0259,Hyderabad,,0
T003154,A0115,2026-01-15 19:53:00,316.65,travel,train_ticket,D_A0115,Kochi,,0
T003155,A0078,2026-01-15 19:58:00,47.46,clothing,shoes,D_A0078,Hyderabad,,0
T003156,A0333,2026-01-15 19:58:00,102.98,pharmacy,medicine,D_FAM_9,Chennai,,0
T003157,A0436,2026-01-15 19:59:00,60.63,pharmacy,medicine,D_A0436,Bengaluru,,0
T003158,A0102,2026-01-15 20:00:00,14.93,streaming,subscription,D_A0102,Chennai,,0
T003159,A0411,2026-01-15 20:35:00,163.26,clothing,shoes,D_A0411,Kochi,,0
T003160,A0062,2026-01-15 20:59:00,68.46,food,restaurant,D_A0062,Madurai,,0
T003161,A0390,2026-01-15 21:08:00,203.75,travel,bus_ticket,D_A0390,Chennai,,0
T003162,A0200,2026-01-15 21:18:00,68.01,streaming,subscription,D_A0200,Coimbatore,,0
T003163,A0181,2026-01-15 21:24:00,61.69,grocery,groceries,D_A0181,Chennai,,0
T003164,A0476,2026-01-15 21:25:00,299.94,travel,train_ticket,D_A0476,Chennai,,0
T003165,A0096,2026-01-15 22:49:00,211.21,clothing,clothes,D_A0096,Hyderabad,,0
T003166,A0444,2026-01-15 22:53:00,158.96,fuel,petrol,D_A0444,Kochi,,0
T003167,A0319,2026-01-15 23:14:00,86.58,pharmacy,medicine,D_A0319,Chennai,,0
T003168,A0189,2026-01-15 23:51:00,110.8,travel,train_ticket,D_A0189,Chennai,,0
T003169,A0283,2026-01-16 07:05:00,8.08,streaming,subscription,D_A0283,Kochi,,0
T003170,A0417,2026-01-16 07:05:00,346.54,travel,train_ticket,D_A0417,Hyderabad,,0
T003171,A0456,2026-01-16 07:08:00,21.01,streaming,subscription,D_A0456,Mumbai,,0
T003172,A0478,2026-01-16 07:08:00,54.72,grocery,groceries,D_A0478,Hyderabad,,0
T003173,A0122,2026-01-16 07:14:00,76.44,pharmacy,medicine,D_A0122,Chennai,,0
T003174,A0031,2026-01-16 07:19:00,119.04,clothing,shoes,D_OFF_2,Coimbatore,,0
T003175,A0026,2026-01-16 07:21:00,36.49,pharmacy,medicine,D_A0026,Chennai,,0
T003176,A0307,2026-01-16 07:26:00,303.31,travel,train_ticket,D_A0307,Mumbai,,0
T003177,A0194,2026-01-16 07:30:00,144.03,clothing,shoes,D_FAM_2,Hyderabad,,0
T003178,A0409,2026-01-16 07:36:00,56.05,grocery,vegetables,D_A0409,Chennai,,0
T003179,A0345,2026-01-16 07:37:00,69.09,fuel,diesel,D_A0345,Bengaluru,,0
T003180,A0487,2026-01-16 07:38:00,426.93,travel,train_ticket,D_A0487,Mumbai,,0
T003181,A0251,2026-01-16 07:54:00,22.73,pharmacy,medicine,D_A0251,Chennai,,0
T003182,A0198,2026-01-16 08:01:00,139.39,clothing,clothes,D_A0198,Coimbatore,,0
T003183,A0407,2026-01-16 08:06:00,58.48,grocery,vegetables,D_A0407,Bengaluru,,0
T003184,A0434,2026-01-16 08:09:00,20.7,pharmacy,medicine,D_A0434,Delhi,,0
T003185,A0297,2026-01-16 08:14:00,27.18,food,delivery,D_A0297,Hyderabad,,0
T003186,A0110,2026-01-16 08:28:00,56.78,grocery,vegetables,D_A0110,Delhi,,0
T003187,A0063,2026-01-16 08:31:00,149.1,fuel,petrol,D_A0063,Coimbatore,,0
T003188,A0087,2026-01-16 08:38:00,511.94,clothing,clothes,D_A0087,Madurai,,0
T003189,A0155,2026-01-16 08:40:00,50.58,food,restaurant,D_A0155,Coimbatore,,0
T003190,A0207,2026-01-16 08:54:00,148.01,clothing,shoes,D_A0207,Bengaluru,,0
T003191,A0368,2026-01-16 08:55:00,177.32,transfer,p2p_transfer,D_A0368,Coimbatore,PAYEE_A0368,0
T003192,A0169,2026-01-16 08:58:00,11.42,streaming,subscription,D_A0169,Bengaluru,,0
T003193,A0457,2026-01-16 09:00:00,158.89,travel,train_ticket,D_A0457,Hyderabad,,0
T003194,A0418,2026-01-16 09:02:00,116.17,grocery,vegetables,D_A0418,Coimbatore,,0
T003195,A0335,2026-01-16 09:12:00,53.07,food,restaurant,D_A0335,Madurai,,0
T003196,A0199,2026-01-16 09:19:00,119.52,transfer,p2p_transfer,D_A0199,Coimbatore,PAYEE_A0199,0
T003197,A0192,2026-01-16 09:19:00,21.91,giftcards,gift_card,D_A0192,Madurai,,0
T003198,A0038,2026-01-16 09:22:00,40.1,grocery,groceries,D_A0038,Madurai,,0
T003199,A0170,2026-01-16 09:26:00,171.91,travel,train_ticket,D_A0170,Bengaluru,,0
T003200,A0333,2026-01-16 09:26:00,111.25,pharmacy,medicine,D_FAM_9,Bengaluru,,0
T003201,A0021,2026-01-16 09:32:00,80.83,clothing,clothes,D_A0021,Kochi,,0
T003202,A0467,2026-01-16 09:33:00,95.6,travel,bus_ticket,D_OFF_1,Delhi,,0
T003203,A0499,2026-01-16 09:40:00,61.08,fuel,petrol,D_A0499,Hyderabad,,0
T003204,A0179,2026-01-16 09:49:00,8.73,streaming,subscription,D_A0179,Mumbai,,0
T003205,A0031,2026-01-16 09:56:00,223.25,clothing,clothes,D_OFF_2,Mumbai,,0
T003206,A0485,2026-01-16 09:59:00,59.71,pharmacy,medicine,D_A0485,Madurai,,0
T003207,A0031,2026-01-16 10:02:00,94.78,clothing,shoes,D_A0031,Coimbatore,,0
T003208,A0228,2026-01-16 10:05:00,67.25,grocery,vegetables,D_A0228,Mumbai,,0
T003209,A0025,2026-01-16 10:05:00,28.02,food,restaurant,D_A0025,Hyderabad,,0
T003210,A0174,2026-01-16 10:07:00,109.41,travel,train_ticket,D_A0174,Kochi,,0
T003211,A0063,2026-01-16 10:07:00,105.81,fuel,petrol,D_A0063,Madurai,,0
T003212,A0489,2026-01-16 10:11:00,30.66,pharmacy,medicine,D_A0489,Madurai,,0
T003213,A0498,2026-01-16 10:12:00,129.37,clothing,clothes,D_A0498,Delhi,,0
T003214,A0059,2026-01-16 10:15:00,153.69,pharmacy,medicine,D_A0059,Bengaluru,,0
T003215,A0304,2026-01-16 10:18:00,33.55,grocery,groceries,D_A0304,Hyderabad,,0
T003216,A0256,2026-01-16 10:19:00,242.64,travel,train_ticket,D_A0256,Bengaluru,,0
T003217,A0122,2026-01-16 10:22:00,80.79,pharmacy,medicine,D_A0122,Chennai,,0
T003218,A0182,2026-01-16 10:22:00,103.43,fuel,diesel,D_FAM_8,Chennai,,0
T003219,A0292,2026-01-16 10:23:00,40.35,grocery,vegetables,D_A0292,Kochi,,0
T003220,A0223,2026-01-16 10:27:00,74.33,grocery,groceries,D_A0223,Hyderabad,,0
T003221,A0477,2026-01-16 10:31:00,58.79,food,restaurant,D_A0477,Hyderabad,,0
T003222,A0361,2026-01-16 10:43:00,141.06,clothing,shoes,D_A0361,Chennai,,0
T003223,A0440,2026-01-16 10:48:00,161.62,travel,bus_ticket,D_OFF_2,Madurai,,0
T003224,A0465,2026-01-16 10:55:00,85.07,pharmacy,medicine,D_A0465,Delhi,,0
T003225,A0286,2026-01-16 10:59:00,142.06,travel,train_ticket,D_FAM_10,Bengaluru,,0
T003226,A0001,2026-01-16 11:01:00,67.05,food,delivery,D_A0001,Kochi,,0
T003227,A0257,2026-01-16 11:02:00,77.85,clothing,shoes,D_A0257,Coimbatore,,0
T003228,A0200,2026-01-16 11:04:00,188.0,clothing,clothes,D_A0200,Coimbatore,,0
T003229,A0262,2026-01-16 11:17:00,82.45,clothing,clothes,D_A0262,Coimbatore,,0
T003230,A0339,2026-01-16 11:19:00,162.3,grocery,groceries,D_A0339,Coimbatore,,0
T003231,A0220,2026-01-16 11:19:00,55.64,grocery,groceries,D_A0220,Coimbatore,,0
T003232,A0120,2026-01-16 11:21:00,25.59,streaming,subscription,D_A0120,Hyderabad,,0
T003233,A0050,2026-01-16 11:33:00,105.29,fuel,petrol,D_A0050,Hyderabad,,0
T003234,A0356,2026-01-16 11:34:00,44.07,transfer,p2p_transfer,D_A0356,Bengaluru,PAYEE_A0356,0
T003235,A0131,2026-01-16 11:41:00,118.99,pharmacy,medicine,D_A0131,Bengaluru,,0
T003236,A0233,2026-01-16 11:44:00,290.23,clothing,shoes,D_A0233,Coimbatore,,0
T003237,A0338,2026-01-16 11:52:00,46.92,grocery,vegetables,D_A0338,Kochi,,0
T003238,A0400,2026-01-16 11:54:00,118.97,pharmacy,medicine,D_A0400,Coimbatore,,0
T003239,A0378,2026-01-16 12:02:00,37.22,streaming,subscription,D_A0378,Hyderabad,,0
T003240,A0434,2026-01-16 12:07:00,121.93,travel,train_ticket,D_A0434,Delhi,,0
T003241,A0394,2026-01-16 12:13:00,68.52,grocery,groceries,D_A0394,Bengaluru,,0
T003242,A0321,2026-01-16 12:14:00,28.53,streaming,subscription,D_A0321,Mumbai,,0
T003243,A0086,2026-01-16 12:16:00,86.09,grocery,groceries,D_A0086,Chennai,,0
T003244,A0233,2026-01-16 12:16:00,155.3,grocery,groceries,D_A0233,Coimbatore,,0
T003245,A0190,2026-01-16 12:20:00,129.77,pharmacy,medicine,D_FAM_13,Madurai,,0
T003246,A0399,2026-01-16 12:25:00,36.26,streaming,subscription,D_A0399,Hyderabad,,0
T003247,A0208,2026-01-16 12:28:00,78.98,fuel,petrol,D_A0208,Hyderabad,,0
T003248,A0466,2026-01-16 12:46:00,71.28,fuel,diesel,D_A0466,Hyderabad,,0
T003249,A0432,2026-01-16 12:47:00,69.13,fuel,petrol,D_FAM_14,Kochi,,0
T003250,A0105,2026-01-16 12:48:00,52.6,giftcards,gift_card,D_OFF_2,Delhi,,0
T003251,A0104,2026-01-16 12:51:00,303.56,travel,train_ticket,D_A0104,Delhi,,0
T003252,A0229,2026-01-16 12:51:00,139.11,grocery,vegetables,D_A0229,Bengaluru,,0
T003253,A0302,2026-01-16 12:52:00,9.84,streaming,subscription,D_A0302,Kochi,,0
T003254,A0062,2026-01-16 12:55:00,24.12,giftcards,gift_card,D_A0062,Madurai,,0
T003255,A0008,2026-01-16 12:57:00,31.34,grocery,groceries,D_A0008,Coimbatore,,0
T003256,A0039,2026-01-16 12:58:00,26.08,food,restaurant,D_A0039,Madurai,,0
T003257,A0210,2026-01-16 13:04:00,69.21,grocery,vegetables,D_A0210,Bengaluru,,0
T003258,A0414,2026-01-16 13:06:00,97.61,fuel,petrol,D_A0414,Mumbai,,0
T003259,A0218,2026-01-16 13:11:00,17.83,pharmacy,medicine,D_A0218,Kochi,,0
T003260,A0275,2026-01-16 13:13:00,100.35,clothing,clothes,D_FAM_5,Chennai,,0
T003261,A0170,2026-01-16 13:13:00,196.08,travel,bus_ticket,D_A0170,Kochi,,0
T003262,A0264,2026-01-16 13:17:00,53.23,clothing,clothes,D_A0264,Chennai,,0
T003263,A0432,2026-01-16 13:17:00,82.33,fuel,petrol,D_FAM_14,Kochi,,0
T003264,A0274,2026-01-16 13:18:00,68.52,food,restaurant,D_A0274,Madurai,,0
T003265,A0357,2026-01-16 13:20:00,20.76,streaming,subscription,D_A0357,Kochi,,0
T003266,A0312,2026-01-16 13:28:00,61.51,pharmacy,medicine,D_A0312,Madurai,,0
T003267,A0307,2026-01-16 13:29:00,184.97,travel,train_ticket,D_A0307,Mumbai,,0
T003268,A0063,2026-01-16 13:32:00,74.64,fuel,petrol,D_A0063,Coimbatore,,0
T003269,A0125,2026-01-16 13:33:00,55.94,pharmacy,medicine,D_A0125,Chennai,,0
T003270,A0154,2026-01-16 13:33:00,151.64,travel,train_ticket,D_A0154,Mumbai,,0
T003271,A0188,2026-01-16 13:39:00,33.61,food,restaurant,D_A0188,Chennai,,0
T003272,A0415,2026-01-16 13:43:00,38.45,pharmacy,medicine,D_A0415,Kochi,,0
T003273,A0222,2026-01-16 13:47:00,94.56,travel,train_ticket,D_A0222,Madurai,,0
T003274,A0408,2026-01-16 13:47:00,55.79,grocery,groceries,D_A0408,Kochi,,0
T003275,A0427,2026-01-16 13:52:00,70.79,fuel,petrol,D_A0427,Coimbatore,,0
T003276,A0395,2026-01-16 14:00:00,47.01,food,restaurant,D_A0395,Chennai,,0
T003277,A0162,2026-01-16 14:04:00,87.75,pharmacy,medicine,D_A0162,Coimbatore,,0
T003278,A0434,2026-01-16 14:13:00,20.06,food,restaurant,D_A0434,Delhi,,0
T003279,A0257,2026-01-16 14:16:00,23.36,food,restaurant,D_A0257,Coimbatore,,0
T003280,A0397,2026-01-16 14:21:00,48.98,pharmacy,medicine,D_A0397,Chennai,,0
T003281,A0102,2026-01-16 14:24:00,34.85,pharmacy,medicine,D_FAM_7,Madurai,,0
T003282,A0434,2026-01-16 14:24:00,25.81,pharmacy,medicine,D_A0434,Delhi,,0
T003283,A0379,2026-01-16 14:27:00,49.61,grocery,vegetables,D_A0379,Chennai,,0
T003284,A0048,2026-01-16 14:28:00,55.71,grocery,groceries,D_A0048,Mumbai,,0
T003285,A0293,2026-01-16 14:32:00,183.98,travel,bus_ticket,D_A0293,Mumbai,,0
T003286,A0494,2026-01-16 14:33:00,30.08,streaming,subscription,D_A0494,Delhi,,0
T003287,A0415,2026-01-16 14:33:00,30.28,pharmacy,medicine,D_A0415,Kochi,,0
T003288,A0112,2026-01-16 14:45:00,19.9,streaming,subscription,D_A0112,Delhi,,0
T003289,A0298,2026-01-16 14:49:00,25.65,streaming,subscription,D_A0298,Delhi,,0
T003290,A0281,2026-01-16 14:49:00,94.08,fuel,petrol,D_A0281,Coimbatore,,0
T003291,A0337,2026-01-16 14:50:00,58.61,fuel,diesel,D_A0337,Coimbatore,,0
T003292,A0151,2026-01-16 14:53:00,63.28,clothing,shoes,D_A0151,Coimbatore,,0
T003293,A0374,2026-01-16 14:54:00,59.38,grocery,groceries,D_A0374,Kochi,,0
T003294,A0319,2026-01-16 14:58:00,229.81,clothing,clothes,D_A0319,Madurai,,0
T003295,A0157,2026-01-16 14:58:00,68.81,grocery,vegetables,D_A0157,Hyderabad,,0
T003296,A0038,2026-01-16 15:03:00,33.82,fuel,diesel,D_A0038,Madurai,,0
T003297,A0498,2026-01-16 15:07:00,114.63,clothing,shoes,D_A0498,Coimbatore,,0
T003298,A0214,2026-01-16 15:13:00,24.9,clothing,shoes,D_A0214,Chennai,,0
T003299,A0019,2026-01-16 15:16:00,72.97,fuel,petrol,D_A0019,Mumbai,,0
T003300,A0167,2026-01-16 15:18:00,143.35,food,delivery,D_A0167,Chennai,,0
T003301,A0172,2026-01-16 15:22:00,112.06,fuel,diesel,D_A0172,Delhi,,0
T003302,A0230,2026-01-16 15:25:00,7.72,streaming,subscription,D_A0230,Madurai,,0
T003303,A0403,2026-01-16 15:27:00,8.67,streaming,subscription,D_A0403,Bengaluru,,0
T003304,A0407,2026-01-16 15:29:00,59.82,grocery,groceries,D_A0407,Bengaluru,,0
T003305,A0026,2026-01-16 15:33:00,20.59,streaming,subscription,D_A0026,Chennai,,0
T003306,A0340,2026-01-16 15:36:00,82.98,fuel,petrol,D_A0340,Madurai,,0
T003307,A0453,2026-01-16 15:37:00,122.93,fuel,petrol,D_A0453,Bengaluru,,0
T003308,A0307,2026-01-16 15:42:00,430.39,travel,bus_ticket,D_A0307,Mumbai,,0
T003309,A0327,2026-01-16 15:43:00,25.31,pharmacy,medicine,D_A0327,Coimbatore,,0
T003310,A0203,2026-01-16 15:46:00,24.22,fuel,petrol,D_A0203,Mumbai,,0
T003311,A0175,2026-01-16 15:47:00,275.02,travel,bus_ticket,D_A0175,Chennai,,0
T003312,A0254,2026-01-16 15:52:00,8.89,streaming,subscription,D_A0254,Delhi,,0
T003313,A0146,2026-01-16 15:54:00,19.76,food,delivery,D_A0146,Mumbai,,0
T003314,A0342,2026-01-16 15:55:00,129.99,clothing,clothes,D_A0342,Hyderabad,,0
T003315,A0417,2026-01-16 15:57:00,82.36,food,delivery,D_A0417,Madurai,,0
T003316,A0028,2026-01-16 16:03:00,33.83,pharmacy,medicine,D_A0028,Bengaluru,,0
T003317,A0038,2026-01-16 16:05:00,48.23,grocery,vegetables,D_A0038,Madurai,,0
T003318,A0100,2026-01-16 16:06:00,66.98,grocery,vegetables,D_A0100,Kochi,,0
T003319,A0281,2026-01-16 16:06:00,100.18,fuel,petrol,D_A0281,Coimbatore,,0
T003320,A0295,2026-01-16 16:09:00,34.71,fuel,diesel,D_A0295,Madurai,,0
T003321,A0447,2026-01-16 16:10:00,24.72,streaming,subscription,D_A0447,Hyderabad,,0
T003322,A0404,2026-01-16 16:14:00,15.3,fuel,petrol,D_A0404,Chennai,,0
T003323,A0240,2026-01-16 16:15:00,62.9,grocery,groceries,D_FAM_11,Bengaluru,,0
T003324,A0141,2026-01-16 16:16:00,32.57,food,restaurant,D_FAM_2,Kochi,,0
T003325,A0321,2026-01-16 16:18:00,162.87,travel,train_ticket,D_A0321,Mumbai,,0
T003326,A0114,2026-01-16 16:18:00,110.85,grocery,vegetables,D_A0114,Mumbai,,0
T003327,A0297,2026-01-16 16:22:00,16.82,pharmacy,medicine,D_A0297,Hyderabad,,0
T003328,A0170,2026-01-16 16:28:00,188.41,travel,train_ticket,D_A0170,Kochi,,0
T003329,A0008,2026-01-16 16:28:00,35.08,grocery,vegetables,D_A0008,Coimbatore,,0
T003330,A0225,2026-01-16 16:29:00,17.6,grocery,vegetables,D_A0225,Bengaluru,,0
T003331,A0480,2026-01-16 16:34:00,106.19,grocery,vegetables,D_FAM_6,Kochi,,0
T003332,A0462,2026-01-16 16:39:00,52.95,clothing,clothes,D_A0462,Coimbatore,,0
T003333,A0222,2026-01-16 16:40:00,131.07,travel,bus_ticket,D_A0222,Madurai,,0
T003334,A0452,2026-01-16 16:43:00,209.37,travel,bus_ticket,D_A0452,Madurai,,0
T003335,R007,2026-01-16 16:47:00,120.05,giftcards,gift_card,D_RING_2,Chennai,,1
T003336,A0085,2026-01-16 16:53:00,26.41,pharmacy,medicine,D_A0085,Delhi,,0
T003337,R007,2026-01-16 16:54:00,84.01,prepaid,prepaid_card,D_RING_2,Chennai,,1
T003338,A0407,2026-01-16 16:58:00,136.98,clothing,clothes,D_A0407,Bengaluru,,0
T003339,R007,2026-01-16 17:01:00,124.35,digital_goods,game_credits,D_RING_2,Chennai,,1
T003340,A0464,2026-01-16 17:05:00,44.09,transfer,p2p_transfer,D_A0464,Hyderabad,PAYEE_A0464,0
T003341,A0224,2026-01-16 17:08:00,40.33,pharmacy,medicine,D_A0224,Coimbatore,,0
T003342,A0219,2026-01-16 17:09:00,139.52,transfer,p2p_transfer,D_A0219,Hyderabad,PAYEE_A0219,0
T003343,A0379,2026-01-16 17:14:00,9.75,streaming,subscription,D_A0379,Madurai,,0
T003344,A0105,2026-01-16 17:15:00,58.06,fuel,petrol,D_OFF_2,Delhi,,0
T003345,R007,2026-01-16 17:17:00,325.36,transfer,p2p_transfer,D_RING_1,Chennai,PAYOUT_X,1
T003346,A0257,2026-01-16 17:24:00,40.12,food,delivery,D_A0257,Mumbai,,0
T003347,A0193,2026-01-16 17:25:00,202.4,fuel,petrol,D_A0193,Kochi,,0
T003348,A0252,2026-01-16 17:26:00,59.8,travel,train_ticket,D_A0252,Delhi,,0
T003349,A0401,2026-01-16 17:28:00,74.35,clothing,shoes,D_A0401,Madurai,,0
T003350,A0268,2026-01-16 17:30:00,162.97,travel,train_ticket,D_A0268,Chennai,,0
T003351,A0345,2026-01-16 17:30:00,32.58,streaming,subscription,D_A0345,Bengaluru,,0
T003352,A0373,2026-01-16 17:35:00,9.23,streaming,subscription,D_A0373,Bengaluru,,0
T003353,A0398,2026-01-16 17:37:00,124.79,fuel,diesel,D_OFF_1,Kochi,,0
T003354,A0338,2026-01-16 17:39:00,108.65,fuel,diesel,D_A0338,Kochi,,0
T003355,A0321,2026-01-16 17:39:00,108.37,clothing,clothes,D_A0321,Mumbai,,0
T003356,A0395,2026-01-16 17:49:00,44.69,food,restaurant,D_A0395,Chennai,,0
T003357,A0111,2026-01-16 17:55:00,84.25,travel,bus_ticket,D_A0111,Chennai,,0
T003358,A0376,2026-01-16 17:55:00,195.1,pharmacy,medicine,D_A0376,Hyderabad,,0
T003359,A0038,2026-01-16 17:58:00,72.25,fuel,petrol,D_A0038,Madurai,,0
T003360,A0337,2026-01-16 17:58:00,284.93,transfer,p2p_transfer,D_A0337,Coimbatore,PAYEE_A0337,0
T003361,A0185,2026-01-16 18:03:00,227.7,food,restaurant,D_A0185,Bengaluru,,0
T003362,A0441,2026-01-16 18:05:00,78.99,food,delivery,D_A0441,Hyderabad,,0
T003363,A0252,2026-01-16 18:08:00,122.07,travel,train_ticket,D_A0252,Mumbai,,0
T003364,A0192,2026-01-16 18:22:00,115.84,grocery,vegetables,D_A0192,Madurai,,0
T003365,A0042,2026-01-16 18:24:00,40.35,giftcards,gift_card,D_A0042,Kochi,,0
T003366,A0347,2026-01-16 18:28:00,43.78,pharmacy,medicine,D_A0347,Chennai,,0
T003367,A0145,2026-01-16 18:28:00,56.92,food,delivery,D_A0145,Coimbatore,,0
T003368,A0179,2026-01-16 18:29:00,32.17,grocery,vegetables,D_A0179,Mumbai,,0
T003369,A0034,2026-01-16 18:32:00,114.21,travel,bus_ticket,D_FAM_10,Bengaluru,,0
T003370,A0429,2026-01-16 18:41:00,97.03,fuel,petrol,D_A0429,Madurai,,0
T003371,A0427,2026-01-16 18:49:00,23.88,food,delivery,D_A0427,Coimbatore,,0
T003372,A0229,2026-01-16 18:58:00,32.12,streaming,subscription,D_A0229,Kochi,,0
T003373,A0230,2026-01-16 19:07:00,14.65,streaming,subscription,D_A0230,Madurai,,0
T003374,A0317,2026-01-16 19:08:00,208.33,clothing,clothes,D_OFF_0,Mumbai,,0
T003375,A0002,2026-01-16 19:10:00,53.44,pharmacy,medicine,D_A0002,Kochi,,0
T003376,A0495,2026-01-16 19:10:00,119.73,clothing,shoes,D_A0495,Chennai,,0
T003377,A0440,2026-01-16 19:14:00,119.92,clothing,shoes,D_OFF_2,Madurai,,0
T003378,A0087,2026-01-16 19:25:00,369.87,clothing,shoes,D_A0087,Madurai,,0
T003379,A0088,2026-01-16 19:25:00,56.67,grocery,groceries,D_A0088,Chennai,,0
T003380,A0176,2026-01-16 19:30:00,89.14,travel,bus_ticket,D_A0176,Mumbai,,0
T003381,A0164,2026-01-16 19:30:00,61.07,food,restaurant,D_A0164,Madurai,,0
T003382,A0146,2026-01-16 19:35:00,24.56,food,restaurant,D_A0146,Mumbai,,0
T003383,A0477,2026-01-16 19:43:00,62.04,pharmacy,medicine,D_A0477,Hyderabad,,0
T003384,A0167,2026-01-16 19:44:00,36.87,streaming,subscription,D_A0167,Chennai,,0
T003385,A0332,2026-01-16 19:51:00,30.68,food,delivery,D_A0332,Delhi,,0
T003386,A0051,2026-01-16 19:56:00,152.82,fuel,diesel,D_A0051,Mumbai,,0
T003387,A0143,2026-01-16 20:04:00,131.91,travel,bus_ticket,D_A0143,Kochi,,0
T003388,A0181,2026-01-16 20:17:00,199.18,travel,bus_ticket,D_A0181,Chennai,,0
T003389,A0051,2026-01-16 20:41:00,77.69,fuel,petrol,D_A0051,Mumbai,,0
T003390,A0445,2026-01-16 20:48:00,52.44,pharmacy,medicine,D_A0445,Coimbatore,,0
T003391,A0490,2026-01-16 20:56:00,72.13,transfer,p2p_transfer,D_A0490,Hyderabad,PAYEE_A0490,0
T003392,A0266,2026-01-16 22:13:00,109.18,fuel,diesel,D_A0266,Hyderabad,,0
T003393,A0468,2026-01-16 22:26:00,42.87,food,restaurant,D_A0468,Chennai,,0
T003394,A0126,2026-01-16 22:40:00,267.45,grocery,vegetables,D_A0126,Chennai,,0
T003395,A0266,2026-01-16 22:40:00,64.86,pharmacy,medicine,D_A0266,Hyderabad,,0
T003396,A0039,2026-01-16 22:47:00,78.19,fuel,petrol,D_A0039,Madurai,,0
T003397,A0435,2026-01-16 23:21:00,204.52,travel,train_ticket,D_A0435,Coimbatore,,0
T003398,A0222,2026-01-17 01:27:00,566.57,travel,gift_card,D_STOLEN_16,Kochi,,1
T003399,A0222,2026-01-17 01:39:00,336.84,travel,gift_card,D_STOLEN_16,Kochi,,1
T003400,A0222,2026-01-17 01:51:00,639.92,giftcards,gift_card,D_STOLEN_16,Kochi,,1
T003401,A0247,2026-01-17 02:20:00,2162.34,giftcards,phone,D_STOLEN_19,Bengaluru,,1
T003402,A0247,2026-01-17 02:32:00,1791.22,giftcards,flight_ticket,D_STOLEN_19,Bengaluru,,1
T003403,A0299,2026-01-17 07:07:00,161.62,travel,bus_ticket,D_A0299,Chennai,,0
T003404,A0413,2026-01-17 07:10:00,62.75,food,restaurant,D_A0413,Mumbai,,0
T003405,A0085,2026-01-17 07:14:00,39.75,pharmacy,medicine,D_A0085,Delhi,,0
T003406,A0075,2026-01-17 07:17:00,195.17,grocery,groceries,D_A0075,Kochi,,0
T003407,A0428,2026-01-17 07:17:00,109.11,food,delivery,D_A0428,Coimbatore,,0
T003408,A0294,2026-01-17 07:21:00,40.64,pharmacy,medicine,D_A0294,Chennai,,0
T003409,A0436,2026-01-17 07:26:00,19.63,streaming,subscription,D_A0436,Hyderabad,,0
T003410,A0072,2026-01-17 07:30:00,9.84,streaming,subscription,D_A0072,Hyderabad,,0
T003411,A0239,2026-01-17 07:33:00,35.13,fuel,diesel,D_A0239,Coimbatore,,0
T003412,A0452,2026-01-17 07:33:00,58.97,grocery,groceries,D_A0452,Madurai,,0
T003413,A0093,2026-01-17 07:38:00,207.35,travel,train_ticket,D_A0093,Kochi,,0
T003414,A0268,2026-01-17 07:44:00,41.58,pharmacy,medicine,D_A0268,Chennai,,0
T003415,A0419,2026-01-17 07:47:00,14.78,food,restaurant,D_A0419,Delhi,,0
T003416,A0201,2026-01-17 07:47:00,15.21,streaming,subscription,D_A0201,Coimbatore,,0
T003417,A0267,2026-01-17 07:48:00,6.89,streaming,subscription,D_OFF_1,Delhi,,0
T003418,A0430,2026-01-17 07:50:00,88.67,clothing,shoes,D_A0430,Hyderabad,,0
T003419,A0082,2026-01-17 07:52:00,67.56,pharmacy,medicine,D_A0082,Delhi,,0
T003420,A0354,2026-01-17 07:54:00,46.56,grocery,groceries,D_A0354,Hyderabad,,0
T003421,A0486,2026-01-17 07:59:00,160.1,food,restaurant,D_A0486,Mumbai,,0
T003422,A0306,2026-01-17 08:01:00,39.35,grocery,vegetables,D_A0306,Hyderabad,,0
T003423,A0245,2026-01-17 08:01:00,35.92,pharmacy,medicine,D_A0245,Mumbai,,0
T003424,A0422,2026-01-17 08:02:00,199.9,travel,train_ticket,D_A0422,Delhi,,0
T003425,A0391,2026-01-17 08:04:00,83.35,travel,bus_ticket,D_A0391,Kochi,,0
T003426,A0044,2026-01-17 08:10:00,32.3,fuel,petrol,D_A0044,Bengaluru,,0
T003427,A0452,2026-01-17 08:11:00,63.88,grocery,groceries,D_A0452,Chennai,,0
T003428,A0203,2026-01-17 08:14:00,32.11,travel,train_ticket,D_A0203,Mumbai,,0
T003429,A0037,2026-01-17 08:15:00,97.97,food,restaurant,D_A0037,Chennai,,0
T003430,A0056,2026-01-17 08:28:00,39.02,grocery,groceries,D_A0056,Coimbatore,,0
T003431,A0485,2026-01-17 08:33:00,56.15,grocery,vegetables,D_A0485,Madurai,,0
T003432,A0062,2026-01-17 08:47:00,223.54,clothing,shoes,D_A0062,Madurai,,0
T003433,A0138,2026-01-17 09:01:00,44.76,fuel,diesel,D_A0138,Mumbai,,0
T003434,A0378,2026-01-17 09:05:00,28.53,streaming,subscription,D_A0378,Hyderabad,,0
T003435,A0184,2026-01-17 09:09:00,24.95,food,restaurant,D_A0184,Coimbatore,,0
T003436,A0271,2026-01-17 09:15:00,25.87,streaming,subscription,D_A0271,Chennai,,0
T003437,A0394,2026-01-17 09:16:00,63.82,grocery,groceries,D_A0394,Coimbatore,,0
T003438,A0472,2026-01-17 09:25:00,78.85,food,delivery,D_A0472,Coimbatore,,0
T003439,A0117,2026-01-17 09:26:00,18.82,streaming,subscription,D_A0117,Bengaluru,,0
T003440,A0269,2026-01-17 09:27:00,83.64,streaming,subscription,D_A0269,Coimbatore,,0
T003441,A0354,2026-01-17 09:33:00,64.84,transfer,p2p_transfer,D_A0354,Hyderabad,PAYEE_A0354,0
T003442,A0119,2026-01-17 09:35:00,25.59,streaming,subscription,D_A0119,Madurai,,0
T003443,A0022,2026-01-17 09:35:00,12.96,pharmacy,medicine,D_FAM_5,Madurai,,0
T003444,A0407,2026-01-17 09:37:00,91.94,grocery,groceries,D_A0407,Bengaluru,,0
T003445,A0277,2026-01-17 09:56:00,121.9,clothing,shoes,D_A0277,Madurai,,0
T003446,A0101,2026-01-17 10:07:00,108.96,fuel,petrol,D_A0101,Kochi,,0
T003447,A0236,2026-01-17 10:09:00,40.86,pharmacy,medicine,D_A0236,Chennai,,0
T003448,A0093,2026-01-17 10:13:00,73.72,clothing,shoes,D_A0093,Kochi,,0
T003449,A0288,2026-01-17 10:17:00,31.75,food,restaurant,D_A0288,Coimbatore,,0
T003450,A0225,2026-01-17 10:22:00,22.85,grocery,vegetables,D_A0225,Bengaluru,,0
T003451,A0056,2026-01-17 10:26:00,127.7,travel,train_ticket,D_A0056,Coimbatore,,0
T003452,A0018,2026-01-17 10:31:00,89.36,food,restaurant,D_A0018,Coimbatore,,0
T003453,A0035,2026-01-17 10:35:00,79.91,grocery,groceries,D_FAM_9,Delhi,,0
T003454,A0079,2026-01-17 10:37:00,76.0,clothing,clothes,D_A0079,Hyderabad,,0
T003455,A0088,2026-01-17 10:37:00,41.24,food,delivery,D_A0088,Bengaluru,,0
T003456,A0370,2026-01-17 10:37:00,17.45,streaming,subscription,D_A0370,Coimbatore,,0
T003457,A0111,2026-01-17 10:38:00,52.7,streaming,subscription,D_A0111,Chennai,,0
T003458,A0167,2026-01-17 10:39:00,47.4,food,restaurant,D_A0167,Chennai,,0
T003459,A0334,2026-01-17 10:40:00,310.6,travel,bus_ticket,D_A0334,Bengaluru,,0
T003460,A0149,2026-01-17 10:41:00,330.71,travel,train_ticket,D_A0149,Kochi,,0
T003461,A0446,2026-01-17 10:43:00,445.04,travel,bus_ticket,D_A0446,Madurai,,0
T003462,A0318,2026-01-17 10:55:00,7.11,streaming,subscription,D_A0318,Madurai,,0
T003463,A0484,2026-01-17 11:04:00,10.99,streaming,subscription,D_A0484,Bengaluru,,0
T003464,A0480,2026-01-17 11:13:00,196.97,fuel,petrol,D_FAM_6,Kochi,,0
T003465,A0368,2026-01-17 11:17:00,51.76,streaming,subscription,D_A0368,Coimbatore,,0
T003466,A0368,2026-01-17 11:17:00,29.34,streaming,subscription,D_A0368,Coimbatore,,0
T003467,A0421,2026-01-17 11:21:00,73.67,fuel,petrol,D_A0421,Chennai,,0
T003468,A0289,2026-01-17 11:24:00,24.86,streaming,subscription,D_A0289,Bengaluru,,0
T003469,A0272,2026-01-17 11:25:00,46.1,food,delivery,D_FAM_14,Delhi,,0
T003470,A0233,2026-01-17 11:29:00,63.69,streaming,subscription,D_A0233,Coimbatore,,0
T003471,A0250,2026-01-17 11:30:00,153.8,clothing,shoes,D_A0250,Hyderabad,,0
T003472,A0078,2026-01-17 11:32:00,60.59,clothing,clothes,D_A0078,Hyderabad,,0
T003473,A0155,2026-01-17 11:40:00,96.98,fuel,petrol,D_A0155,Coimbatore,,0
T003474,A0155,2026-01-17 11:41:00,46.17,food,restaurant,D_A0155,Coimbatore,,0
T003475,A0113,2026-01-17 11:44:00,135.39,fuel,petrol,D_FAM_3,Hyderabad,,0
T003476,A0377,2026-01-17 11:49:00,17.43,pharmacy,medicine,D_A0377,Mumbai,,0
T003477,A0100,2026-01-17 11:50:00,131.58,transfer,p2p_transfer,D_A0100,Kochi,PAYEE_A0100,0
T003478,A0286,2026-01-17 11:51:00,225.47,travel,train_ticket,D_FAM_10,Hyderabad,,0
T003479,A0042,2026-01-17 12:06:00,33.93,streaming,subscription,D_A0042,Kochi,,0
T003480,A0126,2026-01-17 12:09:00,456.07,transfer,p2p_transfer,D_A0126,Chennai,PAYEE_A0126,0
T003481,A0212,2026-01-17 12:23:00,43.08,streaming,subscription,D_OFF_1,Kochi,,0
T003482,A0043,2026-01-17 12:23:00,118.84,travel,bus_ticket,D_OFF_1,Delhi,,0
T003483,A0012,2026-01-17 12:25:00,50.36,food,restaurant,D_A0012,Chennai,,0
T003484,A0238,2026-01-17 12:25:00,38.55,food,delivery,D_A0238,Madurai,,0
T003485,A0240,2026-01-17 12:26:00,115.54,transfer,p2p_transfer,D_FAM_11,Bengaluru,PAYEE_A0240,0
T003486,A0307,2026-01-17 12:32:00,321.29,travel,train_ticket,D_A0307,Mumbai,,0
T003487,A0274,2026-01-17 12:37:00,12.09,streaming,subscription,D_A0274,Madurai,,0
T003488,A0483,2026-01-17 12:38:00,52.07,fuel,diesel,D_A0483,Delhi,,0
T003489,A0498,2026-01-17 12:45:00,128.23,clothing,clothes,D_A0498,Coimbatore,,0
T003490,A0470,2026-01-17 12:45:00,34.43,food,delivery,D_A0470,Mumbai,,0
T003491,A0379,2026-01-17 12:48:00,17.44,streaming,subscription,D_A0379,Chennai,,0
T003492,A0355,2026-01-17 12:49:00,39.59,pharmacy,medicine,D_A0355,Kochi,,0
T003493,A0029,2026-01-17 12:50:00,133.05,travel,train_ticket,D_A0029,Hyderabad,,0
T003494,A0279,2026-01-17 12:56:00,115.12,transfer,p2p_transfer,D_OFF_0,Hyderabad,PAYEE_A0279,0
T003495,A0134,2026-01-17 12:59:00,44.43,pharmacy,medicine,D_A0134,Coimbatore,,0
T003496,A0473,2026-01-17 13:03:00,22.24,pharmacy,medicine,D_A0473,Mumbai,,0
T003497,A0421,2026-01-17 13:05:00,75.47,travel,bus_ticket,D_A0421,Chennai,,0
T003498,A0475,2026-01-17 13:07:00,81.83,grocery,groceries,D_A0475,Hyderabad,,0
T003499,A0384,2026-01-17 13:12:00,16.55,streaming,subscription,D_A0384,Kochi,,0
T003500,A0328,2026-01-17 13:17:00,259.13,travel,train_ticket,D_A0328,Kochi,,0
T003501,A0269,2026-01-17 13:18:00,226.22,fuel,petrol,D_A0269,Coimbatore,,0
T003502,A0351,2026-01-17 13:18:00,109.54,fuel,petrol,D_A0351,Chennai,,0
T003503,A0433,2026-01-17 13:27:00,70.97,fuel,petrol,D_A0433,Hyderabad,,0
T003504,A0091,2026-01-17 13:30:00,140.98,grocery,groceries,D_A0091,Delhi,,0
T003505,A0354,2026-01-17 13:30:00,49.59,grocery,groceries,D_A0354,Hyderabad,,0
T003506,A0358,2026-01-17 13:33:00,26.48,streaming,subscription,D_A0358,Madurai,,0
T003507,A0193,2026-01-17 13:35:00,458.76,travel,bus_ticket,D_A0193,Kochi,,0
T003508,A0166,2026-01-17 13:36:00,106.33,pharmacy,medicine,D_A0166,Bengaluru,,0
T003509,A0437,2026-01-17 13:36:00,92.48,fuel,petrol,D_FAM_3,Chennai,,0
T003510,A0335,2026-01-17 13:42:00,45.3,food,delivery,D_A0335,Mumbai,,0
T003511,A0358,2026-01-17 13:43:00,32.4,food,restaurant,D_A0358,Madurai,,0
T003512,A0311,2026-01-17 13:44:00,22.78,pharmacy,medicine,D_A0311,Chennai,,0
T003513,A0288,2026-01-17 13:48:00,22.81,food,delivery,D_A0288,Coimbatore,,0
T003514,A0183,2026-01-17 13:51:00,29.83,grocery,groceries,D_A0183,Mumbai,,0
T003515,A0058,2026-01-17 13:51:00,50.84,pharmacy,medicine,D_A0058,Coimbatore,,0
T003516,A0043,2026-01-17 13:54:00,186.95,travel,bus_ticket,D_OFF_1,Delhi,,0
T003517,A0428,2026-01-17 13:55:00,64.34,grocery,groceries,D_A0428,Coimbatore,,0
T003518,A0068,2026-01-17 13:58:00,248.31,travel,bus_ticket,D_A0068,Madurai,,0
T003519,A0130,2026-01-17 13:59:00,42.18,food,delivery,D_A0130,Mumbai,,0
T003520,A0482,2026-01-17 14:00:00,164.55,travel,train_ticket,D_A0482,Kochi,,0
T003521,A0459,2026-01-17 14:04:00,95.92,travel,bus_ticket,D_A0459,Bengaluru,,0
T003522,A0153,2026-01-17 14:06:00,44.04,food,restaurant,D_A0153,Madurai,,0
T003523,A0435,2026-01-17 14:07:00,41.89,food,restaurant,D_A0435,Coimbatore,,0
T003524,A0348,2026-01-17 14:08:00,111.87,clothing,shoes,D_A0348,Coimbatore,,0
T003525,A0112,2026-01-17 14:11:00,77.81,fuel,diesel,D_A0112,Delhi,,0
T003526,A0043,2026-01-17 14:12:00,83.96,clothing,shoes,D_OFF_1,Delhi,,0
T003527,A0400,2026-01-17 14:13:00,73.03,pharmacy,medicine,D_A0400,Coimbatore,,0
T003528,A0004,2026-01-17 14:21:00,92.04,travel,bus_ticket,D_A0004,Chennai,,0
T003529,A0178,2026-01-17 14:21:00,35.39,pharmacy,medicine,D_A0178,Mumbai,,0
T003530,A0478,2026-01-17 14:24:00,75.02,grocery,groceries,D_A0478,Madurai,,0
T003531,A0035,2026-01-17 14:25:00,84.16,pharmacy,medicine,D_FAM_9,Madurai,,0
T003532,A0118,2026-01-17 14:28:00,197.94,fuel,diesel,D_A0118,Hyderabad,,0
T003533,A0208,2026-01-17 14:38:00,74.97,fuel,petrol,D_A0208,Hyderabad,,0
T003534,A0213,2026-01-17 14:38:00,114.54,grocery,groceries,D_A0213,Coimbatore,,0
T003535,A0255,2026-01-17 14:44:00,307.72,travel,train_ticket,D_A0255,Mumbai,,0
T003536,A0311,2026-01-17 14:45:00,39.35,pharmacy,medicine,D_A0311,Chennai,,0
T003537,A0013,2026-01-17 14:49:00,209.18,travel,bus_ticket,D_A0013,Madurai,,0
T003538,A0321,2026-01-17 14:55:00,152.01,travel,bus_ticket,D_A0321,Mumbai,,0
T003539,A0305,2026-01-17 14:55:00,124.42,fuel,petrol,D_A0305,Mumbai,,0
T003540,A0324,2026-01-17 14:57:00,44.7,grocery,groceries,D_A0324,Mumbai,,0
T003541,A0275,2026-01-17 14:57:00,35.54,food,delivery,D_FAM_5,Chennai,,0
T003542,A0078,2026-01-17 14:59:00,100.9,travel,bus_ticket,D_A0078,Hyderabad,,0
T003543,A0051,2026-01-17 14:59:00,58.45,food,delivery,D_A0051,Mumbai,,0
T003544,A0285,2026-01-17 14:59:00,426.55,travel,bus_ticket,D_A0285,Madurai,,0
T003545,A0040,2026-01-17 15:01:00,148.96,travel,train_ticket,D_A0040,Coimbatore,,0
T003546,A0160,2026-01-17 15:05:00,108.98,clothing,clothes,D_OFF_1,Delhi,,0
T003547,A0394,2026-01-17 15:10:00,127.37,transfer,p2p_transfer,D_A0394,Coimbatore,PAYEE_A0394,0
T003548,A0265,2026-01-17 15:11:00,13.54,streaming,subscription,D_A0265,Mumbai,,0
T003549,A0461,2026-01-17 15:13:00,21.86,food,delivery,D_FAM_0,Madurai,,0
T003550,A0397,2026-01-17 15:13:00,237.6,clothing,clothes,D_A0397,Chennai,,0
T003551,A0341,2026-01-17 15:22:00,270.83,travel,train_ticket,D_A0341,Madurai,,0
T003552,A0297,2026-01-17 15:26:00,120.19,clothing,shoes,D_A0297,Hyderabad,,0
T003553,A0156,2026-01-17 15:27:00,29.17,fuel,petrol,D_A0156,Delhi,,0
T003554,A0143,2026-01-17 15:31:00,50.26,clothing,clothes,D_A0143,Kochi,,0
T003555,A0091,2026-01-17 15:37:00,237.46,grocery,groceries,D_A0091,Delhi,,0
T003556,A0035,2026-01-17 15:42:00,79.18,pharmacy,medicine,D_FAM_9,Delhi,,0
T003557,A0021,2026-01-17 15:51:00,30.71,food,restaurant,D_A0021,Kochi,,0
T003558,A0458,2026-01-17 15:54:00,258.8,travel,bus_ticket,D_FAM_9,Mumbai,,0
T003559,A0053,2026-01-17 15:54:00,202.48,travel,train_ticket,D_A0053,Bengaluru,,0
T003560,A0225,2026-01-17 15:55:00,38.99,giftcards,gift_card,D_A0225,Bengaluru,,0
T003561,A0062,2026-01-17 15:59:00,26.44,streaming,subscription,D_A0062,Madurai,,0
T003562,A0216,2026-01-17 16:01:00,183.88,travel,bus_ticket,D_A0216,Delhi,,0
T003563,A0151,2026-01-17 16:03:00,58.21,transfer,p2p_transfer,D_A0151,Coimbatore,PAYEE_A0151,0
T003564,A0481,2026-01-17 16:06:00,79.54,grocery,vegetables,D_A0481,Coimbatore,,0
T003565,A0079,2026-01-17 16:09:00,38.42,food,delivery,D_A0079,Hyderabad,,0
T003566,A0101,2026-01-17 16:13:00,92.56,pharmacy,medicine,D_A0101,Kochi,,0
T003567,A0302,2026-01-17 16:16:00,11.15,food,restaurant,D_A0302,Bengaluru,,0
T003568,A0285,2026-01-17 16:17:00,525.92,travel,bus_ticket,D_A0285,Madurai,,0
T003569,A0033,2026-01-17 16:17:00,152.06,clothing,shoes,D_A0033,Coimbatore,,0
T003570,A0293,2026-01-17 16:19:00,265.04,travel,train_ticket,D_A0293,Mumbai,,0
T003571,A0274,2026-01-17 16:19:00,41.65,food,delivery,D_A0274,Madurai,,0
T003572,A0032,2026-01-17 16:23:00,46.98,pharmacy,medicine,D_A0032,Delhi,,0
T003573,A0479,2026-01-17 16:24:00,176.01,travel,train_ticket,D_A0479,Chennai,,0
T003574,A0145,2026-01-17 16:28:00,324.14,travel,bus_ticket,D_A0145,Coimbatore,,0
T003575,A0375,2026-01-17 16:28:00,62.49,pharmacy,medicine,D_A0375,Hyderabad,,0
T003576,A0273,2026-01-17 16:30:00,111.68,transfer,p2p_transfer,D_A0273,Bengaluru,PAYEE_A0273,0
T003577,A0355,2026-01-17 16:38:00,135.91,clothing,clothes,D_A0355,Madurai,,0
T003578,A0386,2026-01-17 16:40:00,36.94,grocery,vegetables,D_A0386,Coimbatore,,0
T003579,A0150,2026-01-17 16:44:00,27.43,grocery,vegetables,D_A0150,Mumbai,,0
T003580,A0346,2026-01-17 16:48:00,69.95,fuel,diesel,D_A0346,Chennai,,0
T003581,A0125,2026-01-17 16:56:00,37.74,food,delivery,D_A0125,Chennai,,0
T003582,A0048,2026-01-17 16:59:00,140.7,travel,train_ticket,D_A0048,Mumbai,,0
T003583,A0461,2026-01-17 17:05:00,35.49,pharmacy,medicine,D_FAM_0,Madurai,,0
T003584,A0497,2026-01-17 17:11:00,600.99,travel,bus_ticket,D_A0497,Chennai,,0
T003585,A0144,2026-01-17 17:14:00,58.56,grocery,groceries,D_A0144,Madurai,,0
T003586,A0357,2026-01-17 17:15:00,31.81,streaming,subscription,D_A0357,Kochi,,0
T003587,A0295,2026-01-17 17:16:00,53.34,fuel,diesel,D_A0295,Kochi,,0
T003588,R002,2026-01-17 17:18:00,237.51,giftcards,gift_card,D_RING_1,Bengaluru,,1
T003589,A0473,2026-01-17 17:18:00,15.0,food,delivery,D_A0473,Mumbai,,0
T003590,A0485,2026-01-17 17:19:00,59.79,pharmacy,medicine,D_A0485,Madurai,,0
T003591,A0406,2026-01-17 17:20:00,127.17,travel,bus_ticket,D_A0406,Coimbatore,,0
T003592,A0301,2026-01-17 17:21:00,54.79,fuel,petrol,D_A0301,Hyderabad,,0
T003593,A0317,2026-01-17 17:21:00,84.24,grocery,vegetables,D_OFF_0,Hyderabad,,0
T003594,A0318,2026-01-17 17:23:00,15.17,food,delivery,D_A0318,Bengaluru,,0
T003595,A0371,2026-01-17 17:23:00,104.4,fuel,petrol,D_A0371,Madurai,,0
T003596,R002,2026-01-17 17:25:00,259.69,prepaid,prepaid_card,D_RING_1,Bengaluru,,1
T003597,A0063,2026-01-17 17:26:00,42.05,fuel,petrol,D_A0063,Coimbatore,,0
T003598,A0116,2026-01-17 17:27:00,83.82,grocery,groceries,D_A0116,Chennai,,0
T003599,R002,2026-01-17 17:32:00,272.57,digital_goods,game_credits,D_RING_3,Bengaluru,,1
T003600,A0293,2026-01-17 17:33:00,146.22,travel,train_ticket,D_A0293,Mumbai,,0
T003601,A0003,2026-01-17 17:38:00,103.72,fuel,diesel,D_A0003,Hyderabad,,0
T003602,A0045,2026-01-17 17:44:00,56.73,pharmacy,medicine,D_A0045,Hyderabad,,0
T003603,R002,2026-01-17 17:48:00,420.91,transfer,p2p_transfer,D_RING_3,Bengaluru,PAYOUT_X,1
T003604,A0114,2026-01-17 17:49:00,92.25,grocery,vegetables,D_A0114,Mumbai,,0
T003605,A0127,2026-01-17 17:51:00,20.24,streaming,subscription,D_A0127,Delhi,,0
T003606,A0375,2026-01-17 17:53:00,119.33,fuel,petrol,D_A0375,Hyderabad,,0
T003607,A0225,2026-01-17 18:00:00,50.13,travel,bus_ticket,D_A0225,Bengaluru,,0
T003608,A0280,2026-01-17 18:03:00,42.86,food,restaurant,D_A0280,Coimbatore,,0
T003609,A0267,2026-01-17 18:12:00,23.37,food,delivery,D_OFF_1,Delhi,,0
T003610,A0129,2026-01-17 18:15:00,80.68,clothing,clothes,D_OFF_2,Delhi,,0
T003611,A0159,2026-01-17 18:25:00,34.72,grocery,vegetables,D_A0159,Delhi,,0
T003612,A0482,2026-01-17 18:30:00,32.13,grocery,vegetables,D_A0482,Chennai,,0
T003613,A0138,2026-01-17 18:34:00,62.6,clothing,shoes,D_A0138,Kochi,,0
T003614,A0087,2026-01-17 18:46:00,493.3,transfer,p2p_transfer,D_A0087,Madurai,PAYEE_A0087,0
T003615,A0264,2026-01-17 18:48:00,59.94,clothing,shoes,D_A0264,Delhi,,0
T003616,A0444,2026-01-17 18:51:00,84.68,fuel,petrol,D_A0444,Kochi,,0
T003617,A0384,2026-01-17 18:53:00,20.87,grocery,groceries,D_A0384,Hyderabad,,0
T003618,A0226,2026-01-17 19:02:00,21.58,grocery,vegetables,D_A0226,Chennai,,0
T003619,A0438,2026-01-17 19:04:00,204.49,clothing,clothes,D_A0438,Bengaluru,,0
T003620,A0288,2026-01-17 19:17:00,69.27,food,delivery,D_A0288,Coimbatore,,0
T003621,A0030,2026-01-17 19:33:00,50.49,grocery,groceries,D_A0030,Hyderabad,,0
T003622,A0312,2026-01-17 19:34:00,117.25,grocery,groceries,D_A0312,Madurai,,0
T003623,A0137,2026-01-17 19:36:00,44.18,grocery,vegetables,D_FAM_13,Hyderabad,,0
T003624,A0284,2026-01-17 19:41:00,140.53,clothing,clothes,D_A0284,Coimbatore,,0
T003625,A0012,2026-01-17 19:44:00,122.22,clothing,clothes,D_A0012,Chennai,,0
T003626,A0391,2026-01-17 19:48:00,55.41,travel,train_ticket,D_A0391,Kochi,,0
T003627,A0499,2026-01-17 19:56:00,92.15,fuel,diesel,D_A0499,Hyderabad,,0
T003628,A0097,2026-01-17 19:58:00,47.03,fuel,diesel,D_FAM_1,Delhi,,0
T003629,A0257,2026-01-17 20:10:00,32.98,food,restaurant,D_A0257,Coimbatore,,0
T003630,A0378,2026-01-17 20:21:00,43.63,pharmacy,medicine,D_A0378,Hyderabad,,0
T003631,A0120,2026-01-17 20:52:00,82.26,grocery,vegetables,D_A0120,Hyderabad,,0
T003632,A0292,2026-01-17 21:47:00,45.67,clothing,shoes,D_A0292,Bengaluru,,0
T003633,A0100,2026-01-17 22:51:00,70.43,clothing,shoes,D_A0100,Kochi,,0
T003634,A0162,2026-01-17 23:22:00,35.66,food,restaurant,D_A0162,Coimbatore,,0
T003635,A0262,2026-01-17 23:40:00,33.6,travel,train_ticket,D_A0262,Coimbatore,,0
T003636,A0445,2026-01-17 23:44:00,306.19,travel,train_ticket,D_A0445,Coimbatore,,0
T003637,A0040,2026-01-17 23:46:00,39.03,food,delivery,D_A0040,Chennai,,0
T003638,A0049,2026-01-18 01:49:00,850.37,travel,flight_ticket,D_STOLEN_10,Hyderabad,,1
T003639,A0345,2026-01-18 07:02:00,91.42,grocery,groceries,D_A0345,Bengaluru,,0
T003640,A0332,2026-01-18 07:10:00,33.66,food,restaurant,D_A0332,Delhi,,0
T003641,A0434,2026-01-18 07:18:00,73.83,travel,bus_ticket,D_A0434,Delhi,,0
T003642,A0168,2026-01-18 07:19:00,53.51,food,restaurant,D_A0168,Madurai,,0
T003643,A0201,2026-01-18 07:23:00,24.59,food,delivery,D_A0201,Coimbatore,,0
T003644,A0011,2026-01-18 07:23:00,26.58,streaming,subscription,D_A0011,Delhi,,0
T003645,A0430,2026-01-18 07:26:00,28.86,streaming,subscription,D_A0430,Kochi,,0
T003646,A0399,2026-01-18 07:31:00,26.91,streaming,subscription,D_A0399,Hyderabad,,0
T003647,A0429,2026-01-18 07:31:00,25.7,streaming,subscription,D_A0429,Madurai,,0
T003648,A0056,2026-01-18 07:49:00,114.57,travel,bus_ticket,D_A0056,Coimbatore,,0
T003649,A0051,2026-01-18 07:54:00,79.52,food,delivery,D_A0051,Mumbai,,0
T003650,A0315,2026-01-18 08:01:00,15.93,streaming,subscription,D_A0315,Madurai,,0
T003651,A0263,2026-01-18 08:06:00,217.64,clothing,shoes,D_A0263,Mumbai,,0
T003652,A0244,2026-01-18 08:11:00,151.6,travel,train_ticket,D_A0244,Coimbatore,,0
T003653,A0024,2026-01-18 08:21:00,267.12,fuel,diesel,D_A0024,Delhi,,0
T003654,A0427,2026-01-18 08:39:00,97.18,fuel,diesel,D_A0427,Coimbatore,,0
T003655,A0326,2026-01-18 08:53:00,69.36,grocery,groceries,D_A0326,Bengaluru,,0
T003656,A0426,2026-01-18 08:54:00,56.76,fuel,petrol,D_A0426,Hyderabad,,0
T003657,A0454,2026-01-18 09:01:00,28.42,pharmacy,medicine,D_A0454,Kochi,,0
T003658,A0430,2026-01-18 09:11:00,64.12,food,delivery,D_A0430,Kochi,,0
T003659,A0109,2026-01-18 09:15:00,39.57,giftcards,gift_card,D_FAM_13,Coimbatore,,0
T003660,A0190,2026-01-18 09:21:00,141.29,clothing,shoes,D_A0190,Madurai,,0
T003661,A0320,2026-01-18 09:28:00,73.37,clothing,clothes,D_FAM_4,Madurai,,0
T003662,A0325,2026-01-18 09:35:00,47.44,grocery,vegetables,D_OFF_2,Bengaluru,,0
T003663,A0032,2026-01-18 09:35:00,35.27,grocery,groceries,D_A0032,Delhi,,0
T003664,A0296,2026-01-18 09:40:00,122.17,grocery,vegetables,D_A0296,Hyderabad,,0
T003665,A0198,2026-01-18 09:46:00,131.44,clothing,clothes,D_A0198,Coimbatore,,0
T003666,A0076,2026-01-18 09:49:00,99.74,clothing,shoes,D_A0076,Madurai,,0
T003667,A0282,2026-01-18 09:52:00,133.57,clothing,clothes,D_A0282,Hyderabad,,0
T003668,A0220,2026-01-18 09:54:00,44.45,grocery,vegetables,D_A0220,Coimbatore,,0
T003669,A0172,2026-01-18 10:12:00,122.47,clothing,shoes,D_A0172,Delhi,,0
T003670,A0316,2026-01-18 10:14:00,333.49,travel,bus_ticket,D_FAM_14,Madurai,,0
T003671,A0091,2026-01-18 10:22:00,38.15,grocery,groceries,D_A0091,Delhi,,0
T003672,A0260,2026-01-18 10:31:00,170.41,grocery,vegetables,D_A0260,Hyderabad,,0
T003673,A0143,2026-01-18 10:41:00,6.32,streaming,subscription,D_A0143,Kochi,,0
T003674,A0262,2026-01-18 10:41:00,116.36,clothing,clothes,D_A0262,Coimbatore,,0
T003675,A0401,2026-01-18 10:42:00,206.75,travel,train_ticket,D_A0401,Madurai,,0
T003676,A0315,2026-01-18 10:44:00,13.67,streaming,subscription,D_A0315,Coimbatore,,0
T003677,R003,2026-01-18 10:44:00,173.62,giftcards,gift_card,D_RING_3,Madurai,,1
T003678,R003,2026-01-18 10:51:00,238.52,prepaid,prepaid_card,D_RING_1,Madurai,,1
T003679,R003,2026-01-18 10:58:00,191.58,digital_goods,game_credits,D_RING_1,Madurai,,1
T003680,A0113,2026-01-18 11:01:00,88.83,pharmacy,medicine,D_FAM_3,Hyderabad,,0
T003681,A0279,2026-01-18 11:02:00,243.17,fuel,diesel,D_OFF_0,Hyderabad,,0
T003682,A0360,2026-01-18 11:02:00,52.55,grocery,vegetables,D_A0360,Mumbai,,0
T003683,A0270,2026-01-18 11:04:00,87.18,pharmacy,medicine,D_A0270,Kochi,,0
T003684,R003,2026-01-18 11:14:00,429.37,transfer,p2p_transfer,D_RING_3,Madurai,PAYOUT_X,1
T003685,A0188,2026-01-18 11:14:00,103.54,travel,bus_ticket,D_A0188,Chennai,,0
T003686,A0166,2026-01-18 11:27:00,74.55,pharmacy,medicine,D_A0166,Bengaluru,,0
T003687,A0214,2026-01-18 11:28:00,7.31,food,delivery,D_A0214,Chennai,,0
T003688,A0263,2026-01-18 11:29:00,667.99,travel,bus_ticket,D_A0263,Coimbatore,,0
T003689,A0092,2026-01-18 11:36:00,56.06,pharmacy,medicine,D_A0092,Chennai,,0
T003690,A0344,2026-01-18 11:39:00,47.61,fuel,diesel,D_A0344,Kochi,,0
T003691,A0087,2026-01-18 11:42:00,143.92,food,delivery,D_A0087,Madurai,,0
T003692,A0376,2026-01-18 11:44:00,160.39,pharmacy,medicine,D_A0376,Hyderabad,,0
T003693,A0058,2026-01-18 11:55:00,122.03,clothing,shoes,D_A0058,Delhi,,0
T003694,A0219,2026-01-18 11:56:00,23.26,streaming,subscription,D_A0219,Hyderabad,,0
T003695,A0011,2026-01-18 11:58:00,26.17,streaming,subscription,D_A0011,Delhi,,0
T003696,A0154,2026-01-18 11:59:00,61.4,transfer,p2p_transfer,D_A0154,Mumbai,PAYEE_A0154,0
T003697,A0427,2026-01-18 12:01:00,41.85,clothing,clothes,D_A0427,Coimbatore,,0
T003698,A0448,2026-01-18 12:02:00,37.23,streaming,subscription,D_A0448,Madurai,,0
T003699,A0227,2026-01-18 12:03:00,92.03,fuel,diesel,D_A0227,Madurai,,0
T003700,A0385,2026-01-18 12:06:00,129.16,travel,bus_ticket,D_A0385,Kochi,,0
T003701,A0121,2026-01-18 12:09:00,46.4,pharmacy,medicine,D_A0121,Hyderabad,,0
T003702,A0330,2026-01-18 12:13:00,39.48,pharmacy,medicine,D_A0330,Coimbatore,,0
T003703,A0292,2026-01-18 12:14:00,43.42,grocery,groceries,D_A0292,Kochi,,0
T003704,A0014,2026-01-18 12:21:00,69.9,transfer,p2p_transfer,D_FAM_2,Coimbatore,PAYEE_A0014,0
T003705,A0377,2026-01-18 12:22:00,33.77,fuel,diesel,D_A0377,Mumbai,,0
T003706,A0097,2026-01-18 12:24:00,100.34,travel,train_ticket,D_FAM_1,Delhi,,0
T003707,A0477,2026-01-18 12:25:00,54.22,food,delivery,D_A0477,Hyderabad,,0
T003708,A0370,2026-01-18 12:26:00,24.76,streaming,subscription,D_A0370,Coimbatore,,0
T003709,A0441,2026-01-18 12:27:00,30.11,food,restaurant,D_A0441,Hyderabad,,0
T003710,A0000,2026-01-18 12:39:00,53.92,food,restaurant,D_A0000,Madurai,,0
T003711,A0291,2026-01-18 12:41:00,78.46,clothing,clothes,D_A0291,Mumbai,,0
T003712,A0363,2026-01-18 12:44:00,80.68,transfer,p2p_transfer,D_A0363,Coimbatore,PAYEE_A0363,0
T003713,A0465,2026-01-18 12:47:00,76.56,grocery,groceries,D_A0465,Delhi,,0
T003714,A0398,2026-01-18 12:48:00,16.58,streaming,subscription,D_OFF_1,Kochi,,0
T003715,A0336,2026-01-18 12:49:00,83.95,grocery,vegetables,D_A0336,Bengaluru,,0
T003716,A0425,2026-01-18 12:50:00,13.45,streaming,subscription,D_A0425,Madurai,,0
T003717,A0422,2026-01-18 12:51:00,163.76,travel,bus_ticket,D_A0422,Delhi,,0
T003718,A0038,2026-01-18 12:56:00,37.97,grocery,vegetables,D_A0038,Madurai,,0
T003719,A0032,2026-01-18 13:01:00,16.9,pharmacy,medicine,D_A0032,Delhi,,0
T003720,A0459,2026-01-18 13:01:00,47.32,fuel,petrol,D_A0459,Delhi,,0
T003721,A0441,2026-01-18 13:02:00,85.01,fuel,diesel,D_A0441,Hyderabad,,0
T003722,A0494,2026-01-18 13:07:00,117.01,fuel,petrol,D_A0494,Delhi,,0
T003723,A0467,2026-01-18 13:08:00,141.12,travel,train_ticket,D_A0467,Delhi,,0
T003724,A0260,2026-01-18 13:11:00,138.95,food,delivery,D_A0260,Hyderabad,,0
T003725,A0178,2026-01-18 13:11:00,23.72,streaming,subscription,D_A0178,Mumbai,,0
T003726,A0403,2026-01-18 13:15:00,11.22,streaming,subscription,D_A0403,Bengaluru,,0
T003727,A0058,2026-01-18 13:16:00,150.45,clothing,clothes,D_A0058,Coimbatore,,0
T003728,A0157,2026-01-18 13:16:00,23.12,giftcards,gift_card,D_A0157,Hyderabad,,0
T003729,A0091,2026-01-18 13:17:00,128.95,grocery,groceries,D_A0091,Delhi,,0
T003730,A0448,2026-01-18 13:20:00,83.26,food,delivery,D_A0448,Madurai,,0
T003731,A0150,2026-01-18 13:20:00,26.33,grocery,groceries,D_A0150,Mumbai,,0
T003732,A0121,2026-01-18 13:24:00,39.82,pharmacy,medicine,D_A0121,Hyderabad,,0
T003733,A0140,2026-01-18 13:26:00,43.21,streaming,subscription,D_A0140,Madurai,,0
T003734,A0493,2026-01-18 13:26:00,447.52,travel,bus_ticket,D_A0493,Coimbatore,,0
T003735,A0007,2026-01-18 13:28:00,14.24,food,delivery,D_A0007,Bengaluru,,0
T003736,A0104,2026-01-18 13:36:00,44.74,streaming,subscription,D_A0104,Delhi,,0
T003737,A0363,2026-01-18 13:39:00,255.8,travel,bus_ticket,D_A0363,Coimbatore,,0
T003738,A0347,2026-01-18 13:40:00,112.48,travel,bus_ticket,D_A0347,Chennai,,0
T003739,A0204,2026-01-18 13:46:00,67.87,grocery,groceries,D_A0204,Kochi,,0
T003740,A0351,2026-01-18 13:51:00,17.19,streaming,subscription,D_A0351,Chennai,,0
T003741,A0145,2026-01-18 13:53:00,84.44,food,delivery,D_A0145,Coimbatore,,0
T003742,A0214,2026-01-18 13:58:00,10.07,food,delivery,D_A0214,Chennai,,0
T003743,A0268,2026-01-18 13:59:00,168.51,travel,bus_ticket,D_A0268,Chennai,,0
T003744,A0298,2026-01-18 14:00:00,29.41,streaming,subscription,D_A0298,Delhi,,0
T003745,A0198,2026-01-18 14:01:00,54.39,pharmacy,medicine,D_A0198,Coimbatore,,0
T003746,A0026,2026-01-18 14:05:00,18.36,streaming,subscription,D_A0026,Chennai,,0
T003747,A0132,2026-01-18 14:13:00,145.75,grocery,vegetables,D_A0132,Delhi,,0
T003748,A0155,2026-01-18 14:19:00,222.09,travel,train_ticket,D_A0155,Coimbatore,,0
T003749,A0197,2026-01-18 14:19:00,43.38,food,restaurant,D_A0197,Bengaluru,,0
T003750,A0443,2026-01-18 14:24:00,85.65,food,restaurant,D_A0443,Chennai,,0
T003751,A0444,2026-01-18 14:30:00,320.71,travel,train_ticket,D_A0444,Kochi,,0
T003752,A0205,2026-01-18 14:32:00,115.51,travel,bus_ticket,D_A0205,Hyderabad,,0
T003753,A0324,2026-01-18 14:34:00,55.15,grocery,vegetables,D_A0324,Mumbai,,0
T003754,A0209,2026-01-18 14:42:00,15.47,streaming,subscription,D_A0209,Kochi,,0
T003755,A0128,2026-01-18 14:44:00,155.3,clothing,shoes,D_A0128,Madurai,,0
T003756,A0261,2026-01-18 14:47:00,97.06,clothing,clothes,D_A0261,Delhi,,0
T003757,A0369,2026-01-18 14:47:00,177.24,clothing,clothes,D_A0369,Mumbai,,0
T003758,A0060,2026-01-18 14:53:00,31.03,streaming,subscription,D_A0060,Madurai,,0
T003759,A0210,2026-01-18 15:00:00,69.06,grocery,vegetables,D_A0210,Chennai,,0
T003760,A0153,2026-01-18 15:00:00,16.96,food,delivery,D_A0153,Madurai,,0
T003761,A0447,2026-01-18 15:03:00,36.77,food,restaurant,D_A0447,Hyderabad,,0
T003762,A0115,2026-01-18 15:07:00,337.53,travel,train_ticket,D_A0115,Kochi,,0
T003763,A0276,2026-01-18 15:07:00,30.99,grocery,groceries,D_A0276,Delhi,,0
T003764,A0328,2026-01-18 15:11:00,123.46,pharmacy,medicine,D_A0328,Coimbatore,,0
T003765,A0319,2026-01-18 15:13:00,75.09,pharmacy,medicine,D_A0319,Madurai,,0
T003766,A0197,2026-01-18 15:18:00,55.27,grocery,vegetables,D_A0197,Bengaluru,,0
T003767,A0361,2026-01-18 15:20:00,72.95,pharmacy,medicine,D_A0361,Chennai,,0
T003768,A0358,2026-01-18 15:27:00,30.03,streaming,subscription,D_A0358,Madurai,,0
T003769,A0289,2026-01-18 15:35:00,22.51,streaming,subscription,D_A0289,Bengaluru,,0
T003770,A0310,2026-01-18 15:35:00,69.6,food,delivery,D_A0310,Chennai,,0
T003771,A0318,2026-01-18 15:37:00,10.13,streaming,subscription,D_A0318,Bengaluru,,0
T003772,A0483,2026-01-18 15:39:00,9.68,streaming,subscription,D_A0483,Coimbatore,,0
T003773,A0188,2026-01-18 15:43:00,28.74,food,restaurant,D_A0188,Chennai,,0
T003774,A0459,2026-01-18 15:46:00,29.63,pharmacy,medicine,D_A0459,Delhi,,0
T003775,A0334,2026-01-18 15:51:00,307.3,travel,train_ticket,D_A0334,Madurai,,0
T003776,A0403,2026-01-18 15:53:00,16.65,streaming,subscription,D_A0403,Bengaluru,,0
T003777,A0014,2026-01-18 15:56:00,50.0,grocery,vegetables,D_FAM_2,Coimbatore,,0
T003778,A0124,2026-01-18 16:00:00,46.07,streaming,subscription,D_A0124,Hyderabad,,0
T003779,A0215,2026-01-18 16:00:00,67.09,fuel,petrol,D_A0215,Madurai,,0
T003780,A0428,2026-01-18 16:00:00,93.31,grocery,vegetables,D_A0428,Coimbatore,,0
T003781,A0104,2026-01-18 16:03:00,30.12,streaming,subscription,D_A0104,Delhi,,0
T003782,A0323,2026-01-18 16:06:00,85.11,fuel,diesel,D_A0323,Madurai,,0
T003783,A0136,2026-01-18 16:14:00,27.74,streaming,subscription,D_FAM_0,Chennai,,0
T003784,A0300,2026-01-18 16:17:00,7.1,streaming,subscription,D_FAM_12,Delhi,,0
T003785,A0298,2026-01-18 16:19:00,28.86,streaming,subscription,D_A0298,Chennai,,0
T003786,A0420,2026-01-18 16:25:00,151.92,fuel,diesel,D_OFF_0,Coimbatore,,0
T003787,A0340,2026-01-18 16:27:00,63.36,pharmacy,medicine,D_A0340,Madurai,,0
T003788,A0085,2026-01-18 16:28:00,158.81,travel,bus_ticket,D_A0085,Delhi,,0
T003789,A0016,2026-01-18 16:30:00,63.53,streaming,subscription,D_FAM_12,Chennai,,0
T003790,A0309,2026-01-18 16:34:00,48.21,grocery,vegetables,D_A0309,Delhi,,0
T003791,A0397,2026-01-18 16:37:00,220.68,clothing,shoes,D_A0397,Chennai,,0
T003792,A0084,2026-01-18 16:37:00,29.54,grocery,vegetables,D_A0084,Hyderabad,,0
T003793,A0424,2026-01-18 16:37:00,121.47,fuel,petrol,D_A0424,Bengaluru,,0
T003794,A0206,2026-01-18 16:38:00,194.23,pharmacy,medicine,D_A0206,Hyderabad,,0
T003795,A0100,2026-01-18 16:40:00,20.3,streaming,subscription,D_A0100,Kochi,,0
T003796,A0201,2026-01-18 16:44:00,79.19,transfer,p2p_transfer,D_A0201,Coimbatore,PAYEE_A0201,0
T003797,A0416,2026-01-18 16:46:00,81.5,fuel,diesel,D_A0416,Hyderabad,,0
T003798,A0385,2026-01-18 16:50:00,64.5,fuel,petrol,D_A0385,Kochi,,0
T003799,A0302,2026-01-18 16:55:00,10.73,grocery,vegetables,D_A0302,Kochi,,0
T003800,A0444,2026-01-18 16:55:00,92.52,fuel,diesel,D_A0444,Kochi,,0
T003801,A0012,2026-01-18 16:58:00,51.17,food,restaurant,D_A0012,Chennai,,0
T003802,A0163,2026-01-18 16:59:00,80.16,food,restaurant,D_FAM_5,Chennai,,0
T003803,A0266,2026-01-18 17:05:00,72.79,pharmacy,medicine,D_A0266,Hyderabad,,0
T003804,A0498,2026-01-18 17:06:00,111.66,clothing,clothes,D_A0498,Coimbatore,,0
T003805,A0128,2026-01-18 17:15:00,361.69,clothing,shoes,D_A0128,Madurai,,0
T003806,A0341,2026-01-18 17:18:00,452.26,travel,train_ticket,D_A0341,Madurai,,0
T003807,A0368,2026-01-18 17:27:00,139.5,streaming,subscription,D_A0368,Coimbatore,,0
T003808,A0282,2026-01-18 17:28:00,29.63,streaming,subscription,D_A0282,Hyderabad,,0
T003809,A0248,2026-01-18 17:37:00,66.05,clothing,clothes,D_A0248,Mumbai,,0
T003810,A0148,2026-01-18 17:38:00,86.85,fuel,diesel,D_A0148,Delhi,,0
T003811,A0035,2026-01-18 17:42:00,101.82,pharmacy,medicine,D_FAM_9,Delhi,,0
T003812,A0186,2026-01-18 17:44:00,16.27,food,delivery,D_A0186,Kochi,,0
T003813,A0326,2026-01-18 17:46:00,43.07,streaming,subscription,D_A0326,Bengaluru,,0
T003814,A0094,2026-01-18 17:46:00,5.36,streaming,subscription,D_A0094,Bengaluru,,0
T003815,A0284,2026-01-18 17:48:00,135.54,clothing,shoes,D_A0284,Coimbatore,,0
T003816,A0025,2026-01-18 17:49:00,33.4,food,restaurant,D_A0025,Hyderabad,,0
T003817,A0254,2026-01-18 17:51:00,36.58,fuel,petrol,D_A0254,Delhi,,0
T003818,A0304,2026-01-18 17:55:00,40.95,pharmacy,medicine,D_A0304,Hyderabad,,0
T003819,A0392,2026-01-18 18:04:00,70.37,pharmacy,medicine,D_A0392,Chennai,,0
T003820,A0410,2026-01-18 18:12:00,160.29,travel,train_ticket,D_A0410,Mumbai,,0
T003821,A0039,2026-01-18 18:15:00,38.78,fuel,diesel,D_A0039,Madurai,,0
T003822,A0057,2026-01-18 18:39:00,600.15,travel,bus_ticket,D_OFF_0,Mumbai,,0
T003823,A0223,2026-01-18 18:49:00,189.08,travel,bus_ticket,D_A0223,Hyderabad,,0
T003824,A0236,2026-01-18 18:55:00,36.21,pharmacy,medicine,D_A0236,Chennai,,0
T003825,A0205,2026-01-18 19:16:00,14.92,food,delivery,D_A0205,Hyderabad,,0
T003826,A0337,2026-01-18 19:23:00,254.51,fuel,petrol,D_A0337,Coimbatore,,0
T003827,A0495,2026-01-18 19:37:00,15.46,streaming,subscription,D_A0495,Chennai,,0
T003828,A0493,2026-01-18 19:37:00,71.81,streaming,subscription,D_A0493,Coimbatore,,0
T003829,A0194,2026-01-18 19:44:00,194.43,clothing,clothes,D_A0194,Bengaluru,,0
T003830,A0016,2026-01-18 19:58:00,146.63,grocery,vegetables,D_FAM_12,Chennai,,0
T003831,A0229,2026-01-18 20:03:00,43.65,streaming,subscription,D_A0229,Bengaluru,,0
T003832,A0188,2026-01-18 20:24:00,81.71,clothing,shoes,D_A0188,Chennai,,0
T003833,A0346,2026-01-18 20:29:00,153.35,fuel,petrol,D_A0346,Mumbai,,0
T003834,A0197,2026-01-18 20:37:00,66.23,pharmacy,medicine,D_A0197,Bengaluru,,0
T003835,A0170,2026-01-18 20:50:00,67.78,grocery,groceries,D_A0170,Kochi,,0
T003836,A0041,2026-01-18 21:10:00,10.65,food,restaurant,D_FAM_6,Hyderabad,,0
T003837,A0278,2026-01-18 21:14:00,45.18,food,restaurant,D_A0278,Madurai,,0
T003838,A0462,2026-01-18 21:41:00,23.98,food,delivery,D_A0462,Coimbatore,,0
T003839,A0438,2026-01-18 21:53:00,53.43,streaming,subscription,D_A0438,Bengaluru,,0
T003840,A0322,2026-01-18 23:06:00,181.43,travel,train_ticket,D_A0322,Madurai,,0
T003841,A0009,2026-01-18 23:42:00,87.17,pharmacy,medicine,D_A0009,Mumbai,,0
T003842,A0009,2026-01-18 23:45:00,267.03,clothing,clothes,D_A0009,Mumbai,,0
T003843,A0282,2026-01-19 04:57:00,2512.87,giftcards,gift_card,D_STOLEN_25,Delhi,,1
T003844,A0282,2026-01-19 05:09:00,1042.22,electronics,gift_card,D_STOLEN_25,Delhi,,1
T003845,A0145,2026-01-19 07:02:00,61.85,food,delivery,D_A0145,Coimbatore,,0
T003846,A0317,2026-01-19 07:04:00,60.73,grocery,groceries,D_OFF_0,Hyderabad,,0
T003847,A0436,2026-01-19 07:15:00,85.51,fuel,petrol,D_A0436,Bengaluru,,0
T003848,A0065,2026-01-19 07:15:00,39.07,grocery,vegetables,D_A0065,Chennai,,0
T003849,A0285,2026-01-19 07:18:00,201.02,fuel,petrol,D_A0285,Madurai,,0
T003850,A0245,2026-01-19 07:19:00,97.88,fuel,diesel,D_A0245,Mumbai,,0
T003851,A0441,2026-01-19 07:24:00,45.74,food,delivery,D_A0441,Hyderabad,,0
T003852,A0384,2026-01-19 07:27:00,20.35,streaming,subscription,D_A0384,Kochi,,0
T003853,A0193,2026-01-19 07:35:00,223.99,fuel,petrol,D_A0193,Kochi,,0
T003854,A0369,2026-01-19 07:43:00,264.4,travel,train_ticket,D_A0369,Mumbai,,0
T003855,A0048,2026-01-19 07:47:00,86.29,travel,train_ticket,D_A0048,Mumbai,,0
T003856,A0381,2026-01-19 07:50:00,41.18,food,delivery,D_A0381,Chennai,,0
T003857,A0180,2026-01-19 07:52:00,13.77,streaming,subscription,D_A0180,Chennai,,0
T003858,A0351,2026-01-19 07:54:00,11.78,streaming,subscription,D_A0351,Chennai,,0
T003859,A0158,2026-01-19 07:57:00,109.51,clothing,clothes,D_A0158,Mumbai,,0
T003860,A0326,2026-01-19 07:58:00,70.19,food,delivery,D_A0326,Bengaluru,,0
T003861,A0312,2026-01-19 07:58:00,85.2,pharmacy,medicine,D_A0312,Madurai,,0
T003862,A0245,2026-01-19 08:02:00,67.08,transfer,p2p_transfer,D_A0245,Mumbai,PAYEE_A0245,0
T003863,A0075,2026-01-19 08:07:00,150.36,grocery,groceries,D_A0075,Kochi,,0
T003864,A0067,2026-01-19 08:09:00,13.72,food,restaurant,D_A0067,Madurai,,0
T003865,A0189,2026-01-19 08:10:00,43.39,grocery,groceries,D_A0189,Delhi,,0
T003866,A0394,2026-01-19 08:25:00,142.09,grocery,groceries,D_A0394,Coimbatore,,0
T003867,A0278,2026-01-19 08:27:00,256.83,transfer,p2p_transfer,D_A0278,Madurai,PAYEE_A0278,0
T003868,A0028,2026-01-19 08:29:00,19.06,streaming,subscription,D_A0028,Bengaluru,,0
T003869,A0174,2026-01-19 08:42:00,135.9,travel,train_ticket,D_A0174,Kochi,,0
T003870,A0090,2026-01-19 08:52:00,30.28,grocery,vegetables,D_A0090,Chennai,,0
T003871,A0234,2026-01-19 09:08:00,76.8,fuel,petrol,D_A0234,Coimbatore,,0
T003872,A0472,2026-01-19 09:16:00,59.42,food,delivery,D_A0472,Coimbatore,,0
T003873,A0290,2026-01-19 09:24:00,190.01,travel,bus_ticket,D_OFF_2,Bengaluru,,0
T003874,A0217,2026-01-19 09:27:00,199.31,fuel,petrol,D_A0217,Chennai,,0
T003875,A0186,2026-01-19 09:35:00,16.2,food,delivery,D_A0186,Kochi,,0
T003876,A0097,2026-01-19 09:36:00,56.75,fuel,petrol,D_FAM_1,Delhi,,0
T003877,A0045,2026-01-19 09:50:00,46.56,pharmacy,medicine,D_A0045,Hyderabad,,0
T003878,A0158,2026-01-19 10:05:00,106.51,clothing,shoes,D_A0158,Mumbai,,0
T003879,A0296,2026-01-19 10:09:00,53.14,grocery,vegetables,D_A0296,Hyderabad,,0
T003880,A0020,2026-01-19 10:17:00,192.34,fuel,petrol,D_A0020,Bengaluru,,0
T003881,A0206,2026-01-19 10:18:00,144.13,pharmacy,medicine,D_A0206,Hyderabad,,0
T003882,A0209,2026-01-19 10:27:00,40.25,fuel,diesel,D_A0209,Kochi,,0
T003883,A0107,2026-01-19 10:32:00,93.66,clothing,clothes,D_A0107,Madurai,,0
T003884,A0067,2026-01-19 10:36:00,50.86,giftcards,gift_card,D_A0067,Madurai,,0
T003885,A0236,2026-01-19 10:41:00,47.15,transfer,p2p_transfer,D_A0236,Chennai,PAYEE_A0236,0
T003886,A0247,2026-01-19 10:48:00,42.62,streaming,subscription,D_A0247,Coimbatore,,0
T003887,A0294,2026-01-19 10:54:00,48.18,fuel,diesel,D_A0294,Chennai,,0
T003888,A0101,2026-01-19 10:56:00,67.98,grocery,vegetables,D_A0101,Kochi,,0
T003889,A0275,2026-01-19 10:56:00,115.85,clothing,shoes,D_FAM_5,Chennai,,0
T003890,A0115,2026-01-19 11:04:00,467.82,travel,train_ticket,D_A0115,Kochi,,0
T003891,A0073,2026-01-19 11:05:00,87.33,clothing,clothes,D_A0073,Bengaluru,,0
T003892,A0149,2026-01-19 11:09:00,93.3,food,restaurant,D_A0149,Madurai,,0
T003893,A0069,2026-01-19 11:16:00,118.43,food,restaurant,D_A0069,Chennai,,0
T003894,A0284,2026-01-19 11:19:00,109.59,clothing,clothes,D_A0284,Coimbatore,,0
T003895,A0389,2026-01-19 11:20:00,163.68,travel,train_ticket,D_A0389,Coimbatore,,0
T003896,A0261,2026-01-19 11:21:00,46.58,grocery,vegetables,D_A0261,Delhi,,0
T003897,A0445,2026-01-19 11:22:00,60.1,food,restaurant,D_A0445,Coimbatore,,0
T003898,A0212,2026-01-19 11:23:00,284.67,travel,train_ticket,D_OFF_1,Kochi,,0
T003899,A0028,2026-01-19 11:33:00,88.12,transfer,p2p_transfer,D_A0028,Bengaluru,PAYEE_A0028,0
T003900,A0214,2026-01-19 11:34:00,29.3,clothing,clothes,D_A0214,Kochi,,0
T003901,A0217,2026-01-19 11:39:00,362.1,clothing,shoes,D_A0217,Chennai,,0
T003902,A0194,2026-01-19 11:43:00,205.23,clothing,shoes,D_FAM_2,Bengaluru,,0
T003903,A0408,2026-01-19 11:51:00,110.05,clothing,clothes,D_A0408,Kochi,,0
T003904,A0271,2026-01-19 11:51:00,25.68,streaming,subscription,D_A0271,Chennai,,0
T003905,A0382,2026-01-19 11:53:00,97.36,fuel,petrol,D_A0382,Bengaluru,,0
T003906,A0152,2026-01-19 11:57:00,134.96,travel,train_ticket,D_A0152,Hyderabad,,0
T003907,A0063,2026-01-19 11:59:00,94.39,fuel,petrol,D_A0063,Coimbatore,,0
T003908,A0132,2026-01-19 12:00:00,262.22,clothing,shoes,D_A0132,Delhi,,0
T003909,A0018,2026-01-19 12:01:00,144.8,food,delivery,D_A0018,Coimbatore,,0
T003910,A0024,2026-01-19 12:02:00,233.06,fuel,diesel,D_A0024,Hyderabad,,0
T003911,A0157,2026-01-19 12:03:00,387.77,travel,bus_ticket,D_A0157,Hyderabad,,0
T003912,A0190,2026-01-19 12:08:00,95.28,pharmacy,medicine,D_FAM_13,Madurai,,0
T003913,A0480,2026-01-19 12:09:00,159.73,grocery,vegetables,D_FAM_6,Kochi,,0
T003914,A0405,2026-01-19 12:09:00,74.35,fuel,petrol,D_A0405,Kochi,,0
T003915,A0000,2026-01-19 12:10:00,124.49,fuel,diesel,D_A0000,Madurai,,0
T003916,A0309,2026-01-19 12:11:00,23.85,streaming,subscription,D_A0309,Delhi,,0
T003917,A0425,2026-01-19 12:17:00,89.97,grocery,groceries,D_A0425,Madurai,,0
T003918,A0315,2026-01-19 12:18:00,64.31,grocery,vegetables,D_A0315,Madurai,,0
T003919,A0428,2026-01-19 12:19:00,38.14,food,delivery,D_A0428,Coimbatore,,0
T003920,A0099,2026-01-19 12:20:00,110.82,transfer,p2p_transfer,D_A0099,Kochi,PAYEE_A0099,0
T003921,A0283,2026-01-19 12:24:00,5.97,streaming,subscription,D_A0283,Kochi,,0
T003922,A0258,2026-01-19 12:24:00,172.0,travel,bus_ticket,D_A0258,Bengaluru,,0
T003923,A0215,2026-01-19 12:29:00,59.08,grocery,vegetables,D_A0215,Madurai,,0
T003924,A0027,2026-01-19 12:30:00,24.71,streaming,subscription,D_A0027,Mumbai,,0
T003925,A0274,2026-01-19 12:30:00,18.74,streaming,subscription,D_A0274,Coimbatore,,0
T003926,A0480,2026-01-19 12:35:00,125.97,grocery,groceries,D_A0480,Kochi,,0
T003927,A0225,2026-01-19 12:36:00,24.53,grocery,vegetables,D_A0225,Bengaluru,,0
T003928,A0379,2026-01-19 12:44:00,50.04,grocery,vegetables,D_A0379,Chennai,,0
T003929,A0494,2026-01-19 12:51:00,272.15,travel,bus_ticket,D_A0494,Delhi,,0
T003930,A0477,2026-01-19 12:52:00,97.72,pharmacy,medicine,D_A0477,Hyderabad,,0
T003931,A0370,2026-01-19 12:54:00,53.13,fuel,diesel,D_A0370,Coimbatore,,0
T003932,A0225,2026-01-19 13:02:00,83.32,travel,bus_ticket,D_A0225,Bengaluru,,0
T003933,A0237,2026-01-19 13:07:00,55.22,fuel,diesel,D_FAM_3,Madurai,,0
T003934,A0438,2026-01-19 13:11:00,461.11,travel,train_ticket,D_A0438,Bengaluru,,0
T003935,A0480,2026-01-19 13:16:00,177.61,fuel,petrol,D_FAM_6,Kochi,,0
T003936,A0475,2026-01-19 13:18:00,116.11,grocery,vegetables,D_A0475,Hyderabad,,0
T003937,A0180,2026-01-19 13:19:00,80.17,grocery,vegetables,D_A0180,Chennai,,0
T003938,A0313,2026-01-19 13:20:00,16.34,food,delivery,D_A0313,Kochi,,0
T003939,A0362,2026-01-19 13:21:00,18.74,food,delivery,D_A0362,Chennai,,0
T003940,A0190,2026-01-19 13:25:00,53.83,giftcards,gift_card,D_FAM_13,Madurai,,0
T003941,A0320,2026-01-19 13:27:00,9.91,streaming,subscription,D_FAM_4,Madurai,,0
T003942,A0428,2026-01-19 13:32:00,58.28,food,delivery,D_A0428,Coimbatore,,0
T003943,A0191,2026-01-19 13:39:00,22.21,transfer,p2p_transfer,D_A0191,Mumbai,PAYEE_A0191,0
T003944,A0220,2026-01-19 13:41:00,31.8,clothing,clothes,D_A0220,Coimbatore,,0
T003945,A0164,2026-01-19 13:52:00,66.63,food,delivery,D_A0164,Madurai,,0
T003946,A0336,2026-01-19 14:12:00,92.74,grocery,vegetables,D_A0336,Bengaluru,,0
T003947,A0282,2026-01-19 14:17:00,265.02,clothing,shoes,D_A0282,Hyderabad,,0
T003948,A0406,2026-01-19 14:18:00,24.61,pharmacy,medicine,D_A0406,Coimbatore,,0
T003949,A0171,2026-01-19 14:18:00,126.16,travel,bus_ticket,D_A0171,Madurai,,0
T003950,A0491,2026-01-19 14:22:00,28.95,pharmacy,medicine,D_FAM_2,Hyderabad,,0
T003951,A0468,2026-01-19 14:22:00,210.5,travel,train_ticket,D_A0468,Coimbatore,,0
T003952,A0096,2026-01-19 14:24:00,271.07,travel,bus_ticket,D_A0096,Hyderabad,,0
T003953,A0472,2026-01-19 14:27:00,81.13,food,restaurant,D_A0472,Madurai,,0
T003954,A0499,2026-01-19 14:28:00,121.08,clothing,shoes,D_A0499,Hyderabad,,0
T003955,A0473,2026-01-19 14:29:00,17.36,pharmacy,medicine,D_A0473,Mumbai,,0
T003956,A0121,2026-01-19 14:32:00,52.59,transfer,p2p_transfer,D_A0121,Coimbatore,PAYEE_A0121,0
T003957,A0004,2026-01-19 14:32:00,99.37,travel,train_ticket,D_A0004,Chennai,,0
T003958,A0060,2026-01-19 14:33:00,134.72,clothing,clothes,D_A0060,Madurai,,0
T003959,A0074,2026-01-19 14:34:00,237.12,travel,bus_ticket,D_A0074,Hyderabad,,0
T003960,A0322,2026-01-19 14:43:00,148.6,clothing,clothes,D_A0322,Madurai,,0
T003961,A0172,2026-01-19 14:45:00,52.92,pharmacy,medicine,D_A0172,Delhi,,0
T003962,A0169,2026-01-19 14:46:00,6.01,streaming,subscription,D_A0169,Hyderabad,,0
T003963,A0430,2026-01-19 14:48:00,86.12,pharmacy,medicine,D_A0430,Kochi,,0
T003964,A0145,2026-01-19 14:48:00,24.74,streaming,subscription,D_A0145,Coimbatore,,0
T003965,A0398,2026-01-19 14:50:00,77.38,fuel,diesel,D_OFF_1,Kochi,,0
T003966,A0143,2026-01-19 14:50:00,158.91,travel,train_ticket,D_A0143,Kochi,,0
T003967,A0398,2026-01-19 14:51:00,81.26,food,restaurant,D_OFF_1,Kochi,,0
T003968,A0002,2026-01-19 14:52:00,18.91,streaming,subscription,D_A0002,Kochi,,0
T003969,A0370,2026-01-19 14:53:00,14.58,streaming,subscription,D_A0370,Coimbatore,,0
T003970,A0229,2026-01-19 14:53:00,132.03,grocery,vegetables,D_A0229,Bengaluru,,0
T003971,A0382,2026-01-19 14:59:00,56.7,grocery,vegetables,D_A0382,Delhi,,0
T003972,R009,2026-01-19 15:00:00,131.59,giftcards,gift_card,D_RING_3,Chennai,,1
T003973,A0316,2026-01-19 15:00:00,229.18,travel,train_ticket,D_FAM_14,Madurai,,0
T003974,A0048,2026-01-19 15:02:00,27.89,food,delivery,D_A0048,Mumbai,,0
T003975,A0321,2026-01-19 15:06:00,101.64,clothing,clothes,D_A0321,Bengaluru,,0
T003976,A0366,2026-01-19 15:06:00,41.72,clothing,shoes,D_FAM_5,Delhi,,0
T003977,A0263,2026-01-19 15:06:00,156.54,transfer,p2p_transfer,D_A0263,Coimbatore,PAYEE_A0263,0
T003978,R009,2026-01-19 15:07:00,112.21,prepaid,prepaid_card,D_RING_3,Chennai,,1
T003979,A0195,2026-01-19 15:11:00,3.68,streaming,subscription,D_FAM_11,Madurai,,0
T003980,A0381,2026-01-19 15:12:00,174.75,clothing,shoes,D_A0381,Chennai,,0
T003981,R009,2026-01-19 15:14:00,150.71,digital_goods,game_credits,D_RING_3,Chennai,,1
T003982,A0330,2026-01-19 15:15:00,46.23,fuel,diesel,D_A0330,Coimbatore,,0
T003983,A0211,2026-01-19 15:16:00,135.76,fuel,diesel,D_A0211,Bengaluru,,0
T003984,A0280,2026-01-19 15:24:00,475.13,travel,train_ticket,D_A0280,Coimbatore,,0
T003985,A0114,2026-01-19 15:24:00,102.19,transfer,p2p_transfer,D_A0114,Mumbai,PAYEE_A0114,0
T003986,A0067,2026-01-19 15:25:00,53.08,transfer,p2p_transfer,D_A0067,Hyderabad,PAYEE_A0067,0
T003987,A0071,2026-01-19 15:26:00,53.21,pharmacy,medicine,D_A0071,Kochi,,0
T003988,A0142,2026-01-19 15:27:00,41.11,grocery,vegetables,D_A0142,Madurai,,0
T003989,A0273,2026-01-19 15:28:00,203.04,travel,bus_ticket,D_A0273,Bengaluru,,0
T003990,A0274,2026-01-19 15:29:00,28.51,streaming,subscription,D_A0274,Madurai,,0
T003991,R009,2026-01-19 15:30:00,283.41,transfer,p2p_transfer,D_RING_2,Chennai,PAYOUT_X,1
T003992,A0232,2026-01-19 15:35:00,99.89,travel,bus_ticket,D_A0232,Coimbatore,,0
T003993,A0451,2026-01-19 15:36:00,19.65,pharmacy,medicine,D_FAM_12,Madurai,,0
T003994,A0392,2026-01-19 15:38:00,237.95,travel,bus_ticket,D_A0392,Bengaluru,,0
T003995,A0484,2026-01-19 15:39:00,10.9,streaming,subscription,D_A0484,Bengaluru,,0
T003996,A0328,2026-01-19 15:43:00,493.3,travel,train_ticket,D_A0328,Kochi,,0
T003997,A0062,2026-01-19 15:49:00,194.16,clothing,clothes,D_A0062,Madurai,,0
T003998,A0071,2026-01-19 15:54:00,53.51,food,restaurant,D_A0071,Kochi,,0
T003999,A0186,2026-01-19 15:55:00,21.24,food,restaurant,D_A0186,Hyderabad,,0
T004000,A0354,2026-01-19 15:59:00,109.14,clothing,shoes,D_A0354,Hyderabad,,0
T004001,A0352,2026-01-19 16:07:00,99.08,travel,train_ticket,D_A0352,Hyderabad,,0
T004002,A0412,2026-01-19 16:08:00,124.04,clothing,clothes,D_A0412,Kochi,,0
T004003,A0173,2026-01-19 16:10:00,24.79,streaming,subscription,D_A0173,Bengaluru,,0
T004004,A0478,2026-01-19 16:10:00,120.57,clothing,shoes,D_A0478,Hyderabad,,0
T004005,A0476,2026-01-19 16:22:00,302.63,travel,bus_ticket,D_A0476,Delhi,,0
T004006,A0223,2026-01-19 16:28:00,79.65,transfer,p2p_transfer,D_A0223,Hyderabad,PAYEE_A0223,0
T004007,A0151,2026-01-19 16:29:00,85.59,clothing,clothes,D_A0151,Coimbatore,,0
T004008,A0116,2026-01-19 16:31:00,94.03,transfer,p2p_transfer,D_A0116,Chennai,PAYEE_A0116,0
T004009,A0049,2026-01-19 16:39:00,107.19,fuel,diesel,D_FAM_8,Coimbatore,,0
T004010,A0062,2026-01-19 16:41:00,65.8,food,delivery,D_A0062,Madurai,,0
T004011,A0214,2026-01-19 16:43:00,30.92,travel,bus_ticket,D_A0214,Chennai,,0
T004012,A0060,2026-01-19 16:45:00,34.39,pharmacy,medicine,D_A0060,Madurai,,0
T004013,A0150,2026-01-19 16:47:00,120.82,travel,train_ticket,D_A0150,Mumbai,,0
T004014,A0367,2026-01-19 16:54:00,250.17,travel,bus_ticket,D_A0367,Mumbai,,0
T004015,A0434,2026-01-19 16:57:00,25.21,food,delivery,D_A0434,Delhi,,0
T004016,A0188,2026-01-19 17:05:00,63.16,fuel,petrol,D_A0188,Chennai,,0
T004017,A0348,2026-01-19 17:12:00,60.65,food,restaurant,D_A0348,Coimbatore,,0
T004018,A0061,2026-01-19 17:12:00,120.07,clothing,shoes,D_A0061,Madurai,,0
T004019,A0042,2026-01-19 17:19:00,94.28,pharmacy,medicine,D_A0042,Kochi,,0
T004020,A0007,2026-01-19 17:22:00,40.65,food,delivery,D_A0007,Bengaluru,,0
T004021,A0089,2026-01-19 17:22:00,126.86,grocery,vegetables,D_A0089,Hyderabad,,0
T004022,A0364,2026-01-19 17:43:00,163.73,clothing,clothes,D_A0364,Kochi,,0
T004023,A0230,2026-01-19 17:47:00,93.9,transfer,p2p_transfer,D_A0230,Madurai,PAYEE_A0230,0
T004024,A0299,2026-01-19 18:05:00,69.94,clothing,shoes,D_A0299,Chennai,,0
T004025,A0274,2026-01-19 18:08:00,26.9,streaming,subscription,D_A0274,Madurai,,0
T004026,A0013,2026-01-19 18:21:00,54.95,fuel,petrol,D_A0013,Madurai,,0
T004027,A0259,2026-01-19 18:29:00,45.66,giftcards,gift_card,D_A0259,Hyderabad,,0
T004028,A0371,2026-01-19 18:31:00,41.77,food,delivery,D_A0371,Madurai,,0
T004029,A0025,2026-01-19 18:32:00,48.1,clothing,shoes,D_A0025,Hyderabad,,0
T004030,A0018,2026-01-19 19:53:00,531.1,clothing,clothes,D_A0018,Coimbatore,,0
T004031,A0284,2026-01-19 20:03:00,119.03,fuel,diesel,D_A0284,Coimbatore,,0
T004032,A0311,2026-01-19 20:11:00,32.78,pharmacy,medicine,D_A0311,Chennai,,0
T004033,A0150,2026-01-19 20:24:00,36.16,grocery,vegetables,D_A0150,Mumbai,,0
T004034,A0110,2026-01-19 20:43:00,128.87,clothing,clothes,D_FAM_11,Delhi,,0
T004035,A0468,2026-01-19 21:06:00,51.65,food,delivery,D_A0468,Chennai,,0
T004036,A0089,2026-01-19 21:46:00,145.61,grocery,groceries,D_A0089,Hyderabad,,0
T004037,A0038,2026-01-19 22:11:00,52.28,fuel,diesel,D_A0038,Madurai,,0
T004038,A0116,2026-01-19 23:22:00,72.83,fuel,diesel,D_A0116,Madurai,,0
T004039,A0443,2026-01-19 23:35:00,171.35,fuel,petrol,D_A0443,Mumbai,,0
T004040,A0144,2026-01-19 23:39:00,68.54,grocery,groceries,D_A0144,Madurai,,0
T004041,A0269,2026-01-20 07:06:00,40.24,streaming,subscription,D_A0269,Coimbatore,,0
T004042,A0032,2026-01-20 07:08:00,25.92,pharmacy,medicine,D_A0032,Delhi,,0
T004043,A0072,2026-01-20 07:08:00,3.52,streaming,subscription,D_A0072,Delhi,,0
T004044,A0276,2026-01-20 07:09:00,20.53,food,restaurant,D_A0276,Delhi,,0
T004045,A0228,2026-01-20 07:10:00,92.87,grocery,groceries,D_A0228,Mumbai,,0
T004046,A0322,2026-01-20 07:16:00,54.11,grocery,vegetables,D_A0322,Madurai,,0
T004047,A0361,2026-01-20 07:21:00,197.83,clothing,clothes,D_A0361,Chennai,,0
T004048,A0271,2026-01-20 07:26:00,23.85,streaming,subscription,D_A0271,Delhi,,0
T004049,A0496,2026-01-20 07:28:00,332.82,travel,train_ticket,D_A0496,Mumbai,,0
T004050,A0151,2026-01-20 07:29:00,68.62,clothing,shoes,D_A0151,Coimbatore,,0
T004051,A0020,2026-01-20 07:30:00,105.82,fuel,diesel,D_A0020,Bengaluru,,0
T004052,A0174,2026-01-20 07:41:00,82.02,clothing,shoes,D_A0174,Kochi,,0
T004053,A0247,2026-01-20 07:49:00,50.11,pharmacy,medicine,D_A0247,Coimbatore,,0
T004054,A0300,2026-01-20 07:53:00,72.3,transfer,p2p_transfer,D_FAM_12,Delhi,PAYEE_A0300,0
T004055,A0081,2026-01-20 07:54:00,15.86,streaming,subscription,D_A0081,Coimbatore,,0
T004056,A0271,2026-01-20 07:54:00,79.46,grocery,vegetables,D_A0271,Chennai,,0
T004057,A0492,2026-01-20 07:55:00,390.95,pharmacy,medicine,D_A0492,Kochi,,0
T004058,A0213,2026-01-20 07:55:00,150.8,transfer,p2p_transfer,D_A0213,Bengaluru,PAYEE_A0213,0
T004059,A0205,2026-01-20 08:04:00,136.97,travel,bus_ticket,D_A0205,Hyderabad,,0
T004060,A0204,2026-01-20 08:20:00,33.77,pharmacy,medicine,D_A0204,Kochi,,0
T004061,A0484,2026-01-20 08:22:00,17.56,streaming,subscription,D_A0484,Bengaluru,,0
T004062,A0373,2026-01-20 08:28:00,25.88,food,delivery,D_A0373,Coimbatore,,0
T004063,A0440,2026-01-20 08:36:00,16.64,streaming,subscription,D_A0440,Madurai,,0
T004064,A0032,2026-01-20 08:39:00,38.71,pharmacy,medicine,D_A0032,Delhi,,0
T004065,A0245,2026-01-20 08:43:00,78.61,grocery,groceries,D_A0245,Hyderabad,,0
T004066,A0003,2026-01-20 08:47:00,159.17,clothing,shoes,D_A0003,Hyderabad,,0
T004067,A0398,2026-01-20 08:58:00,132.84,fuel,diesel,D_OFF_1,Coimbatore,,0
T004068,A0347,2026-01-20 09:00:00,19.7,streaming,subscription,D_A0347,Chennai,,0
T004069,A0462,2026-01-20 09:04:00,89.52,clothing,clothes,D_A0462,Coimbatore,,0
T004070,A0227,2026-01-20 09:12:00,80.22,grocery,groceries,D_A0227,Madurai,,0
T004071,A0067,2026-01-20 09:19:00,35.12,fuel,petrol,D_A0067,Madurai,,0
T004072,A0159,2026-01-20 09:23:00,35.96,pharmacy,medicine,D_A0159,Mumbai,,0
T004073,A0111,2026-01-20 09:25:00,19.6,streaming,subscription,D_A0111,Chennai,,0
T004074,A0089,2026-01-20 09:29:00,221.73,grocery,vegetables,D_A0089,Hyderabad,,0
T004075,A0103,2026-01-20 09:32:00,14.67,streaming,subscription,D_A0103,Mumbai,,0
T004076,A0312,2026-01-20 09:33:00,97.42,grocery,vegetables,D_A0312,Madurai,,0
T004077,A0035,2026-01-20 09:37:00,245.64,travel,train_ticket,D_FAM_9,Delhi,,0
T004078,A0117,2026-01-20 09:38:00,27.15,streaming,subscription,D_A0117,Bengaluru,,0
T004079,A0368,2026-01-20 09:40:00,154.47,grocery,vegetables,D_A0368,Coimbatore,,0
T004080,A0494,2026-01-20 09:57:00,92.63,grocery,groceries,D_A0494,Delhi,,0
T004081,A0323,2026-01-20 10:01:00,59.69,fuel,petrol,D_A0323,Madurai,,0
T004082,A0103,2026-01-20 10:02:00,21.57,streaming,subscription,D_A0103,Delhi,,0
T004083,A0336,2026-01-20 10:09:00,76.58,pharmacy,medicine,D_A0336,Bengaluru,,0
T004084,A0166,2026-01-20 10:22:00,95.66,grocery,groceries,D_A0166,Bengaluru,,0
T004085,A0232,2026-01-20 10:26:00,50.96,grocery,vegetables,D_A0232,Coimbatore,,0
T004086,A0377,2026-01-20 10:33:00,18.32,pharmacy,medicine,D_A0377,Mumbai,,0
T004087,A0086,2026-01-20 10:33:00,72.61,grocery,groceries,D_A0086,Chennai,,0
T004088,A0389,2026-01-20 10:42:00,75.92,fuel,diesel,D_A0389,Coimbatore,,0
T004089,A0231,2026-01-20 11:09:00,46.1,pharmacy,medicine,D_A0231,Delhi,,0
T004090,A0309,2026-01-20 11:14:00,37.33,grocery,groceries,D_A0309,Delhi,,0
T004091,A0218,2026-01-20 11:15:00,18.5,food,restaurant,D_A0218,Kochi,,0
T004092,A0174,2026-01-20 11:21:00,14.06,streaming,subscription,D_A0174,Kochi,,0
T004093,A0453,2026-01-20 11:22:00,225.78,travel,bus_ticket,D_A0453,Bengaluru,,0
T004094,A0371,2026-01-20 11:23:00,26.62,food,restaurant,D_A0371,Kochi,,0
T004095,A0011,2026-01-20 11:30:00,29.13,streaming,subscription,D_A0011,Delhi,,0
T004096,A0444,2026-01-20 11:31:00,82.49,fuel,petrol,D_A0444,Kochi,,0
T004097,A0427,2026-01-20 11:33:00,21.46,food,restaurant,D_A0427,Coimbatore,,0
T004098,A0395,2026-01-20 11:39:00,44.09,pharmacy,medicine,D_A0395,Chennai,,0
T004099,A0446,2026-01-20 11:50:00,221.17,travel,bus_ticket,D_A0446,Madurai,,0
T004100,A0395,2026-01-20 11:56:00,41.83,pharmacy,medicine,D_A0395,Chennai,,0
T004101,A0353,2026-01-20 12:05:00,126.54,fuel,petrol,D_A0353,Mumbai,,0
T004102,A0465,2026-01-20 12:08:00,61.83,food,restaurant,D_A0465,Delhi,,0
T004103,A0076,2026-01-20 12:08:00,1011.88,electronics,television,D_A0076,Madurai,,0
T004104,A0139,2026-01-20 12:08:00,63.09,clothing,clothes,D_FAM_7,Bengaluru,,0
T004105,A0364,2026-01-20 12:10:00,121.84,clothing,clothes,D_A0364,Kochi,,0
T004106,A0198,2026-01-20 12:11:00,48.52,food,delivery,D_A0198,Chennai,,0
T004107,A0418,2026-01-20 12:15:00,38.18,food,restaurant,D_A0418,Coimbatore,,0
T004108,A0202,2026-01-20 12:20:00,25.59,streaming,subscription,D_A0202,Madurai,,0
T004109,A0393,2026-01-20 12:22:00,36.5,grocery,vegetables,D_A0393,Bengaluru,,0
T004110,A0054,2026-01-20 12:23:00,14.78,streaming,subscription,D_A0054,Chennai,,0
T004111,A0457,2026-01-20 12:28:00,152.44,travel,train_ticket,D_A0457,Hyderabad,,0
T004112,A0136,2026-01-20 12:34:00,100.64,food,delivery,D_FAM_0,Chennai,,0
T004113,A0450,2026-01-20 12:37:00,31.97,food,restaurant,D_A0450,Hyderabad,,0
T004114,A0256,2026-01-20 12:38:00,143.96,fuel,petrol,D_A0256,Bengaluru,,0
T004115,A0039,2026-01-20 12:40:00,17.45,streaming,subscription,D_A0039,Madurai,,0
T004116,A0113,2026-01-20 12:40:00,54.95,pharmacy,medicine,D_FAM_3,Hyderabad,,0
T004117,A0418,2026-01-20 12:43:00,86.02,grocery,groceries,D_A0418,Coimbatore,,0
T004118,A0314,2026-01-20 12:46:00,159.36,clothing,clothes,D_FAM_10,Mumbai,,0
T004119,A0035,2026-01-20 12:49:00,128.1,grocery,vegetables,D_FAM_9,Madurai,,0
T004120,A0227,2026-01-20 12:57:00,108.62,food,delivery,D_A0227,Madurai,,0
T004121,A0023,2026-01-20 13:03:00,306.08,clothing,clothes,D_OFF_0,Hyderabad,,0
T004122,A0379,2026-01-20 13:03:00,89.1,fuel,petrol,D_A0379,Chennai,,0
T004123,A0080,2026-01-20 13:05:00,34.07,transfer,p2p_transfer,D_A0080,Chennai,PAYEE_A0080,0
T004124,A0468,2026-01-20 13:05:00,181.76,travel,train_ticket,D_A0468,Chennai,,0
T004125,A0187,2026-01-20 13:28:00,33.94,transfer,p2p_transfer,D_A0187,Bengaluru,PAYEE_A0187,0
T004126,A0037,2026-01-20 13:28:00,33.81,streaming,subscription,D_A0037,Madurai,,0
T004127,A0227,2026-01-20 13:33:00,82.91,grocery,vegetables,D_A0227,Madurai,,0
T004128,A0383,2026-01-20 13:39:00,97.48,transfer,p2p_transfer,D_A0383,Bengaluru,PAYEE_A0383,0
T004129,A0453,2026-01-20 13:42:00,503.37,travel,train_ticket,D_A0453,Coimbatore,,0
T004130,A0005,2026-01-20 13:46:00,133.69,fuel,petrol,D_A0005,Coimbatore,,0
T004131,A0232,2026-01-20 13:47:00,45.32,fuel,diesel,D_A0232,Coimbatore,,0
T004132,A0470,2026-01-20 13:51:00,24.19,streaming,subscription,D_A0470,Mumbai,,0
T004133,A0475,2026-01-20 13:54:00,52.63,pharmacy,medicine,D_A0475,Hyderabad,,0
T004134,A0352,2026-01-20 13:56:00,62.15,travel,bus_ticket,D_A0352,Bengaluru,,0
T004135,A0418,2026-01-20 13:57:00,40.47,food,delivery,D_A0418,Coimbatore,,0
T004136,A0433,2026-01-20 14:04:00,13.69,streaming,subscription,D_A0433,Coimbatore,,0
T004137,A0437,2026-01-20 14:04:00,136.7,travel,train_ticket,D_FAM_3,Chennai,,0
T004138,A0041,2026-01-20 14:07:00,14.53,streaming,subscription,D_FAM_6,Hyderabad,,0
T004139,A0211,2026-01-20 14:11:00,101.48,food,delivery,D_A0211,Bengaluru,,0
T004140,A0456,2026-01-20 14:18:00,94.44,fuel,diesel,D_A0456,Mumbai,,0
T004141,A0368,2026-01-20 14:18:00,325.14,transfer,p2p_transfer,D_A0368,Coimbatore,PAYEE_A0368,0
T004142,A0402,2026-01-20 14:19:00,20.71,streaming,subscription,D_A0402,Madurai,,0
T004143,A0378,2026-01-20 14:21:00,28.27,streaming,subscription,D_A0378,Mumbai,,0
T004144,A0257,2026-01-20 14:24:00,56.07,food,delivery,D_A0257,Coimbatore,,0
T004145,A0464,2026-01-20 14:24:00,49.81,fuel,diesel,D_A0464,Hyderabad,,0
T004146,A0030,2026-01-20 14:26:00,1074.95,electronics,laptop,D_A0030,Hyderabad,,0
T004147,A0269,2026-01-20 14:27:00,41.83,streaming,subscription,D_A0269,Coimbatore,,0
T004148,A0318,2026-01-20 14:33:00,6.78,streaming,subscription,D_A0318,Bengaluru,,0
T004149,A0444,2026-01-20 14:37:00,219.34,transfer,p2p_transfer,D_A0444,Kochi,PAYEE_A0444,0
T004150,A0128,2026-01-20 14:44:00,73.6,food,delivery,D_A0128,Madurai,,0
T004151,A0305,2026-01-20 14:48:00,74.66,fuel,diesel,D_A0305,Mumbai,,0
T004152,A0003,2026-01-20 14:48:00,175.17,clothing,clothes,D_A0003,Chennai,,0
T004153,A0325,2026-01-20 14:52:00,22.67,food,restaurant,D_OFF_2,Bengaluru,,0
T004154,A0012,2026-01-20 14:53:00,101.06,fuel,petrol,D_A0012,Chennai,,0
T004155,A0356,2026-01-20 14:54:00,39.91,clothing,shoes,D_A0356,Bengaluru,,0
T004156,A0196,2026-01-20 15:05:00,59.49,grocery,vegetables,D_A0196,Hyderabad,,0
T004157,A0254,2026-01-20 15:05:00,28.43,grocery,vegetables,D_A0254,Delhi,,0
T004158,A0361,2026-01-20 15:06:00,71.17,pharmacy,medicine,D_A0361,Chennai,,0
T004159,A0033,2026-01-20 15:06:00,150.03,travel,bus_ticket,D_A0033,Coimbatore,,0
T004160,A0498,2026-01-20 15:11:00,102.18,clothing,clothes,D_A0498,Coimbatore,,0
T004161,A0457,2026-01-20 15:12:00,56.68,transfer,p2p_transfer,D_A0457,Hyderabad,PAYEE_A0457,0
T004162,A0032,2026-01-20 15:21:00,27.24,grocery,vegetables,D_A0032,Delhi,,0
T004163,A0267,2026-01-20 15:25:00,67.83,grocery,vegetables,D_OFF_1,Delhi,,0
T004164,A0447,2026-01-20 15:34:00,208.12,clothing,shoes,D_A0447,Hyderabad,,0
T004165,A0403,2026-01-20 15:36:00,63.18,transfer,p2p_transfer,D_A0403,Bengaluru,PAYEE_A0403,0
T004166,A0486,2026-01-20 15:42:00,117.03,grocery,vegetables,D_A0486,Mumbai,,0
T004167,A0277,2026-01-20 15:52:00,20.18,streaming,subscription,D_A0277,Madurai,,0
T004168,A0078,2026-01-20 15:52:00,71.2,transfer,p2p_transfer,D_A0078,Hyderabad,PAYEE_A0078,0
T004169,A0208,2026-01-20 15:53:00,164.81,travel,train_ticket,D_A0208,Hyderabad,,0
T004170,A0150,2026-01-20 15:53:00,30.78,transfer,p2p_transfer,D_A0150,Mumbai,PAYEE_A0150,0
T004171,A0329,2026-01-20 15:54:00,262.02,travel,bus_ticket,D_A0329,Kochi,,0
T004172,A0126,2026-01-20 16:05:00,195.45,grocery,groceries,D_A0126,Hyderabad,,0
T004173,A0352,2026-01-20 16:06:00,38.45,fuel,petrol,D_A0352,Bengaluru,,0
T004174,A0436,2026-01-20 16:07:00,164.42,transfer,p2p_transfer,D_A0436,Bengaluru,PAYEE_A0436,0
T004175,A0492,2026-01-20 16:10:00,203.1,pharmacy,medicine,D_A0492,Kochi,,0
T004176,A0007,2026-01-20 16:12:00,29.55,clothing,shoes,D_A0007,Bengaluru,,0
T004177,A0485,2026-01-20 16:13:00,77.55,grocery,vegetables,D_A0485,Madurai,,0
T004178,A0143,2026-01-20 16:13:00,8.15,streaming,subscription,D_A0143,Kochi,,0
T004179,A0494,2026-01-20 16:14:00,104.98,fuel,petrol,D_A0494,Delhi,,0
T004180,A0402,2026-01-20 16:16:00,63.51,pharmacy,medicine,D_A0402,Hyderabad,,0
T004181,A0361,2026-01-20 16:17:00,50.36,pharmacy,medicine,D_A0361,Chennai,,0
T004182,A0320,2026-01-20 16:18:00,74.99,clothing,clothes,D_FAM_4,Madurai,,0
T004183,A0051,2026-01-20 16:20:00,107.84,fuel,diesel,D_A0051,Coimbatore,,0
T004184,A0137,2026-01-20 16:33:00,80.14,pharmacy,medicine,D_FAM_13,Hyderabad,,0
T004185,A0246,2026-01-20 16:38:00,36.51,food,restaurant,D_A0246,Coimbatore,,0
T004186,A0354,2026-01-20 16:39:00,58.12,fuel,petrol,D_A0354,Hyderabad,,0
T004187,A0278,2026-01-20 16:39:00,110.71,fuel,petrol,D_A0278,Kochi,,0
T004188,A0405,2026-01-20 16:50:00,37.61,fuel,diesel,D_A0405,Chennai,,0
T004189,A0429,2026-01-20 16:51:00,60.26,fuel,diesel,D_A0429,Madurai,,0
T004190,A0277,2026-01-20 16:52:00,318.16,travel,bus_ticket,D_A0277,Delhi,,0
T004191,A0297,2026-01-20 16:53:00,46.47,pharmacy,medicine,D_A0297,Hyderabad,,0
T004192,A0397,2026-01-20 16:56:00,241.37,clothing,clothes,D_A0397,Chennai,,0
T004193,A0049,2026-01-20 16:57:00,59.52,fuel,diesel,D_FAM_8,Coimbatore,,0
T004194,A0364,2026-01-20 17:05:00,188.22,clothing,shoes,D_A0364,Kochi,,0
T004195,A0021,2026-01-20 17:06:00,33.63,food,delivery,D_A0021,Kochi,,0
T004196,A0111,2026-01-20 17:06:00,27.98,giftcards,gift_card,D_A0111,Chennai,,0
T004197,A0317,2026-01-20 17:07:00,146.04,clothing,clothes,D_OFF_0,Hyderabad,,0
T004198,A0157,2026-01-20 17:10:00,176.92,travel,train_ticket,D_A0157,Delhi,,0
T004199,A0072,2026-01-20 17:19:00,50.56,clothing,clothes,D_A0072,Hyderabad,,0
T004200,A0485,2026-01-20 17:22:00,141.79,clothing,shoes,D_A0485,Madurai,,0
T004201,A0427,2026-01-20 17:24:00,66.51,fuel,diesel,D_A0427,Coimbatore,,0
T004202,A0292,2026-01-20 17:26:00,65.93,clothing,shoes,D_A0292,Kochi,,0
T004203,A0233,2026-01-20 17:44:00,222.49,clothing,shoes,D_A0233,Coimbatore,,0
T004204,A0113,2026-01-20 18:22:00,63.98,food,restaurant,D_FAM_3,Hyderabad,,0
T004205,A0082,2026-01-20 18:34:00,32.92,streaming,subscription,D_A0082,Delhi,,0
T004206,A0083,2026-01-20 18:38:00,226.77,fuel,petrol,D_A0083,Madurai,,0
T004207,A0132,2026-01-20 18:42:00,553.61,travel,bus_ticket,D_A0132,Delhi,,0
T004208,A0292,2026-01-20 18:54:00,84.19,clothing,shoes,D_A0292,Kochi,,0
T004209,A0109,2026-01-20 18:57:00,1755.47,electronics,phone,D_FAM_13,Mumbai,,0
T004210,A0209,2026-01-20 18:57:00,69.41,fuel,petrol,D_A0209,Kochi,,0
T004211,A0387,2026-01-20 18:58:00,14.44,fuel,diesel,D_A0387,Madurai,,0
T004212,A0004,2026-01-20 19:01:00,115.43,travel,train_ticket,D_A0004,Chennai,,0
T004213,A0384,2026-01-20 19:05:00,80.99,grocery,vegetables,D_A0384,Kochi,,0
T004214,A0343,2026-01-20 19:34:00,24.39,grocery,groceries,D_A0343,Kochi,,0
T004215,A0443,2026-01-20 19:41:00,157.67,fuel,petrol,D_A0443,Chennai,,0
T004216,A0274,2026-01-20 19:42:00,82.64,food,restaurant,D_A0274,Madurai,,0
T004217,A0325,2026-01-20 19:47:00,72.61,clothing,clothes,D_OFF_2,Bengaluru,,0
T004218,A0252,2026-01-20 19:47:00,26.24,clothing,shoes,D_A0252,Delhi,,0
T004219,A0217,2026-01-20 19:52:00,148.93,fuel,diesel,D_A0217,Chennai,,0
T004220,A0420,2026-01-20 19:55:00,351.79,travel,train_ticket,D_OFF_0,Madurai,,0
T004221,A0287,2026-01-20 19:59:00,37.2,fuel,petrol,D_FAM_13,Mumbai,,0
T004222,A0141,2026-01-20 20:04:00,211.18,clothing,shoes,D_FAM_2,Kochi,,0
T004223,A0320,2026-01-20 20:25:00,31.03,pharmacy,medicine,D_FAM_4,Madurai,,0
T004224,A0231,2026-01-20 20:25:00,111.81,travel,train_ticket,D_A0231,Delhi,,0
T004225,A0061,2026-01-20 20:46:00,39.52,pharmacy,medicine,D_A0061,Madurai,,0
T004226,A0313,2026-01-20 21:06:00,7.38,streaming,subscription,D_A0313,Chennai,,0
T004227,A0270,2026-01-20 21:18:00,130.1,fuel,diesel,D_A0270,Kochi,,0
T004228,A0265,2026-01-20 21:47:00,58.13,fuel,petrol,D_A0265,Mumbai,,0
T004229,A0394,2026-01-20 21:49:00,28.84,streaming,subscription,D_A0394,Coimbatore,,0
T004230,A0217,2026-01-20 21:50:00,248.37,clothing,shoes,D_A0217,Chennai,,0
T004231,A0479,2026-01-20 22:31:00,61.17,grocery,groceries,D_A0479,Chennai,,0
T004232,A0193,2026-01-20 23:12:00,127.11,pharmacy,medicine,D_A0193,Delhi,,0
T004233,A0037,2026-01-20 23:26:00,54.76,streaming,subscription,D_A0037,Madurai,,0
T004234,A0355,2026-01-20 23:44:00,171.41,travel,train_ticket,D_A0355,Kochi,,0
T004235,A0069,2026-01-21 02:29:00,845.36,electronics,flight_ticket,D_STOLEN_22,Bengaluru,,1
T004236,A0069,2026-01-21 02:41:00,1006.11,travel,phone,D_STOLEN_22,Bengaluru,,1
T004237,A0092,2026-01-21 07:00:00,87.19,pharmacy,medicine,D_A0092,Chennai,,0
T004238,A0068,2026-01-21 07:04:00,74.63,pharmacy,medicine,D_A0068,Madurai,,0
T004239,A0082,2026-01-21 07:06:00,55.01,pharmacy,medicine,D_A0082,Delhi,,0
T004240,A0199,2026-01-21 07:11:00,57.46,grocery,groceries,D_A0199,Coimbatore,,0
T004241,A0487,2026-01-21 07:21:00,81.56,food,restaurant,D_A0487,Mumbai,,0
T004242,A0375,2026-01-21 07:34:00,165.53,clothing,clothes,D_A0375,Hyderabad,,0
T004243,A0464,2026-01-21 07:40:00,94.71,travel,bus_ticket,D_A0464,Hyderabad,,0
T004244,A0155,2026-01-21 07:42:00,81.15,fuel,petrol,D_A0155,Coimbatore,,0
T004245,A0174,2026-01-21 07:47:00,10.78,streaming,subscription,D_A0174,Kochi,,0
T004246,A0006,2026-01-21 07:47:00,269.64,travel,bus_ticket,D_FAM_7,Coimbatore,,0
T004247,A0170,2026-01-21 07:49:00,55.25,grocery,vegetables,D_A0170,Kochi,,0
T004248,A0164,2026-01-21 07:49:00,44.26,giftcards,gift_card,D_A0164,Madurai,,0
T004249,A0197,2026-01-21 08:05:00,70.22,grocery,vegetables,D_A0197,Bengaluru,,0
T004250,A0192,2026-01-21 08:13:00,150.8,grocery,groceries,D_A0192,Madurai,,0
T004251,A0469,2026-01-21 08:32:00,85.7,transfer,p2p_transfer,D_A0469,Delhi,PAYEE_A0469,0
T004252,A0446,2026-01-21 08:48:00,217.94,clothing,shoes,D_A0446,Madurai,,0
T004253,A0153,2026-01-21 09:10:00,53.28,pharmacy,medicine,D_A0153,Madurai,,0
T004254,A0009,2026-01-21 09:29:00,94.22,pharmacy,medicine,D_A0009,Mumbai,,0
T004255,A0431,2026-01-21 09:33:00,26.68,streaming,subscription,D_FAM_11,Hyderabad,,0
T004256,A0353,2026-01-21 09:33:00,316.07,travel,bus_ticket,D_A0353,Mumbai,,0
T004257,A0417,2026-01-21 09:36:00,38.54,food,restaurant,D_A0417,Madurai,,0
T004258,A0116,2026-01-21 09:43:00,19.29,streaming,subscription,D_A0116,Madurai,,0
T004259,A0427,2026-01-21 10:04:00,76.4,clothing,clothes,D_A0427,Coimbatore,,0
T004260,A0187,2026-01-21 10:05:00,8.0,streaming,subscription,D_A0187,Bengaluru,,0
T004261,A0368,2026-01-21 10:06:00,115.48,food,delivery,D_A0368,Coimbatore,,0
T004262,A0383,2026-01-21 10:16:00,53.81,clothing,clothes,D_A0383,Bengaluru,,0
T004263,A0273,2026-01-21 10:18:00,79.08,clothing,clothes,D_A0273,Bengaluru,,0
T004264,A0377,2026-01-21 10:33:00,230.01,travel,train_ticket,D_A0377,Mumbai,,0
T004265,A0135,2026-01-21 10:38:00,654.83,travel,bus_ticket,D_A0135,Coimbatore,,0
T004266,A0208,2026-01-21 10:43:00,39.47,fuel,petrol,D_A0208,Hyderabad,,0
T004267,A0457,2026-01-21 10:45:00,175.05,travel,bus_ticket,D_A0457,Hyderabad,,0
T004268,A0145,2026-01-21 10:50:00,118.45,grocery,vegetables,D_A0145,Coimbatore,,0
T004269,A0121,2026-01-21 10:54:00,116.5,clothing,clothes,D_A0121,Hyderabad,,0
T004270,A0464,2026-01-21 10:56:00,148.9,travel,train_ticket,D_A0464,Hyderabad,,0
T004271,A0084,2026-01-21 10:58:00,7.29,streaming,subscription,D_A0084,Hyderabad,,0
T004272,A0386,2026-01-21 11:03:00,11.0,streaming,subscription,D_A0386,Coimbatore,,0
T004273,A0266,2026-01-21 11:06:00,64.17,pharmacy,medicine,D_A0266,Hyderabad,,0
T004274,A0153,2026-01-21 11:12:00,37.36,food,delivery,D_A0153,Madurai,,0
T004275,A0218,2026-01-21 11:20:00,40.93,grocery,groceries,D_A0218,Kochi,,0
T004276,A0191,2026-01-21 11:28:00,77.99,clothing,clothes,D_A0191,Mumbai,,0
T004277,A0216,2026-01-21 11:40:00,13.09,streaming,subscription,D_A0216,Delhi,,0
T004278,A0243,2026-01-21 11:46:00,597.86,travel,bus_ticket,D_A0243,Delhi,,0
T004279,A0389,2026-01-21 11:51:00,124.34,transfer,p2p_transfer,D_A0389,Coimbatore,PAYEE_A0389,0
T004280,A0249,2026-01-21 11:52:00,60.44,travel,bus_ticket,D_A0249,Kochi,,0
T004281,A0474,2026-01-21 11:52:00,237.21,clothing,clothes,D_A0474,Chennai,,0
T004282,A0371,2026-01-21 11:53:00,27.05,streaming,subscription,D_A0371,Madurai,,0
T004283,A0489,2026-01-21 11:54:00,45.18,fuel,petrol,D_A0489,Madurai,,0
T004284,A0080,2026-01-21 11:56:00,27.87,grocery,groceries,D_A0080,Chennai,,0
T004285,A0096,2026-01-21 11:59:00,254.48,travel,bus_ticket,D_A0096,Hyderabad,,0
T004286,A0104,2026-01-21 12:04:00,282.83,travel,train_ticket,D_A0104,Delhi,,0
T004287,A0115,2026-01-21 12:04:00,48.14,streaming,subscription,D_A0115,Kochi,,0
T004288,A0459,2026-01-21 12:05:00,58.09,fuel,petrol,D_A0459,Delhi,,0
T004289,A0163,2026-01-21 12:05:00,61.52,grocery,groceries,D_FAM_5,Bengaluru,,0
T004290,A0185,2026-01-21 12:13:00,154.97,food,delivery,D_A0185,Bengaluru,,0
T004291,A0452,2026-01-21 12:14:00,41.16,grocery,vegetables,D_A0452,Madurai,,0
T004292,A0457,2026-01-21 12:15:00,280.76,travel,train_ticket,D_A0457,Hyderabad,,0
T004293,A0152,2026-01-21 12:15:00,213.89,travel,bus_ticket,D_A0152,Mumbai,,0
T004294,A0333,2026-01-21 12:16:00,445.23,grocery,vegetables,D_FAM_9,Bengaluru,,0
T004295,A0386,2026-01-21 12:17:00,46.43,fuel,diesel,D_A0386,Coimbatore,,0
T004296,A0166,2026-01-21 12:24:00,185.13,travel,train_ticket,D_A0166,Bengaluru,,0
T004297,A0416,2026-01-21 12:28:00,44.4,fuel,diesel,D_A0416,Hyderabad,,0
T004298,A0459,2026-01-21 12:29:00,50.5,pharmacy,medicine,D_A0459,Delhi,,0
T004299,A0091,2026-01-21 12:41:00,90.52,food,restaurant,D_A0091,Delhi,,0
T004300,A0323,2026-01-21 12:42:00,28.0,giftcards,gift_card,D_A0323,Madurai,,0
T004301,A0418,2026-01-21 12:42:00,45.91,pharmacy,medicine,D_A0418,Coimbatore,,0
T004302,A0175,2026-01-21 12:43:00,126.22,clothing,shoes,D_FAM_7,Chennai,,0
T004303,A0480,2026-01-21 12:51:00,139.91,fuel,diesel,D_FAM_6,Kochi,,0
T004304,A0404,2026-01-21 12:56:00,17.78,fuel,petrol,D_A0404,Mumbai,,0
T004305,A0307,2026-01-21 13:03:00,186.95,travel,train_ticket,D_A0307,Mumbai,,0
T004306,A0173,2026-01-21 13:12:00,21.24,streaming,subscription,D_A0173,Bengaluru,,0
T004307,A0330,2026-01-21 13:14:00,40.41,pharmacy,medicine,D_A0330,Coimbatore,,0
T004308,A0330,2026-01-21 13:16:00,48.37,grocery,vegetables,D_A0330,Coimbatore,,0
T004309,A0367,2026-01-21 13:20:00,351.86,travel,train_ticket,D_A0367,Mumbai,,0
T004310,A0486,2026-01-21 13:22:00,35.75,streaming,subscription,D_A0486,Mumbai,,0
T004311,A0448,2026-01-21 13:26:00,29.51,streaming,subscription,D_A0448,Madurai,,0
T004312,A0271,2026-01-21 13:29:00,86.54,fuel,diesel,D_A0271,Chennai,,0
T004313,A0122,2026-01-21 13:34:00,96.92,pharmacy,medicine,D_A0122,Chennai,,0
T004314,A0450,2026-01-21 13:37:00,73.42,food,restaurant,D_A0450,Hyderabad,,0
T004315,A0215,2026-01-21 13:40:00,72.99,fuel,petrol,D_A0215,Madurai,,0
T004316,A0460,2026-01-21 13:42:00,107.83,transfer,p2p_transfer,D_A0460,Hyderabad,PAYEE_A0460,0
T004317,A0228,2026-01-21 13:43:00,94.17,grocery,groceries,D_A0228,Mumbai,,0
T004318,A0402,2026-01-21 13:50:00,76.53,fuel,petrol,D_A0402,Madurai,,0
T004319,A0230,2026-01-21 13:51:00,26.06,food,restaurant,D_A0230,Madurai,,0
T004320,A0249,2026-01-21 13:53:00,11.27,food,restaurant,D_A0249,Kochi,,0
T004321,A0359,2026-01-21 13:55:00,23.86,food,delivery,D_A0359,Bengaluru,,0
T004322,A0368,2026-01-21 13:56:00,41.16,streaming,subscription,D_A0368,Coimbatore,,0
T004323,A0460,2026-01-21 13:57:00,194.76,clothing,clothes,D_A0460,Chennai,,0
T004324,A0125,2026-01-21 13:58:00,34.31,food,delivery,D_A0125,Kochi,,0
T004325,A0119,2026-01-21 14:06:00,238.82,transfer,p2p_transfer,D_A0119,Madurai,PAYEE_A0119,0
T004326,A0458,2026-01-21 14:06:00,39.23,grocery,groceries,D_FAM_9,Hyderabad,,0
T004327,A0103,2026-01-21 14:10:00,29.11,streaming,subscription,D_A0103,Delhi,,0
T004328,A0385,2026-01-21 14:10:00,17.62,food,delivery,D_A0385,Kochi,,0
T004329,A0461,2026-01-21 14:17:00,34.43,food,restaurant,D_FAM_0,Madurai,,0
T004330,A0094,2026-01-21 14:18:00,32.67,travel,bus_ticket,D_A0094,Bengaluru,,0
T004331,A0067,2026-01-21 14:19:00,32.93,pharmacy,medicine,D_A0067,Madurai,,0
T004332,A0157,2026-01-21 14:32:00,95.13,grocery,vegetables,D_A0157,Hyderabad,,0
T004333,A0358,2026-01-21 14:34:00,30.39,food,restaurant,D_A0358,Madurai,,0
T004334,A0155,2026-01-21 14:34:00,47.91,food,delivery,D_A0155,Coimbatore,,0
T004335,A0473,2026-01-21 14:35:00,28.29,pharmacy,medicine,D_A0473,Mumbai,,0
T004336,A0305,2026-01-21 14:48:00,16.7,streaming,subscription,D_A0305,Mumbai,,0
T004337,A0327,2026-01-21 14:48:00,54.56,pharmacy,medicine,D_A0327,Coimbatore,,0
T004338,A0163,2026-01-21 14:54:00,35.4,food,restaurant,D_FAM_5,Chennai,,0
T004339,A0413,2026-01-21 14:54:00,43.6,food,restaurant,D_A0413,Delhi,,0
T004340,A0246,2026-01-21 14:55:00,91.0,clothing,clothes,D_A0246,Coimbatore,,0
T004341,A0273,2026-01-21 15:01:00,11.13,streaming,subscription,D_A0273,Bengaluru,,0
T004342,A0221,2026-01-21 15:04:00,35.57,pharmacy,medicine,D_A0221,Mumbai,,0
T004343,A0378,2026-01-21 15:05:00,32.09,streaming,subscription,D_A0378,Hyderabad,,0
T004344,A0346,2026-01-21 15:11:00,108.69,grocery,groceries,D_A0346,Mumbai,,0
T004345,A0400,2026-01-21 15:13:00,45.55,food,delivery,D_A0400,Coimbatore,,0
T004346,A0395,2026-01-21 15:15:00,41.08,pharmacy,medicine,D_A0395,Chennai,,0
T004347,A0484,2026-01-21 15:17:00,25.39,streaming,subscription,D_A0484,Bengaluru,,0
T004348,A0331,2026-01-21 15:17:00,70.0,clothing,clothes,D_A0331,Bengaluru,,0
T004349,A0287,2026-01-21 15:18:00,47.98,fuel,petrol,D_FAM_13,Mumbai,,0
T004350,A0010,2026-01-21 15:20:00,70.04,travel,train_ticket,D_A0010,Bengaluru,,0
T004351,A0188,2026-01-21 15:21:00,90.49,clothing,shoes,D_A0188,Madurai,,0
T004352,A0201,2026-01-21 15:22:00,122.8,travel,train_ticket,D_A0201,Coimbatore,,0
T004353,A0477,2026-01-21 15:24:00,94.79,food,delivery,D_A0477,Hyderabad,,0
T004354,A0170,2026-01-21 15:28:00,165.46,travel,train_ticket,D_A0170,Kochi,,0
T004355,A0131,2026-01-21 15:32:00,90.59,pharmacy,medicine,D_A0131,Bengaluru,,0
T004356,A0472,2026-01-21 15:33:00,133.48,fuel,petrol,D_A0472,Coimbatore,,0
T004357,A0052,2026-01-21 15:36:00,120.96,clothing,clothes,D_A0052,Bengaluru,,0
T004358,A0269,2026-01-21 15:39:00,45.9,streaming,subscription,D_A0269,Coimbatore,,0
T004359,A0157,2026-01-21 15:42:00,61.22,grocery,groceries,D_A0157,Hyderabad,,0
T004360,A0132,2026-01-21 15:43:00,111.15,grocery,vegetables,D_A0132,Delhi,,0
T004361,A0465,2026-01-21 15:49:00,67.99,grocery,vegetables,D_A0465,Delhi,,0
T004362,A0299,2026-01-21 15:51:00,90.69,transfer,p2p_transfer,D_A0299,Chennai,PAYEE_A0299,0
T004363,A0073,2026-01-21 15:55:00,22.72,streaming,subscription,D_A0073,Bengaluru,,0
T004364,A0309,2026-01-21 16:05:00,60.53,grocery,groceries,D_A0309,Delhi,,0
T004365,A0133,2026-01-21 16:07:00,120.0,clothing,shoes,D_A0133,Bengaluru,,0
T004366,A0178,2026-01-21 16:20:00,43.98,grocery,groceries,D_A0178,Mumbai,,0
T004367,A0268,2026-01-21 16:21:00,44.34,pharmacy,medicine,D_A0268,Chennai,,0
T004368,A0318,2026-01-21 16:23:00,13.49,food,restaurant,D_A0318,Bengaluru,,0
T004369,A0375,2026-01-21 16:25:00,61.85,pharmacy,medicine,D_A0375,Hyderabad,,0
T004370,A0363,2026-01-21 16:30:00,97.75,clothing,shoes,D_A0363,Coimbatore,,0
T004371,A0409,2026-01-21 16:33:00,45.44,grocery,vegetables,D_A0409,Chennai,,0
T004372,A0451,2026-01-21 16:36:00,13.0,fuel,diesel,D_FAM_12,Madurai,,0
T004373,A0137,2026-01-21 16:41:00,100.18,grocery,vegetables,D_FAM_13,Hyderabad,,0
T004374,A0071,2026-01-21 16:44:00,66.48,pharmacy,medicine,D_A0071,Kochi,,0
T004375,A0401,2026-01-21 16:44:00,191.1,travel,train_ticket,D_A0401,Madurai,,0
T004376,A0257,2026-01-21 16:47:00,125.41,clothing,clothes,D_A0257,Coimbatore,,0
T004377,A0201,2026-01-21 16:49:00,24.77,pharmacy,medicine,D_A0201,Coimbatore,,0
T004378,A0117,2026-01-21 16:53:00,2305.46,electronics,laptop,D_A0117,Bengaluru,,0
T004379,A0452,2026-01-21 17:01:00,24.16,pharmacy,medicine,D_A0452,Madurai,,0
T004380,A0059,2026-01-21 17:04:00,48.02,streaming,subscription,D_A0059,Bengaluru,,0
T004381,A0474,2026-01-21 17:12:00,53.45,grocery,vegetables,D_A0474,Kochi,,0
T004382,A0110,2026-01-21 17:16:00,201.61,clothing,shoes,D_FAM_11,Delhi,,0
T004383,A0484,2026-01-21 17:17:00,39.28,fuel,diesel,D_A0484,Bengaluru,,0
T004384,A0021,2026-01-21 17:26:00,86.56,clothing,shoes,D_A0021,Kochi,,0
T004385,A0346,2026-01-21 17:27:00,144.51,grocery,groceries,D_A0346,Mumbai,,0
T004386,A0314,2026-01-21 17:29:00,139.98,clothing,shoes,D_FAM_10,Kochi,,0
T004387,A0071,2026-01-21 17:31:00,59.22,grocery,groceries,D_A0071,Coimbatore,,0
T004388,A0452,2026-01-21 17:39:00,74.14,pharmacy,medicine,D_A0452,Madurai,,0
T004389,A0486,2026-01-21 17:42:00,310.43,clothing,clothes,D_A0486,Chennai,,0
T004390,A0087,2026-01-21 17:45:00,149.3,pharmacy,medicine,D_A0087,Madurai,,0
T004391,A0417,2026-01-21 17:46:00,325.88,travel,bus_ticket,D_A0417,Madurai,,0
T004392,A0451,2026-01-21 18:03:00,26.72,fuel,diesel,D_FAM_12,Madurai,,0
T004393,A0110,2026-01-21 18:07:00,162.8,clothing,clothes,D_FAM_11,Delhi,,0
T004394,A0045,2026-01-21 18:11:00,50.2,pharmacy,medicine,D_A0045,Hyderabad,,0
T004395,A0386,2026-01-21 18:15:00,35.47,fuel,petrol,D_A0386,Coimbatore,,0
T004396,A0139,2026-01-21 18:15:00,82.19,clothing,shoes,D_FAM_7,Hyderabad,,0
T004397,A0263,2026-01-21 18:34:00,361.98,clothing,shoes,D_A0263,Coimbatore,,0
T004398,A0048,2026-01-21 18:37:00,226.62,travel,bus_ticket,D_A0048,Mumbai,,0
T004399,A0179,2026-01-21 18:38:00,70.89,clothing,clothes,D_A0179,Mumbai,,0
T004400,A0188,2026-01-21 18:40:00,36.11,fuel,diesel,D_A0188,Chennai,,0
T004401,A0021,2026-01-21 18:46:00,85.52,clothing,shoes,D_A0021,Kochi,,0
T004402,A0470,2026-01-21 18:48:00,97.6,clothing,shoes,D_A0470,Mumbai,,0
T004403,A0239,2026-01-21 18:51:00,23.95,food,delivery,D_A0239,Coimbatore,,0
T004404,A0268,2026-01-21 18:53:00,50.74,grocery,groceries,D_A0268,Chennai,,0
T004405,A0270,2026-01-21 18:56:00,98.85,grocery,groceries,D_A0270,Kochi,,0
T004406,A0285,2026-01-21 18:58:00,256.55,travel,bus_ticket,D_A0285,Madurai,,0
T004407,A0249,2026-01-21 19:12:00,16.06,pharmacy,medicine,D_A0249,Kochi,,0
T004408,A0237,2026-01-21 19:20:00,49.67,grocery,vegetables,D_FAM_3,Madurai,,0
T004409,A0116,2026-01-21 19:33:00,179.64,fuel,petrol,D_A0116,Madurai,,0
T004410,A0110,2026-01-21 19:57:00,73.45,grocery,vegetables,D_FAM_11,Delhi,,0
T004411,A0134,2026-01-21 20:27:00,43.05,food,delivery,D_A0134,Coimbatore,,0
T004412,A0480,2026-01-21 20:28:00,252.11,clothing,shoes,D_FAM_6,Hyderabad,,0
T004413,A0006,2026-01-21 20:33:00,98.42,fuel,petrol,D_FAM_7,Madurai,,0
T004414,A0487,2026-01-21 20:44:00,88.01,grocery,groceries,D_A0487,Mumbai,,0
T004415,A0303,2026-01-21 20:54:00,35.01,pharmacy,medicine,D_FAM_4,Madurai,,0
T004416,A0403,2026-01-21 21:33:00,39.47,fuel,petrol,D_A0403,Bengaluru,,0
T004417,A0021,2026-01-21 21:46:00,23.59,food,restaurant,D_A0021,Kochi,,0
T004418,A0493,2026-01-21 22:30:00,24.83,streaming,subscription,D_A0493,Coimbatore,,0
T004419,A0391,2026-01-21 23:48:00,33.48,transfer,p2p_transfer,D_A0391,Kochi,PAYEE_A0391,0
T004420,A0281,2026-01-22 07:03:00,104.44,grocery,vegetables,D_A0281,Coimbatore,,0
T004421,A0123,2026-01-22 07:04:00,41.67,pharmacy,medicine,D_A0123,Bengaluru,,0
T004422,A0419,2026-01-22 07:07:00,65.57,clothing,clothes,D_A0419,Delhi,,0
T004423,A0135,2026-01-22 07:12:00,202.83,fuel,diesel,D_A0135,Delhi,,0
T004424,A0470,2026-01-22 07:14:00,100.06,clothing,shoes,D_A0470,Mumbai,,0
T004425,A0197,2026-01-22 07:16:00,71.05,grocery,vegetables,D_A0197,Bengaluru,,0
T004426,A0361,2026-01-22 07:16:00,49.0,pharmacy,medicine,D_A0361,Chennai,,0
T004427,A0010,2026-01-22 07:18:00,6.49,streaming,subscription,D_A0010,Delhi,,0
T004428,A0293,2026-01-22 07:29:00,53.6,transfer,p2p_transfer,D_A0293,Mumbai,PAYEE_A0293,0
T004429,A0462,2026-01-22 07:30:00,87.67,clothing,clothes,D_A0462,Coimbatore,,0
T004430,A0184,2026-01-22 07:31:00,12.19,streaming,subscription,D_A0184,Coimbatore,,0
T004431,A0424,2026-01-22 07:37:00,82.56,fuel,diesel,D_A0424,Mumbai,,0
T004432,A0189,2026-01-22 07:38:00,37.82,grocery,vegetables,D_A0189,Chennai,,0
T004433,A0477,2026-01-22 07:42:00,83.65,pharmacy,medicine,D_A0477,Hyderabad,,0
T004434,A0370,2026-01-22 07:48:00,18.89,streaming,subscription,D_A0370,Coimbatore,,0
T004435,A0231,2026-01-22 07:50:00,31.23,pharmacy,medicine,D_A0231,Mumbai,,0
T004436,A0160,2026-01-22 08:06:00,87.43,clothing,clothes,D_OFF_1,Delhi,,0
T004437,A0467,2026-01-22 08:14:00,142.76,travel,train_ticket,D_OFF_1,Hyderabad,,0
T004438,A0262,2026-01-22 08:14:00,231.49,travel,train_ticket,D_A0262,Coimbatore,,0
T004439,A0168,2026-01-22 08:18:00,95.89,streaming,subscription,D_A0168,Madurai,,0
T004440,A0036,2026-01-22 09:07:00,8.42,streaming,subscription,D_FAM_1,Madurai,,0
T004441,A0474,2026-01-22 09:08:00,127.58,clothing,clothes,D_A0474,Kochi,,0
T004442,A0193,2026-01-22 09:11:00,814.86,travel,train_ticket,D_A0193,Kochi,,0
T004443,A0416,2026-01-22 09:18:00,93.61,fuel,diesel,D_A0416,Hyderabad,,0
T004444,A0320,2026-01-22 09:31:00,35.67,pharmacy,medicine,D_FAM_4,Madurai,,0
T004445,A0189,2026-01-22 09:34:00,178.03,travel,bus_ticket,D_A0189,Chennai,,0
T004446,A0223,2026-01-22 09:34:00,72.19,grocery,vegetables,D_A0223,Hyderabad,,0
T004447,A0140,2026-01-22 09:38:00,53.96,streaming,subscription,D_A0140,Madurai,,0
T004448,A0152,2026-01-22 09:55:00,221.73,travel,train_ticket,D_A0152,Hyderabad,,0
T004449,A0302,2026-01-22 09:59:00,20.29,food,delivery,D_A0302,Kochi,,0
T004450,A0361,2026-01-22 10:04:00,75.52,food,restaurant,D_A0361,Chennai,,0
T004451,A0125,2026-01-22 10:13:00,18.45,food,restaurant,D_A0125,Kochi,,0
T004452,A0329,2026-01-22 10:13:00,182.21,clothing,clothes,D_A0329,Chennai,,0
T004453,A0257,2026-01-22 10:17:00,25.57,food,restaurant,D_A0257,Coimbatore,,0
T004454,A0426,2026-01-22 10:19:00,107.05,fuel,petrol,D_A0426,Hyderabad,,0
T004455,A0289,2026-01-22 10:25:00,77.97,fuel,petrol,D_A0289,Bengaluru,,0
T004456,A0475,2026-01-22 10:29:00,54.96,grocery,vegetables,D_A0475,Hyderabad,,0
T004457,A0369,2026-01-22 10:35:00,457.19,travel,train_ticket,D_A0369,Mumbai,,0
T004458,A0311,2026-01-22 10:37:00,40.71,grocery,groceries,D_A0311,Chennai,,0
T004459,A0266,2026-01-22 10:42:00,64.92,food,restaurant,D_A0266,Hyderabad,,0
T004460,A0201,2026-01-22 10:52:00,14.56,food,delivery,D_A0201,Coimbatore,,0
T004461,A0050,2026-01-22 10:52:00,84.85,fuel,petrol,D_A0050,Hyderabad,,0
T004462,A0399,2026-01-22 10:53:00,40.96,streaming,subscription,D_A0399,Hyderabad,,0
T004463,A0075,2026-01-22 10:53:00,187.62,grocery,vegetables,D_A0075,Kochi,,0
T004464,A0287,2026-01-22 10:53:00,32.67,grocery,vegetables,D_FAM_13,Mumbai,,0
T004465,A0478,2026-01-22 11:02:00,39.56,grocery,groceries,D_A0478,Madurai,,0
T004466,A0019,2026-01-22 11:05:00,145.99,clothing,clothes,D_A0019,Mumbai,,0
T004467,A0480,2026-01-22 11:10:00,125.7,grocery,vegetables,D_A0480,Kochi,,0
T004468,A0320,2026-01-22 11:13:00,28.73,transfer,p2p_transfer,D_FAM_4,Madurai,PAYEE_A0320,0
T004469,A0116,2026-01-22 11:13:00,76.02,fuel,diesel,D_A0116,Madurai,,0
T004470,A0328,2026-01-22 11:26:00,80.88,pharmacy,medicine,D_A0328,Coimbatore,,0
T004471,A0177,2026-01-22 11:26:00,94.96,pharmacy,medicine,D_A0177,Delhi,,0
T004472,A0057,2026-01-22 11:27:00,297.81,clothing,shoes,D_OFF_0,Mumbai,,0
T004473,A0315,2026-01-22 11:34:00,34.44,grocery,vegetables,D_A0315,Madurai,,0
T004474,A0459,2026-01-22 11:37:00,95.53,fuel,diesel,D_A0459,Delhi,,0
T004475,A0329,2026-01-22 11:41:00,141.8,clothing,clothes,D_A0329,Kochi,,0
T004476,A0497,2026-01-22 11:42:00,44.57,food,delivery,D_A0497,Chennai,,0
T004477,A0267,2026-01-22 11:48:00,52.48,grocery,vegetables,D_OFF_1,Delhi,,0
T004478,A0416,2026-01-22 11:52:00,73.14,fuel,petrol,D_A0416,Hyderabad,,0
T004479,A0494,2026-01-22 11:55:00,39.76,streaming,subscription,D_A0494,Delhi,,0
T004480,A0280,2026-01-22 11:59:00,89.11,food,delivery,D_A0280,Coimbatore,,0
T004481,A0041,2026-01-22 12:00:00,91.27,clothing,shoes,D_FAM_6,Hyderabad,,0
T004482,A0042,2026-01-22 12:05:00,59.5,grocery,vegetables,D_A0042,Kochi,,0
T004483,A0217,2026-01-22 12:08:00,224.03,clothing,shoes,D_A0217,Chennai,,0
T004484,A0405,2026-01-22 12:09:00,38.57,fuel,petrol,D_A0405,Kochi,,0
T004485,A0334,2026-01-22 12:11:00,632.89,travel,bus_ticket,D_A0334,Madurai,,0
T004486,A0466,2026-01-22 12:16:00,32.42,giftcards,gift_card,D_A0466,Hyderabad,,0
T004487,A0134,2026-01-22 12:18:00,78.49,pharmacy,medicine,D_A0134,Coimbatore,,0
T004488,A0366,2026-01-22 12:19:00,43.41,fuel,petrol,D_FAM_5,Delhi,,0
T004489,A0455,2026-01-22 12:21:00,140.79,clothing,shoes,D_A0455,Chennai,,0
T004490,A0329,2026-01-22 12:23:00,307.45,travel,train_ticket,D_A0329,Kochi,,0
T004491,A0194,2026-01-22 12:25:00,130.51,clothing,clothes,D_FAM_2,Hyderabad,,0
T004492,A0225,2026-01-22 12:25:00,24.82,grocery,vegetables,D_A0225,Bengaluru,,0
T004493,A0484,2026-01-22 12:28:00,162.22,fuel,diesel,D_A0484,Bengaluru,,0
T004494,A0043,2026-01-22 12:31:00,218.8,travel,train_ticket,D_OFF_1,Kochi,,0
T004495,A0450,2026-01-22 12:36:00,116.85,transfer,p2p_transfer,D_A0450,Hyderabad,PAYEE_A0450,0
T004496,A0290,2026-01-22 12:38:00,120.4,grocery,groceries,D_OFF_2,Bengaluru,,0
T004497,A0085,2026-01-22 12:38:00,36.16,food,delivery,D_A0085,Delhi,,0
T004498,A0477,2026-01-22 12:39:00,310.1,clothing,clothes,D_A0477,Hyderabad,,0
T004499,A0095,2026-01-22 12:40:00,200.21,clothing,clothes,D_A0095,Mumbai,,0
T004500,A0181,2026-01-22 12:48:00,63.83,grocery,vegetables,D_A0181,Chennai,,0
T004501,A0388,2026-01-22 12:48:00,28.03,grocery,groceries,D_A0388,Delhi,,0
T004502,R001,2026-01-22 12:54:00,157.66,giftcards,gift_card,D_RING_3,Delhi,,1
T004503,A0159,2026-01-22 12:57:00,92.42,clothing,clothes,D_A0159,Delhi,,0
T004504,A0239,2026-01-22 12:57:00,24.34,food,restaurant,D_A0239,Coimbatore,,0
T004505,A0410,2026-01-22 12:59:00,31.49,pharmacy,medicine,D_A0410,Mumbai,,0
T004506,R001,2026-01-22 13:01:00,112.53,prepaid,prepaid_card,D_RING_1,Delhi,,1
T004507,A0263,2026-01-22 13:02:00,624.85,travel,train_ticket,D_A0263,Coimbatore,,0
T004508,A0035,2026-01-22 13:03:00,94.98,grocery,groceries,D_FAM_9,Delhi,,0
T004509,R001,2026-01-22 13:08:00,127.49,digital_goods,game_credits,D_RING_3,Delhi,,1
T004510,A0458,2026-01-22 13:10:00,12.15,streaming,subscription,D_FAM_9,Mumbai,,0
T004511,A0267,2026-01-22 13:12:00,19.86,food,delivery,D_OFF_1,Delhi,,0
T004512,A0435,2026-01-22 13:14:00,96.75,clothing,clothes,D_A0435,Coimbatore,,0
T004513,A0299,2026-01-22 13:17:00,38.22,food,delivery,D_A0299,Chennai,,0
T004514,A0109,2026-01-22 13:17:00,51.83,pharmacy,medicine,D_FAM_13,Mumbai,,0
T004515,A0203,2026-01-22 13:19:00,29.02,travel,bus_ticket,D_A0203,Mumbai,,0
T004516,A0114,2026-01-22 13:20:00,70.11,food,delivery,D_A0114,Mumbai,,0
T004517,A0213,2026-01-22 13:23:00,149.13,clothing,clothes,D_A0213,Coimbatore,,0
T004518,R001,2026-01-22 13:24:00,237.55,transfer,p2p_transfer,D_RING_1,Delhi,PAYOUT_X,1
T004519,A0301,2026-01-22 13:28:00,25.24,fuel,diesel,D_A0301,Hyderabad,,0
T004520,A0137,2026-01-22 13:30:00,45.7,grocery,vegetables,D_FAM_13,Hyderabad,,0
T004521,A0037,2026-01-22 13:39:00,38.59,streaming,subscription,D_A0037,Chennai,,0
T004522,A0133,2026-01-22 13:40:00,60.17,transfer,p2p_transfer,D_A0133,Bengaluru,PAYEE_A0133,0
T004523,A0378,2026-01-22 13:41:00,58.56,pharmacy,medicine,D_A0378,Hyderabad,,0
T004524,A0355,2026-01-22 13:42:00,39.33,pharmacy,medicine,D_A0355,Kochi,,0
T004525,A0055,2026-01-22 13:51:00,15.37,grocery,groceries,D_A0055,Bengaluru,,0
T004526,A0238,2026-01-22 13:54:00,38.98,food,delivery,D_A0238,Madurai,,0
T004527,A0008,2026-01-22 13:55:00,31.86,grocery,vegetables,D_A0008,Coimbatore,,0
T004528,A0273,2026-01-22 13:58:00,115.81,travel,bus_ticket,D_A0273,Bengaluru,,0
T004529,A0332,2026-01-22 14:01:00,39.91,grocery,vegetables,D_A0332,Delhi,,0
T004530,A0249,2026-01-22 14:07:00,20.39,pharmacy,medicine,D_A0249,Mumbai,,0
T004531,A0473,2026-01-22 14:10:00,29.82,transfer,p2p_transfer,D_A0473,Mumbai,PAYEE_A0473,0
T004532,A0050,2026-01-22 14:14:00,101.6,fuel,petrol,D_A0050,Hyderabad,,0
T004533,A0342,2026-01-22 14:15:00,93.5,grocery,vegetables,D_A0342,Madurai,,0
T004534,A0133,2026-01-22 14:18:00,95.83,clothing,clothes,D_A0133,Chennai,,0
T004535,A0415,2026-01-22 14:27:00,15.98,streaming,subscription,D_A0415,Kochi,,0
T004536,A0265,2026-01-22 14:28:00,99.6,travel,train_ticket,D_A0265,Mumbai,,0
T004537,A0311,2026-01-22 14:28:00,32.82,pharmacy,medicine,D_A0311,Chennai,,0
T004538,A0255,2026-01-22 14:34:00,340.65,travel,bus_ticket,D_A0255,Coimbatore,,0
T004539,A0112,2026-01-22 14:34:00,125.52,fuel,petrol,D_A0112,Delhi,,0
T004540,A0329,2026-01-22 14:36:00,41.2,pharmacy,medicine,D_A0329,Kochi,,0
T004541,A0457,2026-01-22 14:38:00,93.24,fuel,petrol,D_A0457,Hyderabad,,0
T004542,A0030,2026-01-22 14:39:00,42.79,pharmacy,medicine,D_A0030,Hyderabad,,0
T004543,A0326,2026-01-22 14:43:00,80.63,food,restaurant,D_A0326,Bengaluru,,0
T004544,A0257,2026-01-22 14:45:00,114.76,clothing,clothes,D_A0257,Coimbatore,,0
T004545,A0488,2026-01-22 14:46:00,63.23,food,restaurant,D_A0488,Kochi,,0
T004546,A0265,2026-01-22 14:47:00,27.95,food,delivery,D_A0265,Mumbai,,0
T004547,A0306,2026-01-22 14:49:00,64.79,pharmacy,medicine,D_A0306,Chennai,,0
T004548,A0197,2026-01-22 14:52:00,33.95,food,delivery,D_A0197,Bengaluru,,0
T004549,A0447,2026-01-22 14:52:00,93.25,grocery,vegetables,D_A0447,Hyderabad,,0
T004550,A0094,2026-01-22 14:52:00,18.14,food,delivery,D_A0094,Bengaluru,,0
T004551,A0054,2026-01-22 14:53:00,8.59,streaming,subscription,D_A0054,Chennai,,0
T004552,A0216,2026-01-22 14:57:00,79.05,transfer,p2p_transfer,D_A0216,Delhi,PAYEE_A0216,0
T004553,A0444,2026-01-22 14:57:00,126.24,fuel,petrol,D_A0444,Kochi,,0
T004554,A0162,2026-01-22 14:59:00,55.15,food,restaurant,D_A0162,Coimbatore,,0
T004555,A0329,2026-01-22 15:00:00,173.37,clothing,shoes,D_A0329,Kochi,,0
T004556,A0322,2026-01-22 15:05:00,40.8,food,restaurant,D_A0322,Madurai,,0
T004557,A0183,2026-01-22 15:06:00,84.74,fuel,petrol,D_A0183,Mumbai,,0
T004558,A0003,2026-01-22 15:08:00,124.78,fuel,diesel,D_A0003,Hyderabad,,0
T004559,A0324,2026-01-22 15:13:00,297.92,travel,train_ticket,D_A0324,Mumbai,,0
T004560,A0369,2026-01-22 15:14:00,287.44,transfer,p2p_transfer,D_A0369,Mumbai,PAYEE_A0369,0
T004561,A0465,2026-01-22 15:14:00,51.87,giftcards,gift_card,D_A0465,Delhi,,0
T004562,A0434,2026-01-22 15:15:00,16.27,food,restaurant,D_A0434,Delhi,,0
T004563,A0080,2026-01-22 15:15:00,45.56,grocery,groceries,D_A0080,Chennai,,0
T004564,A0439,2026-01-22 15:16:00,10.84,streaming,subscription,D_A0439,Chennai,,0
T004565,A0402,2026-01-22 15:20:00,354.92,travel,train_ticket,D_A0402,Madurai,,0
T004566,A0354,2026-01-22 15:25:00,58.44,fuel,petrol,D_A0354,Hyderabad,,0
T004567,A0086,2026-01-22 15:25:00,39.36,pharmacy,medicine,D_A0086,Chennai,,0
T004568,A0322,2026-01-22 15:27:00,38.3,food,restaurant,D_A0322,Madurai,,0
T004569,A0262,2026-01-22 15:28:00,70.61,pharmacy,medicine,D_A0262,Coimbatore,,0
T004570,A0102,2026-01-22 15:29:00,19.51,food,delivery,D_FAM_7,Madurai,,0
T004571,A0245,2026-01-22 15:33:00,121.4,clothing,clothes,D_A0245,Mumbai,,0
T004572,A0195,2026-01-22 15:35:00,12.54,fuel,petrol,D_FAM_11,Kochi,,0
T004573,A0139,2026-01-22 15:35:00,82.76,clothing,clothes,D_FAM_7,Hyderabad,,0
T004574,A0114,2026-01-22 15:43:00,41.65,food,restaurant,D_A0114,Mumbai,,0
T004575,A0410,2026-01-22 15:44:00,37.34,pharmacy,medicine,D_A0410,Mumbai,,0
T004576,A0163,2026-01-22 15:55:00,48.99,grocery,vegetables,D_FAM_5,Bengaluru,,0
T004577,A0115,2026-01-22 15:55:00,686.04,travel,bus_ticket,D_A0115,Kochi,,0
T004578,A0275,2026-01-22 15:55:00,98.71,travel,bus_ticket,D_FAM_5,Chennai,,0
T004579,A0279,2026-01-22 15:57:00,51.42,giftcards,gift_card,D_OFF_0,Hyderabad,,0
T004580,A0479,2026-01-22 16:02:00,59.68,grocery,groceries,D_A0479,Chennai,,0
T004581,A0481,2026-01-22 16:08:00,191.65,travel,bus_ticket,D_A0481,Coimbatore,,0
T004582,A0166,2026-01-22 16:09:00,251.48,travel,bus_ticket,D_A0166,Bengaluru,,0
T004583,A0273,2026-01-22 16:13:00,99.41,travel,train_ticket,D_A0273,Bengaluru,,0
T004584,A0458,2026-01-22 16:15:00,117.0,travel,bus_ticket,D_FAM_9,Hyderabad,,0
T004585,A0109,2026-01-22 16:16:00,47.43,pharmacy,medicine,D_FAM_13,Mumbai,,0
T004586,A0282,2026-01-22 16:16:00,130.23,clothing,clothes,D_A0282,Hyderabad,,0
T004587,A0389,2026-01-22 16:21:00,58.88,fuel,petrol,D_A0389,Coimbatore,,0
T004588,A0258,2026-01-22 16:22:00,95.8,clothing,clothes,D_A0258,Mumbai,,0
T004589,A0100,2026-01-22 16:22:00,171.35,clothing,clothes,D_A0100,Kochi,,0
T004590,A0130,2026-01-22 16:28:00,26.39,pharmacy,medicine,D_A0130,Mumbai,,0
T004591,A0461,2026-01-22 16:30:00,46.19,pharmacy,medicine,D_FAM_0,Madurai,,0
T004592,A0030,2026-01-22 16:42:00,63.24,grocery,vegetables,D_A0030,Hyderabad,,0
T004593,A0334,2026-01-22 16:43:00,122.0,food,delivery,D_A0334,Madurai,,0
T004594,A0027,2026-01-22 16:43:00,213.11,transfer,p2p_transfer,D_A0027,Mumbai,PAYEE_A0027,0
T004595,A0487,2026-01-22 16:43:00,537.99,travel,bus_ticket,D_A0487,Hyderabad,,0
T004596,A0469,2026-01-22 16:43:00,37.66,food,delivery,D_A0469,Hyderabad,,0
T004597,A0198,2026-01-22 16:47:00,46.8,pharmacy,medicine,D_A0198,Coimbatore,,0
T004598,R005,2026-01-22 16:52:00,196.9,giftcards,gift_card,D_RING_3,Chennai,,1
T004599,A0031,2026-01-22 16:55:00,41.03,grocery,vegetables,D_OFF_2,Coimbatore,,0
T004600,A0089,2026-01-22 16:56:00,189.8,grocery,vegetables,D_A0089,Hyderabad,,0
T004601,A0137,2026-01-22 16:58:00,118.98,grocery,vegetables,D_FAM_13,Hyderabad,,0
T004602,R005,2026-01-22 16:59:00,102.55,prepaid,prepaid_card,D_RING_2,Chennai,,1
T004603,A0161,2026-01-22 17:03:00,124.76,fuel,petrol,D_A0161,Bengaluru,,0
T004604,A0450,2026-01-22 17:03:00,36.17,pharmacy,medicine,D_A0450,Hyderabad,,0
T004605,R005,2026-01-22 17:06:00,107.63,digital_goods,game_credits,D_RING_3,Chennai,,1
T004606,A0019,2026-01-22 17:10:00,106.57,clothing,clothes,D_A0019,Mumbai,,0
T004607,A0160,2026-01-22 17:17:00,77.5,grocery,groceries,D_OFF_1,Delhi,,0
T004608,R005,2026-01-22 17:22:00,315.91,transfer,p2p_transfer,D_RING_2,Chennai,PAYOUT_X,1
T004609,A0247,2026-01-22 17:23:00,95.92,pharmacy,medicine,D_A0247,Coimbatore,,0
T004610,A0169,2026-01-22 17:23:00,59.75,clothing,clothes,D_A0169,Bengaluru,,0
T004611,A0272,2026-01-22 17:24:00,11.71,streaming,subscription,D_FAM_14,Delhi,,0
T004612,A0123,2026-01-22 17:25:00,89.53,clothing,shoes,D_A0123,Bengaluru,,0
T004613,A0164,2026-01-22 17:29:00,47.23,food,delivery,D_A0164,Madurai,,0
T004614,A0362,2026-01-22 17:30:00,39.0,transfer,p2p_transfer,D_A0362,Delhi,PAYEE_A0362,0
T004615,A0404,2026-01-22 17:33:00,19.86,pharmacy,medicine,D_A0404,Mumbai,,0
T004616,A0215,2026-01-22 17:34:00,42.42,fuel,diesel,D_A0215,Madurai,,0
T004617,A0240,2026-01-22 17:37:00,65.4,grocery,vegetables,D_FAM_11,Bengaluru,,0
T004618,A0154,2026-01-22 17:41:00,88.17,fuel,diesel,D_A0154,Chennai,,0
T004619,A0153,2026-01-22 17:43:00,42.27,pharmacy,medicine,D_A0153,Madurai,,0
T004620,A0038,2026-01-22 18:05:00,36.06,fuel,petrol,D_A0038,Madurai,,0
T004621,A0204,2026-01-22 18:07:00,41.05,grocery,vegetables,D_A0204,Kochi,,0
T004622,A0115,2026-01-22 18:16:00,32.93,streaming,subscription,D_A0115,Kochi,,0
T004623,A0412,2026-01-22 18:20:00,197.87,travel,bus_ticket,D_A0412,Kochi,,0
T004624,A0234,2026-01-22 18:44:00,51.45,fuel,petrol,D_A0234,Coimbatore,,0
T004625,A0190,2026-01-22 18:46:00,117.35,pharmacy,medicine,D_FAM_13,Madurai,,0
T004626,A0197,2026-01-22 18:57:00,29.91,food,restaurant,D_A0197,Bengaluru,,0
T004627,A0404,2026-01-22 19:01:00,11.25,fuel,petrol,D_A0404,Chennai,,0
T004628,A0494,2026-01-22 19:10:00,99.07,fuel,petrol,D_A0494,Delhi,,0
T004629,A0038,2026-01-22 19:11:00,33.45,grocery,vegetables,D_A0038,Madurai,,0
T004630,A0215,2026-01-22 19:16:00,130.48,clothing,clothes,D_A0215,Madurai,,0
T004631,A0090,2026-01-22 19:36:00,57.8,transfer,p2p_transfer,D_A0090,Chennai,PAYEE_A0090,0
T004632,A0111,2026-01-22 19:37:00,18.6,streaming,subscription,D_A0111,Chennai,,0
T004633,A0394,2026-01-22 19:47:00,23.61,streaming,subscription,D_A0394,Coimbatore,,0
T004634,A0362,2026-01-22 19:54:00,15.03,food,delivery,D_A0362,Chennai,,0
T004635,A0044,2026-01-22 20:02:00,16.41,streaming,subscription,D_A0044,Bengaluru,,0
T004636,A0470,2026-01-22 20:19:00,99.52,travel,train_ticket,D_A0470,Mumbai,,0
T004637,A0329,2026-01-22 20:35:00,158.22,clothing,shoes,D_A0329,Kochi,,0
T004638,A0433,2026-01-22 20:53:00,45.86,transfer,p2p_transfer,D_A0433,Hyderabad,PAYEE_A0433,0
T004639,A0053,2026-01-22 21:05:00,43.49,pharmacy,medicine,D_A0053,Bengaluru,,0
T004640,A0156,2026-01-22 21:18:00,85.05,clothing,clothes,D_A0156,Coimbatore,,0
T004641,A0103,2026-01-22 21:18:00,26.23,streaming,subscription,D_A0103,Delhi,,0
T004642,A0204,2026-01-22 21:22:00,28.61,food,delivery,D_A0204,Kochi,,0
T004643,A0319,2026-01-22 21:31:00,79.53,pharmacy,medicine,D_A0319,Madurai,,0
T004644,A0390,2026-01-22 21:46:00,42.26,pharmacy,medicine,D_A0390,Chennai,,0
T004645,A0488,2026-01-22 21:47:00,158.67,food,delivery,D_A0488,Kochi,,0
T004646,A0224,2026-01-22 21:50:00,57.09,pharmacy,medicine,D_A0224,Hyderabad,,0
T004647,R000,2026-01-22 22:15:00,110.21,giftcards,gift_card,D_RING_1,Madurai,,1
T004648,R000,2026-01-22 22:22:00,78.71,prepaid,prepaid_card,D_RING_1,Madurai,,1
T004649,R000,2026-01-22 22:29:00,93.93,digital_goods,game_credits,D_RING_2,Madurai,,1
T004650,R000,2026-01-22 22:45:00,183.79,transfer,p2p_transfer,D_RING_1,Madurai,PAYOUT_X,1
T004651,A0416,2026-01-22 22:45:00,61.99,fuel,diesel,D_A0416,Coimbatore,,0
T004652,A0381,2026-01-23 01:50:00,1767.17,electronics,gift_card,D_STOLEN_29,Hyderabad,,1
T004653,A0246,2026-01-23 04:00:00,940.47,electronics,phone,D_STOLEN_35,Mumbai,,1
T004654,A0246,2026-01-23 04:12:00,683.51,travel,phone,D_STOLEN_35,Mumbai,,1
T004655,A0246,2026-01-23 04:24:00,928.65,electronics,flight_ticket,D_STOLEN_35,Mumbai,,1
T004656,A0437,2026-01-23 07:03:00,192.91,travel,bus_ticket,D_FAM_3,Kochi,,0
T004657,A0290,2026-01-23 07:03:00,98.24,grocery,groceries,D_OFF_2,Bengaluru,,0
T004658,A0025,2026-01-23 07:07:00,80.11,clothing,shoes,D_A0025,Hyderabad,,0
T004659,A0057,2026-01-23 07:09:00,339.72,travel,train_ticket,D_OFF_0,Mumbai,,0
T004660,A0202,2026-01-23 07:11:00,177.9,fuel,petrol,D_A0202,Madurai,,0
T004661,A0439,2026-01-23 07:15:00,8.41,streaming,subscription,D_A0439,Chennai,,0
T004662,A0494,2026-01-23 07:16:00,617.4,travel,train_ticket,D_A0494,Delhi,,0
T004663,A0180,2026-01-23 07:18:00,19.63,streaming,subscription,D_A0180,Chennai,,0
T004664,A0294,2026-01-23 07:21:00,37.99,pharmacy,medicine,D_A0294,Chennai,,0
T004665,A0121,2026-01-23 07:29:00,146.94,clothing,clothes,D_A0121,Hyderabad,,0
T004666,A0357,2026-01-23 07:31:00,45.46,food,delivery,D_A0357,Kochi,,0
T004667,A0302,2026-01-23 07:33:00,7.4,streaming,subscription,D_A0302,Kochi,,0
T004668,A0419,2026-01-23 07:36:00,43.09,pharmacy,medicine,D_A0419,Delhi,,0
T004669,A0276,2026-01-23 07:37:00,29.64,grocery,vegetables,D_A0276,Delhi,,0
T004670,A0211,2026-01-23 07:41:00,184.48,travel,bus_ticket,D_A0211,Kochi,,0
T004671,A0014,2026-01-23 07:45:00,44.57,pharmacy,medicine,D_FAM_2,Coimbatore,,0
T004672,A0431,2026-01-23 08:12:00,23.42,streaming,subscription,D_FAM_11,Hyderabad,,0
T004673,A0425,2026-01-23 08:17:00,15.92,streaming,subscription,D_A0425,Madurai,,0
T004674,A0193,2026-01-23 08:19:00,127.63,pharmacy,medicine,D_A0193,Delhi,,0
T004675,A0260,2026-01-23 08:20:00,329.95,clothing,clothes,D_A0260,Hyderabad,,0
T004676,A0494,2026-01-23 08:30:00,59.84,streaming,subscription,D_A0494,Delhi,,0
T004677,A0492,2026-01-23 08:38:00,203.35,clothing,clothes,D_A0492,Kochi,,0
T004678,A0424,2026-01-23 08:38:00,155.79,transfer,p2p_transfer,D_A0424,Mumbai,PAYEE_A0424,0
T004679,A0219,2026-01-23 08:43:00,61.1,fuel,diesel,D_A0219,Hyderabad,,0
T004680,A0128,2026-01-23 08:54:00,42.92,food,restaurant,D_A0128,Madurai,,0
T004681,A0473,2026-01-23 08:55:00,88.82,travel,bus_ticket,D_A0473,Mumbai,,0
T004682,A0145,2026-01-23 09:00:00,211.3,travel,train_ticket,D_A0145,Coimbatore,,0
T004683,A0313,2026-01-23 09:02:00,13.98,streaming,subscription,D_A0313,Chennai,,0
T004684,A0060,2026-01-23 09:03:00,89.35,fuel,diesel,D_A0060,Madurai,,0
T004685,A0030,2026-01-23 09:11:00,82.7,grocery,vegetables,D_A0030,Hyderabad,,0
T004686,A0392,2026-01-23 09:16:00,241.67,travel,train_ticket,D_A0392,Chennai,,0
T004687,A0479,2026-01-23 09:32:00,56.18,grocery,groceries,D_A0479,Chennai,,0
T004688,A0477,2026-01-23 09:37:00,207.66,clothing,clothes,D_A0477,Hyderabad,,0
T004689,A0301,2026-01-23 09:38:00,165.25,travel,train_ticket,D_A0301,Hyderabad,,0
T004690,A0347,2026-01-23 09:45:00,88.39,clothing,shoes,D_A0347,Chennai,,0
T004691,A0465,2026-01-23 10:24:00,74.02,grocery,groceries,D_A0465,Delhi,,0
T004692,A0285,2026-01-23 10:27:00,135.86,fuel,petrol,D_A0285,Madurai,,0
T004693,A0390,2026-01-23 10:29:00,175.81,travel,train_ticket,D_A0390,Chennai,,0
T004694,A0345,2026-01-23 10:33:00,79.5,grocery,groceries,D_A0345,Bengaluru,,0
T004695,A0414,2026-01-23 10:33:00,19.83,streaming,subscription,D_A0414,Mumbai,,0
T004696,A0470,2026-01-23 10:34:00,11.4,streaming,subscription,D_A0470,Mumbai,,0
T004697,A0067,2026-01-23 10:38:00,6.84,streaming,subscription,D_A0067,Madurai,,0
T004698,A0470,2026-01-23 10:40:00,135.55,travel,train_ticket,D_A0470,Mumbai,,0
T004699,A0461,2026-01-23 10:40:00,49.04,pharmacy,medicine,D_FAM_0,Madurai,,0
T004700,A0275,2026-01-23 10:46:00,25.67,food,restaurant,D_FAM_5,Bengaluru,,0
T004701,A0409,2026-01-23 10:50:00,83.2,clothing,shoes,D_A0409,Chennai,,0
T004702,A0398,2026-01-23 10:50:00,172.6,fuel,diesel,D_OFF_1,Kochi,,0
T004703,A0473,2026-01-23 10:58:00,36.14,fuel,diesel,D_A0473,Mumbai,,0
T004704,A0251,2026-01-23 11:02:00,29.45,fuel,diesel,D_A0251,Chennai,,0
T004705,A0279,2026-01-23 11:03:00,93.37,clothing,shoes,D_OFF_0,Mumbai,,0
T004706,A0437,2026-01-23 11:05:00,210.41,travel,train_ticket,D_FAM_3,Kochi,,0
T004707,A0493,2026-01-23 11:06:00,546.08,travel,train_ticket,D_A0493,Coimbatore,,0
T004708,A0089,2026-01-23 11:23:00,119.89,pharmacy,medicine,D_A0089,Hyderabad,,0
T004709,A0215,2026-01-23 11:31:00,54.64,fuel,diesel,D_A0215,Madurai,,0
T004710,A0454,2026-01-23 11:34:00,38.49,grocery,groceries,D_A0454,Kochi,,0
T004711,A0169,2026-01-23 11:40:00,129.88,travel,train_ticket,D_A0169,Bengaluru,,0
T004712,A0236,2026-01-23 11:40:00,41.88,pharmacy,medicine,D_A0236,Madurai,,0
T004713,A0128,2026-01-23 11:42:00,31.79,food,restaurant,D_A0128,Madurai,,0
T004714,A0351,2026-01-23 11:54:00,64.35,fuel,diesel,D_A0351,Chennai,,0
T004715,A0246,2026-01-23 11:56:00,31.45,food,delivery,D_A0246,Kochi,,0
T004716,A0283,2026-01-23 12:01:00,92.41,travel,bus_ticket,D_A0283,Kochi,,0
T004717,A0256,2026-01-23 12:12:00,68.24,grocery,groceries,D_A0256,Bengaluru,,0
T004718,A0131,2026-01-23 12:14:00,55.63,pharmacy,medicine,D_A0131,Bengaluru,,0
T004719,A0126,2026-01-23 12:19:00,86.26,streaming,subscription,D_A0126,Chennai,,0
T004720,A0075,2026-01-23 12:23:00,233.73,grocery,vegetables,D_A0075,Kochi,,0
T004721,A0096,2026-01-23 12:31:00,318.48,travel,train_ticket,D_A0096,Hyderabad,,0
T004722,A0275,2026-01-23 12:32:00,133.49,clothing,clothes,D_FAM_5,Chennai,,0
T004723,A0328,2026-01-23 12:38:00,90.57,food,restaurant,D_A0328,Kochi,,0
T004724,A0083,2026-01-23 12:55:00,225.36,fuel,petrol,D_A0083,Madurai,,0
T004725,A0478,2026-01-23 12:58:00,54.02,grocery,vegetables,D_A0478,Hyderabad,,0
T004726,A0002,2026-01-23 13:02:00,21.96,streaming,subscription,D_A0002,Kochi,,0
T004727,A0421,2026-01-23 13:06:00,17.87,streaming,subscription,D_A0421,Chennai,,0
T004728,A0250,2026-01-23 13:06:00,255.67,travel,train_ticket,D_A0250,Hyderabad,,0
T004729,A0392,2026-01-23 13:15:00,43.85,pharmacy,medicine,D_A0392,Bengaluru,,0
T004730,A0140,2026-01-23 13:17:00,515.23,travel,train_ticket,D_A0140,Madurai,,0
T004731,A0140,2026-01-23 13:23:00,706.63,travel,bus_ticket,D_A0140,Madurai,,0
T004732,A0492,2026-01-23 13:24:00,354.36,transfer,p2p_transfer,D_A0492,Kochi,PAYEE_A0492,0
T004733,A0420,2026-01-23 13:30:00,890.53,travel,train_ticket,D_OFF_0,Madurai,,0
T004734,A0386,2026-01-23 13:32:00,37.08,fuel,diesel,D_A0386,Coimbatore,,0
T004735,A0032,2026-01-23 13:33:00,64.53,grocery,vegetables,D_A0032,Delhi,,0
T004736,A0480,2026-01-23 13:36:00,165.27,grocery,groceries,D_FAM_6,Kochi,,0
T004737,A0081,2026-01-23 13:39:00,70.51,transfer,p2p_transfer,D_A0081,Coimbatore,PAYEE_A0081,0
T004738,A0074,2026-01-23 13:40:00,232.88,travel,bus_ticket,D_A0074,Hyderabad,,0
T004739,A0154,2026-01-23 13:42:00,63.74,fuel,diesel,D_A0154,Chennai,,0
T004740,A0450,2026-01-23 13:42:00,27.11,food,delivery,D_A0450,Hyderabad,,0
T004741,A0028,2026-01-23 13:52:00,37.56,grocery,groceries,D_A0028,Bengaluru,,0
T004742,A0084,2026-01-23 13:55:00,14.85,streaming,subscription,D_A0084,Delhi,,0
T004743,A0370,2026-01-23 13:56:00,118.04,fuel,diesel,D_A0370,Coimbatore,,0
T004744,A0010,2026-01-23 14:00:00,6.5,streaming,subscription,D_A0010,Delhi,,0
T004745,A0071,2026-01-23 14:00:00,62.87,food,restaurant,D_A0071,Kochi,,0
T004746,A0378,2026-01-23 14:03:00,24.88,streaming,subscription,D_A0378,Hyderabad,,0
T004747,A0489,2026-01-23 14:08:00,53.29,fuel,diesel,D_A0489,Madurai,,0
T004748,A0210,2026-01-23 14:08:00,58.46,grocery,vegetables,D_A0210,Bengaluru,,0
T004749,A0335,2026-01-23 14:17:00,28.37,food,delivery,D_A0335,Mumbai,,0
T004750,A0027,2026-01-23 14:18:00,19.51,streaming,subscription,D_A0027,Mumbai,,0
T004751,A0307,2026-01-23 14:22:00,163.1,travel,bus_ticket,D_A0307,Mumbai,,0
T004752,A0182,2026-01-23 14:25:00,37.82,food,delivery,D_FAM_8,Chennai,,0
T004753,A0143,2026-01-23 14:28:00,69.25,clothing,shoes,D_A0143,Kochi,,0
T004754,A0162,2026-01-23 14:28:00,410.69,travel,bus_ticket,D_A0162,Coimbatore,,0
T004755,A0315,2026-01-23 14:31:00,35.49,grocery,vegetables,D_A0315,Madurai,,0
T004756,A0459,2026-01-23 14:35:00,41.83,fuel,petrol,D_A0459,Delhi,,0
T004757,A0311,2026-01-23 14:46:00,24.28,grocery,vegetables,D_A0311,Chennai,,0
T004758,A0400,2026-01-23 14:48:00,77.09,pharmacy,medicine,D_A0400,Coimbatore,,0
T004759,A0074,2026-01-23 14:48:00,38.9,food,delivery,D_A0074,Hyderabad,,0
T004760,A0236,2026-01-23 14:49:00,142.05,travel,bus_ticket,D_A0236,Chennai,,0
T004761,A0222,2026-01-23 14:51:00,63.95,travel,train_ticket,D_A0222,Madurai,,0
T004762,A0479,2026-01-23 14:52:00,57.3,grocery,vegetables,D_A0479,Chennai,,0
T004763,A0415,2026-01-23 14:55:00,41.25,pharmacy,medicine,D_A0415,Kochi,,0
T004764,A0277,2026-01-23 14:57:00,20.72,streaming,subscription,D_A0277,Delhi,,0
T004765,A0355,2026-01-23 14:57:00,46.78,pharmacy,medicine,D_A0355,Kochi,,0
T004766,A0186,2026-01-23 15:00:00,47.23,fuel,diesel,D_A0186,Kochi,,0
T004767,A0262,2026-01-23 15:03:00,35.38,pharmacy,medicine,D_A0262,Chennai,,0
T004768,A0409,2026-01-23 15:03:00,27.71,grocery,vegetables,D_A0409,Chennai,,0
T004769,A0423,2026-01-23 15:05:00,26.52,food,delivery,D_A0423,Coimbatore,,0
T004770,A0002,2026-01-23 15:18:00,53.51,pharmacy,medicine,D_A0002,Kochi,,0
T004771,A0405,2026-01-23 15:21:00,61.93,fuel,diesel,D_A0405,Kochi,,0
T004772,A0324,2026-01-23 15:21:00,111.46,travel,bus_ticket,D_A0324,Mumbai,,0
T004773,A0213,2026-01-23 15:25:00,233.92,transfer,p2p_transfer,D_A0213,Coimbatore,PAYEE_A0213,0
T004774,A0094,2026-01-23 15:35:00,61.71,clothing,clothes,D_A0094,Bengaluru,,0
T004775,A0434,2026-01-23 15:39:00,123.29,travel,train_ticket,D_A0434,Delhi,,0
T004776,A0098,2026-01-23 15:39:00,16.36,streaming,subscription,D_A0098,Bengaluru,,0
T004777,A0288,2026-01-23 15:40:00,58.48,pharmacy,medicine,D_A0288,Coimbatore,,0
T004778,A0414,2026-01-23 15:46:00,61.28,streaming,subscription,D_A0414,Mumbai,,0
T004779,A0167,2026-01-23 15:53:00,100.74,food,delivery,D_A0167,Chennai,,0
T004780,A0373,2026-01-23 15:56:00,22.07,pharmacy,medicine,D_A0373,Coimbatore,,0
T004781,A0341,2026-01-23 15:57:00,23.48,streaming,subscription,D_A0341,Madurai,,0
T004782,A0045,2026-01-23 16:02:00,97.41,grocery,vegetables,D_A0045,Madurai,,0
T004783,A0191,2026-01-23 16:03:00,44.47,fuel,diesel,D_A0191,Mumbai,,0
T004784,A0315,2026-01-23 16:06:00,38.08,grocery,groceries,D_A0315,Madurai,,0
T004785,A0227,2026-01-23 16:06:00,84.2,grocery,groceries,D_A0227,Madurai,,0
T004786,A0085,2026-01-23 16:11:00,39.07,food,delivery,D_A0085,Delhi,,0
T004787,A0064,2026-01-23 16:24:00,31.02,pharmacy,medicine,D_A0064,Bengaluru,,0
T004788,A0227,2026-01-23 16:26:00,69.0,grocery,vegetables,D_A0227,Mumbai,,0
T004789,A0299,2026-01-23 16:26:00,31.33,pharmacy,medicine,D_A0299,Chennai,,0
T004790,A0125,2026-01-23 16:31:00,47.88,pharmacy,medicine,D_A0125,Chennai,,0
T004791,A0433,2026-01-23 16:32:00,44.7,pharmacy,medicine,D_A0433,Hyderabad,,0
T004792,A0201,2026-01-23 16:38:00,10.66,streaming,subscription,D_A0201,Bengaluru,,0
T004793,A0189,2026-01-23 16:40:00,25.7,grocery,groceries,D_A0189,Chennai,,0
T004794,A0154,2026-01-23 16:51:00,118.33,clothing,shoes,D_A0154,Chennai,,0
T004795,A0150,2026-01-23 16:57:00,75.97,clothing,shoes,D_A0150,Mumbai,,0
T004796,A0100,2026-01-23 17:02:00,32.07,food,restaurant,D_A0100,Kochi,,0
T004797,A0376,2026-01-23 17:19:00,126.9,food,restaurant,D_A0376,Hyderabad,,0
T004798,A0376,2026-01-23 17:26:00,215.9,transfer,p2p_transfer,D_A0376,Hyderabad,PAYEE_A0376,0
T004799,A0469,2026-01-23 17:30:00,14.24,streaming,subscription,D_A0469,Delhi,,0
T004800,A0106,2026-01-23 17:37:00,330.42,travel,bus_ticket,D_A0106,Bengaluru,,0
T004801,A0373,2026-01-23 17:40:00,9.04,streaming,subscription,D_A0373,Coimbatore,,0
T004802,A0148,2026-01-23 17:41:00,104.03,pharmacy,medicine,D_A0148,Delhi,,0
T004803,A0488,2026-01-23 17:42:00,46.33,streaming,subscription,D_A0488,Kochi,,0
T004804,A0321,2026-01-23 17:44:00,153.76,clothing,clothes,D_A0321,Mumbai,,0
T004805,A0126,2026-01-23 17:58:00,210.23,grocery,groceries,D_A0126,Chennai,,0
T004806,A0158,2026-01-23 17:59:00,30.96,food,restaurant,D_A0158,Mumbai,,0
T004807,A0007,2026-01-23 18:04:00,24.24,food,delivery,D_A0007,Bengaluru,,0
T004808,A0087,2026-01-23 18:07:00,435.28,clothing,clothes,D_A0087,Madurai,,0
T004809,A0471,2026-01-23 18:08:00,27.93,streaming,subscription,D_A0471,Delhi,,0
T004810,A0169,2026-01-23 18:08:00,114.32,travel,bus_ticket,D_A0169,Bengaluru,,0
T004811,A0485,2026-01-23 18:11:00,49.32,grocery,vegetables,D_A0485,Madurai,,0
T004812,A0335,2026-01-23 18:16:00,23.39,food,restaurant,D_A0335,Mumbai,,0
T004813,A0482,2026-01-23 18:41:00,15.91,grocery,vegetables,D_A0482,Chennai,,0
T004814,A0337,2026-01-23 18:45:00,56.46,streaming,subscription,D_A0337,Madurai,,0
T004815,A0106,2026-01-23 18:52:00,332.89,travel,train_ticket,D_A0106,Bengaluru,,0
T004816,A0035,2026-01-23 19:13:00,76.12,grocery,vegetables,D_FAM_9,Delhi,,0
T004817,A0035,2026-01-23 19:31:00,144.79,grocery,vegetables,D_FAM_9,Delhi,,0
T004818,A0388,2026-01-23 20:09:00,118.95,travel,bus_ticket,D_A0388,Delhi,,0
T004819,A0337,2026-01-23 20:12:00,205.82,clothing,shoes,D_A0337,Coimbatore,,0
T004820,A0066,2026-01-23 20:18:00,71.04,food,restaurant,D_A0066,Bengaluru,,0
T004821,A0480,2026-01-23 20:19:00,594.29,travel,train_ticket,D_FAM_6,Kochi,,0
T004822,A0203,2026-01-23 20:53:00,62.04,travel,bus_ticket,D_A0203,Mumbai,,0
T004823,A0209,2026-01-23 20:55:00,35.08,pharmacy,medicine,D_A0209,Kochi,,0
T004824,A0208,2026-01-23 21:01:00,58.54,fuel,petrol,D_A0208,Hyderabad,,0
T004825,A0386,2026-01-23 21:02:00,13.66,streaming,subscription,D_A0386,Coimbatore,,0
T004826,A0047,2026-01-23 21:16:00,20.76,pharmacy,medicine,D_A0047,Kochi,,0
T004827,A0118,2026-01-23 21:21:00,41.84,giftcards,gift_card,D_A0118,Hyderabad,,0
T004828,A0020,2026-01-23 21:32:00,85.07,fuel,diesel,D_A0020,Bengaluru,,0
T004829,A0017,2026-01-23 21:34:00,41.13,fuel,diesel,D_A0017,Mumbai,,0
T004830,A0344,2026-01-23 21:41:00,36.88,fuel,petrol,D_A0344,Kochi,,0
T004831,A0245,2026-01-23 21:48:00,65.16,grocery,groceries,D_A0245,Mumbai,,0
T004832,A0310,2026-01-23 22:32:00,193.14,food,delivery,D_A0310,Chennai,,0
T004833,A0495,2026-01-23 23:41:00,54.56,transfer,p2p_transfer,D_A0495,Chennai,PAYEE_A0495,0
T004834,A0284,2026-01-24 01:20:00,1554.1,electronics,gift_card,D_STOLEN_3,Kochi,,1
T004835,A0284,2026-01-24 01:32:00,1157.38,giftcards,gift_card,D_STOLEN_3,Kochi,,1
T004836,A0284,2026-01-24 01:44:00,1082.68,electronics,flight_ticket,D_STOLEN_3,Kochi,,1
T004837,A0262,2026-01-24 04:40:00,521.11,travel,flight_ticket,D_STOLEN_12,Delhi,,1
T004838,A0262,2026-01-24 04:52:00,617.2,giftcards,flight_ticket,D_STOLEN_12,Delhi,,1
T004839,A0262,2026-01-24 05:04:00,1189.35,travel,gift_card,D_STOLEN_12,Delhi,,1
T004840,A0366,2026-01-24 07:05:00,38.8,fuel,petrol,D_FAM_5,Delhi,,0
T004841,A0052,2026-01-24 07:12:00,54.94,fuel,petrol,D_A0052,Hyderabad,,0
T004842,A0282,2026-01-24 07:12:00,200.87,clothing,clothes,D_A0282,Hyderabad,,0
T004843,A0001,2026-01-24 07:14:00,50.05,food,delivery,D_A0001,Kochi,,0
T004844,A0199,2026-01-24 07:15:00,37.34,food,restaurant,D_A0199,Madurai,,0
T004845,A0061,2026-01-24 07:24:00,48.45,fuel,petrol,D_A0061,Bengaluru,,0
T004846,A0220,2026-01-24 07:29:00,75.24,fuel,petrol,D_A0220,Coimbatore,,0
T004847,A0225,2026-01-24 07:38:00,24.25,grocery,vegetables,D_A0225,Bengaluru,,0
T004848,A0468,2026-01-24 07:42:00,49.79,food,delivery,D_A0468,Chennai,,0
T004849,A0461,2026-01-24 07:42:00,56.69,food,restaurant,D_FAM_0,Madurai,,0
T004850,A0477,2026-01-24 07:47:00,359.6,clothing,shoes,D_A0477,Hyderabad,,0
T004851,A0296,2026-01-24 07:48:00,110.36,grocery,groceries,D_A0296,Hyderabad,,0
T004852,A0197,2026-01-24 07:49:00,69.53,grocery,vegetables,D_A0197,Coimbatore,,0
T004853,A0482,2026-01-24 07:55:00,48.52,grocery,vegetables,D_A0482,Kochi,,0
T004854,A0293,2026-01-24 07:57:00,88.12,fuel,diesel,D_A0293,Mumbai,,0
T004855,A0089,2026-01-24 08:05:00,130.68,pharmacy,medicine,D_A0089,Hyderabad,,0
T004856,A0153,2026-01-24 08:19:00,43.84,pharmacy,medicine,D_A0153,Madurai,,0
T004857,A0034,2026-01-24 08:27:00,47.61,travel,bus_ticket,D_FAM_10,Bengaluru,,0
T004858,A0168,2026-01-24 08:29:00,200.62,transfer,p2p_transfer,D_A0168,Madurai,PAYEE_A0168,0
T004859,A0361,2026-01-24 08:36:00,61.36,food,delivery,D_A0361,Chennai,,0
T004860,A0400,2026-01-24 08:51:00,39.58,food,delivery,D_A0400,Coimbatore,,0
T004861,A0319,2026-01-24 09:00:00,182.62,clothing,shoes,D_A0319,Madurai,,0
T004862,A0047,2026-01-24 09:10:00,20.31,food,delivery,D_A0047,Kochi,,0
T004863,A0326,2026-01-24 09:10:00,24.99,streaming,subscription,D_A0326,Bengaluru,,0
T004864,A0046,2026-01-24 09:17:00,30.59,pharmacy,medicine,D_A0046,Kochi,,0
T004865,A0167,2026-01-24 09:19:00,59.49,food,delivery,D_A0167,Chennai,,0
T004866,A0290,2026-01-24 09:20:00,262.72,travel,train_ticket,D_A0290,Bengaluru,,0
T004867,A0399,2026-01-24 09:32:00,308.22,travel,bus_ticket,D_A0399,Hyderabad,,0
T004868,A0174,2026-01-24 09:33:00,104.48,travel,bus_ticket,D_A0174,Kochi,,0
T004869,A0454,2026-01-24 09:34:00,33.19,pharmacy,medicine,D_A0454,Kochi,,0
T004870,A0422,2026-01-24 09:45:00,77.32,fuel,diesel,D_A0422,Delhi,,0
T004871,A0258,2026-01-24 09:51:00,188.55,travel,bus_ticket,D_A0258,Mumbai,,0
T004872,A0229,2026-01-24 10:04:00,145.32,grocery,groceries,D_A0229,Bengaluru,,0
T004873,A0101,2026-01-24 10:07:00,101.88,fuel,diesel,D_A0101,Kochi,,0
T004874,A0363,2026-01-24 10:07:00,54.58,pharmacy,medicine,D_A0363,Coimbatore,,0
T004875,A0059,2026-01-24 10:11:00,177.98,pharmacy,medicine,D_A0059,Bengaluru,,0
T004876,A0178,2026-01-24 10:14:00,23.25,streaming,subscription,D_A0178,Mumbai,,0
T004877,A0462,2026-01-24 10:24:00,21.2,food,restaurant,D_A0462,Coimbatore,,0
T004878,A0426,2026-01-24 10:24:00,58.83,fuel,diesel,D_A0426,Hyderabad,,0
T004879,A0189,2026-01-24 10:26:00,35.67,grocery,groceries,D_A0189,Chennai,,0
T004880,A0259,2026-01-24 10:30:00,208.41,travel,bus_ticket,D_A0259,Hyderabad,,0
T004881,A0241,2026-01-24 10:30:00,32.31,grocery,groceries,D_A0241,Hyderabad,,0
T004882,A0499,2026-01-24 10:40:00,119.82,clothing,shoes,D_A0499,Hyderabad,,0
T004883,A0228,2026-01-24 10:41:00,79.15,grocery,vegetables,D_A0228,Mumbai,,0
T004884,A0476,2026-01-24 10:48:00,295.31,transfer,p2p_transfer,D_A0476,Delhi,PAYEE_A0476,0
T004885,A0281,2026-01-24 10:51:00,206.13,travel,train_ticket,D_A0281,Hyderabad,,0
T004886,A0052,2026-01-24 10:52:00,43.2,grocery,groceries,D_A0052,Bengaluru,,0
T004887,A0236,2026-01-24 10:57:00,176.4,travel,train_ticket,D_A0236,Chennai,,0
T004888,A0314,2026-01-24 10:58:00,144.06,clothing,clothes,D_FAM_10,Kochi,,0
T004889,A0334,2026-01-24 10:59:00,692.77,travel,bus_ticket,D_A0334,Madurai,,0
T004890,A0304,2026-01-24 11:09:00,182.02,travel,train_ticket,D_A0304,Hyderabad,,0
T004891,A0164,2026-01-24 11:13:00,27.0,streaming,subscription,D_A0164,Madurai,,0
T004892,A0267,2026-01-24 11:17:00,50.89,streaming,subscription,D_OFF_1,Coimbatore,,0
T004893,A0463,2026-01-24 11:27:00,164.66,fuel,diesel,D_A0463,Bengaluru,,0
T004894,A0394,2026-01-24 11:27:00,35.55,streaming,subscription,D_A0394,Coimbatore,,0
T004895,A0329,2026-01-24 11:29:00,55.61,pharmacy,medicine,D_A0329,Kochi,,0
T004896,A0044,2026-01-24 11:30:00,33.56,fuel,diesel,D_A0044,Bengaluru,,0
T004897,A0275,2026-01-24 11:36:00,28.24,food,delivery,D_FAM_5,Chennai,,0
T004898,A0064,2026-01-24 11:36:00,49.81,pharmacy,medicine,D_A0064,Bengaluru,,0
T004899,A0219,2026-01-24 11:37:00,56.02,fuel,diesel,D_A0219,Hyderabad,,0
T004900,A0145,2026-01-24 11:37:00,17.7,streaming,subscription,D_A0145,Coimbatore,,0
T004901,A0289,2026-01-24 11:51:00,49.99,pharmacy,medicine,D_A0289,Bengaluru,,0
T004902,A0013,2026-01-24 11:52:00,69.63,fuel,petrol,D_A0013,Madurai,,0
T004903,A0333,2026-01-24 11:55:00,111.79,fuel,diesel,D_FAM_9,Bengaluru,,0
T004904,A0044,2026-01-24 11:59:00,86.5,clothing,shoes,D_A0044,Bengaluru,,0
T004905,A0171,2026-01-24 12:03:00,65.5,fuel,diesel,D_A0171,Madurai,,0
T004906,A0378,2026-01-24 12:08:00,31.54,streaming,subscription,D_A0378,Mumbai,,0
T004907,A0186,2026-01-24 12:11:00,53.88,fuel,petrol,D_A0186,Kochi,,0
T004908,A0216,2026-01-24 12:15:00,84.84,grocery,vegetables,D_A0216,Delhi,,0
T004909,A0441,2026-01-24 12:18:00,64.57,food,restaurant,D_A0441,Hyderabad,,0
T004910,A0248,2026-01-24 12:23:00,6.33,streaming,subscription,D_A0248,Mumbai,,0
T004911,A0245,2026-01-24 12:29:00,47.31,pharmacy,medicine,D_A0245,Mumbai,,0
T004912,A0122,2026-01-24 12:30:00,49.91,giftcards,gift_card,D_A0122,Chennai,,0
T004913,A0372,2026-01-24 12:31:00,41.53,pharmacy,medicine,D_A0372,Coimbatore,,0
T004914,A0232,2026-01-24 12:32:00,26.98,pharmacy,medicine,D_A0232,Coimbatore,,0
T004915,A0470,2026-01-24 12:37:00,52.25,transfer,p2p_transfer,D_A0470,Mumbai,PAYEE_A0470,0
T004916,A0119,2026-01-24 12:42:00,341.48,clothing,clothes,D_A0119,Madurai,,0
T004917,A0468,2026-01-24 12:42:00,48.39,food,restaurant,D_A0468,Chennai,,0
T004918,A0052,2026-01-24 12:44:00,125.18,travel,train_ticket,D_A0052,Bengaluru,,0
T004919,A0153,2026-01-24 12:45:00,38.92,food,restaurant,D_A0153,Madurai,,0
T004920,A0344,2026-01-24 12:46:00,50.13,fuel,petrol,D_A0344,Kochi,,0
T004921,A0138,2026-01-24 12:47:00,40.12,pharmacy,medicine,D_A0138,Kochi,,0
T004922,A0290,2026-01-24 12:49:00,277.54,travel,train_ticket,D_OFF_2,Bengaluru,,0
T004923,A0460,2026-01-24 12:52:00,158.8,clothing,shoes,D_A0460,Hyderabad,,0
T004924,A0019,2026-01-24 12:58:00,141.5,fuel,diesel,D_A0019,Mumbai,,0
T004925,A0290,2026-01-24 12:59:00,39.59,food,restaurant,D_OFF_2,Bengaluru,,0
T004926,A0039,2026-01-24 13:02:00,43.88,fuel,petrol,D_A0039,Madurai,,0
T004927,A0020,2026-01-24 13:07:00,28.83,streaming,subscription,D_A0020,Bengaluru,,0
T004928,A0076,2026-01-24 13:18:00,48.91,fuel,diesel,D_A0076,Madurai,,0
T004929,A0148,2026-01-24 13:19:00,109.39,pharmacy,medicine,D_A0148,Mumbai,,0
T004930,A0328,2026-01-24 13:19:00,271.96,travel,train_ticket,D_A0328,Kochi,,0
T004931,A0364,2026-01-24 13:20:00,66.23,transfer,p2p_transfer,D_A0364,Kochi,PAYEE_A0364,0
T004932,A0110,2026-01-24 13:20:00,135.58,transfer,p2p_transfer,D_FAM_11,Delhi,PAYEE_A0110,0
T004933,A0484,2026-01-24 13:28:00,14.12,streaming,subscription,D_A0484,Madurai,,0
T004934,A0470,2026-01-24 13:32:00,26.61,food,restaurant,D_A0470,Mumbai,,0
T004935,A0096,2026-01-24 13:38:00,540.86,travel,train_ticket,D_A0096,Hyderabad,,0
T004936,A0301,2026-01-24 13:42:00,147.61,travel,bus_ticket,D_A0301,Mumbai,,0
T004937,A0217,2026-01-24 13:45:00,143.64,streaming,subscription,D_A0217,Chennai,,0
T004938,A0206,2026-01-24 13:50:00,683.7,travel,bus_ticket,D_A0206,Hyderabad,,0
T004939,A0331,2026-01-24 13:51:00,68.16,clothing,shoes,D_A0331,Chennai,,0
T004940,A0254,2026-01-24 14:00:00,46.65,clothing,clothes,D_A0254,Coimbatore,,0
T004941,A0458,2026-01-24 14:01:00,56.93,travel,train_ticket,D_A0458,Mumbai,,0
T004942,A0003,2026-01-24 14:01:00,84.78,clothing,clothes,D_A0003,Hyderabad,,0
T004943,A0392,2026-01-24 14:03:00,174.23,travel,train_ticket,D_A0392,Bengaluru,,0
T004944,A0169,2026-01-24 14:04:00,9.84,streaming,subscription,D_A0169,Bengaluru,,0
T004945,A0229,2026-01-24 14:10:00,49.99,food,delivery,D_A0229,Bengaluru,,0
T004946,A0324,2026-01-24 14:12:00,306.67,travel,bus_ticket,D_A0324,Mumbai,,0
T004947,A0048,2026-01-24 14:16:00,35.05,food,delivery,D_A0048,Mumbai,,0
T004948,A0114,2026-01-24 14:18:00,121.6,food,delivery,D_A0114,Mumbai,,0
T004949,A0051,2026-01-24 14:25:00,67.21,food,delivery,D_A0051,Mumbai,,0
T004950,A0002,2026-01-24 14:27:00,46.83,pharmacy,medicine,D_A0002,Kochi,,0
T004951,A0324,2026-01-24 14:28:00,58.4,grocery,vegetables,D_A0324,Mumbai,,0
T004952,A0033,2026-01-24 14:31:00,191.37,travel,train_ticket,D_A0033,Coimbatore,,0
T004953,A0041,2026-01-24 14:47:00,12.67,streaming,subscription,D_FAM_6,Hyderabad,,0
T004954,A0040,2026-01-24 14:48:00,98.53,clothing,shoes,D_A0040,Coimbatore,,0
T004955,A0031,2026-01-24 14:49:00,60.62,transfer,p2p_transfer,D_OFF_2,Coimbatore,PAYEE_A0031,0
T004956,A0244,2026-01-24 14:53:00,48.36,grocery,groceries,D_A0244,Madurai,,0
T004957,A0153,2026-01-24 14:54:00,23.34,pharmacy,medicine,D_A0153,Madurai,,0
T004958,A0211,2026-01-24 14:55:00,76.44,food,delivery,D_A0211,Bengaluru,,0
T004959,A0000,2026-01-24 14:59:00,95.66,fuel,diesel,D_A0000,Madurai,,0
T004960,A0305,2026-01-24 15:04:00,65.87,fuel,petrol,D_A0305,Mumbai,,0
T004961,A0043,2026-01-24 15:05:00,32.25,food,restaurant,D_OFF_1,Delhi,,0
T004962,A0382,2026-01-24 15:14:00,92.8,fuel,diesel,D_A0382,Bengaluru,,0
T004963,A0214,2026-01-24 15:17:00,6.45,food,delivery,D_A0214,Chennai,,0
T004964,A0248,2026-01-24 15:22:00,5.9,streaming,subscription,D_A0248,Mumbai,,0
T004965,A0295,2026-01-24 15:22:00,40.02,grocery,groceries,D_A0295,Madurai,,0
T004966,A0348,2026-01-24 15:30:00,42.73,food,delivery,D_A0348,Coimbatore,,0
T004967,A0232,2026-01-24 15:30:00,84.55,fuel,petrol,D_A0232,Coimbatore,,0
T004968,A0463,2026-01-24 15:31:00,260.08,travel,bus_ticket,D_A0463,Bengaluru,,0
T004969,A0468,2026-01-24 15:37:00,216.38,travel,bus_ticket,D_A0468,Chennai,,0
T004970,A0403,2026-01-24 15:39:00,12.52,streaming,subscription,D_A0403,Bengaluru,,0
T004971,A0376,2026-01-24 15:40:00,147.11,pharmacy,medicine,D_A0376,Hyderabad,,0
T004972,A0172,2026-01-24 15:42:00,112.79,pharmacy,medicine,D_A0172,Hyderabad,,0
T004973,A0288,2026-01-24 15:43:00,32.99,pharmacy,medicine,D_A0288,Coimbatore,,0
T004974,A0373,2026-01-24 15:48:00,18.57,food,delivery,D_A0373,Coimbatore,,0
T004975,A0331,2026-01-24 15:51:00,40.79,fuel,petrol,D_A0331,Bengaluru,,0
T004976,A0020,2026-01-24 15:51:00,122.73,fuel,petrol,D_A0020,Bengaluru,,0
T004977,A0088,2026-01-24 15:55:00,60.8,pharmacy,medicine,D_A0088,Chennai,,0
T004978,A0174,2026-01-24 15:57:00,228.63,travel,train_ticket,D_A0174,Kochi,,0
T004979,A0291,2026-01-24 16:00:00,81.96,clothing,clothes,D_A0291,Mumbai,,0
T004980,A0138,2026-01-24 16:03:00,54.37,clothing,shoes,D_A0138,Kochi,,0
T004981,A0378,2026-01-24 16:06:00,71.21,pharmacy,medicine,D_A0378,Hyderabad,,0
T004982,A0379,2026-01-24 16:08:00,50.61,grocery,groceries,D_A0379,Chennai,,0
T004983,A0040,2026-01-24 16:08:00,85.1,clothing,clothes,D_A0040,Coimbatore,,0
T004984,A0370,2026-01-24 16:09:00,91.69,fuel,petrol,D_A0370,Coimbatore,,0
T004985,A0359,2026-01-24 16:14:00,30.87,food,restaurant,D_A0359,Bengaluru,,0
T004986,A0286,2026-01-24 16:17:00,27.43,pharmacy,medicine,D_A0286,Hyderabad,,0
T004987,A0350,2026-01-24 16:25:00,408.82,travel,train_ticket,D_A0350,Kochi,,0
T004988,A0442,2026-01-24 16:35:00,140.53,clothing,shoes,D_A0442,Kochi,,0
T004989,A0288,2026-01-24 16:36:00,153.64,clothing,shoes,D_A0288,Coimbatore,,0
T004990,A0018,2026-01-24 16:48:00,93.83,food,restaurant,D_A0018,Coimbatore,,0
T004991,A0366,2026-01-24 16:56:00,54.62,transfer,p2p_transfer,D_FAM_5,Delhi,PAYEE_A0366,0
T004992,A0388,2026-01-24 16:59:00,29.02,grocery,groceries,D_A0388,Delhi,,0
T004993,A0006,2026-01-24 17:10:00,68.18,fuel,petrol,D_FAM_7,Coimbatore,,0
T004994,A0407,2026-01-24 17:12:00,54.87,food,delivery,D_A0407,Bengaluru,,0
T004995,A0009,2026-01-24 17:16:00,102.75,fuel,petrol,D_A0009,Delhi,,0
T004996,A0010,2026-01-24 17:22:00,42.3,giftcards,gift_card,D_A0010,Delhi,,0
T004997,A0002,2026-01-24 17:24:00,35.91,streaming,subscription,D_A0002,Kochi,,0
T004998,A0440,2026-01-24 17:30:00,44.57,pharmacy,medicine,D_OFF_2,Madurai,,0
T004999,A0477,2026-01-24 17:33:00,82.53,food,delivery,D_A0477,Hyderabad,,0
T005000,A0025,2026-01-24 17:47:00,46.04,pharmacy,medicine,D_A0025,Delhi,,0
T005001,A0337,2026-01-24 17:49:00,40.8,streaming,subscription,D_A0337,Coimbatore,,0
T005002,A0269,2026-01-24 17:54:00,155.82,fuel,petrol,D_A0269,Coimbatore,,0
T005003,A0179,2026-01-24 17:59:00,11.23,streaming,subscription,D_A0179,Mumbai,,0
T005004,A0441,2026-01-24 18:01:00,86.89,fuel,petrol,D_A0441,Hyderabad,,0
T005005,A0208,2026-01-24 18:03:00,123.98,travel,bus_ticket,D_A0208,Mumbai,,0
T005006,A0069,2026-01-24 18:09:00,82.27,clothing,clothes,D_A0069,Chennai,,0
T005007,A0234,2026-01-24 18:15:00,19.57,streaming,subscription,D_A0234,Coimbatore,,0
T005008,A0432,2026-01-24 18:18:00,63.46,fuel,petrol,D_FAM_14,Delhi,,0
T005009,A0438,2026-01-24 18:45:00,236.84,travel,train_ticket,D_A0438,Bengaluru,,0
T005010,A0363,2026-01-24 19:07:00,200.38,travel,train_ticket,D_A0363,Coimbatore,,0
T005011,A0243,2026-01-24 19:07:00,264.72,travel,train_ticket,D_A0243,Delhi,,0
T005012,A0366,2026-01-24 19:09:00,39.79,fuel,petrol,D_FAM_5,Delhi,,0
T005013,A0301,2026-01-24 19:25:00,124.53,travel,bus_ticket,D_A0301,Hyderabad,,0
T005014,A0468,2026-01-24 19:27:00,92.99,transfer,p2p_transfer,D_A0468,Chennai,PAYEE_A0468,0
T005015,A0205,2026-01-24 19:52:00,172.88,travel,train_ticket,D_A0205,Hyderabad,,0
T005016,A0340,2026-01-24 20:00:00,54.96,giftcards,gift_card,D_A0340,Madurai,,0
T005017,A0167,2026-01-24 20:02:00,47.43,streaming,subscription,D_A0167,Chennai,,0
T005018,A0404,2026-01-24 20:10:00,22.62,fuel,petrol,D_A0404,Chennai,,0
T005019,A0106,2026-01-24 20:13:00,37.12,streaming,subscription,D_A0106,Bengaluru,,0
T005020,A0299,2026-01-24 20:18:00,58.76,clothing,shoes,D_A0299,Chennai,,0
T005021,A0095,2026-01-24 20:31:00,74.87,pharmacy,medicine,D_A0095,Mumbai,,0
T005022,A0469,2026-01-24 21:00:00,210.44,travel,train_ticket,D_A0469,Delhi,,0
T005023,A0034,2026-01-24 21:13:00,54.36,travel,bus_ticket,D_FAM_10,Bengaluru,,0
T005024,A0226,2026-01-24 21:25:00,28.16,pharmacy,medicine,D_A0226,Chennai,,0
T005025,A0417,2026-01-24 21:39:00,419.38,travel,train_ticket,D_A0417,Madurai,,0
T005026,A0061,2026-01-24 21:59:00,78.3,clothing,clothes,D_A0061,Madurai,,0
T005027,A0318,2026-01-24 22:12:00,55.4,transfer,p2p_transfer,D_A0318,Bengaluru,PAYEE_A0318,0
T005028,A0133,2026-01-24 22:21:00,25.62,food,restaurant,D_A0133,Bengaluru,,0
T005029,A0464,2026-01-24 22:36:00,31.8,food,restaurant,D_A0464,Hyderabad,,0
T005030,A0331,2026-01-24 22:38:00,55.73,fuel,diesel,D_A0331,Bengaluru,,0
T005031,A0019,2026-01-24 23:40:00,80.06,grocery,groceries,D_A0019,Mumbai,,0
T005032,A0318,2026-01-24 23:43:00,8.62,streaming,subscription,D_A0318,Bengaluru,,0
T005033,A0293,2026-01-24 23:58:00,190.5,travel,train_ticket,D_A0293,Delhi,,0
T005034,A0001,2026-01-25 02:01:00,975.25,electronics,phone,D_STOLEN_27,Delhi,,1
T005035,A0001,2026-01-25 02:13:00,861.79,electronics,flight_ticket,D_STOLEN_27,Delhi,,1
T005036,A0374,2026-01-25 07:10:00,54.22,pharmacy,medicine,D_A0374,Kochi,,0
T005037,A0148,2026-01-25 07:14:00,177.47,fuel,diesel,D_A0148,Delhi,,0
T005038,A0302,2026-01-25 07:14:00,26.08,grocery,vegetables,D_A0302,Kochi,,0
T005039,A0058,2026-01-25 07:15:00,16.64,streaming,subscription,D_A0058,Delhi,,0
T005040,A0346,2026-01-25 07:18:00,113.56,fuel,petrol,D_A0346,Mumbai,,0
T005041,A0237,2026-01-25 07:22:00,22.59,streaming,subscription,D_A0237,Madurai,,0
T005042,A0255,2026-01-25 07:24:00,293.7,travel,train_ticket,D_A0255,Mumbai,,0
T005043,A0162,2026-01-25 07:29:00,169.65,clothing,shoes,D_A0162,Mumbai,,0
T005044,A0241,2026-01-25 07:32:00,101.12,clothing,clothes,D_A0241,Hyderabad,,0
T005045,A0087,2026-01-25 07:38:00,588.77,clothing,shoes,D_A0087,Madurai,,0
T005046,A0440,2026-01-25 07:38:00,54.67,pharmacy,medicine,D_OFF_2,Madurai,,0
T005047,A0061,2026-01-25 07:38:00,79.54,fuel,petrol,D_A0061,Madurai,,0
T005048,A0420,2026-01-25 07:48:00,73.96,fuel,petrol,D_OFF_0,Madurai,,0
T005049,A0493,2026-01-25 07:52:00,513.63,travel,train_ticket,D_A0493,Coimbatore,,0
T005050,A0496,2026-01-25 07:53:00,153.36,clothing,shoes,D_A0496,Mumbai,,0
T005051,A0389,2026-01-25 08:02:00,181.57,travel,bus_ticket,D_A0389,Coimbatore,,0
T005052,A0322,2026-01-25 08:02:00,396.63,travel,bus_ticket,D_A0322,Madurai,,0
T005053,A0115,2026-01-25 08:13:00,39.91,streaming,subscription,D_A0115,Kochi,,0
T005054,A0054,2026-01-25 08:18:00,72.68,clothing,shoes,D_A0054,Chennai,,0
T005055,A0388,2026-01-25 08:22:00,19.04,grocery,groceries,D_A0388,Delhi,,0
T005056,A0211,2026-01-25 08:27:00,100.54,pharmacy,medicine,D_A0211,Kochi,,0
T005057,A0111,2026-01-25 08:35:00,15.55,streaming,subscription,D_A0111,Chennai,,0
T005058,A0293,2026-01-25 08:57:00,167.54,travel,train_ticket,D_A0293,Mumbai,,0
T005059,A0392,2026-01-25 09:00:00,67.68,pharmacy,medicine,D_A0392,Bengaluru,,0
T005060,A0054,2026-01-25 09:19:00,7.07,streaming,subscription,D_A0054,Chennai,,0
T005061,A0467,2026-01-25 09:26:00,132.22,travel,train_ticket,D_OFF_1,Delhi,,0
T005062,A0480,2026-01-25 09:30:00,198.05,transfer,p2p_transfer,D_FAM_6,Kochi,PAYEE_A0480,0
T005063,A0246,2026-01-25 09:33:00,35.16,pharmacy,medicine,D_A0246,Kochi,,0
T005064,A0373,2026-01-25 09:35:00,31.12,pharmacy,medicine,D_A0373,Coimbatore,,0
T005065,A0420,2026-01-25 09:37:00,169.08,fuel,diesel,D_OFF_0,Madurai,,0
T005066,A0268,2026-01-25 09:44:00,36.47,pharmacy,medicine,D_A0268,Chennai,,0
T005067,A0302,2026-01-25 09:51:00,19.35,food,delivery,D_A0302,Kochi,,0
T005068,A0280,2026-01-25 09:52:00,78.74,pharmacy,medicine,D_A0280,Coimbatore,,0
T005069,A0341,2026-01-25 10:17:00,272.21,travel,bus_ticket,D_A0341,Madurai,,0
T005070,A0118,2026-01-25 10:19:00,244.11,travel,bus_ticket,D_A0118,Hyderabad,,0
T005071,A0158,2026-01-25 10:26:00,32.73,food,delivery,D_A0158,Mumbai,,0
T005072,A0425,2026-01-25 10:26:00,29.73,pharmacy,medicine,D_A0425,Madurai,,0
T005073,A0017,2026-01-25 10:30:00,44.26,food,restaurant,D_A0017,Mumbai,,0
T005074,A0277,2026-01-25 10:32:00,17.54,streaming,subscription,D_A0277,Madurai,,0
T005075,A0203,2026-01-25 10:41:00,38.63,fuel,diesel,D_A0203,Bengaluru,,0
T005076,A0181,2026-01-25 10:51:00,190.44,travel,bus_ticket,D_A0181,Chennai,,0
T005077,A0392,2026-01-25 10:53:00,274.53,travel,train_ticket,D_A0392,Bengaluru,,0
T005078,A0457,2026-01-25 10:55:00,102.95,fuel,petrol,D_A0457,Hyderabad,,0
T005079,A0250,2026-01-25 11:03:00,156.5,travel,train_ticket,D_A0250,Hyderabad,,0
T005080,A0479,2026-01-25 11:04:00,87.13,grocery,groceries,D_A0479,Chennai,,0
T005081,A0241,2026-01-25 11:04:00,83.0,clothing,shoes,D_A0241,Hyderabad,,0
T005082,A0025,2026-01-25 11:05:00,37.01,food,restaurant,D_A0025,Hyderabad,,0
T005083,A0058,2026-01-25 11:06:00,54.02,fuel,diesel,D_A0058,Delhi,,0
T005084,A0000,2026-01-25 11:10:00,86.55,fuel,diesel,D_A0000,Madurai,,0
T005085,A0045,2026-01-25 11:13:00,61.5,grocery,groceries,D_A0045,Hyderabad,,0
T005086,A0290,2026-01-25 11:15:00,49.31,food,delivery,D_OFF_2,Bengaluru,,0
T005087,A0460,2026-01-25 11:17:00,304.58,clothing,shoes,D_A0460,Hyderabad,,0
T005088,A0433,2026-01-25 11:26:00,32.48,pharmacy,medicine,D_A0433,Hyderabad,,0
T005089,A0314,2026-01-25 11:43:00,216.2,clothing,clothes,D_A0314,Mumbai,,0
T005090,A0448,2026-01-25 11:45:00,119.94,fuel,diesel,D_A0448,Madurai,,0
T005091,A0284,2026-01-25 11:48:00,108.1,fuel,diesel,D_A0284,Coimbatore,,0
T005092,A0380,2026-01-25 11:48:00,809.99,travel,train_ticket,D_A0380,Mumbai,,0
T005093,A0069,2026-01-25 11:52:00,119.28,clothing,shoes,D_A0069,Chennai,,0
T005094,A0191,2026-01-25 11:56:00,96.57,travel,train_ticket,D_A0191,Mumbai,,0
T005095,A0067,2026-01-25 11:59:00,8.15,streaming,subscription,D_A0067,Madurai,,0
T005096,A0485,2026-01-25 12:03:00,115.33,clothing,clothes,D_A0485,Madurai,,0
T005097,A0390,2026-01-25 12:04:00,42.3,food,delivery,D_A0390,Chennai,,0
T005098,A0466,2026-01-25 12:08:00,29.49,food,restaurant,D_A0466,Madurai,,0
T005099,A0233,2026-01-25 12:12:00,345.99,clothing,clothes,D_A0233,Coimbatore,,0
T005100,A0414,2026-01-25 12:13:00,35.27,streaming,subscription,D_A0414,Mumbai,,0
T005101,A0144,2026-01-25 12:14:00,39.1,grocery,groceries,D_A0144,Madurai,,0
T005102,A0308,2026-01-25 12:18:00,18.25,food,restaurant,D_A0308,Bengaluru,,0
T005103,A0484,2026-01-25 12:23:00,13.65,streaming,subscription,D_A0484,Bengaluru,,0
T005104,A0240,2026-01-25 12:25:00,83.37,fuel,petrol,D_FAM_11,Bengaluru,,0
T005105,A0375,2026-01-25 12:27:00,130.62,fuel,petrol,D_A0375,Chennai,,0
T005106,A0236,2026-01-25 12:29:00,22.11,pharmacy,medicine,D_A0236,Chennai,,0
T005107,A0053,2026-01-25 12:32:00,39.59,pharmacy,medicine,D_A0053,Bengaluru,,0
T005108,A0206,2026-01-25 12:33:00,831.8,travel,bus_ticket,D_A0206,Hyderabad,,0
T005109,A0445,2026-01-25 12:37:00,65.65,food,restaurant,D_A0445,Chennai,,0
T005110,A0296,2026-01-25 12:39:00,132.79,grocery,groceries,D_A0296,Hyderabad,,0
T005111,A0456,2026-01-25 12:39:00,64.36,fuel,diesel,D_A0456,Delhi,,0
T005112,A0283,2026-01-25 12:40:00,23.25,grocery,groceries,D_A0283,Kochi,,0
T005113,A0457,2026-01-25 12:43:00,56.88,fuel,diesel,D_A0457,Hyderabad,,0
T005114,A0196,2026-01-25 12:44:00,92.1,food,delivery,D_A0196,Coimbatore,,0
T005115,A0298,2026-01-25 12:46:00,218.25,clothing,shoes,D_A0298,Chennai,,0
T005116,A0131,2026-01-25 12:49:00,27.53,streaming,subscription,D_A0131,Bengaluru,,0
T005117,A0328,2026-01-25 12:53:00,83.22,pharmacy,medicine,D_A0328,Kochi,,0
T005118,A0080,2026-01-25 12:55:00,11.62,streaming,subscription,D_A0080,Hyderabad,,0
T005119,A0200,2026-01-25 12:56:00,174.38,transfer,p2p_transfer,D_A0200,Coimbatore,PAYEE_A0200,0
T005120,A0064,2026-01-25 12:57:00,154.29,clothing,clothes,D_A0064,Hyderabad,,0
T005121,A0120,2026-01-25 13:02:00,10.8,streaming,subscription,D_A0120,Hyderabad,,0
T005122,A0385,2026-01-25 13:05:00,49.13,fuel,petrol,D_A0385,Kochi,,0
T005123,A0410,2026-01-25 13:05:00,117.13,travel,train_ticket,D_A0410,Mumbai,,0
T005124,A0450,2026-01-25 13:10:00,18.14,streaming,subscription,D_A0450,Hyderabad,,0
T005125,A0250,2026-01-25 13:18:00,211.89,clothing,clothes,D_A0250,Hyderabad,,0
T005126,A0263,2026-01-25 13:27:00,192.56,pharmacy,medicine,D_A0263,Coimbatore,,0
T005127,A0101,2026-01-25 13:30:00,88.95,grocery,vegetables,D_A0101,Kochi,,0
T005128,A0157,2026-01-25 13:35:00,433.6,travel,train_ticket,D_A0157,Hyderabad,,0
T005129,A0091,2026-01-25 13:36:00,203.13,fuel,diesel,D_A0091,Delhi,,0
T005130,A0412,2026-01-25 13:40:00,95.54,pharmacy,medicine,D_A0412,Kochi,,0
T005131,A0001,2026-01-25 13:40:00,58.12,food,delivery,D_A0001,Kochi,,0
T005132,A0264,2026-01-25 13:41:00,196.96,travel,train_ticket,D_A0264,Delhi,,0
T005133,A0379,2026-01-25 14:00:00,50.57,fuel,petrol,D_A0379,Chennai,,0
T005134,A0457,2026-01-25 14:00:00,93.7,travel,bus_ticket,D_A0457,Bengaluru,,0
T005135,A0367,2026-01-25 14:02:00,335.4,travel,train_ticket,D_A0367,Mumbai,,0
T005136,A0056,2026-01-25 14:04:00,34.42,grocery,groceries,D_A0056,Coimbatore,,0
T005137,A0461,2026-01-25 14:09:00,32.37,food,restaurant,D_FAM_0,Madurai,,0
T005138,A0408,2026-01-25 14:12:00,33.99,food,delivery,D_A0408,Kochi,,0
T005139,A0327,2026-01-25 14:14:00,56.28,pharmacy,medicine,D_A0327,Coimbatore,,0
T005140,A0031,2026-01-25 14:15:00,125.15,clothing,clothes,D_OFF_2,Coimbatore,,0
T005141,A0300,2026-01-25 14:27:00,18.74,streaming,subscription,D_FAM_12,Delhi,,0
T005142,A0007,2026-01-25 14:28:00,48.27,clothing,clothes,D_A0007,Bengaluru,,0
T005143,A0459,2026-01-25 14:29:00,148.95,travel,train_ticket,D_A0459,Bengaluru,,0
T005144,A0383,2026-01-25 14:30:00,345.04,travel,bus_ticket,D_A0383,Bengaluru,,0
T005145,A0218,2026-01-25 14:35:00,57.33,grocery,vegetables,D_A0218,Kochi,,0
T005146,A0467,2026-01-25 14:36:00,27.31,streaming,subscription,D_OFF_1,Delhi,,0
T005147,R004,2026-01-25 14:49:00,79.18,giftcards,gift_card,D_RING_2,Hyderabad,,1
T005148,A0178,2026-01-25 14:53:00,17.18,streaming,subscription,D_A0178,Coimbatore,,0
T005149,A0395,2026-01-25 14:54:00,43.3,pharmacy,medicine,D_A0395,Chennai,,0
T005150,A0114,2026-01-25 14:54:00,143.04,clothing,shoes,D_A0114,Mumbai,,0
T005151,R004,2026-01-25 14:56:00,74.92,prepaid,prepaid_card,D_RING_2,Hyderabad,,1
T005152,A0078,2026-01-25 15:00:00,38.41,fuel,petrol,D_A0078,Hyderabad,,0
T005153,R004,2026-01-25 15:03:00,64.28,digital_goods,game_credits,D_RING_2,Hyderabad,,1
T005154,A0122,2026-01-25 15:04:00,73.52,pharmacy,medicine,D_A0122,Chennai,,0
T005155,A0022,2026-01-25 15:10:00,24.92,clothing,shoes,D_FAM_5,Madurai,,0
T005156,A0325,2026-01-25 15:17:00,25.63,food,restaurant,D_OFF_2,Bengaluru,,0
T005157,A0019,2026-01-25 15:17:00,44.81,fuel,diesel,D_A0019,Mumbai,,0
T005158,A0084,2026-01-25 15:17:00,24.52,grocery,groceries,D_A0084,Hyderabad,,0
T005159,R004,2026-01-25 15:19:00,227.83,transfer,p2p_transfer,D_RING_2,Hyderabad,PAYOUT_X,1
T005160,A0341,2026-01-25 15:23:00,29.21,streaming,subscription,D_A0341,Chennai,,0
T005161,A0404,2026-01-25 15:27:00,14.41,fuel,petrol,D_A0404,Chennai,,0
T005162,A0439,2026-01-25 15:35:00,42.67,clothing,shoes,D_A0439,Chennai,,0
T005163,A0027,2026-01-25 15:36:00,213.83,clothing,shoes,D_A0027,Mumbai,,0
T005164,A0076,2026-01-25 15:47:00,12.58,streaming,subscription,D_A0076,Madurai,,0
T005165,A0088,2026-01-25 15:53:00,32.35,food,restaurant,D_A0088,Chennai,,0
T005166,A0121,2026-01-25 15:55:00,211.92,travel,train_ticket,D_A0121,Coimbatore,,0
T005167,A0427,2026-01-25 16:06:00,67.74,fuel,petrol,D_A0427,Coimbatore,,0
T005168,A0105,2026-01-25 16:11:00,13.85,streaming,subscription,D_A0105,Chennai,,0
T005169,A0328,2026-01-25 16:13:00,82.57,food,delivery,D_A0328,Kochi,,0
T005170,A0283,2026-01-25 16:16:00,7.54,streaming,subscription,D_A0283,Kochi,,0
T005171,A0067,2026-01-25 16:18:00,9.01,streaming,subscription,D_A0067,Madurai,,0
T005172,A0477,2026-01-25 16:24:00,133.62,food,delivery,D_A0477,Hyderabad,,0
T005173,A0071,2026-01-25 16:25:00,43.96,pharmacy,medicine,D_A0071,Kochi,,0
T005174,A0159,2026-01-25 16:29:00,50.41,grocery,groceries,D_A0159,Delhi,,0
T005175,A0401,2026-01-25 16:29:00,148.3,travel,bus_ticket,D_A0401,Madurai,,0
T005176,A0348,2026-01-25 16:30:00,147.72,transfer,p2p_transfer,D_A0348,Coimbatore,PAYEE_A0348,0
T005177,A0039,2026-01-25 16:32:00,101.69,transfer,p2p_transfer,D_A0039,Madurai,PAYEE_A0039,0
T005178,A0154,2026-01-25 16:35:00,89.87,clothing,clothes,D_A0154,Chennai,,0
T005179,A0261,2026-01-25 16:50:00,41.21,grocery,vegetables,D_A0261,Madurai,,0
T005180,A0311,2026-01-25 16:51:00,38.17,grocery,vegetables,D_A0311,Chennai,,0
T005181,A0263,2026-01-25 16:58:00,175.58,grocery,groceries,D_A0263,Coimbatore,,0
T005182,A0118,2026-01-25 16:59:00,70.95,pharmacy,medicine,D_A0118,Hyderabad,,0
T005183,A0288,2026-01-25 17:01:00,42.34,pharmacy,medicine,D_A0288,Coimbatore,,0
T005184,A0084,2026-01-25 17:03:00,31.94,grocery,vegetables,D_A0084,Hyderabad,,0
T005185,A0024,2026-01-25 17:07:00,106.77,food,delivery,D_A0024,Delhi,,0
T005186,A0379,2026-01-25 17:09:00,44.56,grocery,vegetables,D_A0379,Chennai,,0
T005187,A0140,2026-01-25 17:17:00,67.69,streaming,subscription,D_A0140,Madurai,,0
T005188,A0094,2026-01-25 17:19:00,60.16,clothing,shoes,D_A0094,Bengaluru,,0
T005189,A0333,2026-01-25 17:24:00,121.97,pharmacy,medicine,D_FAM_9,Bengaluru,,0
T005190,A0410,2026-01-25 17:24:00,131.72,travel,train_ticket,D_A0410,Mumbai,,0
T005191,A0026,2026-01-25 17:25:00,19.09,pharmacy,medicine,D_A0026,Chennai,,0
T005192,A0231,2026-01-25 17:26:00,37.86,pharmacy,medicine,D_A0231,Delhi,,0
T005193,A0368,2026-01-25 17:28:00,246.2,clothing,clothes,D_A0368,Coimbatore,,0
T005194,A0079,2026-01-25 17:28:00,102.99,clothing,shoes,D_A0079,Hyderabad,,0
T005195,A0239,2026-01-25 17:29:00,52.63,fuel,petrol,D_A0239,Kochi,,0
T005196,A0350,2026-01-25 17:29:00,139.38,food,delivery,D_A0350,Coimbatore,,0
T005197,A0156,2026-01-25 17:31:00,24.59,fuel,diesel,D_A0156,Delhi,,0
T005198,A0316,2026-01-25 17:31:00,182.96,fuel,petrol,D_A0316,Madurai,,0
T005199,A0188,2026-01-25 17:32:00,12.99,food,restaurant,D_A0188,Chennai,,0
T005200,A0170,2026-01-25 17:41:00,42.23,grocery,groceries,D_A0170,Kochi,,0
T005201,A0084,2026-01-25 17:45:00,43.79,grocery,vegetables,D_A0084,Hyderabad,,0
T005202,A0435,2026-01-25 17:46:00,13.01,streaming,subscription,D_A0435,Coimbatore,,0
T005203,A0406,2026-01-25 17:48:00,54.65,transfer,p2p_transfer,D_A0406,Coimbatore,PAYEE_A0406,0
T005204,A0207,2026-01-25 17:48:00,82.69,fuel,petrol,D_A0207,Bengaluru,,0
T005205,A0385,2026-01-25 17:48:00,22.97,food,restaurant,D_A0385,Kochi,,0
T005206,A0274,2026-01-25 17:49:00,53.95,food,restaurant,D_A0274,Madurai,,0
T005207,A0386,2026-01-25 17:50:00,56.9,fuel,diesel,D_A0386,Coimbatore,,0
T005208,A0197,2026-01-25 17:59:00,72.46,grocery,groceries,D_A0197,Bengaluru,,0
T005209,A0016,2026-01-25 18:04:00,181.89,fuel,petrol,D_FAM_12,Madurai,,0
T005210,A0381,2026-01-25 18:06:00,155.08,transfer,p2p_transfer,D_A0381,Chennai,PAYEE_A0381,0
T005211,A0205,2026-01-25 18:18:00,73.43,food,delivery,D_A0205,Hyderabad,,0
T005212,A0040,2026-01-25 18:20:00,198.63,travel,train_ticket,D_A0040,Coimbatore,,0
T005213,A0474,2026-01-25 18:21:00,188.62,clothing,shoes,D_A0474,Chennai,,0
T005214,A0406,2026-01-25 18:30:00,189.43,travel,train_ticket,D_A0406,Coimbatore,,0
T005215,A0141,2026-01-25 18:34:00,113.09,clothing,shoes,D_FAM_2,Kochi,,0
T005216,A0167,2026-01-25 18:35:00,93.93,food,delivery,D_A0167,Chennai,,0
T005217,A0163,2026-01-25 18:38:00,25.13,food,restaurant,D_FAM_5,Chennai,,0
T005218,A0078,2026-01-25 18:47:00,31.02,grocery,vegetables,D_A0078,Hyderabad,,0
T005219,A0463,2026-01-25 18:55:00,49.3,streaming,subscription,D_A0463,Bengaluru,,0
T005220,A0417,2026-01-25 19:05:00,388.0,travel,train_ticket,D_A0417,Hyderabad,,0
T005221,A0170,2026-01-25 19:23:00,187.82,travel,train_ticket,D_A0170,Kochi,,0
T005222,A0070,2026-01-25 19:41:00,92.21,grocery,vegetables,D_A0070,Chennai,,0
T005223,A0432,2026-01-25 19:44:00,65.37,fuel,diesel,D_FAM_14,Kochi,,0
T005224,A0486,2026-01-25 19:47:00,479.57,clothing,shoes,D_A0486,Mumbai,,0
T005225,A0264,2026-01-25 20:03:00,72.39,grocery,groceries,D_A0264,Delhi,,0
T005226,A0368,2026-01-25 20:32:00,73.48,streaming,subscription,D_A0368,Coimbatore,,0
T005227,A0298,2026-01-25 20:37:00,116.97,clothing,clothes,D_A0298,Chennai,,0
T005228,A0262,2026-01-25 20:53:00,82.56,clothing,clothes,D_A0262,Coimbatore,,0
T005229,A0155,2026-01-25 20:56:00,29.12,food,delivery,D_A0155,Coimbatore,,0
T005230,A0483,2026-01-25 21:00:00,166.67,travel,train_ticket,D_A0483,Delhi,,0
T005231,A0080,2026-01-25 21:16:00,14.45,streaming,subscription,D_A0080,Chennai,,0
T005232,A0008,2026-01-25 21:20:00,32.9,grocery,groceries,D_A0008,Coimbatore,,0
T005233,A0214,2026-01-25 21:39:00,59.95,travel,train_ticket,D_A0214,Kochi,,0
T005234,A0132,2026-01-25 21:50:00,319.22,clothing,clothes,D_A0132,Delhi,,0
T005235,A0494,2026-01-25 21:52:00,159.74,travel,train_ticket,D_A0494,Delhi,,0
T005236,A0152,2026-01-25 22:13:00,298.83,travel,train_ticket,D_A0152,Hyderabad,,0
T005237,A0194,2026-01-25 23:20:00,109.21,pharmacy,medicine,D_FAM_2,Bengaluru,,0
T005238,A0388,2026-01-25 23:39:00,22.71,grocery,vegetables,D_A0388,Delhi,,0
T005239,A0302,2026-01-25 23:56:00,10.52,streaming,subscription,D_A0302,Kochi,,0
T005240,A0314,2026-01-26 02:43:00,1177.13,giftcards,gift_card,D_STOLEN_15,Madurai,,1
T005241,A0314,2026-01-26 02:55:00,1352.57,giftcards,phone,D_STOLEN_15,Madurai,,1
T005242,A0314,2026-01-26 03:07:00,1087.45,giftcards,phone,D_STOLEN_15,Madurai,,1
T005243,A0139,2026-01-26 03:21:00,1015.68,electronics,flight_ticket,D_STOLEN_30,Chennai,,1
T005244,A0276,2026-01-26 07:00:00,22.91,fuel,diesel,D_A0276,Delhi,,0
T005245,A0364,2026-01-26 07:11:00,90.1,grocery,groceries,D_A0364,Kochi,,0
T005246,A0474,2026-01-26 07:12:00,155.55,clothing,shoes,D_A0474,Kochi,,0
T005247,A0439,2026-01-26 07:20:00,16.68,streaming,subscription,D_A0439,Chennai,,0
T005248,A0008,2026-01-26 07:23:00,20.79,grocery,groceries,D_A0008,Coimbatore,,0
T005249,A0481,2026-01-26 07:35:00,222.69,travel,train_ticket,D_A0481,Coimbatore,,0
T005250,A0226,2026-01-26 07:39:00,48.71,pharmacy,medicine,D_A0226,Chennai,,0
T005251,A0375,2026-01-26 07:44:00,112.39,fuel,diesel,D_A0375,Hyderabad,,0
T005252,A0016,2026-01-26 07:54:00,220.85,fuel,diesel,D_FAM_12,Chennai,,0
T005253,A0341,2026-01-26 08:02:00,276.89,travel,bus_ticket,D_A0341,Madurai,,0
T005254,A0047,2026-01-26 08:02:00,40.86,fuel,diesel,D_A0047,Coimbatore,,0
T005255,A0108,2026-01-26 08:07:00,56.71,streaming,subscription,D_A0108,Coimbatore,,0
T005256,A0082,2026-01-26 08:37:00,12.18,streaming,subscription,D_A0082,Delhi,,0
T005257,A0092,2026-01-26 08:44:00,50.9,grocery,groceries,D_A0092,Chennai,,0
T005258,A0197,2026-01-26 08:52:00,51.93,food,delivery,D_A0197,Bengaluru,,0
T005259,A0233,2026-01-26 08:58:00,208.13,clothing,shoes,D_A0233,Coimbatore,,0
T005260,A0105,2026-01-26 09:02:00,18.31,streaming,subscription,D_OFF_2,Chennai,,0
T005261,A0440,2026-01-26 09:03:00,147.52,clothing,shoes,D_OFF_2,Madurai,,0
T005262,A0355,2026-01-26 09:03:00,27.81,giftcards,gift_card,D_A0355,Kochi,,0
T005263,A0228,2026-01-26 09:06:00,99.42,pharmacy,medicine,D_A0228,Mumbai,,0
T005264,A0017,2026-01-26 09:06:00,37.5,fuel,petrol,D_A0017,Mumbai,,0
T005265,A0054,2026-01-26 09:09:00,10.54,streaming,subscription,D_A0054,Chennai,,0
T005266,A0445,2026-01-26 09:16:00,135.23,clothing,clothes,D_A0445,Coimbatore,,0
T005267,A0170,2026-01-26 09:18:00,55.47,grocery,vegetables,D_A0170,Kochi,,0
T005268,A0370,2026-01-26 09:20:00,89.85,fuel,petrol,D_A0370,Coimbatore,,0
T005269,A0453,2026-01-26 09:28:00,51.82,streaming,subscription,D_A0453,Bengaluru,,0
T005270,A0282,2026-01-26 09:35:00,36.82,streaming,subscription,D_A0282,Hyderabad,,0
T005271,A0131,2026-01-26 09:42:00,55.16,pharmacy,medicine,D_A0131,Bengaluru,,0
T005272,A0373,2026-01-26 09:44:00,14.37,food,delivery,D_A0373,Coimbatore,,0
T005273,A0403,2026-01-26 09:47:00,51.19,fuel,diesel,D_A0403,Bengaluru,,0
T005274,A0466,2026-01-26 09:55:00,61.37,fuel,petrol,D_A0466,Hyderabad,,0
T005275,A0430,2026-01-26 09:56:00,22.17,streaming,subscription,D_A0430,Kochi,,0
T005276,A0031,2026-01-26 09:59:00,104.4,clothing,shoes,D_OFF_2,Coimbatore,,0
T005277,A0249,2026-01-26 10:05:00,25.98,clothing,clothes,D_A0249,Kochi,,0
T005278,A0273,2026-01-26 10:05:00,130.95,clothing,shoes,D_A0273,Bengaluru,,0
T005279,A0439,2026-01-26 10:11:00,35.06,clothing,clothes,D_A0439,Chennai,,0
T005280,A0421,2026-01-26 10:23:00,86.1,clothing,shoes,D_A0421,Chennai,,0
T005281,A0105,2026-01-26 10:29:00,99.77,transfer,p2p_transfer,D_OFF_2,Chennai,PAYEE_A0105,0
T005282,A0069,2026-01-26 10:32:00,35.87,giftcards,gift_card,D_A0069,Chennai,,0
T005283,A0066,2026-01-26 10:37:00,103.48,fuel,petrol,D_A0066,Bengaluru,,0
T005284,A0433,2026-01-26 10:39:00,42.08,pharmacy,medicine,D_A0433,Hyderabad,,0
T005285,A0381,2026-01-26 10:39:00,56.04,food,delivery,D_A0381,Chennai,,0
T005286,A0416,2026-01-26 10:40:00,52.39,grocery,vegetables,D_A0416,Hyderabad,,0
T005287,A0353,2026-01-26 10:41:00,56.54,pharmacy,medicine,D_A0353,Mumbai,,0
T005288,A0202,2026-01-26 10:44:00,142.13,fuel,diesel,D_A0202,Madurai,,0
T005289,A0057,2026-01-26 10:46:00,271.44,clothing,clothes,D_A0057,Mumbai,,0
T005290,A0491,2026-01-26 10:53:00,62.76,transfer,p2p_transfer,D_FAM_2,Hyderabad,PAYEE_A0491,0
T005291,A0118,2026-01-26 10:54:00,86.0,fuel,diesel,D_A0118,Hyderabad,,0
T005292,A0234,2026-01-26 10:55:00,58.87,fuel,petrol,D_A0234,Coimbatore,,0
T005293,A0254,2026-01-26 10:59:00,12.73,streaming,subscription,D_A0254,Delhi,,0
T005294,A0076,2026-01-26 11:00:00,19.0,streaming,subscription,D_A0076,Madurai,,0
T005295,A0217,2026-01-26 11:02:00,473.35,fuel,petrol,D_A0217,Chennai,,0
T005296,A0425,2026-01-26 11:05:00,9.37,streaming,subscription,D_A0425,Madurai,,0
T005297,A0347,2026-01-26 11:09:00,87.61,pharmacy,medicine,D_A0347,Chennai,,0
T005298,A0356,2026-01-26 11:12:00,47.24,clothing,clothes,D_A0356,Bengaluru,,0
T005299,A0156,2026-01-26 11:13:00,84.0,travel,bus_ticket,D_A0156,Coimbatore,,0
T005300,A0310,2026-01-26 11:14:00,60.51,food,delivery,D_A0310,Chennai,,0
T005301,A0214,2026-01-26 11:18:00,26.35,clothing,shoes,D_A0214,Chennai,,0
T005302,A0301,2026-01-26 11:20:00,108.96,fuel,petrol,D_A0301,Hyderabad,,0
T005303,A0431,2026-01-26 11:21:00,42.06,food,restaurant,D_FAM_11,Hyderabad,,0
T005304,A0294,2026-01-26 11:26:00,46.06,fuel,petrol,D_A0294,Chennai,,0
T005305,A0024,2026-01-26 11:31:00,237.71,fuel,diesel,D_A0024,Hyderabad,,0
T005306,A0178,2026-01-26 11:32:00,25.6,grocery,groceries,D_A0178,Coimbatore,,0
T005307,A0488,2026-01-26 11:33:00,27.42,food,restaurant,D_A0488,Kochi,,0
T005308,A0292,2026-01-26 11:38:00,60.54,clothing,clothes,D_A0292,Bengaluru,,0
T005309,A0234,2026-01-26 11:38:00,21.45,streaming,subscription,D_A0234,Coimbatore,,0
T005310,A0131,2026-01-26 11:42:00,79.17,pharmacy,medicine,D_A0131,Bengaluru,,0
T005311,A0213,2026-01-26 11:43:00,33.39,streaming,subscription,D_A0213,Coimbatore,,0
T005312,A0322,2026-01-26 11:44:00,206.97,travel,train_ticket,D_A0322,Madurai,,0
T005313,A0343,2026-01-26 11:46:00,25.55,fuel,diesel,D_A0343,Kochi,,0
T005314,A0134,2026-01-26 11:47:00,49.6,food,restaurant,D_A0134,Coimbatore,,0
T005315,A0406,2026-01-26 11:48:00,57.83,travel,bus_ticket,D_A0406,Coimbatore,,0
T005316,A0109,2026-01-26 11:48:00,44.94,pharmacy,medicine,D_FAM_13,Mumbai,,0
T005317,A0374,2026-01-26 11:50:00,84.92,food,delivery,D_A0374,Kochi,,0
T005318,A0055,2026-01-26 11:50:00,56.91,giftcards,gift_card,D_A0055,Bengaluru,,0
T005319,A0248,2026-01-26 12:01:00,59.66,clothing,shoes,D_A0248,Mumbai,,0
T005320,A0072,2026-01-26 12:01:00,106.48,clothing,clothes,D_A0072,Hyderabad,,0
T005321,A0125,2026-01-26 12:02:00,61.14,pharmacy,medicine,D_A0125,Kochi,,0
T005322,A0289,2026-01-26 12:04:00,40.73,pharmacy,medicine,D_A0289,Bengaluru,,0
T005323,A0022,2026-01-26 12:08:00,13.18,pharmacy,medicine,D_FAM_5,Madurai,,0
T005324,A0101,2026-01-26 12:12:00,69.63,grocery,groceries,D_A0101,Kochi,,0
T005325,A0394,2026-01-26 12:16:00,58.2,grocery,vegetables,D_A0394,Coimbatore,,0
T005326,A0090,2026-01-26 12:17:00,56.92,fuel,petrol,D_A0090,Madurai,,0
T005327,A0415,2026-01-26 12:21:00,25.29,pharmacy,medicine,D_A0415,Hyderabad,,0
T005328,A0240,2026-01-26 12:24:00,45.16,grocery,groceries,D_FAM_11,Bengaluru,,0
T005329,A0220,2026-01-26 12:33:00,73.7,fuel,petrol,D_A0220,Coimbatore,,0
T005330,A0234,2026-01-26 12:50:00,44.52,grocery,vegetables,D_A0234,Coimbatore,,0
T005331,A0158,2026-01-26 12:51:00,103.97,clothing,shoes,D_A0158,Mumbai,,0
T005332,A0038,2026-01-26 12:52:00,56.38,fuel,diesel,D_A0038,Madurai,,0
T005333,A0226,2026-01-26 12:56:00,39.87,grocery,groceries,D_A0226,Chennai,,0
T005334,A0487,2026-01-26 12:57:00,69.8,pharmacy,medicine,D_A0487,Mumbai,,0
T005335,A0149,2026-01-26 12:58:00,240.76,travel,bus_ticket,D_A0149,Kochi,,0
T005336,A0191,2026-01-26 12:59:00,28.6,fuel,petrol,D_A0191,Mumbai,,0
T005337,A0222,2026-01-26 13:01:00,85.4,travel,bus_ticket,D_A0222,Madurai,,0
T005338,A0233,2026-01-26 13:01:00,145.89,clothing,clothes,D_A0233,Coimbatore,,0
T005339,A0025,2026-01-26 13:01:00,57.4,pharmacy,medicine,D_A0025,Delhi,,0
T005340,A0131,2026-01-26 13:03:00,28.53,streaming,subscription,D_A0131,Bengaluru,,0
T005341,A0016,2026-01-26 13:06:00,84.52,streaming,subscription,D_FAM_12,Chennai,,0
T005342,A0148,2026-01-26 13:17:00,108.57,pharmacy,medicine,D_A0148,Delhi,,0
T005343,A0183,2026-01-26 13:17:00,70.72,clothing,clothes,D_A0183,Mumbai,,0
T005344,A0441,2026-01-26 13:19:00,88.49,fuel,diesel,D_A0441,Hyderabad,,0
T005345,A0032,2026-01-26 13:19:00,43.51,grocery,groceries,D_A0032,Delhi,,0
T005346,A0258,2026-01-26 13:20:00,80.35,fuel,diesel,D_A0258,Bengaluru,,0
T005347,A0267,2026-01-26 13:20:00,64.72,transfer,p2p_transfer,D_OFF_1,Delhi,PAYEE_A0267,0
T005348,A0051,2026-01-26 13:23:00,74.51,food,delivery,D_A0051,Mumbai,,0
T005349,A0407,2026-01-26 13:23:00,155.01,clothing,shoes,D_A0407,Bengaluru,,0
T005350,A0304,2026-01-26 13:26:00,46.83,pharmacy,medicine,D_A0304,Hyderabad,,0
T005351,A0435,2026-01-26 13:26:00,125.68,travel,bus_ticket,D_A0435,Coimbatore,,0
T005352,A0063,2026-01-26 13:36:00,85.24,grocery,groceries,D_A0063,Coimbatore,,0
T005353,A0410,2026-01-26 13:37:00,57.22,pharmacy,medicine,D_A0410,Mumbai,,0
T005354,A0075,2026-01-26 13:39:00,62.47,streaming,subscription,D_A0075,Kochi,,0
T005355,A0196,2026-01-26 13:43:00,52.61,food,restaurant,D_A0196,Coimbatore,,0
T005356,A0390,2026-01-26 13:53:00,29.36,food,restaurant,D_A0390,Chennai,,0
T005357,A0130,2026-01-26 13:54:00,83.53,clothing,shoes,D_A0130,Mumbai,,0
T005358,A0317,2026-01-26 13:58:00,70.47,grocery,vegetables,D_OFF_0,Hyderabad,,0
T005359,A0209,2026-01-26 13:59:00,18.54,streaming,subscription,D_A0209,Kochi,,0
T005360,A0086,2026-01-26 14:06:00,53.18,grocery,vegetables,D_A0086,Chennai,,0
T005361,A0313,2026-01-26 14:06:00,25.13,food,restaurant,D_A0313,Chennai,,0
T005362,A0277,2026-01-26 14:09:00,138.24,travel,bus_ticket,D_A0277,Madurai,,0
T005363,A0124,2026-01-26 14:12:00,200.75,grocery,groceries,D_A0124,Hyderabad,,0
T005364,A0157,2026-01-26 14:20:00,68.37,grocery,vegetables,D_A0157,Hyderabad,,0
T005365,A0231,2026-01-26 14:24:00,36.32,pharmacy,medicine,D_A0231,Delhi,,0
T005366,A0309,2026-01-26 14:34:00,51.23,grocery,groceries,D_A0309,Delhi,,0
T005367,A0177,2026-01-26 14:36:00,72.8,pharmacy,medicine,D_A0177,Delhi,,0
T005368,A0412,2026-01-26 14:37:00,41.41,pharmacy,medicine,D_A0412,Kochi,,0
T005369,A0037,2026-01-26 14:37:00,338.21,travel,train_ticket,D_A0037,Madurai,,0
T005370,A0024,2026-01-26 14:38:00,184.57,fuel,petrol,D_A0024,Hyderabad,,0
T005371,A0497,2026-01-26 14:40:00,81.35,grocery,groceries,D_A0497,Chennai,,0
T005372,A0326,2026-01-26 14:40:00,130.37,transfer,p2p_transfer,D_A0326,Bengaluru,PAYEE_A0326,0
T005373,A0411,2026-01-26 14:41:00,166.08,travel,bus_ticket,D_A0411,Kochi,,0
T005374,A0093,2026-01-26 14:42:00,184.9,travel,train_ticket,D_A0093,Kochi,,0
T005375,A0427,2026-01-26 14:50:00,11.99,food,restaurant,D_A0427,Delhi,,0
T005376,A0041,2026-01-26 14:52:00,34.07,food,restaurant,D_FAM_6,Coimbatore,,0
T005377,A0357,2026-01-26 14:53:00,19.03,streaming,subscription,D_A0357,Kochi,,0
T005378,A0331,2026-01-26 14:54:00,37.03,fuel,petrol,D_A0331,Bengaluru,,0
T005379,A0102,2026-01-26 14:54:00,80.85,transfer,p2p_transfer,D_FAM_7,Madurai,PAYEE_A0102,0
T005380,A0330,2026-01-26 14:55:00,65.91,grocery,groceries,D_A0330,Coimbatore,,0
T005381,A0478,2026-01-26 14:57:00,96.0,clothing,clothes,D_A0478,Hyderabad,,0
T005382,A0373,2026-01-26 14:59:00,12.89,food,delivery,D_A0373,Coimbatore,,0
T005383,A0175,2026-01-26 15:10:00,136.98,clothing,clothes,D_FAM_7,Chennai,,0
T005384,A0089,2026-01-26 15:14:00,649.98,travel,train_ticket,D_A0089,Hyderabad,,0
T005385,A0377,2026-01-26 15:16:00,35.98,fuel,petrol,D_A0377,Mumbai,,0
T005386,A0224,2026-01-26 15:16:00,41.61,pharmacy,medicine,D_A0224,Coimbatore,,0
T005387,A0194,2026-01-26 15:19:00,65.7,pharmacy,medicine,D_FAM_2,Bengaluru,,0
T005388,A0073,2026-01-26 15:21:00,100.62,clothing,clothes,D_A0073,Bengaluru,,0
T005389,A0386,2026-01-26 15:25:00,41.14,fuel,petrol,D_A0386,Hyderabad,,0
T005390,A0389,2026-01-26 15:27:00,41.39,food,restaurant,D_A0389,Coimbatore,,0
T005391,A0172,2026-01-26 15:28:00,22.46,streaming,subscription,D_A0172,Hyderabad,,0
T005392,A0238,2026-01-26 15:34:00,81.26,fuel,diesel,D_A0238,Madurai,,0
T005393,A0199,2026-01-26 15:34:00,229.75,clothing,shoes,D_A0199,Coimbatore,,0
T005394,A0029,2026-01-26 15:35:00,40.54,grocery,groceries,D_A0029,Hyderabad,,0
T005395,A0092,2026-01-26 15:37:00,104.26,grocery,groceries,D_A0092,Chennai,,0
T005396,A0156,2026-01-26 15:37:00,67.55,travel,bus_ticket,D_A0156,Coimbatore,,0
T005397,A0188,2026-01-26 15:42:00,86.34,fuel,petrol,D_A0188,Chennai,,0
T005398,A0020,2026-01-26 15:43:00,63.43,pharmacy,medicine,D_A0020,Bengaluru,,0
T005399,A0132,2026-01-26 15:47:00,410.57,clothing,clothes,D_A0132,Delhi,,0
T005400,A0379,2026-01-26 15:52:00,96.72,clothing,shoes,D_A0379,Chennai,,0
T005401,A0015,2026-01-26 15:54:00,25.69,food,restaurant,D_FAM_14,Kochi,,0
T005402,A0126,2026-01-26 15:54:00,68.2,streaming,subscription,D_A0126,Chennai,,0
T005403,A0102,2026-01-26 15:55:00,35.92,food,delivery,D_FAM_7,Madurai,,0
T005404,A0365,2026-01-26 15:57:00,68.37,transfer,p2p_transfer,D_A0365,Bengaluru,PAYEE_A0365,0
T005405,A0217,2026-01-26 16:01:00,108.62,food,delivery,D_A0217,Chennai,,0
T005406,A0200,2026-01-26 16:03:00,73.24,food,delivery,D_A0200,Coimbatore,,0
T005407,A0331,2026-01-26 16:17:00,64.88,clothing,shoes,D_A0331,Bengaluru,,0
T005408,A0040,2026-01-26 16:21:00,100.81,clothing,clothes,D_A0040,Chennai,,0
T005409,A0413,2026-01-26 16:24:00,93.02,grocery,groceries,D_A0413,Mumbai,,0
T005410,A0074,2026-01-26 16:25:00,166.31,clothing,shoes,D_A0074,Hyderabad,,0
T005411,A0118,2026-01-26 16:33:00,60.42,pharmacy,medicine,D_A0118,Hyderabad,,0
T005412,A0294,2026-01-26 16:37:00,43.25,pharmacy,medicine,D_A0294,Chennai,,0
T005413,A0250,2026-01-26 16:37:00,151.43,clothing,shoes,D_A0250,Hyderabad,,0
T005414,A0497,2026-01-26 16:37:00,78.32,transfer,p2p_transfer,D_A0497,Chennai,PAYEE_A0497,0
T005415,A0096,2026-01-26 16:41:00,278.95,travel,train_ticket,D_A0096,Hyderabad,,0
T005416,A0437,2026-01-26 16:47:00,57.74,food,delivery,D_FAM_3,Kochi,,0
T005417,A0242,2026-01-26 16:50:00,329.31,fuel,petrol,D_A0242,Bengaluru,,0
T005418,A0231,2026-01-26 16:50:00,150.78,travel,bus_ticket,D_A0231,Delhi,,0
T005419,A0203,2026-01-26 16:51:00,31.31,clothing,clothes,D_A0203,Mumbai,,0
T005420,A0116,2026-01-26 16:57:00,131.13,transfer,p2p_transfer,D_A0116,Madurai,PAYEE_A0116,0
T005421,A0264,2026-01-26 17:02:00,38.61,grocery,groceries,D_A0264,Delhi,,0
T005422,A0290,2026-01-26 17:05:00,372.72,travel,bus_ticket,D_OFF_2,Bengaluru,,0
T005423,A0153,2026-01-26 17:06:00,35.6,pharmacy,medicine,D_A0153,Hyderabad,,0
T005424,A0149,2026-01-26 17:07:00,83.76,food,delivery,D_A0149,Madurai,,0
T005425,A0413,2026-01-26 17:18:00,43.69,food,delivery,D_A0413,Delhi,,0
T005426,A0008,2026-01-26 17:20:00,34.46,grocery,vegetables,D_A0008,Coimbatore,,0
T005427,A0357,2026-01-26 17:27:00,41.91,food,delivery,D_A0357,Kochi,,0
T005428,A0490,2026-01-26 17:41:00,48.32,grocery,groceries,D_A0490,Hyderabad,,0
T005429,A0144,2026-01-26 17:45:00,59.61,grocery,groceries,D_A0144,Bengaluru,,0
T005430,A0057,2026-01-26 17:46:00,236.21,clothing,shoes,D_OFF_0,Mumbai,,0
T005431,A0308,2026-01-26 18:01:00,49.86,clothing,shoes,D_A0308,Bengaluru,,0
T005432,A0212,2026-01-26 18:15:00,33.66,streaming,subscription,D_OFF_1,Kochi,,0
T005433,A0438,2026-01-26 18:16:00,277.75,travel,train_ticket,D_A0438,Bengaluru,,0
T005434,A0368,2026-01-26 18:21:00,323.42,transfer,p2p_transfer,D_A0368,Chennai,PAYEE_A0368,0
T005435,A0452,2026-01-26 18:22:00,44.7,pharmacy,medicine,D_A0452,Madurai,,0
T005436,A0222,2026-01-26 18:26:00,24.78,grocery,groceries,D_A0222,Madurai,,0
T005437,A0427,2026-01-26 18:28:00,55.0,fuel,diesel,D_A0427,Coimbatore,,0
T005438,A0221,2026-01-26 18:28:00,34.24,pharmacy,medicine,D_A0221,Mumbai,,0
T005439,A0419,2026-01-26 18:29:00,132.57,travel,train_ticket,D_A0419,Delhi,,0
T005440,A0484,2026-01-26 18:37:00,27.24,streaming,subscription,D_A0484,Bengaluru,,0
T005441,A0414,2026-01-26 18:40:00,122.7,fuel,petrol,D_A0414,Mumbai,,0
T005442,A0051,2026-01-26 18:45:00,111.78,fuel,diesel,D_A0051,Mumbai,,0
T005443,A0295,2026-01-26 18:47:00,84.47,clothing,shoes,D_A0295,Madurai,,0
T005444,A0443,2026-01-26 18:52:00,65.81,food,restaurant,D_A0443,Chennai,,0
T005445,A0061,2026-01-26 18:57:00,137.94,travel,train_ticket,D_A0061,Madurai,,0
T005446,A0006,2026-01-26 19:09:00,22.78,streaming,subscription,D_FAM_7,Coimbatore,,0
T005447,A0131,2026-01-26 19:09:00,111.54,pharmacy,medicine,D_A0131,Bengaluru,,0
T005448,A0122,2026-01-26 19:15:00,74.99,streaming,subscription,D_A0122,Chennai,,0
T005449,A0243,2026-01-26 19:18:00,229.87,clothing,clothes,D_A0243,Delhi,,0
T005450,A0065,2026-01-26 19:20:00,52.06,grocery,vegetables,D_A0065,Chennai,,0
T005451,A0144,2026-01-26 19:37:00,79.19,travel,bus_ticket,D_A0144,Bengaluru,,0
T005452,A0064,2026-01-26 19:51:00,63.64,clothing,clothes,D_A0064,Bengaluru,,0
T005453,A0125,2026-01-26 19:52:00,22.74,food,delivery,D_A0125,Kochi,,0
T005454,A0186,2026-01-26 20:36:00,11.13,food,delivery,D_A0186,Kochi,,0
T005455,A0237,2026-01-26 20:49:00,100.09,fuel,petrol,D_FAM_3,Kochi,,0
T005456,A0403,2026-01-26 20:56:00,87.7,clothing,shoes,D_A0403,Bengaluru,,0
T005457,A0153,2026-01-26 21:42:00,24.15,food,delivery,D_A0153,Madurai,,0
T005458,A0399,2026-01-26 22:01:00,48.67,streaming,subscription,D_A0399,Hyderabad,,0
T005459,A0216,2026-01-26 23:06:00,49.12,grocery,groceries,D_A0216,Delhi,,0
T005460,A0000,2026-01-26 23:07:00,162.98,clothing,shoes,D_A0000,Madurai,,0
T005461,A0418,2026-01-26 23:14:00,63.17,food,restaurant,D_A0418,Coimbatore,,0
T005462,A0102,2026-01-26 23:47:00,154.09,clothing,clothes,D_FAM_7,Madurai,,0
T005463,A0276,2026-01-27 04:10:00,689.91,giftcards,gift_card,D_STOLEN_26,Madurai,,1
T005464,A0175,2026-01-27 07:06:00,53.9,food,restaurant,D_FAM_7,Coimbatore,,0
T005465,A0245,2026-01-27 07:06:00,48.46,grocery,vegetables,D_A0245,Hyderabad,,0
T005466,A0356,2026-01-27 07:15:00,63.02,clothing,clothes,D_A0356,Bengaluru,,0
T005467,A0296,2026-01-27 07:17:00,95.29,grocery,groceries,D_A0296,Hyderabad,,0
T005468,A0290,2026-01-27 07:34:00,82.45,grocery,groceries,D_OFF_2,Bengaluru,,0
T005469,A0413,2026-01-27 07:37:00,81.39,food,delivery,D_A0413,Mumbai,,0
T005470,A0453,2026-01-27 07:40:00,155.37,fuel,diesel,D_A0453,Coimbatore,,0
T005471,A0484,2026-01-27 07:41:00,19.81,streaming,subscription,D_A0484,Bengaluru,,0
T005472,A0375,2026-01-27 07:42:00,166.37,clothing,shoes,D_A0375,Hyderabad,,0
T005473,A0108,2026-01-27 07:43:00,35.43,streaming,subscription,D_A0108,Coimbatore,,0
T005474,A0163,2026-01-27 07:45:00,23.74,pharmacy,medicine,D_FAM_5,Chennai,,0
T005475,A0344,2026-01-27 07:45:00,88.36,fuel,diesel,D_A0344,Kochi,,0
T005476,A0493,2026-01-27 07:47:00,30.16,streaming,subscription,D_A0493,Coimbatore,,0
T005477,A0188,2026-01-27 07:49:00,168.91,travel,bus_ticket,D_A0188,Chennai,,0
T005478,A0241,2026-01-27 07:56:00,30.69,grocery,groceries,D_A0241,Hyderabad,,0
T005479,A0438,2026-01-27 07:57:00,30.14,streaming,subscription,D_A0438,Bengaluru,,0
T005480,A0078,2026-01-27 08:01:00,81.5,travel,train_ticket,D_A0078,Hyderabad,,0
T005481,A0413,2026-01-27 08:02:00,80.86,grocery,groceries,D_A0413,Mumbai,,0
T005482,A0283,2026-01-27 08:16:00,81.25,travel,bus_ticket,D_A0283,Coimbatore,,0
T005483,A0276,2026-01-27 08:23:00,23.51,food,delivery,D_A0276,Delhi,,0
T005484,A0101,2026-01-27 08:31:00,85.36,grocery,vegetables,D_A0101,Kochi,,0
T005485,A0006,2026-01-27 08:31:00,280.07,travel,bus_ticket,D_FAM_7,Coimbatore,,0
T005486,A0410,2026-01-27 08:40:00,53.58,transfer,p2p_transfer,D_A0410,Mumbai,PAYEE_A0410,0
T005487,A0174,2026-01-27 08:48:00,108.87,clothing,clothes,D_A0174,Kochi,,0
T005488,A0037,2026-01-27 08:53:00,372.35,travel,train_ticket,D_A0037,Chennai,,0
T005489,A0090,2026-01-27 09:01:00,59.37,grocery,vegetables,D_A0090,Chennai,,0
T005490,A0217,2026-01-27 09:35:00,143.11,transfer,p2p_transfer,D_A0217,Chennai,PAYEE_A0217,0
T005491,A0384,2026-01-27 09:43:00,38.76,food,delivery,D_A0384,Kochi,,0
T005492,A0117,2026-01-27 09:44:00,21.51,food,delivery,D_A0117,Bengaluru,,0
T005493,A0169,2026-01-27 09:51:00,38.91,transfer,p2p_transfer,D_A0169,Bengaluru,PAYEE_A0169,0
T005494,A0035,2026-01-27 09:54:00,225.85,travel,bus_ticket,D_FAM_9,Delhi,,0
T005495,A0144,2026-01-27 09:55:00,137.27,travel,bus_ticket,D_A0144,Madurai,,0
T005496,A0023,2026-01-27 10:03:00,95.39,grocery,groceries,D_OFF_0,Hyderabad,,0
T005497,A0435,2026-01-27 10:08:00,10.79,streaming,subscription,D_A0435,Coimbatore,,0
T005498,A0407,2026-01-27 10:24:00,141.48,clothing,clothes,D_A0407,Bengaluru,,0
T005499,A0394,2026-01-27 10:24:00,24.75,streaming,subscription,D_A0394,Coimbatore,,0
T005500,A0022,2026-01-27 10:28:00,29.77,clothing,clothes,D_FAM_5,Madurai,,0
T005501,A0223,2026-01-27 10:29:00,119.7,travel,bus_ticket,D_A0223,Hyderabad,,0
T005502,A0450,2026-01-27 10:33:00,15.86,streaming,subscription,D_A0450,Hyderabad,,0
T005503,A0427,2026-01-27 10:33:00,68.99,fuel,petrol,D_A0427,Coimbatore,,0
T005504,A0018,2026-01-27 10:34:00,321.37,transfer,p2p_transfer,D_A0018,Coimbatore,PAYEE_A0018,0
T005505,A0221,2026-01-27 10:36:00,8.86,streaming,subscription,D_A0221,Mumbai,,0
T005506,A0011,2026-01-27 10:39:00,24.77,streaming,subscription,D_A0011,Delhi,,0
T005507,A0183,2026-01-27 10:45:00,35.26,grocery,vegetables,D_A0183,Mumbai,,0
T005508,A0467,2026-01-27 10:48:00,132.34,travel,train_ticket,D_OFF_1,Hyderabad,,0
T005509,A0406,2026-01-27 10:49:00,74.1,travel,train_ticket,D_A0406,Coimbatore,,0
T005510,A0193,2026-01-27 10:51:00,676.26,travel,train_ticket,D_A0193,Delhi,,0
T005511,A0472,2026-01-27 10:56:00,169.98,fuel,petrol,D_A0472,Madurai,,0
T005512,A0099,2026-01-27 11:03:00,81.53,fuel,petrol,D_A0099,Kochi,,0
T005513,A0350,2026-01-27 11:03:00,459.86,travel,train_ticket,D_A0350,Kochi,,0
T005514,A0045,2026-01-27 11:06:00,70.93,pharmacy,medicine,D_A0045,Madurai,,0
T005515,A0255,2026-01-27 11:06:00,428.96,travel,train_ticket,D_A0255,Mumbai,,0
T005516,A0206,2026-01-27 11:08:00,185.0,pharmacy,medicine,D_A0206,Hyderabad,,0
T005517,A0253,2026-01-27 11:09:00,71.55,fuel,petrol,D_A0253,Mumbai,,0
T005518,A0178,2026-01-27 11:10:00,72.2,grocery,groceries,D_A0178,Coimbatore,,0
T005519,A0333,2026-01-27 11:14:00,213.94,fuel,petrol,D_FAM_9,Bengaluru,,0
T005520,A0497,2026-01-27 11:16:00,121.78,fuel,diesel,D_A0497,Chennai,,0
T005521,A0373,2026-01-27 11:20:00,24.35,food,delivery,D_A0373,Coimbatore,,0
T005522,A0285,2026-01-27 11:21:00,195.28,fuel,diesel,D_A0285,Madurai,,0
T005523,A0338,2026-01-27 11:22:00,14.05,streaming,subscription,D_A0338,Kochi,,0
T005524,A0344,2026-01-27 11:25:00,124.07,travel,bus_ticket,D_A0344,Madurai,,0
T005525,A0130,2026-01-27 11:28:00,80.3,clothing,shoes,D_A0130,Mumbai,,0
T005526,A0339,2026-01-27 11:44:00,99.8,fuel,diesel,D_A0339,Coimbatore,,0
T005527,A0227,2026-01-27 11:44:00,57.28,food,delivery,D_A0227,Madurai,,0
T005528,A0363,2026-01-27 11:46:00,28.43,food,delivery,D_A0363,Coimbatore,,0
T005529,A0000,2026-01-27 11:46:00,38.66,food,delivery,D_A0000,Madurai,,0
T005530,A0005,2026-01-27 11:49:00,63.36,food,restaurant,D_A0005,Coimbatore,,0
T005531,A0204,2026-01-27 11:49:00,34.74,grocery,vegetables,D_A0204,Kochi,,0
T005532,A0249,2026-01-27 11:49:00,12.69,food,restaurant,D_A0249,Mumbai,,0
T005533,A0206,2026-01-27 11:49:00,688.15,travel,bus_ticket,D_A0206,Hyderabad,,0
T005534,A0124,2026-01-27 11:54:00,228.27,fuel,diesel,D_A0124,Hyderabad,,0
T005535,A0346,2026-01-27 11:56:00,107.83,grocery,groceries,D_A0346,Mumbai,,0
T005536,A0299,2026-01-27 11:58:00,28.48,food,delivery,D_A0299,Chennai,,0
T005537,A0340,2026-01-27 12:01:00,23.2,streaming,subscription,D_A0340,Madurai,,0
T005538,A0020,2026-01-27 12:01:00,61.71,pharmacy,medicine,D_A0020,Bengaluru,,0
T005539,A0169,2026-01-27 12:08:00,116.65,travel,bus_ticket,D_A0169,Bengaluru,,0
T005540,A0012,2026-01-27 12:14:00,71.07,fuel,petrol,D_A0012,Chennai,,0
T005541,A0229,2026-01-27 12:17:00,48.83,streaming,subscription,D_A0229,Bengaluru,,0
T005542,A0354,2026-01-27 12:22:00,97.89,clothing,clothes,D_A0354,Hyderabad,,0
T005543,A0406,2026-01-27 12:22:00,24.67,pharmacy,medicine,D_A0406,Coimbatore,,0
T005544,A0382,2026-01-27 12:26:00,67.55,transfer,p2p_transfer,D_A0382,Bengaluru,PAYEE_A0382,0
T005545,A0006,2026-01-27 12:27:00,48.79,streaming,subscription,D_FAM_7,Coimbatore,,0
T005546,A0183,2026-01-27 12:40:00,40.73,fuel,petrol,D_A0183,Mumbai,,0
T005547,A0350,2026-01-27 12:41:00,750.49,travel,train_ticket,D_A0350,Kochi,,0
T005548,A0350,2026-01-27 12:44:00,91.15,food,delivery,D_A0350,Kochi,,0
T005549,A0050,2026-01-27 12:49:00,61.33,grocery,vegetables,D_A0050,Hyderabad,,0
T005550,A0263,2026-01-27 12:50:00,180.27,pharmacy,medicine,D_A0263,Coimbatore,,0
T005551,A0354,2026-01-27 12:51:00,138.09,clothing,clothes,D_A0354,Hyderabad,,0
T005552,A0323,2026-01-27 12:55:00,25.67,streaming,subscription,D_A0323,Madurai,,0
T005553,A0174,2026-01-27 12:59:00,13.17,streaming,subscription,D_A0174,Kochi,,0
T005554,A0045,2026-01-27 13:02:00,62.65,fuel,petrol,D_A0045,Hyderabad,,0
T005555,A0102,2026-01-27 13:17:00,36.49,pharmacy,medicine,D_FAM_7,Madurai,,0
T005556,A0098,2026-01-27 13:19:00,46.28,grocery,groceries,D_A0098,Bengaluru,,0
T005557,A0491,2026-01-27 13:24:00,16.35,pharmacy,medicine,D_FAM_2,Hyderabad,,0
T005558,A0231,2026-01-27 13:24:00,38.9,pharmacy,medicine,D_A0231,Delhi,,0
T005559,A0413,2026-01-27 13:27:00,80.69,transfer,p2p_transfer,D_A0413,Mumbai,PAYEE_A0413,0
T005560,A0321,2026-01-27 13:27:00,106.24,clothing,shoes,D_A0321,Mumbai,,0
T005561,A0455,2026-01-27 13:31:00,77.79,clothing,shoes,D_A0455,Chennai,,0
T005562,A0379,2026-01-27 13:32:00,12.45,streaming,subscription,D_A0379,Madurai,,0
T005563,A0424,2026-01-27 13:34:00,67.4,fuel,diesel,D_A0424,Mumbai,,0
T005564,A0134,2026-01-27 13:35:00,76.5,pharmacy,medicine,D_A0134,Coimbatore,,0
T005565,A0302,2026-01-27 13:38:00,7.63,streaming,subscription,D_A0302,Kochi,,0
T005566,A0048,2026-01-27 13:40:00,30.87,food,delivery,D_A0048,Mumbai,,0
T005567,A0498,2026-01-27 13:45:00,85.62,fuel,diesel,D_A0498,Coimbatore,,0
T005568,A0021,2026-01-27 13:50:00,15.16,food,restaurant,D_A0021,Kochi,,0
T005569,A0006,2026-01-27 13:50:00,122.08,fuel,diesel,D_FAM_7,Coimbatore,,0
T005570,A0463,2026-01-27 13:52:00,385.86,travel,train_ticket,D_A0463,Coimbatore,,0
T005571,A0318,2026-01-27 13:53:00,19.22,food,delivery,D_A0318,Bengaluru,,0
T005572,A0309,2026-01-27 13:54:00,37.64,streaming,subscription,D_A0309,Delhi,,0
T005573,A0246,2026-01-27 13:58:00,45.82,pharmacy,medicine,D_A0246,Kochi,,0
T005574,A0274,2026-01-27 13:59:00,28.6,streaming,subscription,D_A0274,Madurai,,0
T005575,A0030,2026-01-27 14:08:00,50.91,grocery,groceries,D_A0030,Hyderabad,,0
T005576,A0395,2026-01-27 14:09:00,42.84,pharmacy,medicine,D_A0395,Chennai,,0
T005577,A0420,2026-01-27 14:10:00,77.96,food,restaurant,D_OFF_0,Madurai,,0
T005578,A0367,2026-01-27 14:11:00,47.79,food,delivery,D_A0367,Mumbai,,0
T005579,A0423,2026-01-27 14:12:00,20.26,food,restaurant,D_A0423,Kochi,,0
T005580,A0419,2026-01-27 14:15:00,100.82,clothing,shoes,D_A0419,Madurai,,0
T005581,A0421,2026-01-27 14:18:00,92.39,travel,train_ticket,D_A0421,Chennai,,0
T005582,A0192,2026-01-27 14:21:00,113.02,grocery,vegetables,D_A0192,Mumbai,,0
T005583,A0278,2026-01-27 14:21:00,148.34,transfer,p2p_transfer,D_A0278,Kochi,PAYEE_A0278,0
T005584,A0456,2026-01-27 14:23:00,62.54,fuel,petrol,D_A0456,Delhi,,0
T005585,A0363,2026-01-27 14:36:00,254.88,travel,bus_ticket,D_A0363,Coimbatore,,0
T005586,A0404,2026-01-27 14:40:00,6.62,pharmacy,medicine,D_A0404,Chennai,,0
T005587,A0110,2026-01-27 14:48:00,117.07,clothing,shoes,D_FAM_11,Delhi,,0
T005588,A0257,2026-01-27 14:50:00,112.79,clothing,clothes,D_A0257,Coimbatore,,0
T005589,A0016,2026-01-27 14:56:00,224.07,fuel,diesel,D_FAM_12,Chennai,,0
T005590,A0160,2026-01-27 15:00:00,233.0,clothing,shoes,D_OFF_1,Delhi,,0
T005591,A0125,2026-01-27 15:01:00,38.91,food,restaurant,D_A0125,Kochi,,0
T005592,A0377,2026-01-27 15:02:00,27.49,pharmacy,medicine,D_A0377,Mumbai,,0
T005593,A0096,2026-01-27 15:02:00,147.28,clothing,clothes,D_A0096,Hyderabad,,0
T005594,A0002,2026-01-27 15:05:00,20.39,streaming,subscription,D_A0002,Kochi,,0
T005595,A0170,2026-01-27 15:07:00,229.03,travel,train_ticket,D_A0170,Kochi,,0
T005596,A0309,2026-01-27 15:09:00,29.54,streaming,subscription,D_A0309,Delhi,,0
T005597,A0439,2026-01-27 15:10:00,25.63,grocery,groceries,D_A0439,Chennai,,0
T005598,A0374,2026-01-27 15:11:00,47.42,food,delivery,D_A0374,Kochi,,0
T005599,A0015,2026-01-27 15:21:00,73.68,food,delivery,D_FAM_14,Kochi,,0
T005600,A0242,2026-01-27 15:23:00,169.48,fuel,diesel,D_A0242,Bengaluru,,0
T005601,A0459,2026-01-27 15:24:00,72.54,fuel,petrol,D_A0459,Delhi,,0
T005602,A0306,2026-01-27 15:24:00,59.75,clothing,clothes,D_A0306,Chennai,,0
T005603,A0094,2026-01-27 15:40:00,81.81,travel,bus_ticket,D_A0094,Bengaluru,,0
T005604,A0386,2026-01-27 15:42:00,48.99,fuel,diesel,D_A0386,Coimbatore,,0
T005605,A0254,2026-01-27 15:43:00,33.37,fuel,diesel,D_A0254,Delhi,,0
T005606,A0245,2026-01-27 15:44:00,112.06,fuel,diesel,D_A0245,Mumbai,,0
T005607,A0327,2026-01-27 15:44:00,58.05,pharmacy,medicine,D_A0327,Coimbatore,,0
T005608,A0384,2026-01-27 15:45:00,83.91,grocery,vegetables,D_A0384,Hyderabad,,0
T005609,A0147,2026-01-27 15:48:00,135.77,fuel,diesel,D_A0147,Delhi,,0
T005610,A0257,2026-01-27 15:49:00,44.43,food,restaurant,D_A0257,Coimbatore,,0
T005611,A0282,2026-01-27 15:49:00,208.85,clothing,clothes,D_A0282,Hyderabad,,0
T005612,A0310,2026-01-27 15:50:00,370.39,travel,train_ticket,D_A0310,Chennai,,0
T005613,A0031,2026-01-27 15:51:00,55.32,pharmacy,medicine,D_A0031,Coimbatore,,0
T005614,A0136,2026-01-27 15:52:00,85.13,grocery,groceries,D_FAM_0,Chennai,,0
T005615,A0374,2026-01-27 15:55:00,69.44,grocery,vegetables,D_A0374,Kochi,,0
T005616,A0281,2026-01-27 15:56:00,153.01,clothing,shoes,D_A0281,Coimbatore,,0
T005617,A0496,2026-01-27 15:58:00,139.57,clothing,shoes,D_A0496,Mumbai,,0
T005618,A0055,2026-01-27 15:59:00,15.54,grocery,vegetables,D_A0055,Bengaluru,,0
T005619,A0160,2026-01-27 16:01:00,124.16,clothing,clothes,D_OFF_1,Delhi,,0
T005620,A0313,2026-01-27 16:03:00,31.09,pharmacy,medicine,D_A0313,Chennai,,0
T005621,A0380,2026-01-27 16:08:00,30.13,streaming,subscription,D_A0380,Madurai,,0
T005622,A0472,2026-01-27 16:08:00,109.09,clothing,shoes,D_A0472,Madurai,,0
T005623,A0007,2026-01-27 16:12:00,15.22,food,delivery,D_A0007,Bengaluru,,0
T005624,A0253,2026-01-27 16:13:00,24.66,food,delivery,D_A0253,Mumbai,,0
T005625,A0373,2026-01-27 16:14:00,18.47,food,restaurant,D_A0373,Coimbatore,,0
T005626,A0018,2026-01-27 16:18:00,179.48,food,delivery,D_A0018,Coimbatore,,0
T005627,A0222,2026-01-27 16:23:00,102.09,travel,bus_ticket,D_A0222,Madurai,,0
T005628,A0373,2026-01-27 16:25:00,10.38,streaming,subscription,D_A0373,Coimbatore,,0
T005629,A0432,2026-01-27 16:31:00,18.77,streaming,subscription,D_FAM_14,Kochi,,0
T005630,A0305,2026-01-27 16:45:00,91.32,fuel,diesel,D_A0305,Mumbai,,0
T005631,A0130,2026-01-27 16:46:00,74.54,clothing,shoes,D_A0130,Mumbai,,0
T005632,A0338,2026-01-27 16:47:00,11.77,streaming,subscription,D_A0338,Kochi,,0
T005633,A0062,2026-01-27 16:47:00,60.45,pharmacy,medicine,D_A0062,Madurai,,0
T005634,A0444,2026-01-27 16:48:00,333.48,travel,bus_ticket,D_A0444,Kochi,,0
T005635,A0352,2026-01-27 16:55:00,9.25,food,delivery,D_A0352,Bengaluru,,0
T005636,A0046,2026-01-27 17:01:00,15.09,streaming,subscription,D_A0046,Kochi,,0
T005637,A0039,2026-01-27 17:02:00,14.36,streaming,subscription,D_A0039,Madurai,,0
T005638,A0246,2026-01-27 17:03:00,69.6,transfer,p2p_transfer,D_A0246,Kochi,PAYEE_A0246,0
T005639,A0271,2026-01-27 17:08:00,64.13,fuel,diesel,D_A0271,Chennai,,0
T005640,A0408,2026-01-27 17:09:00,91.32,clothing,clothes,D_A0408,Kochi,,0
T005641,A0010,2026-01-27 17:10:00,39.99,clothing,shoes,D_A0010,Delhi,,0
T005642,A0385,2026-01-27 17:10:00,17.21,food,restaurant,D_A0385,Kochi,,0
T005643,A0332,2026-01-27 17:11:00,21.88,food,delivery,D_A0332,Delhi,,0
T005644,A0329,2026-01-27 17:15:00,48.25,pharmacy,medicine,D_A0329,Kochi,,0
T005645,A0112,2026-01-27 17:21:00,120.25,clothing,clothes,D_A0112,Delhi,,0
T005646,A0064,2026-01-27 17:23:00,53.95,pharmacy,medicine,D_A0064,Bengaluru,,0
T005647,A0162,2026-01-27 17:24:00,305.42,travel,bus_ticket,D_A0162,Coimbatore,,0
T005648,A0146,2026-01-27 17:36:00,71.71,grocery,groceries,D_A0146,Mumbai,,0
T005649,A0338,2026-01-27 17:44:00,44.81,fuel,diesel,D_A0338,Kochi,,0
T005650,A0305,2026-01-27 17:50:00,100.61,fuel,diesel,D_A0305,Mumbai,,0
T005651,A0024,2026-01-27 17:58:00,182.77,food,delivery,D_A0024,Hyderabad,,0
T005652,A0352,2026-01-27 18:04:00,26.59,clothing,shoes,D_A0352,Bengaluru,,0
T005653,A0031,2026-01-27 18:08:00,64.4,pharmacy,medicine,D_A0031,Coimbatore,,0
T005654,A0166,2026-01-27 18:12:00,151.31,fuel,petrol,D_A0166,Bengaluru,,0
T005655,A0064,2026-01-27 18:23:00,162.81,clothing,shoes,D_A0064,Bengaluru,,0
T005656,A0421,2026-01-27 18:25:00,183.08,travel,bus_ticket,D_A0421,Chennai,,0
T005657,A0085,2026-01-27 18:26:00,51.31,fuel,petrol,D_A0085,Delhi,,0
T005658,A0385,2026-01-27 18:37:00,150.93,travel,bus_ticket,D_A0385,Kochi,,0
T005659,A0292,2026-01-27 18:38:00,155.68,clothing,shoes,D_A0292,Kochi,,0
T005660,A0138,2026-01-27 18:45:00,59.81,fuel,petrol,D_A0138,Kochi,,0
T005661,A0381,2026-01-27 18:48:00,59.83,food,restaurant,D_A0381,Chennai,,0
T005662,A0448,2026-01-27 18:49:00,238.63,clothing,shoes,D_A0448,Madurai,,0
T005663,A0207,2026-01-27 18:52:00,95.21,fuel,diesel,D_A0207,Delhi,,0
T005664,A0422,2026-01-27 18:55:00,19.33,streaming,subscription,D_A0422,Delhi,,0
T005665,A0295,2026-01-27 18:55:00,294.86,clothing,clothes,D_A0295,Madurai,,0
T005666,A0052,2026-01-27 18:56:00,29.62,grocery,groceries,D_A0052,Bengaluru,,0
T005667,A0115,2026-01-27 19:04:00,769.51,travel,train_ticket,D_A0115,Kochi,,0
T005668,A0437,2026-01-27 19:06:00,188.94,travel,train_ticket,D_FAM_3,Kochi,,0
T005669,A0000,2026-01-27 19:08:00,42.63,food,delivery,D_A0000,Madurai,,0
T005670,A0097,2026-01-27 19:18:00,34.31,grocery,vegetables,D_FAM_1,Delhi,,0
T005671,A0290,2026-01-27 19:25:00,66.22,grocery,vegetables,D_OFF_2,Bengaluru,,0
T005672,A0267,2026-01-27 19:37:00,34.26,food,restaurant,D_OFF_1,Delhi,,0
T005673,A0083,2026-01-27 19:41:00,90.37,pharmacy,medicine,D_A0083,Madurai,,0
T005674,A0147,2026-01-27 19:44:00,195.05,travel,train_ticket,D_A0147,Delhi,,0
T005675,A0247,2026-01-27 19:46:00,74.23,streaming,subscription,D_A0247,Coimbatore,,0
T005676,A0199,2026-01-27 19:47:00,65.37,grocery,vegetables,D_A0199,Madurai,,0
T005677,A0302,2026-01-27 19:51:00,5.14,streaming,subscription,D_A0302,Kochi,,0
T005678,A0140,2026-01-27 20:05:00,625.2,travel,bus_ticket,D_A0140,Madurai,,0
T005679,A0353,2026-01-27 20:44:00,108.79,grocery,vegetables,D_A0353,Kochi,,0
T005680,A0023,2026-01-27 20:48:00,92.56,grocery,groceries,D_OFF_0,Hyderabad,,0
T005681,A0038,2026-01-27 21:12:00,47.81,grocery,vegetables,D_A0038,Madurai,,0
T005682,A0282,2026-01-27 21:26:00,188.08,clothing,clothes,D_A0282,Hyderabad,,0
T005683,A0470,2026-01-27 21:35:00,135.26,travel,bus_ticket,D_A0470,Mumbai,,0
T005684,A0440,2026-01-27 22:54:00,99.36,clothing,shoes,D_OFF_2,Madurai,,0
T005685,A0152,2026-01-27 23:03:00,47.39,food,delivery,D_A0152,Hyderabad,,0
T005686,A0235,2026-01-27 23:05:00,39.38,pharmacy,medicine,D_A0235,Delhi,,0
T005687,A0185,2026-01-27 23:39:00,328.89,grocery,groceries,D_A0185,Bengaluru,,0
T005688,A0184,2026-01-27 23:51:00,173.21,travel,bus_ticket,D_A0184,Coimbatore,,0
T005689,A0248,2026-01-28 04:41:00,398.65,electronics,phone,D_STOLEN_14,Kochi,,1
T005690,A0139,2026-01-28 07:10:00,78.75,fuel,petrol,D_FAM_7,Hyderabad,,0
T005691,A0360,2026-01-28 07:23:00,25.56,grocery,groceries,D_A0360,Mumbai,,0
T005692,A0191,2026-01-28 07:25:00,72.67,clothing,clothes,D_A0191,Mumbai,,0
T005693,A0016,2026-01-28 07:28:00,223.9,fuel,petrol,D_FAM_12,Chennai,,0
T005694,A0263,2026-01-28 07:32:00,498.01,clothing,clothes,D_A0263,Coimbatore,,0
T005695,A0199,2026-01-28 07:35:00,48.82,pharmacy,medicine,D_A0199,Madurai,,0
T005696,A0405,2026-01-28 07:42:00,139.0,fuel,petrol,D_A0405,Kochi,,0
T005697,A0358,2026-01-28 07:48:00,18.53,streaming,subscription,D_A0358,Madurai,,0
T005698,A0030,2026-01-28 08:09:00,59.68,grocery,vegetables,D_A0030,Hyderabad,,0
T005699,A0089,2026-01-28 08:25:00,155.17,pharmacy,medicine,D_A0089,Madurai,,0
T005700,A0401,2026-01-28 08:27:00,99.81,travel,train_ticket,D_A0401,Madurai,,0
T005701,A0468,2026-01-28 08:38:00,280.83,travel,train_ticket,D_A0468,Chennai,,0
T005702,A0416,2026-01-28 08:38:00,45.75,transfer,p2p_transfer,D_A0416,Hyderabad,PAYEE_A0416,0
T005703,A0004,2026-01-28 08:52:00,25.37,pharmacy,medicine,D_A0004,Chennai,,0
T005704,A0084,2026-01-28 08:56:00,34.67,grocery,vegetables,D_A0084,Delhi,,0
T005705,A0423,2026-01-28 08:57:00,68.0,grocery,groceries,D_A0423,Coimbatore,,0
T005706,A0258,2026-01-28 08:59:00,144.3,clothing,shoes,D_A0258,Bengaluru,,0
T005707,A0038,2026-01-28 09:01:00,32.57,grocery,vegetables,D_A0038,Madurai,,0
T005708,A0175,2026-01-28 09:01:00,96.05,grocery,groceries,D_FAM_7,Chennai,,0
T005709,A0003,2026-01-28 09:11:00,80.31,pharmacy,medicine,D_A0003,Hyderabad,,0
T005710,A0385,2026-01-28 09:13:00,49.45,fuel,petrol,D_A0385,Kochi,,0
T005711,A0110,2026-01-28 09:15:00,111.51,clothing,clothes,D_FAM_11,Delhi,,0
T005712,A0417,2026-01-28 09:17:00,294.19,travel,bus_ticket,D_A0417,Madurai,,0
T005713,A0030,2026-01-28 09:28:00,50.19,grocery,vegetables,D_A0030,Hyderabad,,0
T005714,A0058,2026-01-28 09:35:00,139.74,fuel,petrol,D_A0058,Delhi,,0
T005715,A0197,2026-01-28 09:37:00,86.59,transfer,p2p_transfer,D_A0197,Bengaluru,PAYEE_A0197,0
T005716,A0004,2026-01-28 09:37:00,16.38,pharmacy,medicine,D_A0004,Kochi,,0
T005717,A0143,2026-01-28 09:45:00,275.07,travel,bus_ticket,D_A0143,Kochi,,0
T005718,A0454,2026-01-28 09:46:00,28.85,grocery,groceries,D_A0454,Coimbatore,,0
T005719,A0298,2026-01-28 09:54:00,28.14,streaming,subscription,D_A0298,Chennai,,0
T005720,A0029,2026-01-28 10:00:00,322.36,travel,train_ticket,D_A0029,Hyderabad,,0
T005721,A0423,2026-01-28 10:03:00,22.53,grocery,vegetables,D_A0423,Coimbatore,,0
T005722,A0373,2026-01-28 10:06:00,6.27,streaming,subscription,D_A0373,Coimbatore,,0
T005723,A0110,2026-01-28 10:13:00,162.09,clothing,shoes,D_FAM_11,Delhi,,0
T005724,A0014,2026-01-28 10:22:00,38.69,pharmacy,medicine,D_FAM_2,Mumbai,,0
T005725,A0177,2026-01-28 10:33:00,72.75,pharmacy,medicine,D_A0177,Mumbai,,0
T005726,A0390,2026-01-28 10:33:00,185.09,travel,bus_ticket,D_A0390,Chennai,,0
T005727,A0246,2026-01-28 10:35:00,13.85,food,restaurant,D_A0246,Kochi,,0
T005728,A0282,2026-01-28 10:38:00,32.71,streaming,subscription,D_A0282,Hyderabad,,0
T005729,A0159,2026-01-28 10:40:00,58.64,grocery,groceries,D_A0159,Mumbai,,0
T005730,A0111,2026-01-28 10:41:00,23.14,streaming,subscription,D_A0111,Chennai,,0
T005731,A0258,2026-01-28 10:49:00,107.2,fuel,diesel,D_A0258,Bengaluru,,0
T005732,A0354,2026-01-28 10:59:00,36.51,pharmacy,medicine,D_A0354,Hyderabad,,0
T005733,A0369,2026-01-28 11:09:00,332.23,travel,bus_ticket,D_A0369,Mumbai,,0
T005734,A0260,2026-01-28 11:13:00,41.23,streaming,subscription,D_A0260,Hyderabad,,0
T005735,A0288,2026-01-28 11:16:00,87.69,fuel,petrol,D_A0288,Coimbatore,,0
T005736,A0080,2026-01-28 11:23:00,24.69,grocery,vegetables,D_A0080,Chennai,,0
T005737,A0108,2026-01-28 11:26:00,105.92,fuel,petrol,D_A0108,Coimbatore,,0
T005738,A0357,2026-01-28 11:35:00,27.67,food,delivery,D_A0357,Kochi,,0
T005739,A0405,2026-01-28 11:35:00,54.47,pharmacy,medicine,D_A0405,Kochi,,0
T005740,A0257,2026-01-28 11:43:00,44.8,food,restaurant,D_A0257,Coimbatore,,0
T005741,A0268,2026-01-28 11:45:00,37.66,pharmacy,medicine,D_A0268,Chennai,,0
T005742,A0403,2026-01-28 11:48:00,80.45,travel,bus_ticket,D_A0403,Bengaluru,,0
T005743,A0469,2026-01-28 11:56:00,16.24,streaming,subscription,D_A0469,Delhi,,0
T005744,A0347,2026-01-28 11:59:00,9.53,streaming,subscription,D_A0347,Chennai,,0
T005745,A0029,2026-01-28 12:00:00,32.98,grocery,vegetables,D_A0029,Hyderabad,,0
T005746,A0392,2026-01-28 12:10:00,163.27,travel,train_ticket,D_A0392,Bengaluru,,0
T005747,A0465,2026-01-28 12:10:00,219.92,travel,bus_ticket,D_A0465,Delhi,,0
T005748,A0197,2026-01-28 12:10:00,55.99,food,restaurant,D_A0197,Bengaluru,,0
T005749,A0377,2026-01-28 12:17:00,111.83,travel,train_ticket,D_A0377,Mumbai,,0
T005750,A0136,2026-01-28 12:18:00,213.69,pharmacy,medicine,D_FAM_0,Chennai,,0
T005751,A0295,2026-01-28 12:18:00,73.39,fuel,diesel,D_A0295,Madurai,,0
T005752,A0404,2026-01-28 12:19:00,8.45,pharmacy,medicine,D_A0404,Chennai,,0
T005753,A0425,2026-01-28 12:20:00,14.89,streaming,subscription,D_A0425,Madurai,,0
T005754,A0177,2026-01-28 12:23:00,101.23,fuel,petrol,D_A0177,Delhi,,0
T005755,A0289,2026-01-28 12:26:00,17.66,streaming,subscription,D_A0289,Bengaluru,,0
T005756,A0046,2026-01-28 12:32:00,39.31,pharmacy,medicine,D_A0046,Kochi,,0
T005757,A0441,2026-01-28 12:41:00,48.27,food,restaurant,D_A0441,Hyderabad,,0
T005758,A0320,2026-01-28 12:41:00,131.19,travel,train_ticket,D_FAM_4,Madurai,,0
T005759,A0478,2026-01-28 12:42:00,152.44,clothing,shoes,D_A0478,Hyderabad,,0
T005760,A0280,2026-01-28 12:45:00,265.49,travel,train_ticket,D_A0280,Coimbatore,,0
T005761,A0249,2026-01-28 12:46:00,14.38,food,delivery,D_A0249,Kochi,,0
T005762,A0403,2026-01-28 12:49:00,131.91,travel,bus_ticket,D_A0403,Bengaluru,,0
T005763,A0407,2026-01-28 12:57:00,26.79,food,restaurant,D_A0407,Bengaluru,,0
T005764,A0260,2026-01-28 13:01:00,481.91,clothing,clothes,D_A0260,Hyderabad,,0
T005765,A0315,2026-01-28 13:08:00,13.06,streaming,subscription,D_A0315,Madurai,,0
T005766,A0219,2026-01-28 13:09:00,32.09,pharmacy,medicine,D_A0219,Coimbatore,,0
T005767,A0453,2026-01-28 13:12:00,511.89,travel,train_ticket,D_A0453,Bengaluru,,0
T005768,A0181,2026-01-28 13:13:00,81.81,grocery,groceries,D_A0181,Chennai,,0
T005769,A0278,2026-01-28 13:15:00,115.46,fuel,diesel,D_A0278,Madurai,,0
T005770,A0224,2026-01-28 13:16:00,20.18,streaming,subscription,D_A0224,Coimbatore,,0
T005771,A0171,2026-01-28 13:21:00,12.75,streaming,subscription,D_A0171,Madurai,,0
T005772,A0115,2026-01-28 13:22:00,464.73,travel,train_ticket,D_A0115,Kochi,,0
T005773,A0050,2026-01-28 13:22:00,153.39,travel,train_ticket,D_A0050,Hyderabad,,0
T005774,A0252,2026-01-28 13:25:00,28.4,fuel,petrol,D_A0252,Delhi,,0
T005775,A0403,2026-01-28 13:25:00,206.39,fuel,petrol,D_A0403,Bengaluru,,0
T005776,A0454,2026-01-28 13:27:00,8.73,pharmacy,medicine,D_A0454,Kochi,,0
T005777,A0409,2026-01-28 13:38:00,118.42,clothing,clothes,D_A0409,Chennai,,0
T005778,A0258,2026-01-28 13:42:00,53.17,pharmacy,medicine,D_A0258,Bengaluru,,0
T005779,A0041,2026-01-28 13:43:00,69.06,clothing,shoes,D_FAM_6,Hyderabad,,0
T005780,A0143,2026-01-28 13:53:00,48.02,clothing,shoes,D_A0143,Chennai,,0
T005781,A0235,2026-01-28 13:57:00,19.65,streaming,subscription,D_A0235,Delhi,,0
T005782,A0351,2026-01-28 13:57:00,9.23,streaming,subscription,D_A0351,Chennai,,0
T005783,A0025,2026-01-28 14:08:00,48.72,pharmacy,medicine,D_A0025,Hyderabad,,0
T005784,A0450,2026-01-28 14:10:00,17.4,pharmacy,medicine,D_A0450,Hyderabad,,0
T005785,A0299,2026-01-28 14:23:00,120.9,pharmacy,medicine,D_A0299,Chennai,,0
T005786,A0396,2026-01-28 14:26:00,67.46,food,delivery,D_FAM_3,Delhi,,0
T005787,A0256,2026-01-28 14:29:00,77.74,grocery,groceries,D_A0256,Bengaluru,,0
T005788,A0162,2026-01-28 14:32:00,37.04,food,delivery,D_A0162,Coimbatore,,0
T005789,A0194,2026-01-28 14:34:00,165.58,clothing,clothes,D_FAM_2,Hyderabad,,0
T005790,A0152,2026-01-28 14:41:00,146.63,clothing,clothes,D_A0152,Hyderabad,,0
T005791,A0156,2026-01-28 14:42:00,21.09,fuel,diesel,D_A0156,Delhi,,0
T005792,A0497,2026-01-28 14:54:00,55.26,food,delivery,D_A0497,Chennai,,0
T005793,A0267,2026-01-28 15:00:00,20.93,streaming,subscription,D_OFF_1,Delhi,,0
T005794,A0258,2026-01-28 15:03:00,106.14,clothing,clothes,D_A0258,Bengaluru,,0
T005795,A0191,2026-01-28 15:05:00,39.76,transfer,p2p_transfer,D_A0191,Mumbai,PAYEE_A0191,0
T005796,A0352,2026-01-28 15:06:00,69.93,travel,bus_ticket,D_A0352,Bengaluru,,0
T005797,A0488,2026-01-28 15:11:00,47.51,streaming,subscription,D_A0488,Kochi,,0
T005798,A0234,2026-01-28 15:13:00,42.38,grocery,groceries,D_A0234,Delhi,,0
T005799,A0351,2026-01-28 15:15:00,20.4,streaming,subscription,D_A0351,Chennai,,0
T005800,A0426,2026-01-28 15:16:00,56.8,pharmacy,medicine,D_A0426,Hyderabad,,0
T005801,A0357,2026-01-28 15:20:00,22.32,streaming,subscription,D_A0357,Kochi,,0
T005802,A0212,2026-01-28 15:21:00,473.06,travel,train_ticket,D_OFF_1,Kochi,,0
T005803,A0472,2026-01-28 15:29:00,101.28,fuel,petrol,D_A0472,Madurai,,0
T005804,A0000,2026-01-28 15:30:00,57.21,food,delivery,D_A0000,Madurai,,0
T005805,A0429,2026-01-28 15:30:00,152.02,fuel,diesel,D_A0429,Madurai,,0
T005806,A0402,2026-01-28 15:33:00,59.83,giftcards,gift_card,D_A0402,Madurai,,0
T005807,A0141,2026-01-28 15:35:00,39.46,food,restaurant,D_FAM_2,Kochi,,0
T005808,A0370,2026-01-28 15:36:00,20.66,streaming,subscription,D_A0370,Coimbatore,,0
T005809,A0444,2026-01-28 15:38:00,231.49,clothing,shoes,D_A0444,Kochi,,0
T005810,A0233,2026-01-28 15:39:00,39.49,streaming,subscription,D_A0233,Coimbatore,,0
T005811,A0359,2026-01-28 15:39:00,54.2,grocery,vegetables,D_A0359,Bengaluru,,0
T005812,A0461,2026-01-28 15:39:00,53.92,food,delivery,D_FAM_0,Madurai,,0
T005813,A0080,2026-01-28 15:44:00,74.8,clothing,shoes,D_A0080,Chennai,,0
T005814,A0002,2026-01-28 15:50:00,53.65,pharmacy,medicine,D_A0002,Kochi,,0
T005815,A0411,2026-01-28 15:54:00,74.94,pharmacy,medicine,D_A0411,Kochi,,0
T005816,A0188,2026-01-28 15:55:00,69.16,fuel,diesel,D_A0188,Chennai,,0
T005817,A0173,2026-01-28 15:57:00,69.76,fuel,diesel,D_A0173,Bengaluru,,0
T005818,A0154,2026-01-28 15:58:00,71.96,fuel,diesel,D_A0154,Chennai,,0
T005819,A0298,2026-01-28 16:00:00,31.98,streaming,subscription,D_A0298,Chennai,,0
T005820,A0240,2026-01-28 16:01:00,47.96,food,delivery,D_FAM_11,Chennai,,0
T005821,A0246,2026-01-28 16:03:00,37.73,pharmacy,medicine,D_A0246,Kochi,,0
T005822,A0130,2026-01-28 16:07:00,32.85,food,delivery,D_A0130,Mumbai,,0
T005823,A0401,2026-01-28 16:07:00,216.58,travel,bus_ticket,D_A0401,Madurai,,0
T005824,A0448,2026-01-28 16:10:00,24.3,giftcards,gift_card,D_A0448,Madurai,,0
T005825,A0404,2026-01-28 16:16:00,20.34,transfer,p2p_transfer,D_A0404,Chennai,PAYEE_A0404,0
T005826,A0273,2026-01-28 16:20:00,19.93,streaming,subscription,D_A0273,Bengaluru,,0
T005827,A0433,2026-01-28 16:25:00,63.58,fuel,petrol,D_A0433,Hyderabad,,0
T005828,A0310,2026-01-28 16:36:00,182.16,clothing,clothes,D_A0310,Chennai,,0
T005829,A0116,2026-01-28 16:38:00,74.03,fuel,diesel,D_A0116,Madurai,,0
T005830,A0342,2026-01-28 16:44:00,43.59,grocery,vegetables,D_A0342,Hyderabad,,0
T005831,A0467,2026-01-28 16:52:00,8.69,streaming,subscription,D_OFF_1,Delhi,,0
T005832,A0130,2026-01-28 16:57:00,77.44,clothing,shoes,D_A0130,Mumbai,,0
T005833,A0049,2026-01-28 17:04:00,33.26,food,delivery,D_A0049,Coimbatore,,0
T005834,A0038,2026-01-28 17:12:00,40.89,grocery,groceries,D_A0038,Madurai,,0
T005835,R006,2026-01-28 17:13:00,243.47,giftcards,gift_card,D_RING_1,Bengaluru,,1
T005836,A0110,2026-01-28 17:16:00,51.17,clothing,shoes,D_FAM_11,Delhi,,0
T005837,R006,2026-01-28 17:20:00,220.15,prepaid,prepaid_card,D_RING_2,Bengaluru,,1
T005838,R006,2026-01-28 17:27:00,240.84,digital_goods,game_credits,D_RING_2,Bengaluru,,1
T005839,A0233,2026-01-28 17:28:00,117.92,streaming,subscription,D_A0233,Coimbatore,,0
T005840,A0405,2026-01-28 17:28:00,67.29,fuel,diesel,D_A0405,Kochi,,0
T005841,R006,2026-01-28 17:43:00,312.43,transfer,p2p_transfer,D_RING_2,Bengaluru,PAYOUT_X,1
T005842,A0153,2026-01-28 17:49:00,122.62,transfer,p2p_transfer,D_A0153,Madurai,PAYEE_A0153,0
T005843,A0337,2026-01-28 17:54:00,37.41,streaming,subscription,D_A0337,Coimbatore,,0
T005844,A0499,2026-01-28 17:55:00,102.49,fuel,petrol,D_A0499,Hyderabad,,0
T005845,A0088,2026-01-28 18:03:00,18.04,streaming,subscription,D_A0088,Chennai,,0
T005846,A0002,2026-01-28 18:09:00,44.92,pharmacy,medicine,D_A0002,Kochi,,0
T005847,A0179,2026-01-28 18:12:00,9.88,streaming,subscription,D_A0179,Mumbai,,0
T005848,A0127,2026-01-28 18:15:00,146.94,travel,train_ticket,D_A0127,Delhi,,0
T005849,A0244,2026-01-28 18:22:00,269.62,travel,train_ticket,D_A0244,Coimbatore,,0
T005850,A0102,2026-01-28 18:42:00,36.18,pharmacy,medicine,D_FAM_7,Madurai,,0
T005851,A0442,2026-01-28 18:50:00,89.28,pharmacy,medicine,D_A0442,Chennai,,0
T005852,A0111,2026-01-28 18:51:00,23.51,streaming,subscription,D_A0111,Chennai,,0
T005853,A0180,2026-01-28 18:52:00,79.22,clothing,shoes,D_A0180,Chennai,,0
T005854,A0119,2026-01-28 19:06:00,203.66,transfer,p2p_transfer,D_A0119,Madurai,PAYEE_A0119,0
T005855,A0179,2026-01-28 19:37:00,58.49,clothing,shoes,D_A0179,Mumbai,,0
T005856,A0352,2026-01-28 19:40:00,42.05,clothing,clothes,D_A0352,Bengaluru,,0
T005857,A0160,2026-01-28 19:47:00,58.79,grocery,vegetables,D_OFF_1,Delhi,,0
T005858,A0003,2026-01-28 19:47:00,90.41,pharmacy,medicine,D_A0003,Hyderabad,,0
T005859,A0011,2026-01-28 20:05:00,51.8,pharmacy,medicine,D_A0011,Delhi,,0
T005860,A0121,2026-01-28 20:10:00,307.77,travel,train_ticket,D_A0121,Hyderabad,,0
T005861,A0398,2026-01-28 20:15:00,46.32,streaming,subscription,D_OFF_1,Kochi,,0
T005862,A0371,2026-01-28 20:23:00,20.61,streaming,subscription,D_A0371,Madurai,,0
T005863,A0179,2026-01-28 20:38:00,73.5,clothing,clothes,D_A0179,Mumbai,,0
T005864,A0340,2026-01-28 21:24:00,151.12,fuel,diesel,D_A0340,Madurai,,0
T005865,A0393,2026-01-28 21:31:00,88.38,clothing,shoes,D_A0393,Bengaluru,,0
T005866,A0314,2026-01-28 21:45:00,57.05,grocery,vegetables,D_FAM_10,Mumbai,,0
T005867,A0039,2026-01-28 22:14:00,35.13,food,delivery,D_A0039,Madurai,,0
T005868,A0134,2026-01-28 22:22:00,50.31,pharmacy,medicine,D_A0134,Coimbatore,,0
T005869,A0366,2026-01-28 22:40:00,72.64,transfer,p2p_transfer,D_FAM_5,Delhi,PAYEE_A0366,0
T005870,A0249,2026-01-28 23:30:00,7.73,food,restaurant,D_A0249,Mumbai,,0
T005871,A0404,2026-01-29 01:24:00,231.04,giftcards,gift_card,D_STOLEN_0,Coimbatore,,1
T005872,A0404,2026-01-29 01:36:00,262.55,giftcards,flight_ticket,D_STOLEN_0,Coimbatore,,1
T005873,A0267,2026-01-29 07:07:00,45.32,food,delivery,D_OFF_1,Delhi,,0
T005874,A0301,2026-01-29 07:10:00,181.92,travel,train_ticket,D_A0301,Hyderabad,,0
T005875,A0395,2026-01-29 07:10:00,30.3,pharmacy,medicine,D_A0395,Chennai,,0
T005876,A0033,2026-01-29 07:14:00,159.67,travel,train_ticket,D_A0033,Coimbatore,,0
T005877,A0288,2026-01-29 07:14:00,38.52,pharmacy,medicine,D_A0288,Coimbatore,,0
T005878,A0017,2026-01-29 07:17:00,45.77,food,restaurant,D_A0017,Madurai,,0
T005879,A0386,2026-01-29 07:17:00,44.72,grocery,groceries,D_A0386,Coimbatore,,0
T005880,A0135,2026-01-29 07:20:00,334.14,fuel,diesel,D_A0135,Coimbatore,,0
T005881,A0207,2026-01-29 07:23:00,193.31,clothing,clothes,D_A0207,Delhi,,0
T005882,A0366,2026-01-29 07:23:00,91.39,clothing,shoes,D_FAM_5,Delhi,,0
T005883,A0485,2026-01-29 07:28:00,124.03,clothing,clothes,D_A0485,Madurai,,0
T005884,A0112,2026-01-29 07:37:00,18.94,streaming,subscription,D_A0112,Delhi,,0
T005885,A0478,2026-01-29 07:38:00,87.74,grocery,vegetables,D_A0478,Hyderabad,,0
T005886,A0303,2026-01-29 07:45:00,42.22,pharmacy,medicine,D_FAM_4,Madurai,,0
T005887,A0206,2026-01-29 07:47:00,486.12,travel,bus_ticket,D_A0206,Hyderabad,,0
T005888,A0449,2026-01-29 07:54:00,233.03,fuel,petrol,D_FAM_0,Mumbai,,0
T005889,A0342,2026-01-29 08:22:00,60.72,grocery,groceries,D_A0342,Hyderabad,,0
T005890,A0449,2026-01-29 08:23:00,148.11,fuel,diesel,D_FAM_0,Mumbai,,0
T005891,A0320,2026-01-29 08:31:00,59.05,clothing,clothes,D_FAM_4,Madurai,,0
T005892,A0149,2026-01-29 08:43:00,29.36,grocery,vegetables,D_A0149,Madurai,,0
T005893,A0011,2026-01-29 08:46:00,52.05,pharmacy,medicine,D_A0011,Delhi,,0
T005894,A0103,2026-01-29 08:53:00,46.01,pharmacy,medicine,D_A0103,Delhi,,0
T005895,A0273,2026-01-29 09:04:00,7.0,streaming,subscription,D_A0273,Bengaluru,,0
T005896,A0198,2026-01-29 09:14:00,94.45,pharmacy,medicine,D_A0198,Chennai,,0
T005897,A0397,2026-01-29 09:14:00,107.0,pharmacy,medicine,D_A0397,Chennai,,0
T005898,A0109,2026-01-29 09:30:00,18.44,streaming,subscription,D_A0109,Mumbai,,0
T005899,A0023,2026-01-29 09:31:00,386.87,travel,train_ticket,D_OFF_0,Hyderabad,,0
T005900,A0469,2026-01-29 09:32:00,35.34,giftcards,gift_card,D_A0469,Hyderabad,,0
T005901,A0337,2026-01-29 09:43:00,327.75,clothing,shoes,D_A0337,Coimbatore,,0
T005902,A0209,2026-01-29 09:50:00,19.07,food,delivery,D_A0209,Mumbai,,0
T005903,A0419,2026-01-29 09:53:00,146.27,travel,bus_ticket,D_A0419,Madurai,,0
T005904,A0192,2026-01-29 09:53:00,119.11,pharmacy,medicine,D_A0192,Madurai,,0
T005905,A0326,2026-01-29 09:57:00,103.16,grocery,vegetables,D_A0326,Bengaluru,,0
T005906,A0251,2026-01-29 10:00:00,9.27,streaming,subscription,D_A0251,Chennai,,0
T005907,A0475,2026-01-29 10:01:00,313.36,travel,bus_ticket,D_A0475,Hyderabad,,0
T005908,A0020,2026-01-29 10:02:00,28.95,streaming,subscription,D_A0020,Bengaluru,,0
T005909,A0483,2026-01-29 10:03:00,74.66,transfer,p2p_transfer,D_A0483,Coimbatore,PAYEE_A0483,0
T005910,A0390,2026-01-29 10:04:00,42.09,pharmacy,medicine,D_A0390,Chennai,,0
T005911,A0266,2026-01-29 10:11:00,53.05,food,delivery,D_A0266,Hyderabad,,0
T005912,A0189,2026-01-29 10:22:00,40.32,grocery,groceries,D_A0189,Chennai,,0
T005913,A0236,2026-01-29 10:26:00,211.22,travel,train_ticket,D_A0236,Chennai,,0
T005914,A0024,2026-01-29 10:26:00,238.21,fuel,diesel,D_A0024,Hyderabad,,0
T005915,A0279,2026-01-29 10:27:00,96.5,transfer,p2p_transfer,D_OFF_0,Mumbai,PAYEE_A0279,0
T005916,A0052,2026-01-29 10:31:00,52.22,fuel,petrol,D_A0052,Bengaluru,,0
T005917,A0345,2026-01-29 10:33:00,63.0,fuel,petrol,D_A0345,Hyderabad,,0
T005918,A0220,2026-01-29 10:39:00,36.96,grocery,groceries,D_A0220,Coimbatore,,0
T005919,A0126,2026-01-29 10:44:00,80.65,streaming,subscription,D_A0126,Chennai,,0
T005920,A0198,2026-01-29 10:52:00,71.53,transfer,p2p_transfer,D_A0198,Coimbatore,PAYEE_A0198,0
T005921,A0468,2026-01-29 10:57:00,276.28,travel,bus_ticket,D_A0468,Chennai,,0
T005922,A0479,2026-01-29 10:58:00,32.77,grocery,groceries,D_A0479,Chennai,,0
T005923,A0459,2026-01-29 10:58:00,177.14,travel,train_ticket,D_A0459,Delhi,,0
T005924,A0129,2026-01-29 10:59:00,43.1,fuel,diesel,D_OFF_2,Delhi,,0
T005925,A0316,2026-01-29 11:15:00,44.9,food,restaurant,D_FAM_14,Madurai,,0
T005926,A0297,2026-01-29 11:16:00,123.44,clothing,clothes,D_A0297,Hyderabad,,0
T005927,A0376,2026-01-29 11:20:00,399.5,pharmacy,medicine,D_A0376,Mumbai,,0
T005928,A0235,2026-01-29 11:22:00,47.43,grocery,vegetables,D_A0235,Delhi,,0
T005929,A0427,2026-01-29 11:22:00,101.87,clothing,shoes,D_A0427,Coimbatore,,0
T005930,A0330,2026-01-29 11:24:00,47.86,grocery,groceries,D_A0330,Coimbatore,,0
T005931,A0038,2026-01-29 11:39:00,70.01,fuel,petrol,D_A0038,Madurai,,0
T005932,A0242,2026-01-29 11:40:00,173.39,food,restaurant,D_A0242,Bengaluru,,0
T005933,A0300,2026-01-29 11:43:00,67.18,fuel,diesel,D_FAM_12,Delhi,,0
T005934,A0019,2026-01-29 11:52:00,61.77,fuel,petrol,D_A0019,Mumbai,,0
T005935,A0366,2026-01-29 11:55:00,54.75,clothing,clothes,D_FAM_5,Delhi,,0
T005936,A0327,2026-01-29 12:03:00,47.76,food,delivery,D_A0327,Coimbatore,,0
T005937,A0293,2026-01-29 12:07:00,87.55,fuel,diesel,D_A0293,Mumbai,,0
T005938,A0184,2026-01-29 12:08:00,24.39,food,restaurant,D_A0184,Coimbatore,,0
T005939,A0418,2026-01-29 12:08:00,45.29,pharmacy,medicine,D_A0418,Coimbatore,,0
T005940,A0291,2026-01-29 12:10:00,30.7,grocery,vegetables,D_A0291,Mumbai,,0
T005941,A0490,2026-01-29 12:15:00,20.25,streaming,subscription,D_A0490,Hyderabad,,0
T005942,A0228,2026-01-29 12:16:00,144.38,fuel,diesel,D_A0228,Mumbai,,0
T005943,A0084,2026-01-29 12:26:00,21.68,grocery,vegetables,D_A0084,Hyderabad,,0
T005944,A0384,2026-01-29 12:26:00,90.73,transfer,p2p_transfer,D_A0384,Kochi,PAYEE_A0384,0
T005945,A0395,2026-01-29 12:29:00,45.37,pharmacy,medicine,D_A0395,Chennai,,0
T005946,A0404,2026-01-29 12:31:00,7.86,food,restaurant,D_A0404,Chennai,,0
T005947,A0219,2026-01-29 12:34:00,42.61,pharmacy,medicine,D_A0219,Hyderabad,,0
T005948,A0187,2026-01-29 12:40:00,43.39,food,restaurant,D_A0187,Bengaluru,,0
T005949,A0339,2026-01-29 12:43:00,63.63,pharmacy,medicine,D_A0339,Coimbatore,,0
T005950,A0205,2026-01-29 12:45:00,24.75,food,delivery,D_A0205,Hyderabad,,0
T005951,A0260,2026-01-29 12:50:00,90.5,streaming,subscription,D_A0260,Hyderabad,,0
T005952,A0026,2026-01-29 12:50:00,46.08,pharmacy,medicine,D_A0026,Hyderabad,,0
T005953,A0082,2026-01-29 12:53:00,75.54,fuel,petrol,D_A0082,Delhi,,0
T005954,A0419,2026-01-29 12:58:00,27.27,food,restaurant,D_A0419,Delhi,,0
T005955,A0389,2026-01-29 12:58:00,77.93,fuel,petrol,D_A0389,Coimbatore,,0
T005956,A0104,2026-01-29 13:00:00,101.99,fuel,diesel,D_A0104,Delhi,,0
T005957,A0391,2026-01-29 13:02:00,34.88,grocery,vegetables,D_A0391,Kochi,,0
T005958,A0396,2026-01-29 13:03:00,19.76,streaming,subscription,D_FAM_3,Coimbatore,,0
T005959,A0152,2026-01-29 13:04:00,94.0,clothing,shoes,D_A0152,Mumbai,,0
T005960,A0481,2026-01-29 13:04:00,73.57,grocery,vegetables,D_A0481,Coimbatore,,0
T005961,A0457,2026-01-29 13:05:00,76.44,fuel,petrol,D_A0457,Hyderabad,,0
T005962,A0425,2026-01-29 13:10:00,13.94,streaming,subscription,D_A0425,Madurai,,0
T005963,A0209,2026-01-29 13:13:00,19.56,food,delivery,D_A0209,Kochi,,0
T005964,A0465,2026-01-29 13:16:00,92.28,grocery,groceries,D_A0465,Delhi,,0
T005965,A0227,2026-01-29 13:23:00,41.39,food,delivery,D_A0227,Madurai,,0
T005966,A0487,2026-01-29 13:27:00,92.48,pharmacy,medicine,D_A0487,Mumbai,,0
T005967,A0122,2026-01-29 13:27:00,19.53,streaming,subscription,D_A0122,Chennai,,0
T005968,A0021,2026-01-29 13:28:00,30.45,food,delivery,D_A0021,Kochi,,0
T005969,A0107,2026-01-29 13:31:00,97.04,clothing,shoes,D_A0107,Madurai,,0
T005970,A0104,2026-01-29 13:32:00,212.61,clothing,clothes,D_A0104,Delhi,,0
T005971,A0377,2026-01-29 13:37:00,39.29,fuel,diesel,D_A0377,Mumbai,,0
T005972,A0073,2026-01-29 13:43:00,54.95,fuel,petrol,D_A0073,Bengaluru,,0
T005973,A0093,2026-01-29 13:45:00,153.06,transfer,p2p_transfer,D_A0093,Kochi,PAYEE_A0093,0
T005974,A0324,2026-01-29 13:46:00,120.86,travel,bus_ticket,D_A0324,Mumbai,,0
T005975,A0015,2026-01-29 13:47:00,59.42,fuel,petrol,D_FAM_14,Bengaluru,,0
T005976,A0018,2026-01-29 14:04:00,398.93,clothing,shoes,D_A0018,Coimbatore,,0
T005977,A0044,2026-01-29 14:08:00,57.21,grocery,vegetables,D_A0044,Bengaluru,,0
T005978,A0272,2026-01-29 14:14:00,26.58,streaming,subscription,D_FAM_14,Delhi,,0
T005979,A0494,2026-01-29 14:16:00,461.18,travel,bus_ticket,D_A0494,Delhi,,0
T005980,A0232,2026-01-29 14:20:00,26.09,pharmacy,medicine,D_A0232,Coimbatore,,0
T005981,A0020,2026-01-29 14:22:00,114.03,fuel,diesel,D_A0020,Bengaluru,,0
T005982,A0188,2026-01-29 14:23:00,31.71,food,delivery,D_A0188,Chennai,,0
T005983,A0487,2026-01-29 14:23:00,82.6,pharmacy,medicine,D_A0487,Mumbai,,0
T005984,A0002,2026-01-29 14:24:00,26.74,pharmacy,medicine,D_A0002,Delhi,,0
T005985,A0059,2026-01-29 14:25:00,171.66,pharmacy,medicine,D_A0059,Bengaluru,,0
T005986,A0103,2026-01-29 14:28:00,15.39,streaming,subscription,D_A0103,Delhi,,0
T005987,A0011,2026-01-29 14:33:00,40.0,streaming,subscription,D_A0011,Delhi,,0
T005988,A0118,2026-01-29 14:38:00,70.66,pharmacy,medicine,D_A0118,Hyderabad,,0
T005989,A0183,2026-01-29 14:40:00,40.72,fuel,petrol,D_A0183,Mumbai,,0
T005990,A0341,2026-01-29 14:49:00,20.24,streaming,subscription,D_A0341,Madurai,,0
T005991,A0168,2026-01-29 14:54:00,21.59,streaming,subscription,D_A0168,Madurai,,0
T005992,A0293,2026-01-29 14:56:00,65.48,fuel,diesel,D_A0293,Mumbai,,0
T005993,A0277,2026-01-29 14:59:00,29.53,streaming,subscription,D_A0277,Madurai,,0
T005994,A0392,2026-01-29 15:01:00,58.41,pharmacy,medicine,D_A0392,Bengaluru,,0
T005995,A0200,2026-01-29 15:04:00,118.03,pharmacy,medicine,D_A0200,Coimbatore,,0
T005996,A0439,2026-01-29 15:06:00,10.83,streaming,subscription,D_A0439,Chennai,,0
T005997,A0028,2026-01-29 15:09:00,36.73,pharmacy,medicine,D_A0028,Bengaluru,,0
T005998,A0444,2026-01-29 15:16:00,166.75,travel,bus_ticket,D_A0444,Kochi,,0
T005999,A0279,2026-01-29 15:19:00,54.41,transfer,p2p_transfer,D_OFF_0,Hyderabad,PAYEE_A0279,0
T006000,A0063,2026-01-29 15:20:00,70.42,fuel,petrol,D_A0063,Coimbatore,,0
T006001,A0032,2026-01-29 15:26:00,34.42,pharmacy,medicine,D_A0032,Delhi,,0
T006002,A0009,2026-01-29 15:32:00,52.49,pharmacy,medicine,D_A0009,Mumbai,,0
T006003,A0045,2026-01-29 15:36:00,169.15,clothing,shoes,D_A0045,Madurai,,0
T006004,A0338,2026-01-29 15:43:00,109.4,travel,bus_ticket,D_A0338,Kochi,,0
T006005,A0264,2026-01-29 15:46:00,129.03,travel,train_ticket,D_A0264,Delhi,,0
T006006,A0356,2026-01-29 15:46:00,66.52,clothing,clothes,D_A0356,Mumbai,,0
T006007,A0191,2026-01-29 15:47:00,8.3,pharmacy,medicine,D_A0191,Mumbai,,0
T006008,A0069,2026-01-29 15:54:00,152.09,clothing,shoes,D_A0069,Coimbatore,,0
T006009,A0004,2026-01-29 15:57:00,60.28,transfer,p2p_transfer,D_A0004,Chennai,PAYEE_A0004,0
T006010,A0309,2026-01-29 16:00:00,35.49,grocery,vegetables,D_A0309,Mumbai,,0
T006011,A0366,2026-01-29 16:00:00,31.81,clothing,shoes,D_FAM_5,Delhi,,0
T006012,A0210,2026-01-29 16:06:00,48.91,food,restaurant,D_A0210,Bengaluru,,0
T006013,A0002,2026-01-29 16:14:00,97.98,pharmacy,medicine,D_A0002,Kochi,,0
T006014,A0094,2026-01-29 16:15:00,9.56,streaming,subscription,D_A0094,Bengaluru,,0
T006015,A0380,2026-01-29 16:26:00,41.23,streaming,subscription,D_A0380,Madurai,,0
T006016,A0478,2026-01-29 16:36:00,93.67,clothing,shoes,D_A0478,Hyderabad,,0
T006017,R008,2026-01-29 16:38:00,123.98,giftcards,gift_card,D_RING_2,Coimbatore,,1
T006018,A0075,2026-01-29 16:38:00,230.38,fuel,diesel,D_A0075,Kochi,,0
T006019,A0102,2026-01-29 16:40:00,30.55,streaming,subscription,D_FAM_7,Madurai,,0
T006020,R008,2026-01-29 16:45:00,138.6,prepaid,prepaid_card,D_RING_2,Coimbatore,,1
T006021,A0240,2026-01-29 16:46:00,42.97,pharmacy,medicine,D_FAM_11,Bengaluru,,0
T006022,A0132,2026-01-29 16:48:00,170.24,grocery,vegetables,D_A0132,Delhi,,0
T006023,A0402,2026-01-29 16:52:00,41.18,pharmacy,medicine,D_A0402,Madurai,,0
T006024,A0044,2026-01-29 16:52:00,68.45,grocery,groceries,D_A0044,Bengaluru,,0
T006025,R008,2026-01-29 16:52:00,94.64,digital_goods,game_credits,D_RING_1,Coimbatore,,1
T006026,A0224,2026-01-29 16:57:00,62.68,grocery,groceries,D_A0224,Coimbatore,,0
T006027,A0073,2026-01-29 17:05:00,21.26,streaming,subscription,D_A0073,Bengaluru,,0
T006028,R008,2026-01-29 17:08:00,220.15,transfer,p2p_transfer,D_RING_1,Coimbatore,PAYOUT_X,1
T006029,A0172,2026-01-29 17:14:00,16.51,streaming,subscription,D_A0172,Hyderabad,,0
T006030,A0423,2026-01-29 17:18:00,20.87,food,delivery,D_A0423,Coimbatore,,0
T006031,A0451,2026-01-29 17:19:00,16.4,food,delivery,D_FAM_12,Madurai,,0
T006032,A0248,2026-01-29 17:21:00,10.76,streaming,subscription,D_A0248,Mumbai,,0
T006033,A0108,2026-01-29 17:25:00,129.52,fuel,diesel,D_A0108,Coimbatore,,0
T006034,A0181,2026-01-29 17:36:00,66.61,grocery,groceries,D_A0181,Hyderabad,,0
T006035,A0439,2026-01-29 17:39:00,9.63,streaming,subscription,D_A0439,Chennai,,0
T006036,A0274,2026-01-29 17:40:00,32.71,streaming,subscription,D_A0274,Madurai,,0
T006037,A0194,2026-01-29 17:43:00,90.17,pharmacy,medicine,D_FAM_2,Bengaluru,,0
T006038,A0216,2026-01-29 17:46:00,37.09,grocery,groceries,D_A0216,Delhi,,0
T006039,A0186,2026-01-29 18:03:00,34.93,food,restaurant,D_A0186,Kochi,,0
T006040,A0457,2026-01-29 18:04:00,81.2,fuel,petrol,D_A0457,Hyderabad,,0
T006041,A0048,2026-01-29 18:07:00,84.35,travel,bus_ticket,D_A0048,Mumbai,,0
T006042,A0165,2026-01-29 18:11:00,15.07,streaming,subscription,D_A0165,Madurai,,0
T006043,A0329,2026-01-29 18:18:00,254.37,travel,train_ticket,D_A0329,Chennai,,0
T006044,A0111,2026-01-29 18:18:00,1827.75,electronics,television,D_A0111,Chennai,,0
T006045,A0311,2026-01-29 18:23:00,40.75,pharmacy,medicine,D_A0311,Chennai,,0
T006046,A0097,2026-01-29 18:24:00,111.25,travel,train_ticket,D_FAM_1,Delhi,,0
T006047,A0159,2026-01-29 18:25:00,44.87,pharmacy,medicine,D_A0159,Delhi,,0
T006048,A0364,2026-01-29 18:26:00,45.5,grocery,vegetables,D_A0364,Kochi,,0
T006049,A0222,2026-01-29 18:26:00,27.08,grocery,groceries,D_A0222,Delhi,,0
T006050,A0000,2026-01-29 18:28:00,123.71,fuel,petrol,D_A0000,Madurai,,0
T006051,A0299,2026-01-29 18:28:00,42.44,pharmacy,medicine,D_A0299,Chennai,,0
T006052,A0323,2026-01-29 18:37:00,79.74,fuel,diesel,D_A0323,Madurai,,0
T006053,A0184,2026-01-29 18:42:00,169.09,travel,bus_ticket,D_A0184,Coimbatore,,0
T006054,A0388,2026-01-29 18:47:00,79.39,travel,bus_ticket,D_A0388,Delhi,,0
T006055,A0488,2026-01-29 18:48:00,137.6,transfer,p2p_transfer,D_A0488,Kochi,PAYEE_A0488,0
T006056,A0407,2026-01-29 18:57:00,51.66,grocery,groceries,D_A0407,Bengaluru,,0
T006057,A0244,2026-01-29 19:01:00,219.77,travel,train_ticket,D_A0244,Coimbatore,,0
T006058,A0186,2026-01-29 19:03:00,28.54,food,delivery,D_A0186,Kochi,,0
T006059,A0240,2026-01-29 19:07:00,51.9,food,delivery,D_FAM_11,Bengaluru,,0
T006060,A0460,2026-01-29 19:09:00,175.02,clothing,shoes,D_A0460,Hyderabad,,0
T006061,A0356,2026-01-29 19:25:00,71.91,clothing,clothes,D_A0356,Bengaluru,,0
T006062,A0402,2026-01-29 19:28:00,79.5,fuel,diesel,D_A0402,Madurai,,0
T006063,A0148,2026-01-29 19:32:00,122.79,fuel,petrol,D_A0148,Delhi,,0
T006064,A0018,2026-01-29 19:46:00,453.28,clothing,shoes,D_A0018,Coimbatore,,0
T006065,A0212,2026-01-29 20:22:00,269.35,travel,train_ticket,D_OFF_1,Kochi,,0
T006066,A0142,2026-01-29 20:22:00,30.12,food,restaurant,D_A0142,Madurai,,0
T006067,A0318,2026-01-29 20:36:00,18.16,food,restaurant,D_A0318,Bengaluru,,0
T006068,A0357,2026-01-29 20:43:00,42.05,food,delivery,D_A0357,Kochi,,0
T006069,A0197,2026-01-29 21:00:00,53.49,pharmacy,medicine,D_A0197,Bengaluru,,0
T006070,A0077,2026-01-29 21:03:00,52.88,food,delivery,D_A0077,Madurai,,0
T006071,A0045,2026-01-29 21:15:00,65.06,pharmacy,medicine,D_A0045,Hyderabad,,0
T006072,A0023,2026-01-29 21:19:00,89.69,grocery,vegetables,D_OFF_0,Hyderabad,,0
T006073,A0408,2026-01-29 21:20:00,17.83,streaming,subscription,D_A0408,Kochi,,0
T006074,A0004,2026-01-29 21:28:00,93.56,travel,train_ticket,D_A0004,Chennai,,0
T006075,A0495,2026-01-29 21:28:00,109.09,travel,train_ticket,D_A0495,Chennai,,0
T006076,A0466,2026-01-29 21:39:00,109.35,transfer,p2p_transfer,D_A0466,Madurai,PAYEE_A0466,0
T006077,A0027,2026-01-29 21:41:00,229.61,clothing,clothes,D_A0027,Mumbai,,0
T006078,A0194,2026-01-29 22:14:00,54.88,pharmacy,medicine,D_FAM_2,Bengaluru,,0
T006079,A0407,2026-01-29 23:08:00,74.47,grocery,vegetables,D_A0407,Bengaluru,,0
T006080,A0032,2026-01-29 23:14:00,46.84,pharmacy,medicine,D_A0032,Delhi,,0
T006081,A0298,2026-01-29 23:25:00,28.78,streaming,subscription,D_A0298,Chennai,,0
T006082,A0117,2026-01-29 23:44:00,61.66,food,delivery,D_A0117,Bengaluru,,0
T006083,A0207,2026-01-29 23:57:00,70.11,grocery,vegetables,D_A0207,Bengaluru,,0
T006084,A0025,2026-01-29 23:58:00,75.16,transfer,p2p_transfer,D_A0025,Delhi,PAYEE_A0025,0
T006085,A0496,2026-01-30 07:05:00,185.94,clothing,clothes,D_A0496,Mumbai,,0
T006086,A0148,2026-01-30 07:09:00,137.07,fuel,petrol,D_A0148,Delhi,,0
T006087,A0163,2026-01-30 07:12:00,67.84,food,restaurant,D_FAM_5,Chennai,,0
T006088,A0246,2026-01-30 07:17:00,31.68,food,delivery,D_A0246,Kochi,,0
T006089,A0071,2026-01-30 07:30:00,43.93,pharmacy,medicine,D_A0071,Kochi,,0
T006090,A0396,2026-01-30 07:37:00,80.79,transfer,p2p_transfer,D_FAM_3,Coimbatore,PAYEE_A0396,0
T006091,A0296,2026-01-30 07:38:00,152.03,grocery,groceries,D_A0296,Delhi,,0
T006092,A0414,2026-01-30 07:41:00,282.17,clothing,shoes,D_A0414,Mumbai,,0
T006093,A0435,2026-01-30 07:50:00,147.14,travel,bus_ticket,D_A0435,Coimbatore,,0
T006094,A0324,2026-01-30 08:00:00,230.75,travel,train_ticket,D_A0324,Mumbai,,0
T006095,A0344,2026-01-30 08:04:00,64.45,fuel,petrol,D_A0344,Kochi,,0
T006096,A0392,2026-01-30 08:09:00,50.05,pharmacy,medicine,D_A0392,Bengaluru,,0
T006097,A0318,2026-01-30 08:18:00,15.5,food,restaurant,D_A0318,Bengaluru,,0
T006098,A0290,2026-01-30 08:22:00,326.26,travel,bus_ticket,D_OFF_2,Bengaluru,,0
T006099,A0145,2026-01-30 08:28:00,214.93,travel,train_ticket,D_A0145,Coimbatore,,0
T006100,A0237,2026-01-30 08:40:00,18.01,streaming,subscription,D_FAM_3,Madurai,,0
T006101,A0014,2026-01-30 08:48:00,62.44,fuel,petrol,D_FAM_2,Coimbatore,,0
T006102,A0057,2026-01-30 09:12:00,39.87,streaming,subscription,D_OFF_0,Mumbai,,0
T006103,A0216,2026-01-30 09:15:00,104.41,travel,bus_ticket,D_A0216,Delhi,,0
T006104,A0411,2026-01-30 09:16:00,104.97,clothing,shoes,D_A0411,Kochi,,0
T006105,A0215,2026-01-30 09:20:00,65.36,transfer,p2p_transfer,D_A0215,Madurai,PAYEE_A0215,0
T006106,A0454,2026-01-30 09:22:00,24.35,grocery,groceries,D_A0454,Kochi,,0
T006107,A0399,2026-01-30 09:29:00,19.4,streaming,subscription,D_A0399,Hyderabad,,0
T006108,A0225,2026-01-30 09:47:00,70.31,travel,bus_ticket,D_A0225,Bengaluru,,0
T006109,A0112,2026-01-30 09:50:00,141.68,clothing,clothes,D_A0112,Mumbai,,0
T006110,A0174,2026-01-30 09:54:00,125.89,travel,bus_ticket,D_A0174,Kochi,,0
T006111,A0241,2026-01-30 09:59:00,22.69,food,delivery,D_A0241,Hyderabad,,0
T006112,A0287,2026-01-30 10:02:00,54.76,fuel,diesel,D_FAM_13,Mumbai,,0
T006113,A0079,2026-01-30 10:02:00,34.53,food,restaurant,D_A0079,Madurai,,0
T006114,A0406,2026-01-30 10:02:00,142.73,travel,train_ticket,D_A0406,Coimbatore,,0
T006115,A0442,2026-01-30 10:12:00,65.29,pharmacy,medicine,D_A0442,Kochi,,0
T006116,A0121,2026-01-30 10:13:00,40.67,pharmacy,medicine,D_A0121,Hyderabad,,0
T006117,A0202,2026-01-30 10:15:00,44.97,streaming,subscription,D_A0202,Madurai,,0
T006118,A0379,2026-01-30 10:17:00,75.92,grocery,groceries,D_A0379,Chennai,,0
T006119,A0113,2026-01-30 10:27:00,89.55,pharmacy,medicine,D_FAM_3,Hyderabad,,0
T006120,A0367,2026-01-30 10:28:00,49.94,food,restaurant,D_A0367,Mumbai,,0
T006121,A0294,2026-01-30 10:34:00,74.42,fuel,petrol,D_A0294,Chennai,,0
T006122,A0306,2026-01-30 10:37:00,31.67,pharmacy,medicine,D_A0306,Chennai,,0
T006123,A0091,2026-01-30 10:40:00,174.03,fuel,diesel,D_A0091,Coimbatore,,0
T006124,A0365,2026-01-30 10:43:00,23.69,pharmacy,medicine,D_A0365,Bengaluru,,0
T006125,A0107,2026-01-30 10:43:00,58.51,fuel,petrol,D_A0107,Madurai,,0
T006126,A0482,2026-01-30 10:49:00,38.25,grocery,groceries,D_A0482,Kochi,,0
T006127,A0008,2026-01-30 10:58:00,32.37,food,restaurant,D_A0008,Coimbatore,,0
T006128,A0144,2026-01-30 11:04:00,208.48,travel,train_ticket,D_A0144,Madurai,,0
T006129,A0335,2026-01-30 11:06:00,35.26,food,restaurant,D_A0335,Mumbai,,0
T006130,A0224,2026-01-30 11:11:00,17.37,streaming,subscription,D_A0224,Coimbatore,,0
T006131,A0367,2026-01-30 11:12:00,151.55,clothing,shoes,D_A0367,Mumbai,,0
T006132,A0372,2026-01-30 11:15:00,33.41,grocery,vegetables,D_A0372,Coimbatore,,0
T006133,A0241,2026-01-30 11:17:00,23.49,food,delivery,D_A0241,Hyderabad,,0
T006134,A0091,2026-01-30 11:18:00,209.84,fuel,diesel,D_A0091,Delhi,,0
T006135,A0068,2026-01-30 11:37:00,45.17,pharmacy,medicine,D_A0068,Madurai,,0
T006136,A0042,2026-01-30 11:39:00,59.25,pharmacy,medicine,D_A0042,Kochi,,0
T006137,A0412,2026-01-30 11:39:00,52.36,food,delivery,D_A0412,Kochi,,0
T006138,A0063,2026-01-30 11:41:00,63.0,grocery,groceries,D_A0063,Coimbatore,,0
T006139,A0219,2026-01-30 11:47:00,60.66,pharmacy,medicine,D_A0219,Hyderabad,,0
T006140,A0060,2026-01-30 11:48:00,139.36,clothing,clothes,D_A0060,Madurai,,0
T006141,A0235,2026-01-30 11:55:00,14.35,streaming,subscription,D_A0235,Delhi,,0
T006142,A0030,2026-01-30 11:56:00,48.3,pharmacy,medicine,D_A0030,Hyderabad,,0
T006143,A0374,2026-01-30 11:57:00,66.18,grocery,groceries,D_A0374,Kochi,,0
T006144,A0420,2026-01-30 12:01:00,136.44,fuel,diesel,D_OFF_0,Madurai,,0
T006145,A0412,2026-01-30 12:06:00,151.71,travel,bus_ticket,D_A0412,Kochi,,0
T006146,A0165,2026-01-30 12:09:00,29.55,pharmacy,medicine,D_A0165,Madurai,,0
T006147,A0042,2026-01-30 12:09:00,100.5,pharmacy,medicine,D_A0042,Kochi,,0
T006148,A0087,2026-01-30 12:11:00,66.77,pharmacy,medicine,D_A0087,Madurai,,0
T006149,A0220,2026-01-30 12:11:00,49.61,fuel,diesel,D_A0220,Coimbatore,,0
T006150,A0270,2026-01-30 12:17:00,47.24,grocery,groceries,D_A0270,Kochi,,0
T006151,A0109,2026-01-30 12:17:00,8.38,streaming,subscription,D_FAM_13,Mumbai,,0
T006152,A0258,2026-01-30 12:20:00,62.72,pharmacy,medicine,D_A0258,Bengaluru,,0
T006153,A0493,2026-01-30 12:23:00,460.37,travel,train_ticket,D_A0493,Coimbatore,,0
T006154,A0258,2026-01-30 12:34:00,209.02,travel,train_ticket,D_A0258,Bengaluru,,0
T006155,A0240,2026-01-30 12:38:00,43.75,pharmacy,medicine,D_FAM_11,Bengaluru,,0
T006156,A0136,2026-01-30 12:38:00,74.69,food,restaurant,D_FAM_0,Kochi,,0
T006157,A0490,2026-01-30 12:40:00,46.59,grocery,vegetables,D_A0490,Hyderabad,,0
T006158,A0358,2026-01-30 12:47:00,40.68,food,delivery,D_A0358,Madurai,,0
T006159,A0475,2026-01-30 12:54:00,31.7,grocery,groceries,D_A0475,Hyderabad,,0
T006160,A0182,2026-01-30 12:55:00,65.41,fuel,diesel,D_FAM_8,Kochi,,0
T006161,A0128,2026-01-30 13:01:00,374.51,travel,bus_ticket,D_A0128,Madurai,,0
T006162,A0345,2026-01-30 13:03:00,57.81,grocery,vegetables,D_A0345,Bengaluru,,0
T006163,A0047,2026-01-30 13:05:00,88.14,clothing,clothes,D_A0047,Coimbatore,,0
T006164,A0016,2026-01-30 13:06:00,224.07,grocery,vegetables,D_FAM_12,Chennai,,0
T006165,A0306,2026-01-30 13:09:00,122.19,clothing,clothes,D_A0306,Chennai,,0
T006166,A0139,2026-01-30 13:13:00,43.96,fuel,diesel,D_FAM_7,Hyderabad,,0
T006167,A0113,2026-01-30 13:14:00,76.5,pharmacy,medicine,D_FAM_3,Delhi,,0
T006168,A0488,2026-01-30 13:14:00,55.53,food,delivery,D_A0488,Kochi,,0
T006169,A0351,2026-01-30 13:16:00,191.16,travel,bus_ticket,D_A0351,Chennai,,0
T006170,A0278,2026-01-30 13:19:00,94.03,food,delivery,D_A0278,Madurai,,0
T006171,A0015,2026-01-30 13:20:00,19.54,streaming,subscription,D_FAM_14,Kochi,,0
T006172,A0419,2026-01-30 13:23:00,25.23,pharmacy,medicine,D_A0419,Delhi,,0
T006173,A0041,2026-01-30 13:24:00,19.86,streaming,subscription,D_FAM_6,Hyderabad,,0
T006174,A0017,2026-01-30 13:24:00,27.51,food,restaurant,D_A0017,Mumbai,,0
T006175,A0368,2026-01-30 13:28:00,106.36,food,delivery,D_A0368,Coimbatore,,0
T006176,A0488,2026-01-30 13:35:00,54.68,food,restaurant,D_A0488,Kochi,,0
T006177,A0111,2026-01-30 13:38:00,197.88,travel,bus_ticket,D_A0111,Chennai,,0
T006178,A0045,2026-01-30 13:52:00,86.33,grocery,vegetables,D_A0045,Hyderabad,,0
T006179,A0401,2026-01-30 13:54:00,104.88,clothing,shoes,D_A0401,Madurai,,0
T006180,A0094,2026-01-30 13:54:00,18.36,food,delivery,D_A0094,Bengaluru,,0
T006181,A0273,2026-01-30 13:55:00,92.99,clothing,clothes,D_A0273,Chennai,,0
T006182,A0113,2026-01-30 13:55:00,250.79,clothing,clothes,D_FAM_3,Hyderabad,,0
T006183,A0081,2026-01-30 13:59:00,102.23,travel,bus_ticket,D_A0081,Coimbatore,,0
T006184,A0220,2026-01-30 13:59:00,100.29,clothing,shoes,D_A0220,Coimbatore,,0
T006185,A0159,2026-01-30 14:02:00,35.87,food,restaurant,D_A0159,Delhi,,0
T006186,A0455,2026-01-30 14:04:00,61.5,transfer,p2p_transfer,D_A0455,Chennai,PAYEE_A0455,0
T006187,A0023,2026-01-30 14:08:00,266.15,travel,train_ticket,D_OFF_0,Hyderabad,,0
T006188,A0284,2026-01-30 14:09:00,65.64,fuel,petrol,D_A0284,Coimbatore,,0
T006189,A0215,2026-01-30 14:10:00,122.06,transfer,p2p_transfer,D_A0215,Madurai,PAYEE_A0215,0
T006190,A0365,2026-01-30 14:12:00,80.53,pharmacy,medicine,D_A0365,Bengaluru,,0
T006191,A0430,2026-01-30 14:18:00,19.73,streaming,subscription,D_A0430,Kochi,,0
T006192,A0410,2026-01-30 14:23:00,284.54,travel,train_ticket,D_A0410,Mumbai,,0
T006193,A0457,2026-01-30 14:26:00,52.24,fuel,diesel,D_A0457,Bengaluru,,0
T006194,A0368,2026-01-30 14:27:00,250.14,clothing,shoes,D_A0368,Coimbatore,,0
T006195,A0272,2026-01-30 14:28:00,59.72,food,delivery,D_FAM_14,Delhi,,0
T006196,A0267,2026-01-30 14:32:00,18.54,streaming,subscription,D_A0267,Delhi,,0
T006197,A0074,2026-01-30 14:33:00,94.89,grocery,vegetables,D_A0074,Hyderabad,,0
T006198,A0131,2026-01-30 14:34:00,231.33,transfer,p2p_transfer,D_A0131,Bengaluru,PAYEE_A0131,0
T006199,A0051,2026-01-30 14:36:00,62.88,food,delivery,D_A0051,Mumbai,,0
T006200,A0409,2026-01-30 14:38:00,232.63,travel,train_ticket,D_A0409,Chennai,,0
T006201,A0404,2026-01-30 14:40:00,8.41,food,delivery,D_A0404,Chennai,,0
T006202,A0256,2026-01-30 14:42:00,31.8,giftcards,gift_card,D_A0256,Coimbatore,,0
T006203,A0062,2026-01-30 14:43:00,55.94,food,delivery,D_A0062,Madurai,,0
T006204,A0437,2026-01-30 14:43:00,41.67,food,restaurant,D_FAM_3,Kochi,,0
T006205,A0029,2026-01-30 14:44:00,61.16,transfer,p2p_transfer,D_A0029,Hyderabad,PAYEE_A0029,0
T006206,A0075,2026-01-30 14:47:00,150.38,grocery,vegetables,D_A0075,Kochi,,0
T006207,A0481,2026-01-30 14:48:00,54.92,grocery,vegetables,D_A0481,Coimbatore,,0
T006208,A0189,2026-01-30 14:51:00,118.28,travel,bus_ticket,D_A0189,Chennai,,0
T006209,A0202,2026-01-30 14:53:00,35.01,streaming,subscription,D_A0202,Madurai,,0
T006210,A0349,2026-01-30 14:57:00,70.78,food,delivery,D_A0349,Bengaluru,,0
T006211,A0277,2026-01-30 15:00:00,26.54,streaming,subscription,D_A0277,Madurai,,0
T006212,A0433,2026-01-30 15:03:00,60.81,fuel,petrol,D_A0433,Hyderabad,,0
T006213,A0404,2026-01-30 15:06:00,11.46,fuel,petrol,D_A0404,Chennai,,0
T006214,A0376,2026-01-30 15:07:00,94.69,food,delivery,D_A0376,Hyderabad,,0
T006215,A0491,2026-01-30 15:09:00,19.32,pharmacy,medicine,D_FAM_2,Hyderabad,,0
T006216,A0497,2026-01-30 15:16:00,42.52,food,restaurant,D_A0497,Chennai,,0
T006217,A0170,2026-01-30 15:19:00,62.12,grocery,groceries,D_A0170,Kochi,,0
T006218,A0454,2026-01-30 15:19:00,30.55,pharmacy,medicine,D_A0454,Coimbatore,,0
T006219,A0451,2026-01-30 15:19:00,6.62,food,restaurant,D_FAM_12,Madurai,,0
T006220,A0107,2026-01-30 15:21:00,58.81,clothing,clothes,D_A0107,Madurai,,0
T006221,A0219,2026-01-30 15:27:00,25.97,streaming,subscription,D_A0219,Hyderabad,,0
T006222,A0263,2026-01-30 15:31:00,103.95,grocery,vegetables,D_A0263,Coimbatore,,0
T006223,A0382,2026-01-30 15:32:00,70.04,grocery,groceries,D_A0382,Bengaluru,,0
T006224,A0040,2026-01-30 15:35:00,91.54,clothing,clothes,D_A0040,Coimbatore,,0
T006225,A0017,2026-01-30 15:37:00,36.31,grocery,vegetables,D_A0017,Mumbai,,0
T006226,A0111,2026-01-30 15:41:00,248.3,travel,bus_ticket,D_A0111,Chennai,,0
T006227,A0348,2026-01-30 15:46:00,85.16,clothing,shoes,D_A0348,Coimbatore,,0
T006228,A0140,2026-01-30 15:52:00,304.66,clothing,clothes,D_A0140,Madurai,,0
T006229,A0196,2026-01-30 15:52:00,176.7,grocery,vegetables,D_A0196,Coimbatore,,0
T006230,A0342,2026-01-30 15:53:00,41.95,grocery,groceries,D_A0342,Hyderabad,,0
T006231,A0360,2026-01-30 15:56:00,61.54,pharmacy,medicine,D_A0360,Mumbai,,0
T006232,A0187,2026-01-30 16:00:00,8.4,streaming,subscription,D_A0187,Bengaluru,,0
T006233,A0475,2026-01-30 16:02:00,59.03,pharmacy,medicine,D_A0475,Hyderabad,,0
T006234,A0318,2026-01-30 16:05:00,10.97,streaming,subscription,D_A0318,Bengaluru,,0
T006235,A0154,2026-01-30 16:05:00,131.66,transfer,p2p_transfer,D_A0154,Chennai,PAYEE_A0154,0
T006236,A0344,2026-01-30 16:06:00,106.26,travel,bus_ticket,D_A0344,Kochi,,0
T006237,A0181,2026-01-30 16:17:00,191.04,travel,train_ticket,D_A0181,Chennai,,0
T006238,A0149,2026-01-30 16:20:00,225.41,transfer,p2p_transfer,D_A0149,Madurai,PAYEE_A0149,0
T006239,A0079,2026-01-30 16:23:00,100.37,transfer,p2p_transfer,D_A0079,Madurai,PAYEE_A0079,0
T006240,A0147,2026-01-30 16:32:00,115.87,fuel,diesel,D_A0147,Delhi,,0
T006241,A0348,2026-01-30 16:32:00,261.49,travel,train_ticket,D_A0348,Coimbatore,,0
T006242,A0383,2026-01-30 16:36:00,23.56,food,restaurant,D_A0383,Bengaluru,,0
T006243,A0219,2026-01-30 16:40:00,20.67,streaming,subscription,D_A0219,Hyderabad,,0
T006244,A0347,2026-01-30 16:43:00,16.64,streaming,subscription,D_A0347,Chennai,,0
T006245,A0405,2026-01-30 16:51:00,80.29,fuel,petrol,D_A0405,Kochi,,0
T006246,A0413,2026-01-30 16:51:00,231.37,grocery,vegetables,D_A0413,Mumbai,,0
T006247,A0211,2026-01-30 16:54:00,274.65,travel,bus_ticket,D_A0211,Bengaluru,,0
T006248,A0469,2026-01-30 17:01:00,189.04,travel,bus_ticket,D_A0469,Delhi,,0
T006249,A0159,2026-01-30 17:02:00,42.03,food,restaurant,D_A0159,Delhi,,0
T006250,A0327,2026-01-30 17:05:00,90.3,food,delivery,D_A0327,Coimbatore,,0
T006251,A0152,2026-01-30 17:15:00,211.44,travel,train_ticket,D_A0152,Hyderabad,,0
T006252,A0148,2026-01-30 17:15:00,189.88,pharmacy,medicine,D_A0148,Delhi,,0
T006253,A0428,2026-01-30 17:26:00,95.63,grocery,vegetables,D_A0428,Coimbatore,,0
T006254,A0415,2026-01-30 17:31:00,65.85,pharmacy,medicine,D_A0415,Kochi,,0
T006255,A0395,2026-01-30 17:32:00,98.79,pharmacy,medicine,D_A0395,Chennai,,0
T006256,A0005,2026-01-30 17:38:00,122.51,fuel,diesel,D_A0005,Coimbatore,,0
T006257,A0475,2026-01-30 17:47:00,275.51,travel,bus_ticket,D_A0475,Hyderabad,,0
T006258,A0331,2026-01-30 18:05:00,40.59,clothing,shoes,D_A0331,Bengaluru,,0
T006259,A0339,2026-01-30 18:06:00,71.8,fuel,petrol,D_A0339,Coimbatore,,0
T006260,A0477,2026-01-30 18:22:00,276.28,clothing,shoes,D_A0477,Mumbai,,0
T006261,A0176,2026-01-30 18:22:00,17.62,pharmacy,medicine,D_A0176,Coimbatore,,0
T006262,A0091,2026-01-30 18:30:00,122.15,food,delivery,D_A0091,Delhi,,0
T006263,A0264,2026-01-30 18:34:00,64.5,grocery,groceries,D_A0264,Delhi,,0
T006264,A0314,2026-01-30 18:37:00,98.93,grocery,groceries,D_FAM_10,Mumbai,,0
T006265,A0319,2026-01-30 18:43:00,87.67,pharmacy,medicine,D_A0319,Madurai,,0
T006266,A0341,2026-01-30 18:56:00,340.77,travel,train_ticket,D_A0341,Madurai,,0
T006267,A0472,2026-01-30 18:59:00,71.97,food,restaurant,D_A0472,Madurai,,0
T006268,A0258,2026-01-30 19:37:00,177.27,clothing,clothes,D_A0258,Bengaluru,,0
T006269,A0345,2026-01-30 20:24:00,85.9,transfer,p2p_transfer,D_A0345,Bengaluru,PAYEE_A0345,0
T006270,A0458,2026-01-30 20:28:00,36.67,grocery,groceries,D_FAM_9,Mumbai,,0
T006271,A0136,2026-01-30 20:53:00,66.44,food,delivery,D_FAM_0,Chennai,,0
T006272,A0282,2026-01-30 21:24:00,70.45,pharmacy,medicine,D_A0282,Hyderabad,,0
T006273,A0440,2026-01-30 21:27:00,244.76,travel,train_ticket,D_OFF_2,Chennai,,0
T006274,A0001,2026-01-30 21:54:00,31.05,food,restaurant,D_A0001,Chennai,,0
T006275,A0377,2026-01-30 21:55:00,31.68,pharmacy,medicine,D_A0377,Bengaluru,,0
T006276,A0235,2026-01-30 22:40:00,70.55,pharmacy,medicine,D_A0235,Delhi,,0
T006277,A0060,2026-01-30 23:06:00,13.94,streaming,subscription,D_A0060,Madurai,,0
T006278,A0422,2026-01-30 23:42:00,64.49,grocery,groceries,D_A0422,Bengaluru,,0
T006279,A0313,2026-01-30 23:47:00,12.05,streaming,subscription,D_A0313,Chennai,,0
T006280,A0256,2026-01-31 01:39:00,1344.07,travel,flight_ticket,D_STOLEN_5,Mumbai,,1
T006281,A0256,2026-01-31 01:51:00,1239.65,electronics,flight_ticket,D_STOLEN_5,Mumbai,,1
T006282,A0028,2026-01-31 07:03:00,117.97,travel,train_ticket,D_A0028,Bengaluru,,0
T006283,A0146,2026-01-31 07:08:00,25.43,grocery,groceries,D_A0146,Mumbai,,0
T006284,A0408,2026-01-31 07:12:00,12.54,streaming,subscription,D_A0408,Kochi,,0
T006285,A0233,2026-01-31 07:13:00,38.81,streaming,subscription,D_A0233,Coimbatore,,0
T006286,A0393,2026-01-31 07:13:00,135.1,clothing,clothes,D_A0393,Bengaluru,,0
T006287,A0369,2026-01-31 07:13:00,156.5,clothing,shoes,D_A0369,Mumbai,,0
T006288,A0307,2026-01-31 07:18:00,339.21,travel,train_ticket,D_A0307,Mumbai,,0
T006289,A0295,2026-01-31 07:21:00,49.95,grocery,groceries,D_A0295,Madurai,,0
T006290,A0144,2026-01-31 07:23:00,173.07,travel,bus_ticket,D_A0144,Madurai,,0
T006291,A0066,2026-01-31 07:35:00,46.38,food,restaurant,D_A0066,Bengaluru,,0
T006292,A0428,2026-01-31 07:41:00,78.27,food,delivery,D_A0428,Coimbatore,,0
T006293,A0137,2026-01-31 07:41:00,73.92,grocery,groceries,D_FAM_13,Hyderabad,,0
T006294,A0284,2026-01-31 07:48:00,94.19,fuel,petrol,D_A0284,Coimbatore,,0
T006295,A0249,2026-01-31 07:49:00,45.96,clothing,clothes,D_A0249,Kochi,,0
T006296,A0428,2026-01-31 07:49:00,72.12,grocery,groceries,D_A0428,Coimbatore,,0
T006297,A0242,2026-01-31 07:56:00,184.94,food,delivery,D_A0242,Bengaluru,,0
T006298,A0103,2026-01-31 07:57:00,51.18,pharmacy,medicine,D_A0103,Delhi,,0
T006299,A0255,2026-01-31 07:58:00,260.0,clothing,shoes,D_A0255,Mumbai,,0
T006300,A0323,2026-01-31 08:05:00,17.62,streaming,subscription,D_A0323,Delhi,,0
T006301,A0146,2026-01-31 08:07:00,19.2,grocery,vegetables,D_A0146,Mumbai,,0
T006302,A0480,2026-01-31 08:14:00,105.76,grocery,groceries,D_FAM_6,Kochi,,0
T006303,A0262,2026-01-31 08:15:00,146.44,travel,bus_ticket,D_A0262,Coimbatore,,0
T006304,A0347,2026-01-31 08:20:00,164.45,travel,train_ticket,D_A0347,Chennai,,0
T006305,A0189,2026-01-31 08:39:00,29.13,grocery,groceries,D_A0189,Delhi,,0
T006306,A0343,2026-01-31 08:41:00,32.24,fuel,diesel,D_A0343,Kochi,,0
T006307,A0122,2026-01-31 08:42:00,29.62,streaming,subscription,D_A0122,Chennai,,0
T006308,A0471,2026-01-31 08:43:00,73.17,food,delivery,D_A0471,Mumbai,,0
T006309,A0272,2026-01-31 08:45:00,12.79,streaming,subscription,D_A0272,Delhi,,0
T006310,A0414,2026-01-31 08:54:00,31.89,streaming,subscription,D_A0414,Mumbai,,0
T006311,A0318,2026-01-31 08:54:00,12.37,food,delivery,D_A0318,Bengaluru,,0
T006312,A0090,2026-01-31 09:14:00,45.91,grocery,vegetables,D_A0090,Chennai,,0
T006313,A0041,2026-01-31 09:17:00,12.71,streaming,subscription,D_FAM_6,Hyderabad,,0
T006314,A0320,2026-01-31 09:17:00,30.67,pharmacy,medicine,D_FAM_4,Madurai,,0
T006315,A0449,2026-01-31 09:19:00,195.65,pharmacy,medicine,D_FAM_0,Delhi,,0
T006316,A0464,2026-01-31 09:20:00,65.68,fuel,diesel,D_A0464,Hyderabad,,0
T006317,A0101,2026-01-31 09:22:00,82.85,grocery,vegetables,D_A0101,Kochi,,0
T006318,R008,2026-01-31 09:26:00,126.82,giftcards,gift_card,D_RING_1,Coimbatore,,1
T006319,A0382,2026-01-31 09:28:00,149.19,clothing,clothes,D_A0382,Bengaluru,,0
T006320,R008,2026-01-31 09:33:00,123.93,prepaid,prepaid_card,D_RING_2,Coimbatore,,1
T006321,A0330,2026-01-31 09:36:00,18.77,streaming,subscription,D_A0330,Coimbatore,,0
T006322,A0320,2026-01-31 09:36:00,27.91,pharmacy,medicine,D_FAM_4,Kochi,,0
T006323,R008,2026-01-31 09:40:00,80.15,digital_goods,game_credits,D_RING_2,Coimbatore,,1
T006324,A0096,2026-01-31 09:41:00,206.04,travel,bus_ticket,D_A0096,Hyderabad,,0
T006325,A0333,2026-01-31 09:45:00,143.05,pharmacy,medicine,D_A0333,Bengaluru,,0
T006326,A0306,2026-01-31 09:45:00,39.1,grocery,groceries,D_A0306,Chennai,,0
T006327,A0494,2026-01-31 09:47:00,60.2,streaming,subscription,D_A0494,Delhi,,0
T006328,A0243,2026-01-31 09:49:00,567.93,clothing,shoes,D_A0243,Coimbatore,,0
T006329,R008,2026-01-31 09:56:00,265.7,transfer,p2p_transfer,D_RING_2,Coimbatore,PAYOUT_X,1
T006330,A0458,2026-01-31 10:00:00,33.7,grocery,groceries,D_FAM_9,Mumbai,,0
T006331,A0353,2026-01-31 10:03:00,137.08,fuel,petrol,D_A0353,Mumbai,,0
T006332,A0271,2026-01-31 10:04:00,93.51,fuel,petrol,D_A0271,Chennai,,0
T006333,A0064,2026-01-31 10:06:00,36.86,pharmacy,medicine,D_A0064,Bengaluru,,0
T006334,A0209,2026-01-31 10:07:00,13.34,streaming,subscription,D_A0209,Kochi,,0
T006335,A0287,2026-01-31 10:10:00,34.23,food,delivery,D_FAM_13,Mumbai,,0
T006336,A0119,2026-01-31 10:18:00,286.2,clothing,clothes,D_A0119,Bengaluru,,0
T006337,A0278,2026-01-31 10:18:00,57.55,food,delivery,D_A0278,Madurai,,0
T006338,A0182,2026-01-31 10:25:00,10.42,streaming,subscription,D_FAM_8,Chennai,,0
T006339,A0471,2026-01-31 10:29:00,69.04,food,restaurant,D_A0471,Delhi,,0
T006340,A0323,2026-01-31 10:32:00,10.71,streaming,subscription,D_A0323,Madurai,,0
T006341,A0372,2026-01-31 10:33:00,72.24,grocery,groceries,D_A0372,Coimbatore,,0
T006342,A0351,2026-01-31 10:44:00,15.35,streaming,subscription,D_A0351,Mumbai,,0
T006343,A0050,2026-01-31 10:45:00,127.2,travel,bus_ticket,D_A0050,Hyderabad,,0
T006344,A0259,2026-01-31 10:51:00,38.83,pharmacy,medicine,D_A0259,Hyderabad,,0
T006345,A0023,2026-01-31 10:56:00,245.6,clothing,shoes,D_OFF_0,Hyderabad,,0
T006346,A0166,2026-01-31 11:01:00,82.88,grocery,vegetables,D_A0166,Bengaluru,,0
T006347,A0450,2026-01-31 11:03:00,47.62,pharmacy,medicine,D_A0450,Hyderabad,,0
T006348,A0143,2026-01-31 11:09:00,11.54,streaming,subscription,D_A0143,Kochi,,0
T006349,A0380,2026-01-31 11:10:00,315.25,travel,train_ticket,D_A0380,Mumbai,,0
T006350,A0032,2026-01-31 11:12:00,42.2,grocery,groceries,D_A0032,Delhi,,0
T006351,A0084,2026-01-31 11:14:00,12.21,streaming,subscription,D_A0084,Hyderabad,,0
T006352,A0121,2026-01-31 11:25:00,117.94,clothing,clothes,D_A0121,Hyderabad,,0
T006353,A0146,2026-01-31 11:33:00,26.71,food,delivery,D_A0146,Mumbai,,0
T006354,A0435,2026-01-31 11:36:00,111.11,clothing,shoes,D_A0435,Coimbatore,,0
T006355,A0235,2026-01-31 11:42:00,57.04,grocery,groceries,D_A0235,Delhi,,0
T006356,A0122,2026-01-31 11:50:00,38.29,streaming,subscription,D_A0122,Chennai,,0
T006357,A0006,2026-01-31 11:57:00,92.59,pharmacy,medicine,D_FAM_7,Coimbatore,,0
T006358,A0397,2026-01-31 12:08:00,113.03,fuel,petrol,D_A0397,Chennai,,0
T006359,A0415,2026-01-31 12:09:00,32.21,pharmacy,medicine,D_A0415,Kochi,,0
T006360,A0389,2026-01-31 12:14:00,39.67,grocery,vegetables,D_A0389,Coimbatore,,0
T006361,A0128,2026-01-31 12:21:00,96.62,transfer,p2p_transfer,D_A0128,Madurai,PAYEE_A0128,0
T006362,A0212,2026-01-31 12:29:00,30.77,streaming,subscription,D_OFF_1,Kochi,,0
T006363,A0499,2026-01-31 12:32:00,45.86,pharmacy,medicine,D_A0499,Hyderabad,,0
T006364,A0362,2026-01-31 12:37:00,23.85,pharmacy,medicine,D_A0362,Delhi,,0
T006365,A0485,2026-01-31 12:39:00,174.08,clothing,shoes,D_A0485,Madurai,,0
T006366,A0443,2026-01-31 12:39:00,223.34,fuel,petrol,D_A0443,Chennai,,0
T006367,A0052,2026-01-31 12:43:00,68.32,clothing,clothes,D_A0052,Bengaluru,,0
T006368,A0154,2026-01-31 12:44:00,127.47,clothing,shoes,D_A0154,Chennai,,0
T006369,A0241,2026-01-31 12:46:00,17.62,food,restaurant,D_A0241,Coimbatore,,0
T006370,A0323,2026-01-31 12:47:00,24.47,streaming,subscription,D_A0323,Madurai,,0
T006371,A0236,2026-01-31 12:51:00,132.27,travel,train_ticket,D_A0236,Chennai,,0
T006372,A0494,2026-01-31 12:51:00,87.47,grocery,groceries,D_A0494,Delhi,,0
T006373,A0084,2026-01-31 13:00:00,54.97,transfer,p2p_transfer,D_A0084,Hyderabad,PAYEE_A0084,0
T006374,A0441,2026-01-31 13:07:00,103.67,fuel,petrol,D_A0441,Hyderabad,,0
T006375,A0066,2026-01-31 13:08:00,173.79,transfer,p2p_transfer,D_A0066,Bengaluru,PAYEE_A0066,0
T006376,A0142,2026-01-31 13:08:00,91.22,transfer,p2p_transfer,D_A0142,Madurai,PAYEE_A0142,0
T006377,A0420,2026-01-31 13:13:00,90.49,fuel,diesel,D_OFF_0,Madurai,,0
T006378,A0353,2026-01-31 13:14:00,247.1,travel,train_ticket,D_A0353,Mumbai,,0
T006379,A0047,2026-01-31 13:18:00,30.57,pharmacy,medicine,D_A0047,Coimbatore,,0
T006380,A0020,2026-01-31 13:18:00,73.56,pharmacy,medicine,D_A0020,Bengaluru,,0
T006381,A0279,2026-01-31 13:22:00,77.46,clothing,clothes,D_OFF_0,Hyderabad,,0
T006382,A0079,2026-01-31 13:26:00,21.57,food,restaurant,D_A0079,Hyderabad,,0
T006383,A0145,2026-01-31 13:26:00,15.73,streaming,subscription,D_A0145,Coimbatore,,0
T006384,A0033,2026-01-31 13:30:00,140.67,travel,train_ticket,D_A0033,Coimbatore,,0
T006385,A0008,2026-01-31 13:30:00,25.21,food,restaurant,D_A0008,Coimbatore,,0
T006386,A0395,2026-01-31 13:31:00,37.22,food,restaurant,D_A0395,Chennai,,0
T006387,A0017,2026-01-31 13:33:00,66.76,fuel,petrol,D_A0017,Mumbai,,0
T006388,A0186,2026-01-31 13:38:00,21.15,food,restaurant,D_A0186,Kochi,,0
T006389,A0260,2026-01-31 13:41:00,428.3,clothing,clothes,D_A0260,Hyderabad,,0
T006390,A0392,2026-01-31 13:47:00,260.17,travel,train_ticket,D_A0392,Bengaluru,,0
T006391,A0307,2026-01-31 13:49:00,227.27,clothing,shoes,D_A0307,Mumbai,,0
T006392,A0433,2026-01-31 13:50:00,47.58,pharmacy,medicine,D_A0433,Coimbatore,,0
T006393,A0162,2026-01-31 13:52:00,188.17,travel,bus_ticket,D_A0162,Coimbatore,,0
T006394,A0277,2026-01-31 13:55:00,20.52,streaming,subscription,D_A0277,Madurai,,0
T006395,A0039,2026-01-31 13:57:00,42.85,grocery,groceries,D_A0039,Madurai,,0
T006396,A0404,2026-01-31 14:01:00,4.44,food,delivery,D_A0404,Chennai,,0
T006397,A0372,2026-01-31 14:03:00,67.32,pharmacy,medicine,D_A0372,Coimbatore,,0
T006398,A0135,2026-01-31 14:13:00,263.76,clothing,clothes,D_A0135,Delhi,,0
T006399,A0271,2026-01-31 14:14:00,78.67,fuel,petrol,D_A0271,Chennai,,0
T006400,A0107,2026-01-31 14:21:00,8.36,streaming,subscription,D_A0107,Madurai,,0
T006401,A0343,2026-01-31 14:21:00,16.77,grocery,groceries,D_A0343,Kochi,,0
T006402,A0029,2026-01-31 14:22:00,43.6,grocery,groceries,D_A0029,Hyderabad,,0
T006403,A0086,2026-01-31 14:25:00,91.44,grocery,groceries,D_A0086,Chennai,,0
T006404,A0102,2026-01-31 14:26:00,90.71,clothing,shoes,D_FAM_7,Chennai,,0
T006405,A0207,2026-01-31 14:27:00,52.07,grocery,groceries,D_A0207,Delhi,,0
T006406,A0155,2026-01-31 14:27:00,206.5,travel,bus_ticket,D_A0155,Coimbatore,,0
T006407,A0378,2026-01-31 14:30:00,39.25,pharmacy,medicine,D_A0378,Hyderabad,,0
T006408,A0150,2026-01-31 14:32:00,84.33,travel,bus_ticket,D_A0150,Mumbai,,0
T006409,A0003,2026-01-31 14:33:00,109.25,fuel,petrol,D_A0003,Hyderabad,,0
T006410,A0319,2026-01-31 14:34:00,176.96,transfer,p2p_transfer,D_A0319,Madurai,PAYEE_A0319,0
T006411,A0331,2026-01-31 14:43:00,38.02,transfer,p2p_transfer,D_A0331,Bengaluru,PAYEE_A0331,0
T006412,A0161,2026-01-31 14:52:00,180.57,fuel,diesel,D_A0161,Bengaluru,,0
T006413,A0307,2026-01-31 14:53:00,359.68,travel,train_ticket,D_A0307,Mumbai,,0
T006414,A0063,2026-01-31 14:57:00,127.21,fuel,diesel,D_A0063,Coimbatore,,0
T006415,A0496,2026-01-31 15:07:00,213.52,travel,bus_ticket,D_A0496,Mumbai,,0
T006416,A0390,2026-01-31 15:11:00,55.58,food,restaurant,D_A0390,Chennai,,0
T006417,A0490,2026-01-31 15:12:00,125.8,grocery,groceries,D_A0490,Hyderabad,,0
T006418,A0316,2026-01-31 15:14:00,16.5,streaming,subscription,D_A0316,Chennai,,0
T006419,A0330,2026-01-31 15:14:00,27.34,pharmacy,medicine,D_A0330,Coimbatore,,0
T006420,A0026,2026-01-31 15:18:00,36.84,pharmacy,medicine,D_A0026,Chennai,,0
T006421,A0375,2026-01-31 15:18:00,174.05,clothing,clothes,D_A0375,Hyderabad,,0
T006422,A0059,2026-01-31 15:21:00,112.24,streaming,subscription,D_A0059,Bengaluru,,0
T006423,A0451,2026-01-31 15:22:00,32.11,pharmacy,medicine,D_FAM_12,Madurai,,0
T006424,A0104,2026-01-31 15:31:00,230.46,clothing,shoes,D_A0104,Delhi,,0
T006425,A0267,2026-01-31 15:36:00,36.31,food,restaurant,D_OFF_1,Delhi,,0
T006426,A0228,2026-01-31 15:41:00,100.92,fuel,petrol,D_A0228,Mumbai,,0
T006427,A0075,2026-01-31 15:41:00,161.8,pharmacy,medicine,D_A0075,Kochi,,0
T006428,A0041,2026-01-31 15:45:00,27.27,food,restaurant,D_FAM_6,Hyderabad,,0
T006429,A0431,2026-01-31 15:45:00,39.58,streaming,subscription,D_FAM_11,Hyderabad,,0
T006430,A0451,2026-01-31 15:46:00,13.03,grocery,vegetables,D_FAM_12,Madurai,,0
T006431,A0213,2026-01-31 15:46:00,150.76,grocery,vegetables,D_A0213,Coimbatore,,0
T006432,A0125,2026-01-31 15:48:00,38.09,food,restaurant,D_A0125,Kochi,,0
T006433,A0065,2026-01-31 15:53:00,119.19,travel,train_ticket,D_A0065,Chennai,,0
T006434,A0482,2026-01-31 15:53:00,85.85,fuel,diesel,D_A0482,Kochi,,0
T006435,A0047,2026-01-31 15:55:00,52.75,clothing,clothes,D_A0047,Kochi,,0
T006436,A0339,2026-01-31 15:59:00,63.78,grocery,groceries,D_A0339,Coimbatore,,0
T006437,A0360,2026-01-31 16:04:00,50.76,pharmacy,medicine,D_A0360,Mumbai,,0
T006438,A0370,2026-01-31 16:05:00,93.06,fuel,diesel,D_A0370,Delhi,,0
T006439,A0081,2026-01-31 16:09:00,10.46,streaming,subscription,D_A0081,Coimbatore,,0
T006440,A0206,2026-01-31 16:12:00,199.86,pharmacy,medicine,D_A0206,Hyderabad,,0
T006441,A0351,2026-01-31 16:18:00,15.22,streaming,subscription,D_A0351,Chennai,,0
T006442,A0474,2026-01-31 16:19:00,75.14,grocery,groceries,D_A0474,Kochi,,0
T006443,A0487,2026-01-31 16:22:00,78.34,food,delivery,D_A0487,Mumbai,,0
T006444,A0457,2026-01-31 16:27:00,150.88,travel,train_ticket,D_A0457,Hyderabad,,0
T006445,A0183,2026-01-31 16:28:00,21.59,fuel,petrol,D_A0183,Kochi,,0
T006446,A0170,2026-01-31 16:32:00,225.73,travel,train_ticket,D_A0170,Kochi,,0
T006447,A0081,2026-01-31 16:38:00,45.96,giftcards,gift_card,D_A0081,Coimbatore,,0
T006448,A0444,2026-01-31 16:47:00,132.84,fuel,diesel,D_A0444,Kochi,,0
T006449,A0118,2026-01-31 16:47:00,143.81,transfer,p2p_transfer,D_A0118,Hyderabad,PAYEE_A0118,0
T006450,A0424,2026-01-31 16:53:00,202.26,travel,bus_ticket,D_A0424,Mumbai,,0
T006451,A0036,2026-01-31 16:54:00,22.36,streaming,subscription,D_FAM_1,Madurai,,0
T006452,A0075,2026-01-31 16:58:00,218.69,grocery,vegetables,D_A0075,Kochi,,0
T006453,A0251,2026-01-31 17:02:00,28.44,pharmacy,medicine,D_A0251,Chennai,,0
T006454,A0030,2026-01-31 17:05:00,151.5,transfer,p2p_transfer,D_A0030,Hyderabad,PAYEE_A0030,0
T006455,A0383,2026-01-31 17:06:00,37.47,food,delivery,D_A0383,Bengaluru,,0
T006456,A0142,2026-01-31 17:06:00,43.92,food,restaurant,D_A0142,Madurai,,0
T006457,A0046,2026-01-31 17:08:00,30.16,pharmacy,medicine,D_A0046,Kochi,,0
T006458,A0464,2026-01-31 17:09:00,10.78,food,delivery,D_A0464,Hyderabad,,0
T006459,A0157,2026-01-31 17:16:00,261.58,travel,bus_ticket,D_A0157,Hyderabad,,0
T006460,A0409,2026-01-31 17:19:00,150.5,travel,bus_ticket,D_A0409,Chennai,,0
T006461,A0058,2026-01-31 17:26:00,100.45,fuel,diesel,D_A0058,Delhi,,0
T006462,A0080,2026-01-31 17:29:00,22.73,grocery,groceries,D_A0080,Chennai,,0
T006463,A0430,2026-01-31 17:33:00,146.45,clothing,shoes,D_A0430,Hyderabad,,0
T006464,A0411,2026-01-31 17:34:00,159.38,clothing,shoes,D_A0411,Kochi,,0
T006465,A0312,2026-01-31 17:37:00,77.74,pharmacy,medicine,D_A0312,Madurai,,0
T006466,A0303,2026-01-31 17:41:00,12.3,food,delivery,D_FAM_4,Madurai,,0
T006467,A0298,2026-01-31 17:44:00,112.25,clothing,shoes,D_A0298,Chennai,,0
T006468,A0249,2026-01-31 17:47:00,86.47,travel,train_ticket,D_A0249,Mumbai,,0
T006469,A0415,2026-01-31 17:48:00,12.4,streaming,subscription,D_A0415,Hyderabad,,0
T006470,A0128,2026-01-31 17:51:00,71.67,food,restaurant,D_A0128,Madurai,,0
T006471,A0102,2026-01-31 18:03:00,79.44,clothing,shoes,D_FAM_7,Madurai,,0
T006472,A0117,2026-01-31 18:07:00,134.92,transfer,p2p_transfer,D_A0117,Bengaluru,PAYEE_A0117,0
T006473,A0392,2026-01-31 18:11:00,40.58,pharmacy,medicine,D_A0392,Bengaluru,,0
T006474,A0469,2026-01-31 18:16:00,19.16,streaming,subscription,D_A0469,Delhi,,0
T006475,A0412,2026-01-31 18:16:00,56.04,pharmacy,medicine,D_A0412,Kochi,,0
T006476,A0406,2026-01-31 18:18:00,42.07,transfer,p2p_transfer,D_A0406,Coimbatore,PAYEE_A0406,0
T006477,A0171,2026-01-31 18:28:00,6.75,streaming,subscription,D_A0171,Madurai,,0
T006478,A0035,2026-01-31 18:30:00,362.19,travel,bus_ticket,D_FAM_9,Delhi,,0
T006479,A0120,2026-01-31 18:34:00,72.85,grocery,groceries,D_A0120,Hyderabad,,0
T006480,A0451,2026-01-31 18:37:00,14.75,pharmacy,medicine,D_FAM_12,Madurai,,0
T006481,A0281,2026-01-31 18:43:00,168.76,clothing,shoes,D_A0281,Coimbatore,,0
T006482,A0005,2026-01-31 18:47:00,63.3,pharmacy,medicine,D_A0005,Mumbai,,0
T006483,A0444,2026-01-31 18:48:00,380.08,travel,bus_ticket,D_A0444,Kochi,,0
T006484,A0448,2026-01-31 18:52:00,34.23,streaming,subscription,D_A0448,Madurai,,0
T006485,A0095,2026-01-31 18:56:00,85.26,food,delivery,D_A0095,Madurai,,0
T006486,A0444,2026-01-31 18:57:00,85.77,grocery,vegetables,D_A0444,Kochi,,0
T006487,A0198,2026-01-31 18:58:00,19.38,food,restaurant,D_A0198,Coimbatore,,0
T006488,A0404,2026-01-31 19:04:00,14.46,fuel,diesel,D_A0404,Chennai,,0
T006489,A0447,2026-01-31 19:12:00,96.47,clothing,clothes,D_A0447,Hyderabad,,0
T006490,A0061,2026-01-31 19:16:00,191.79,travel,train_ticket,D_A0061,Madurai,,0
T006491,A0244,2026-01-31 19:18:00,190.95,travel,bus_ticket,D_A0244,Coimbatore,,0
T006492,A0226,2026-01-31 19:25:00,30.3,pharmacy,medicine,D_A0226,Chennai,,0
T006493,A0168,2026-01-31 19:36:00,220.46,food,restaurant,D_A0168,Madurai,,0
T006494,A0122,2026-01-31 19:43:00,24.68,streaming,subscription,D_A0122,Bengaluru,,0
T006495,A0016,2026-01-31 19:46:00,113.47,grocery,vegetables,D_FAM_12,Chennai,,0
T006496,A0452,2026-01-31 19:55:00,71.89,grocery,vegetables,D_A0452,Chennai,,0
T006497,A0366,2026-01-31 20:02:00,50.47,clothing,clothes,D_FAM_5,Delhi,,0
T006498,A0414,2026-01-31 20:32:00,23.06,streaming,subscription,D_A0414,Mumbai,,0
T006499,A0077,2026-01-31 20:33:00,15.97,food,delivery,D_A0077,Madurai,,0
T006500,A0485,2026-01-31 20:41:00,28.86,pharmacy,medicine,D_A0485,Coimbatore,,0
T006501,A0177,2026-01-31 20:43:00,70.68,pharmacy,medicine,D_A0177,Delhi,,0
T006502,A0068,2026-01-31 20:44:00,79.72,pharmacy,medicine,D_A0068,Madurai,,0
T006503,A0397,2026-01-31 20:50:00,62.13,pharmacy,medicine,D_A0397,Mumbai,,0
T006504,A0207,2026-01-31 20:54:00,18.96,streaming,subscription,D_A0207,Bengaluru,,0
T006505,A0131,2026-01-31 20:58:00,33.96,streaming,subscription,D_A0131,Bengaluru,,0
T006506,A0165,2026-01-31 21:40:00,29.62,pharmacy,medicine,D_A0165,Madurai,,0
T006507,A0341,2026-01-31 21:56:00,353.59,travel,train_ticket,D_A0341,Madurai,,0
T006508,A0456,2026-01-31 21:59:00,30.84,streaming,subscription,D_A0456,Mumbai,,0
T006509,A0176,2026-01-31 23:23:00,23.6,pharmacy,medicine,D_A0176,Coimbatore,,0
T006510,A0355,2026-01-31 23:59:00,179.11,travel,bus_ticket,D_A0355,Kochi,,0
T006511,A0041,2026-02-01 01:52:00,462.31,giftcards,gift_card,D_STOLEN_24,Bengaluru,,1
T006512,A0041,2026-02-01 02:04:00,560.5,electronics,phone,D_STOLEN_24,Bengaluru,,1
T006513,A0041,2026-02-01 02:16:00,449.33,electronics,gift_card,D_STOLEN_24,Bengaluru,,1
T006514,A0393,2026-02-01 07:07:00,46.81,grocery,groceries,D_A0393,Bengaluru,,0
T006515,A0028,2026-02-01 07:08:00,59.93,pharmacy,medicine,D_A0028,Chennai,,0
T006516,A0005,2026-02-01 07:12:00,72.98,fuel,petrol,D_A0005,Coimbatore,,0
T006517,A0364,2026-02-01 07:18:00,142.4,clothing,clothes,D_A0364,Kochi,,0
T006518,A0234,2026-02-01 07:39:00,53.52,grocery,vegetables,D_A0234,Coimbatore,,0
T006519,A0373,2026-02-01 07:46:00,37.7,food,delivery,D_A0373,Bengaluru,,0
T006520,A0056,2026-02-01 07:48:00,36.61,grocery,vegetables,D_A0056,Coimbatore,,0
T006521,A0186,2026-02-01 07:52:00,40.72,fuel,petrol,D_A0186,Kochi,,0
T006522,A0281,2026-02-01 07:58:00,87.16,grocery,vegetables,D_A0281,Coimbatore,,0
T006523,A0296,2026-02-01 07:59:00,458.51,travel,train_ticket,D_A0296,Delhi,,0
T006524,A0047,2026-02-01 08:04:00,59.89,clothing,clothes,D_A0047,Coimbatore,,0
T006525,A0164,2026-02-01 08:07:00,25.55,streaming,subscription,D_A0164,Madurai,,0
T006526,A0053,2026-02-01 08:10:00,61.24,pharmacy,medicine,D_A0053,Bengaluru,,0
T006527,A0274,2026-02-01 08:14:00,42.0,streaming,subscription,D_A0274,Madurai,,0
T006528,A0408,2026-02-01 08:16:00,41.93,grocery,groceries,D_A0408,Kochi,,0
T006529,A0448,2026-02-01 08:16:00,33.98,streaming,subscription,D_A0448,Madurai,,0
T006530,A0276,2026-02-01 08:23:00,13.5,food,restaurant,D_A0276,Delhi,,0
T006531,A0445,2026-02-01 08:29:00,52.92,food,delivery,D_A0445,Chennai,,0
T006532,A0001,2026-02-01 08:38:00,58.32,food,delivery,D_A0001,Kochi,,0
T006533,A0138,2026-02-01 08:43:00,97.64,transfer,p2p_transfer,D_A0138,Kochi,PAYEE_A0138,0
T006534,A0007,2026-02-01 08:44:00,56.16,clothing,shoes,D_A0007,Bengaluru,,0
T006535,A0060,2026-02-01 08:48:00,16.72,streaming,subscription,D_A0060,Madurai,,0
T006536,A0039,2026-02-01 08:58:00,128.3,fuel,diesel,D_A0039,Madurai,,0
T006537,A0112,2026-02-01 09:11:00,101.57,clothing,clothes,D_A0112,Delhi,,0
T006538,A0236,2026-02-01 09:20:00,45.79,pharmacy,medicine,D_A0236,Madurai,,0
T006539,A0457,2026-02-01 09:24:00,174.46,travel,train_ticket,D_A0457,Hyderabad,,0
T006540,A0227,2026-02-01 09:25:00,73.87,grocery,groceries,D_A0227,Madurai,,0
T006541,A0254,2026-02-01 09:30:00,78.94,clothing,shoes,D_A0254,Delhi,,0
T006542,A0255,2026-02-01 09:50:00,130.54,travel,train_ticket,D_A0255,Mumbai,,0
T006543,A0371,2026-02-01 09:52:00,35.48,food,delivery,D_A0371,Madurai,,0
T006544,A0364,2026-02-01 09:53:00,58.87,grocery,vegetables,D_A0364,Kochi,,0
T006545,A0341,2026-02-01 09:54:00,46.79,streaming,subscription,D_A0341,Madurai,,0
T006546,A0459,2026-02-01 09:55:00,55.38,pharmacy,medicine,D_A0459,Delhi,,0
T006547,A0467,2026-02-01 10:04:00,68.65,transfer,p2p_transfer,D_A0467,Delhi,PAYEE_A0467,0
T006548,A0029,2026-02-01 10:05:00,30.87,grocery,vegetables,D_A0029,Hyderabad,,0
T006549,A0244,2026-02-01 10:23:00,30.88,grocery,groceries,D_A0244,Coimbatore,,0
T006550,A0107,2026-02-01 10:32:00,13.54,streaming,subscription,D_A0107,Madurai,,0
T006551,A0407,2026-02-01 10:35:00,43.36,food,delivery,D_A0407,Bengaluru,,0
T006552,A0118,2026-02-01 10:36:00,66.81,pharmacy,medicine,D_A0118,Hyderabad,,0
T006553,A0238,2026-02-01 10:43:00,314.05,travel,train_ticket,D_A0238,Madurai,,0
T006554,A0207,2026-02-01 10:44:00,127.79,clothing,clothes,D_A0207,Delhi,,0
T006555,A0285,2026-02-01 10:47:00,161.02,fuel,diesel,D_A0285,Madurai,,0
T006556,A0225,2026-02-01 10:48:00,85.74,travel,bus_ticket,D_A0225,Bengaluru,,0
T006557,A0243,2026-02-01 10:50:00,226.18,fuel,petrol,D_A0243,Delhi,,0
T006558,A0019,2026-02-01 10:53:00,64.99,grocery,groceries,D_A0019,Mumbai,,0
T006559,A0166,2026-02-01 10:54:00,32.87,giftcards,gift_card,D_A0166,Bengaluru,,0
T006560,A0225,2026-02-01 10:59:00,25.77,grocery,groceries,D_A0225,Bengaluru,,0
T006561,A0289,2026-02-01 11:03:00,91.83,fuel,diesel,D_A0289,Bengaluru,,0
T006562,A0453,2026-02-01 11:04:00,32.21,streaming,subscription,D_A0453,Bengaluru,,0
T006563,A0087,2026-02-01 11:05:00,451.83,pharmacy,medicine,D_A0087,Madurai,,0
T006564,A0170,2026-02-01 11:18:00,48.83,grocery,vegetables,D_A0170,Kochi,,0
T006565,A0154,2026-02-01 11:21:00,82.55,clothing,shoes,D_A0154,Chennai,,0
T006566,A0117,2026-02-01 11:21:00,39.53,food,delivery,D_A0117,Bengaluru,,0
T006567,A0365,2026-02-01 11:29:00,48.51,pharmacy,medicine,D_A0365,Bengaluru,,0
T006568,A0230,2026-02-01 11:35:00,73.38,clothing,shoes,D_A0230,Madurai,,0
T006569,A0050,2026-02-01 11:36:00,103.85,grocery,groceries,D_A0050,Hyderabad,,0
T006570,A0400,2026-02-01 11:38:00,66.21,grocery,groceries,D_A0400,Madurai,,0
T006571,A0022,2026-02-01 11:41:00,13.73,pharmacy,medicine,D_FAM_5,Madurai,,0
T006572,A0052,2026-02-01 11:48:00,66.53,travel,train_ticket,D_A0052,Bengaluru,,0
T006573,A0122,2026-02-01 11:58:00,91.14,pharmacy,medicine,D_A0122,Chennai,,0
T006574,A0130,2026-02-01 12:01:00,47.83,transfer,p2p_transfer,D_A0130,Mumbai,PAYEE_A0130,0
T006575,A0378,2026-02-01 12:03:00,26.21,streaming,subscription,D_A0378,Hyderabad,,0
T006576,A0402,2026-02-01 12:05:00,15.19,streaming,subscription,D_A0402,Madurai,,0
T006577,A0337,2026-02-01 12:09:00,380.5,clothing,clothes,D_A0337,Coimbatore,,0
T006578,A0372,2026-02-01 12:11:00,223.31,travel,train_ticket,D_A0372,Coimbatore,,0
T006579,A0046,2026-02-01 12:20:00,54.98,pharmacy,medicine,D_A0046,Kochi,,0
T006580,A0320,2026-02-01 12:20:00,173.46,travel,train_ticket,D_FAM_4,Madurai,,0
T006581,A0026,2026-02-01 12:21:00,141.99,travel,bus_ticket,D_A0026,Chennai,,0
T006582,A0034,2026-02-01 12:22:00,9.16,pharmacy,medicine,D_FAM_10,Bengaluru,,0
T006583,A0248,2026-02-01 12:23:00,55.14,clothing,clothes,D_A0248,Mumbai,,0
T006584,A0376,2026-02-01 12:29:00,375.54,food,delivery,D_A0376,Hyderabad,,0
T006585,A0308,2026-02-01 12:32:00,29.73,food,restaurant,D_A0308,Bengaluru,,0
T006586,A0218,2026-02-01 12:33:00,38.52,grocery,groceries,D_A0218,Kochi,,0
T006587,A0139,2026-02-01 12:34:00,27.27,food,restaurant,D_FAM_7,Hyderabad,,0
T006588,A0388,2026-02-01 12:39:00,33.12,grocery,groceries,D_A0388,Hyderabad,,0
T006589,A0391,2026-02-01 12:45:00,130.49,travel,train_ticket,D_A0391,Kochi,,0
T006590,A0201,2026-02-01 12:46:00,27.21,food,delivery,D_A0201,Bengaluru,,0
T006591,A0154,2026-02-01 12:49:00,39.72,food,delivery,D_A0154,Chennai,,0
T006592,A0217,2026-02-01 13:02:00,206.87,clothing,clothes,D_A0217,Chennai,,0
T006593,A0429,2026-02-01 13:04:00,163.37,clothing,shoes,D_A0429,Kochi,,0
T006594,A0171,2026-02-01 13:06:00,48.7,fuel,petrol,D_A0171,Madurai,,0
T006595,A0250,2026-02-01 13:08:00,493.94,travel,train_ticket,D_A0250,Hyderabad,,0
T006596,A0048,2026-02-01 13:17:00,150.63,travel,bus_ticket,D_A0048,Mumbai,,0
T006597,A0242,2026-02-01 13:19:00,131.75,food,restaurant,D_A0242,Bengaluru,,0
T006598,A0127,2026-02-01 13:23:00,47.07,pharmacy,medicine,D_A0127,Delhi,,0
T006599,A0223,2026-02-01 13:26:00,99.1,grocery,vegetables,D_A0223,Hyderabad,,0
T006600,A0022,2026-02-01 13:27:00,23.54,clothing,shoes,D_FAM_5,Madurai,,0
T006601,A0417,2026-02-01 13:28:00,199.34,transfer,p2p_transfer,D_A0417,Madurai,PAYEE_A0417,0
T006602,A0218,2026-02-01 13:30:00,48.4,grocery,vegetables,D_A0218,Kochi,,0
T006603,A0130,2026-02-01 13:33:00,44.69,food,restaurant,D_A0130,Mumbai,,0
T006604,A0471,2026-02-01 13:34:00,49.37,food,restaurant,D_A0471,Delhi,,0
T006605,A0277,2026-02-01 13:35:00,161.4,clothing,clothes,D_A0277,Madurai,,0
T006606,A0309,2026-02-01 13:35:00,10.71,streaming,subscription,D_A0309,Delhi,,0
T006607,A0016,2026-02-01 13:36:00,61.21,streaming,subscription,D_FAM_12,Chennai,,0
T006608,A0355,2026-02-01 13:36:00,460.3,travel,train_ticket,D_A0355,Kochi,,0
T006609,A0148,2026-02-01 13:38:00,86.77,pharmacy,medicine,D_A0148,Delhi,,0
T006610,A0444,2026-02-01 13:43:00,135.44,grocery,groceries,D_A0444,Kochi,,0
T006611,A0064,2026-02-01 13:46:00,91.99,clothing,shoes,D_A0064,Bengaluru,,0
T006612,A0402,2026-02-01 13:46:00,77.92,fuel,diesel,D_A0402,Madurai,,0
T006613,A0370,2026-02-01 13:50:00,21.58,streaming,subscription,D_A0370,Coimbatore,,0
T006614,A0255,2026-02-01 13:51:00,203.34,clothing,shoes,D_A0255,Mumbai,,0
T006615,A0050,2026-02-01 13:53:00,83.8,grocery,vegetables,D_A0050,Hyderabad,,0
T006616,A0111,2026-02-01 13:54:00,16.52,streaming,subscription,D_A0111,Chennai,,0
T006617,A0378,2026-02-01 13:55:00,30.57,pharmacy,medicine,D_A0378,Hyderabad,,0
T006618,A0195,2026-02-01 13:56:00,12.85,fuel,diesel,D_FAM_11,Kochi,,0
T006619,A0044,2026-02-01 13:57:00,80.24,clothing,clothes,D_A0044,Bengaluru,,0
T006620,A0329,2026-02-01 14:03:00,109.64,clothing,shoes,D_A0329,Kochi,,0
T006621,A0132,2026-02-01 14:17:00,443.88,clothing,clothes,D_A0132,Delhi,,0
T006622,A0280,2026-02-01 14:21:00,50.19,food,delivery,D_A0280,Coimbatore,,0
T006623,A0424,2026-02-01 14:22:00,91.83,grocery,groceries,D_A0424,Mumbai,,0
T006624,A0368,2026-02-01 14:26:00,21.36,giftcards,gift_card,D_A0368,Coimbatore,,0
T006625,A0351,2026-02-01 14:28:00,58.35,transfer,p2p_transfer,D_A0351,Chennai,PAYEE_A0351,0
T006626,A0247,2026-02-01 14:41:00,57.49,food,restaurant,D_A0247,Coimbatore,,0
T006627,A0099,2026-02-01 14:44:00,14.96,streaming,subscription,D_A0099,Kochi,,0
T006628,A0373,2026-02-01 14:49:00,9.62,food,delivery,D_A0373,Coimbatore,,0
T006629,A0438,2026-02-01 14:49:00,341.54,travel,train_ticket,D_A0438,Bengaluru,,0
T006630,A0237,2026-02-01 14:56:00,65.74,grocery,vegetables,D_FAM_3,Madurai,,0
T006631,A0327,2026-02-01 14:58:00,46.88,pharmacy,medicine,D_A0327,Coimbatore,,0
T006632,A0431,2026-02-01 15:05:00,99.89,fuel,petrol,D_FAM_11,Hyderabad,,0
T006633,A0272,2026-02-01 15:07:00,35.7,food,delivery,D_FAM_14,Delhi,,0
T006634,A0370,2026-02-01 15:09:00,16.94,streaming,subscription,D_A0370,Delhi,,0
T006635,A0087,2026-02-01 15:10:00,374.89,clothing,clothes,D_A0087,Bengaluru,,0
T006636,A0014,2026-02-01 15:11:00,80.0,fuel,petrol,D_FAM_2,Coimbatore,,0
T006637,A0387,2026-02-01 15:12:00,208.7,travel,train_ticket,D_A0387,Madurai,,0
T006638,A0041,2026-02-01 15:13:00,13.82,streaming,subscription,D_FAM_6,Hyderabad,,0
T006639,A0142,2026-02-01 15:17:00,58.87,grocery,vegetables,D_A0142,Madurai,,0
T006640,A0299,2026-02-01 15:22:00,40.62,food,restaurant,D_A0299,Chennai,,0
T006641,A0344,2026-02-01 15:25:00,60.9,fuel,diesel,D_A0344,Kochi,,0
T006642,A0057,2026-02-01 15:38:00,477.31,travel,train_ticket,D_OFF_0,Mumbai,,0
T006643,A0365,2026-02-01 15:44:00,48.5,giftcards,gift_card,D_A0365,Bengaluru,,0
T006644,A0333,2026-02-01 15:46:00,108.72,pharmacy,medicine,D_FAM_9,Bengaluru,,0
T006645,A0262,2026-02-01 15:48:00,40.28,pharmacy,medicine,D_A0262,Coimbatore,,0
T006646,A0046,2026-02-01 15:49:00,18.56,streaming,subscription,D_A0046,Kochi,,0
T006647,A0386,2026-02-01 15:52:00,57.33,fuel,diesel,D_A0386,Coimbatore,,0
T006648,A0134,2026-02-01 15:59:00,63.44,food,restaurant,D_A0134,Coimbatore,,0
T006649,A0250,2026-02-01 16:10:00,67.85,grocery,vegetables,D_A0250,Hyderabad,,0
T006650,A0119,2026-02-01 16:15:00,870.1,travel,bus_ticket,D_A0119,Madurai,,0
T006651,A0097,2026-02-01 16:17:00,80.54,transfer,p2p_transfer,D_FAM_1,Bengaluru,PAYEE_A0097,0
T006652,A0112,2026-02-01 16:18:00,18.33,streaming,subscription,D_A0112,Delhi,,0
T006653,A0425,2026-02-01 16:20:00,11.62,streaming,subscription,D_A0425,Madurai,,0
T006654,A0467,2026-02-01 16:21:00,86.95,travel,train_ticket,D_A0467,Delhi,,0
T006655,A0489,2026-02-01 16:23:00,43.38,fuel,petrol,D_A0489,Madurai,,0
T006656,A0004,2026-02-01 16:28:00,227.27,travel,train_ticket,D_A0004,Chennai,,0
T006657,A0001,2026-02-01 16:37:00,280.43,travel,train_ticket,D_A0001,Kochi,,0
T006658,A0444,2026-02-01 16:40:00,71.07,grocery,vegetables,D_A0444,Kochi,,0
T006659,A0032,2026-02-01 16:45:00,42.36,pharmacy,medicine,D_A0032,Delhi,,0
T006660,A0418,2026-02-01 16:46:00,49.61,food,delivery,D_A0418,Coimbatore,,0
T006661,A0409,2026-02-01 16:47:00,140.85,travel,train_ticket,D_A0409,Chennai,,0
T006662,A0364,2026-02-01 16:48:00,41.07,grocery,vegetables,D_A0364,Kochi,,0
T006663,A0085,2026-02-01 16:50:00,31.84,pharmacy,medicine,D_A0085,Delhi,,0
T006664,A0290,2026-02-01 16:50:00,110.36,grocery,vegetables,D_OFF_2,Bengaluru,,0
T006665,A0360,2026-02-01 16:54:00,75.92,fuel,petrol,D_A0360,Mumbai,,0
T006666,A0026,2026-02-01 16:56:00,141.12,travel,bus_ticket,D_A0026,Chennai,,0
T006667,A0189,2026-02-01 16:59:00,37.17,grocery,vegetables,D_A0189,Chennai,,0
T006668,A0217,2026-02-01 17:13:00,181.8,fuel,petrol,D_A0217,Chennai,,0
T006669,A0486,2026-02-01 17:14:00,162.38,food,delivery,D_A0486,Mumbai,,0
T006670,A0111,2026-02-01 17:14:00,196.46,travel,train_ticket,D_A0111,Chennai,,0
T006671,A0205,2026-02-01 17:17:00,34.6,food,restaurant,D_A0205,Hyderabad,,0
T006672,A0339,2026-02-01 17:17:00,52.19,pharmacy,medicine,D_A0339,Coimbatore,,0
T006673,A0012,2026-02-01 17:18:00,131.63,transfer,p2p_transfer,D_A0012,Chennai,PAYEE_A0012,0
T006674,A0420,2026-02-01 17:19:00,471.73,travel,train_ticket,D_OFF_0,Madurai,,0
T006675,A0300,2026-02-01 17:31:00,75.35,fuel,petrol,D_FAM_12,Delhi,,0
T006676,A0033,2026-02-01 17:31:00,155.28,travel,train_ticket,D_A0033,Coimbatore,,0
T006677,A0296,2026-02-01 17:33:00,751.21,travel,bus_ticket,D_A0296,Hyderabad,,0
T006678,A0485,2026-02-01 17:34:00,147.5,clothing,shoes,D_A0485,Madurai,,0
T006679,A0452,2026-02-01 17:35:00,47.42,pharmacy,medicine,D_A0452,Madurai,,0
T006680,A0326,2026-02-01 17:42:00,42.92,food,delivery,D_A0326,Bengaluru,,0
T006681,A0484,2026-02-01 17:45:00,79.9,fuel,diesel,D_A0484,Bengaluru,,0
T006682,A0492,2026-02-01 17:48:00,403.7,clothing,shoes,D_A0492,Kochi,,0
T006683,A0397,2026-02-01 17:48:00,222.45,clothing,clothes,D_A0397,Chennai,,0
T006684,A0068,2026-02-01 17:50:00,31.85,streaming,subscription,D_A0068,Madurai,,0
T006685,A0475,2026-02-01 17:51:00,118.62,fuel,diesel,D_A0475,Hyderabad,,0
T006686,A0074,2026-02-01 17:52:00,103.77,clothing,clothes,D_A0074,Hyderabad,,0
T006687,A0490,2026-02-01 17:53:00,48.28,grocery,vegetables,D_A0490,Hyderabad,,0
T006688,A0051,2026-02-01 17:55:00,65.86,food,restaurant,D_A0051,Mumbai,,0
T006689,A0221,2026-02-01 17:55:00,10.41,streaming,subscription,D_A0221,Mumbai,,0
T006690,A0364,2026-02-01 17:56:00,44.3,grocery,groceries,D_A0364,Kochi,,0
T006691,A0439,2026-02-01 18:00:00,16.54,grocery,vegetables,D_A0439,Madurai,,0
T006692,A0239,2026-02-01 18:13:00,41.27,fuel,petrol,D_A0239,Coimbatore,,0
T006693,A0369,2026-02-01 18:16:00,459.5,travel,train_ticket,D_A0369,Mumbai,,0
T006694,A0140,2026-02-01 18:16:00,458.9,travel,bus_ticket,D_A0140,Madurai,,0
T006695,A0273,2026-02-01 18:16:00,65.71,clothing,shoes,D_A0273,Bengaluru,,0
T006696,A0355,2026-02-01 18:23:00,109.65,clothing,shoes,D_A0355,Kochi,,0
T006697,A0421,2026-02-01 18:26:00,120.44,fuel,petrol,D_A0421,Chennai,,0
T006698,A0456,2026-02-01 18:36:00,15.31,streaming,subscription,D_A0456,Mumbai,,0
T006699,A0238,2026-02-01 18:42:00,49.84,food,delivery,D_A0238,Madurai,,0
T006700,A0463,2026-02-01 18:44:00,280.81,travel,train_ticket,D_A0463,Bengaluru,,0
T006701,A0097,2026-02-01 18:56:00,95.61,travel,train_ticket,D_FAM_1,Bengaluru,,0
T006702,A0041,2026-02-01 19:00:00,11.65,streaming,subscription,D_FAM_6,Hyderabad,,0
T006703,R007,2026-02-01 19:12:00,174.48,giftcards,gift_card,D_RING_1,Chennai,,1
T006704,A0424,2026-02-01 19:15:00,137.31,transfer,p2p_transfer,D_A0424,Bengaluru,PAYEE_A0424,0
T006705,R007,2026-02-01 19:19:00,112.24,prepaid,prepaid_card,D_RING_2,Chennai,,1
T006706,A0173,2026-02-01 19:23:00,27.1,streaming,subscription,D_A0173,Bengaluru,,0
T006707,R007,2026-02-01 19:26:00,152.37,digital_goods,game_credits,D_RING_2,Chennai,,1
T006708,A0285,2026-02-01 19:28:00,236.56,fuel,petrol,D_A0285,Madurai,,0
T006709,R007,2026-02-01 19:42:00,359.76,transfer,p2p_transfer,D_RING_1,Chennai,PAYOUT_X,1
T006710,A0420,2026-02-01 19:42:00,75.24,food,delivery,D_OFF_0,Madurai,,0
T006711,A0252,2026-02-01 19:51:00,85.1,travel,train_ticket,D_A0252,Delhi,,0
T006712,A0058,2026-02-01 19:51:00,57.53,fuel,petrol,D_A0058,Delhi,,0
T006713,A0134,2026-02-01 19:54:00,86.78,pharmacy,medicine,D_A0134,Coimbatore,,0
T006714,A0484,2026-02-01 19:57:00,32.5,fuel,petrol,D_A0484,Bengaluru,,0
T006715,A0447,2026-02-01 20:07:00,50.88,food,restaurant,D_A0447,Madurai,,0
T006716,A0153,2026-02-01 20:09:00,32.63,pharmacy,medicine,D_A0153,Madurai,,0
T006717,A0426,2026-02-01 20:15:00,35.1,food,delivery,D_A0426,Hyderabad,,0
T006718,A0374,2026-02-01 20:23:00,67.67,grocery,groceries,D_A0374,Kochi,,0
T006719,A0404,2026-02-01 20:24:00,8.03,pharmacy,medicine,D_A0404,Chennai,,0
T006720,A0490,2026-02-01 20:30:00,19.22,streaming,subscription,D_A0490,Hyderabad,,0
T006721,A0430,2026-02-01 20:35:00,61.01,pharmacy,medicine,D_A0430,Kochi,,0
T006722,A0280,2026-02-01 20:39:00,64.54,food,delivery,D_A0280,Coimbatore,,0
T006723,A0250,2026-02-01 20:41:00,80.99,fuel,petrol,D_A0250,Hyderabad,,0
T006724,A0305,2026-02-01 21:14:00,47.93,fuel,petrol,D_A0305,Mumbai,,0
T006725,A0044,2026-02-01 21:18:00,54.52,grocery,vegetables,D_A0044,Bengaluru,,0
T006726,A0075,2026-02-01 21:33:00,160.58,fuel,diesel,D_A0075,Mumbai,,0
T006727,A0187,2026-02-01 21:36:00,13.06,streaming,subscription,D_A0187,Bengaluru,,0
T006728,A0236,2026-02-01 21:47:00,37.51,pharmacy,medicine,D_A0236,Chennai,,0
T006729,A0230,2026-02-01 21:54:00,22.94,food,restaurant,D_A0230,Madurai,,0
T006730,A0429,2026-02-01 22:08:00,208.01,fuel,diesel,D_A0429,Madurai,,0
T006731,A0001,2026-02-01 22:46:00,60.0,food,restaurant,D_A0001,Kochi,,0
T006732,A0199,2026-02-01 23:38:00,50.5,pharmacy,medicine,D_A0199,Madurai,,0
T006733,A0486,2026-02-01 23:53:00,158.02,transfer,p2p_transfer,D_A0486,Mumbai,PAYEE_A0486,0
T006734,A0196,2026-02-01 23:55:00,58.06,grocery,vegetables,D_A0196,Coimbatore,,0
T006735,A0386,2026-02-02 02:12:00,400.21,electronics,gift_card,D_STOLEN_8,Mumbai,,1
T006736,A0460,2026-02-02 07:00:00,147.96,clothing,clothes,D_A0460,Hyderabad,,0
T006737,A0360,2026-02-02 07:13:00,31.39,pharmacy,medicine,D_A0360,Mumbai,,0
T006738,A0124,2026-02-02 07:16:00,144.71,grocery,groceries,D_A0124,Hyderabad,,0
T006739,A0455,2026-02-02 07:16:00,110.88,travel,bus_ticket,D_A0455,Delhi,,0
T006740,A0138,2026-02-02 07:17:00,71.53,fuel,diesel,D_A0138,Kochi,,0
T006741,A0170,2026-02-02 07:18:00,200.19,travel,bus_ticket,D_A0170,Kochi,,0
T006742,A0037,2026-02-02 07:19:00,537.46,travel,bus_ticket,D_A0037,Madurai,,0
T006743,A0169,2026-02-02 07:33:00,116.62,travel,train_ticket,D_A0169,Bengaluru,,0
T006744,A0209,2026-02-02 07:37:00,18.92,pharmacy,medicine,D_A0209,Kochi,,0
T006745,A0399,2026-02-02 07:40:00,47.27,streaming,subscription,D_A0399,Hyderabad,,0
T006746,A0085,2026-02-02 07:40:00,46.86,fuel,diesel,D_A0085,Hyderabad,,0
T006747,A0371,2026-02-02 07:41:00,61.76,pharmacy,medicine,D_A0371,Madurai,,0
T006748,A0243,2026-02-02 07:44:00,175.49,transfer,p2p_transfer,D_A0243,Delhi,PAYEE_A0243,0
T006749,A0286,2026-02-02 07:46:00,45.73,pharmacy,medicine,D_A0286,Hyderabad,,0
T006750,A0148,2026-02-02 07:54:00,144.92,fuel,petrol,D_A0148,Delhi,,0
T006751,A0214,2026-02-02 07:59:00,31.64,clothing,shoes,D_A0214,Kochi,,0
T006752,A0236,2026-02-02 08:01:00,39.66,pharmacy,medicine,D_A0236,Chennai,,0
T006753,A0398,2026-02-02 08:16:00,320.63,travel,bus_ticket,D_OFF_1,Kochi,,0
T006754,A0394,2026-02-02 08:41:00,28.03,streaming,subscription,D_A0394,Coimbatore,,0
T006755,A0175,2026-02-02 08:43:00,102.99,grocery,groceries,D_FAM_7,Chennai,,0
T006756,A0184,2026-02-02 08:44:00,178.06,travel,bus_ticket,D_A0184,Coimbatore,,0
T006757,A0377,2026-02-02 08:47:00,122.21,travel,bus_ticket,D_A0377,Mumbai,,0
T006758,A0488,2026-02-02 08:49:00,109.57,transfer,p2p_transfer,D_A0488,Kochi,PAYEE_A0488,0
T006759,A0011,2026-02-02 08:50:00,68.22,fuel,petrol,D_A0011,Delhi,,0
T006760,A0015,2026-02-02 08:53:00,12.96,streaming,subscription,D_FAM_14,Kochi,,0
T006761,A0070,2026-02-02 08:56:00,118.49,fuel,petrol,D_A0070,Chennai,,0
T006762,A0296,2026-02-02 09:00:00,314.83,travel,train_ticket,D_A0296,Hyderabad,,0
T006763,A0013,2026-02-02 09:04:00,169.96,travel,bus_ticket,D_A0013,Madurai,,0
T006764,A0301,2026-02-02 09:05:00,147.86,travel,bus_ticket,D_A0301,Hyderabad,,0
T006765,A0414,2026-02-02 09:08:00,229.89,clothing,shoes,D_A0414,Mumbai,,0
T006766,A0383,2026-02-02 09:13:00,200.6,travel,bus_ticket,D_A0383,Bengaluru,,0
T006767,A0040,2026-02-02 09:25:00,90.06,clothing,shoes,D_A0040,Coimbatore,,0
T006768,A0449,2026-02-02 09:27:00,498.88,clothing,clothes,D_FAM_0,Delhi,,0
T006769,A0253,2026-02-02 09:29:00,40.88,food,delivery,D_A0253,Mumbai,,0
T006770,A0328,2026-02-02 09:32:00,58.2,pharmacy,medicine,D_A0328,Kochi,,0
T006771,A0098,2026-02-02 09:36:00,10.53,streaming,subscription,D_A0098,Mumbai,,0
T006772,A0007,2026-02-02 09:38:00,53.65,grocery,vegetables,D_A0007,Bengaluru,,0
T006773,A0162,2026-02-02 09:39:00,59.78,food,restaurant,D_A0162,Coimbatore,,0
T006774,A0363,2026-02-02 09:39:00,190.23,travel,train_ticket,D_A0363,Coimbatore,,0
T006775,A0393,2026-02-02 09:40:00,70.05,grocery,groceries,D_A0393,Madurai,,0
T006776,A0128,2026-02-02 09:55:00,217.42,travel,bus_ticket,D_A0128,Madurai,,0
T006777,A0141,2026-02-02 09:59:00,199.88,clothing,shoes,D_FAM_2,Kochi,,0
T006778,A0426,2026-02-02 10:02:00,91.77,fuel,diesel,D_A0426,Hyderabad,,0
T006779,A0124,2026-02-02 10:02:00,174.24,fuel,diesel,D_A0124,Hyderabad,,0
T006780,A0133,2026-02-02 10:05:00,80.57,clothing,clothes,D_A0133,Bengaluru,,0
T006781,A0367,2026-02-02 10:10:00,69.24,food,delivery,D_A0367,Mumbai,,0
T006782,A0380,2026-02-02 10:10:00,18.77,streaming,subscription,D_A0380,Mumbai,,0
T006783,A0176,2026-02-02 10:20:00,95.54,travel,bus_ticket,D_A0176,Coimbatore,,0
T006784,A0118,2026-02-02 10:27:00,72.01,pharmacy,medicine,D_A0118,Hyderabad,,0
T006785,A0475,2026-02-02 10:31:00,252.36,travel,train_ticket,D_A0475,Madurai,,0
T006786,A0074,2026-02-02 10:45:00,108.47,transfer,p2p_transfer,D_A0074,Hyderabad,PAYEE_A0074,0
T006787,A0348,2026-02-02 10:50:00,128.84,clothing,clothes,D_A0348,Coimbatore,,0
T006788,A0209,2026-02-02 10:51:00,28.83,food,delivery,D_A0209,Kochi,,0
T006789,A0394,2026-02-02 10:58:00,90.41,grocery,vegetables,D_A0394,Coimbatore,,0
T006790,A0439,2026-02-02 11:02:00,38.2,transfer,p2p_transfer,D_A0439,Chennai,PAYEE_A0439,0
T006791,A0010,2026-02-02 11:06:00,71.46,travel,bus_ticket,D_A0010,Delhi,,0
T006792,A0158,2026-02-02 11:08:00,28.93,food,delivery,D_A0158,Mumbai,,0
T006793,A0173,2026-02-02 11:09:00,79.76,grocery,vegetables,D_A0173,Bengaluru,,0
T006794,A0249,2026-02-02 11:11:00,18.32,food,delivery,D_A0249,Kochi,,0
T006795,A0260,2026-02-02 11:13:00,77.8,streaming,subscription,D_A0260,Hyderabad,,0
T006796,A0110,2026-02-02 11:17:00,108.2,clothing,clothes,D_A0110,Hyderabad,,0
T006797,A0052,2026-02-02 11:17:00,15.22,grocery,groceries,D_A0052,Hyderabad,,0
T006798,A0007,2026-02-02 11:18:00,80.1,clothing,clothes,D_A0007,Bengaluru,,0
T006799,A0090,2026-02-02 11:22:00,43.15,fuel,petrol,D_A0090,Chennai,,0
T006800,A0133,2026-02-02 11:26:00,39.2,food,restaurant,D_A0133,Bengaluru,,0
T006801,A0425,2026-02-02 11:27:00,46.92,pharmacy,medicine,D_A0425,Madurai,,0
T006802,A0401,2026-02-02 11:27:00,61.74,clothing,clothes,D_A0401,Madurai,,0
T006803,A0294,2026-02-02 11:35:00,46.34,pharmacy,medicine,D_A0294,Chennai,,0
T006804,A0245,2026-02-02 11:45:00,55.7,pharmacy,medicine,D_A0245,Mumbai,,0
T006805,A0346,2026-02-02 11:49:00,161.18,fuel,diesel,D_A0346,Mumbai,,0
T006806,A0355,2026-02-02 11:50:00,172.09,travel,train_ticket,D_A0355,Kochi,,0
T006807,A0166,2026-02-02 11:50:00,65.06,pharmacy,medicine,D_A0166,Bengaluru,,0
T006808,A0338,2026-02-02 11:53:00,29.9,fuel,diesel,D_A0338,Kochi,,0
T006809,A0127,2026-02-02 11:56:00,24.08,pharmacy,medicine,D_A0127,Delhi,,0
T006810,A0429,2026-02-02 11:57:00,28.66,streaming,subscription,D_A0429,Madurai,,0
T006811,A0296,2026-02-02 11:58:00,105.3,grocery,groceries,D_A0296,Hyderabad,,0
T006812,A0264,2026-02-02 11:59:00,148.05,travel,train_ticket,D_A0264,Delhi,,0
T006813,A0115,2026-02-02 12:06:00,48.0,streaming,subscription,D_A0115,Madurai,,0
T006814,A0378,2026-02-02 12:11:00,27.21,streaming,subscription,D_A0378,Hyderabad,,0
T006815,A0397,2026-02-02 12:11:00,137.84,fuel,diesel,D_A0397,Chennai,,0
T006816,A0245,2026-02-02 12:14:00,167.56,clothing,clothes,D_A0245,Mumbai,,0
T006817,A0171,2026-02-02 12:16:00,108.3,travel,bus_ticket,D_A0171,Madurai,,0
T006818,A0162,2026-02-02 12:18:00,313.14,travel,bus_ticket,D_A0162,Coimbatore,,0
T006819,A0320,2026-02-02 12:25:00,33.74,pharmacy,medicine,D_FAM_4,Kochi,,0
T006820,A0060,2026-02-02 12:25:00,83.16,fuel,petrol,D_A0060,Delhi,,0
T006821,A0047,2026-02-02 12:34:00,23.91,food,delivery,D_A0047,Coimbatore,,0
T006822,A0334,2026-02-02 12:38:00,66.72,food,delivery,D_A0334,Madurai,,0
T006823,A0017,2026-02-02 12:39:00,61.64,fuel,diesel,D_A0017,Mumbai,,0
T006824,A0131,2026-02-02 12:41:00,95.52,pharmacy,medicine,D_A0131,Bengaluru,,0
T006825,A0053,2026-02-02 12:43:00,71.88,fuel,diesel,D_A0053,Bengaluru,,0
T006826,A0469,2026-02-02 12:52:00,18.46,streaming,subscription,D_A0469,Delhi,,0
T006827,A0236,2026-02-02 12:54:00,92.7,travel,train_ticket,D_A0236,Chennai,,0
T006828,A0349,2026-02-02 12:55:00,282.05,clothing,clothes,D_A0349,Bengaluru,,0
T006829,A0080,2026-02-02 13:04:00,36.52,grocery,groceries,D_A0080,Chennai,,0
T006830,A0175,2026-02-02 13:10:00,82.43,clothing,clothes,D_FAM_7,Chennai,,0
T006831,A0415,2026-02-02 13:11:00,45.87,pharmacy,medicine,D_A0415,Kochi,,0
T006832,A0106,2026-02-02 13:12:00,153.05,fuel,petrol,D_A0106,Bengaluru,,0
T006833,A0138,2026-02-02 13:13:00,15.26,streaming,subscription,D_A0138,Kochi,,0
T006834,A0332,2026-02-02 13:23:00,44.19,grocery,vegetables,D_A0332,Delhi,,0
T006835,A0263,2026-02-02 13:23:00,1692.04,travel,train_ticket,D_A0263,Coimbatore,,0
T006836,A0191,2026-02-02 13:24:00,56.95,clothing,clothes,D_A0191,Mumbai,,0
T006837,A0461,2026-02-02 13:27:00,58.93,pharmacy,medicine,D_FAM_0,Madurai,,0
T006838,A0071,2026-02-02 13:28:00,44.63,food,restaurant,D_A0071,Kochi,,0
T006839,A0049,2026-02-02 13:34:00,103.8,fuel,diesel,D_FAM_8,Coimbatore,,0
T006840,A0011,2026-02-02 13:40:00,21.9,streaming,subscription,D_A0011,Delhi,,0
T006841,A0267,2026-02-02 13:41:00,15.27,streaming,subscription,D_OFF_1,Delhi,,0
T006842,A0468,2026-02-02 13:42:00,171.37,travel,bus_ticket,D_A0468,Chennai,,0
T006843,A0057,2026-02-02 13:45:00,30.52,streaming,subscription,D_OFF_0,Chennai,,0
T006844,A0039,2026-02-02 13:53:00,62.93,fuel,diesel,D_A0039,Madurai,,0
T006845,A0408,2026-02-02 13:57:00,34.72,food,restaurant,D_A0408,Kochi,,0
T006846,A0450,2026-02-02 14:00:00,14.71,streaming,subscription,D_A0450,Hyderabad,,0
T006847,A0126,2026-02-02 14:01:00,197.43,grocery,vegetables,D_A0126,Chennai,,0
T006848,A0448,2026-02-02 14:03:00,39.77,food,delivery,D_A0448,Madurai,,0
T006849,A0440,2026-02-02 14:04:00,43.0,pharmacy,medicine,D_OFF_2,Madurai,,0
T006850,A0168,2026-02-02 14:06:00,24.53,food,restaurant,D_A0168,Madurai,,0
T006851,A0261,2026-02-02 14:18:00,128.54,clothing,clothes,D_A0261,Delhi,,0
T006852,A0423,2026-02-02 14:19:00,12.07,food,delivery,D_A0423,Coimbatore,,0
T006853,A0168,2026-02-02 14:23:00,80.93,food,restaurant,D_A0168,Madurai,,0
T006854,A0093,2026-02-02 14:31:00,290.51,travel,bus_ticket,D_A0093,Kochi,,0
T006855,A0247,2026-02-02 14:36:00,68.77,food,delivery,D_A0247,Coimbatore,,0
T006856,A0136,2026-02-02 14:41:00,36.79,streaming,subscription,D_FAM_0,Chennai,,0
T006857,A0452,2026-02-02 14:41:00,60.55,pharmacy,medicine,D_A0452,Madurai,,0
T006858,A0003,2026-02-02 14:44:00,189.53,clothing,clothes,D_A0003,Hyderabad,,0
T006859,A0438,2026-02-02 14:47:00,509.77,travel,train_ticket,D_A0438,Bengaluru,,0
T006860,A0242,2026-02-02 14:55:00,139.39,food,delivery,D_A0242,Bengaluru,,0
T006861,A0015,2026-02-02 15:03:00,27.87,food,delivery,D_FAM_14,Kochi,,0
T006862,A0082,2026-02-02 15:09:00,24.15,streaming,subscription,D_A0082,Delhi,,0
T006863,A0436,2026-02-02 15:10:00,20.35,streaming,subscription,D_A0436,Bengaluru,,0
T006864,A0248,2026-02-02 15:11:00,73.0,clothing,shoes,D_A0248,Mumbai,,0
T006865,A0204,2026-02-02 15:12:00,41.88,pharmacy,medicine,D_A0204,Kochi,,0
T006866,A0125,2026-02-02 15:13:00,60.28,pharmacy,medicine,D_A0125,Kochi,,0
T006867,A0207,2026-02-02 15:13:00,92.04,fuel,petrol,D_A0207,Bengaluru,,0
T006868,A0396,2026-02-02 15:14:00,114.81,fuel,petrol,D_FAM_3,Coimbatore,,0
T006869,A0362,2026-02-02 15:20:00,16.77,food,restaurant,D_A0362,Chennai,,0
T006870,A0109,2026-02-02 15:23:00,58.42,pharmacy,medicine,D_FAM_13,Mumbai,,0
T006871,A0104,2026-02-02 15:32:00,442.0,travel,train_ticket,D_A0104,Delhi,,0
T006872,A0231,2026-02-02 15:35:00,187.09,travel,bus_ticket,D_A0231,Delhi,,0
T006873,A0082,2026-02-02 15:35:00,13.96,streaming,subscription,D_A0082,Delhi,,0
T006874,A0469,2026-02-02 15:35:00,45.26,giftcards,gift_card,D_A0469,Delhi,,0
T006875,A0059,2026-02-02 15:36:00,70.98,streaming,subscription,D_A0059,Bengaluru,,0
T006876,A0258,2026-02-02 15:37:00,113.66,travel,bus_ticket,D_A0258,Bengaluru,,0
T006877,A0393,2026-02-02 15:37:00,66.96,clothing,shoes,D_A0393,Bengaluru,,0
T006878,A0154,2026-02-02 15:41:00,40.6,food,delivery,D_A0154,Chennai,,0
T006879,A0105,2026-02-02 15:42:00,46.69,fuel,diesel,D_OFF_2,Chennai,,0
T006880,A0340,2026-02-02 15:43:00,79.77,pharmacy,medicine,D_A0340,Madurai,,0
T006881,A0298,2026-02-02 15:43:00,15.04,streaming,subscription,D_A0298,Chennai,,0
T006882,A0014,2026-02-02 15:45:00,37.8,pharmacy,medicine,D_FAM_2,Coimbatore,,0
T006883,A0287,2026-02-02 15:45:00,27.03,food,restaurant,D_FAM_13,Mumbai,,0
T006884,A0427,2026-02-02 15:47:00,32.99,food,delivery,D_A0427,Coimbatore,,0
T006885,A0352,2026-02-02 15:49:00,11.9,food,delivery,D_A0352,Bengaluru,,0
T006886,A0265,2026-02-02 15:50:00,49.47,fuel,petrol,D_A0265,Mumbai,,0
T006887,A0489,2026-02-02 15:51:00,42.49,fuel,diesel,D_A0489,Madurai,,0
T006888,A0179,2026-02-02 15:57:00,68.8,clothing,shoes,D_A0179,Mumbai,,0
T006889,A0468,2026-02-02 15:59:00,244.38,travel,train_ticket,D_A0468,Chennai,,0
T006890,A0236,2026-02-02 16:03:00,188.12,travel,train_ticket,D_A0236,Chennai,,0
T006891,A0128,2026-02-02 16:05:00,386.3,travel,train_ticket,D_A0128,Madurai,,0
T006892,A0042,2026-02-02 16:11:00,113.4,transfer,p2p_transfer,D_A0042,Kochi,PAYEE_A0042,0
T006893,A0421,2026-02-02 16:18:00,89.83,clothing,shoes,D_A0421,Chennai,,0
T006894,A0178,2026-02-02 16:23:00,48.21,grocery,vegetables,D_A0178,Mumbai,,0
T006895,A0255,2026-02-02 16:23:00,211.58,transfer,p2p_transfer,D_A0255,Mumbai,PAYEE_A0255,0
T006896,A0068,2026-02-02 16:26:00,311.27,travel,train_ticket,D_A0068,Madurai,,0
T006897,A0341,2026-02-02 16:33:00,213.86,travel,train_ticket,D_A0341,Madurai,,0
T006898,A0010,2026-02-02 16:41:00,18.08,clothing,clothes,D_A0010,Delhi,,0
T006899,A0273,2026-02-02 16:42:00,64.14,clothing,clothes,D_A0273,Bengaluru,,0
T006900,A0371,2026-02-02 16:47:00,265.92,fuel,diesel,D_A0371,Madurai,,0
T006901,A0001,2026-02-02 16:48:00,72.17,food,restaurant,D_A0001,Kochi,,0
T006902,A0256,2026-02-02 16:49:00,263.51,travel,train_ticket,D_A0256,Bengaluru,,0
T006903,A0045,2026-02-02 16:57:00,25.69,pharmacy,medicine,D_A0045,Hyderabad,,0
T006904,A0094,2026-02-02 16:58:00,82.75,travel,bus_ticket,D_A0094,Bengaluru,,0
T006905,A0101,2026-02-02 16:58:00,84.88,fuel,diesel,D_A0101,Kochi,,0
T006906,A0096,2026-02-02 17:01:00,184.02,clothing,shoes,D_A0096,Hyderabad,,0
T006907,A0135,2026-02-02 17:07:00,386.81,fuel,petrol,D_A0135,Delhi,,0
T006908,A0195,2026-02-02 17:15:00,9.52,fuel,petrol,D_A0195,Madurai,,0
T006909,A0404,2026-02-02 17:23:00,6.51,pharmacy,medicine,D_A0404,Chennai,,0
T006910,A0291,2026-02-02 17:34:00,150.78,travel,bus_ticket,D_A0291,Mumbai,,0
T006911,A0193,2026-02-02 17:40:00,96.83,pharmacy,medicine,D_A0193,Kochi,,0
T006912,A0333,2026-02-02 17:43:00,234.76,fuel,diesel,D_A0333,Bengaluru,,0
T006913,A0388,2026-02-02 17:44:00,39.73,grocery,groceries,D_A0388,Delhi,,0
T006914,A0121,2026-02-02 17:58:00,37.41,pharmacy,medicine,D_A0121,Hyderabad,,0
T006915,A0189,2026-02-02 18:00:00,197.88,travel,bus_ticket,D_A0189,Chennai,,0
T006916,A0497,2026-02-02 18:01:00,115.28,fuel,petrol,D_A0497,Chennai,,0
T006917,A0346,2026-02-02 18:19:00,139.72,fuel,diesel,D_A0346,Mumbai,,0
T006918,A0324,2026-02-02 18:28:00,74.27,grocery,groceries,D_A0324,Mumbai,,0
T006919,A0138,2026-02-02 18:28:00,12.98,streaming,subscription,D_A0138,Kochi,,0
T006920,A0089,2026-02-02 18:30:00,520.94,travel,train_ticket,D_A0089,Hyderabad,,0
T006921,A0336,2026-02-02 18:31:00,83.37,pharmacy,medicine,D_A0336,Bengaluru,,0
T006922,A0337,2026-02-02 18:33:00,52.89,streaming,subscription,D_A0337,Coimbatore,,0
T006923,A0224,2026-02-02 18:44:00,21.55,streaming,subscription,D_A0224,Coimbatore,,0
T006924,A0012,2026-02-02 18:47:00,162.18,clothing,shoes,D_A0012,Chennai,,0
T006925,A0242,2026-02-02 18:53:00,312.29,fuel,petrol,D_A0242,Bengaluru,,0
T006926,A0171,2026-02-02 18:54:00,20.73,streaming,subscription,D_A0171,Madurai,,0
T006927,A0231,2026-02-02 18:56:00,105.86,transfer,p2p_transfer,D_A0231,Delhi,PAYEE_A0231,0
T006928,A0028,2026-02-02 18:57:00,152.6,travel,train_ticket,D_A0028,Bengaluru,,0
T006929,A0010,2026-02-02 18:58:00,10.89,streaming,subscription,D_A0010,Bengaluru,,0
T006930,A0238,2026-02-02 19:07:00,552.99,travel,train_ticket,D_A0238,Madurai,,0
T006931,A0042,2026-02-02 19:08:00,103.23,grocery,groceries,D_A0042,Kochi,,0
T006932,A0402,2026-02-02 19:27:00,192.51,travel,bus_ticket,D_A0402,Hyderabad,,0
T006933,A0232,2026-02-02 19:28:00,44.22,pharmacy,medicine,D_A0232,Kochi,,0
T006934,A0361,2026-02-02 19:31:00,41.3,giftcards,gift_card,D_A0361,Chennai,,0
T006935,A0070,2026-02-02 19:33:00,99.65,fuel,petrol,D_A0070,Chennai,,0
T006936,A0153,2026-02-02 19:37:00,28.83,food,delivery,D_A0153,Hyderabad,,0
T006937,A0366,2026-02-02 20:03:00,58.15,clothing,shoes,D_FAM_5,Delhi,,0
T006938,A0126,2026-02-02 20:04:00,267.9,grocery,groceries,D_A0126,Chennai,,0
T006939,A0065,2026-02-02 20:09:00,39.71,grocery,vegetables,D_A0065,Chennai,,0
T006940,A0423,2026-02-02 20:14:00,29.51,food,restaurant,D_A0423,Coimbatore,,0
T006941,A0411,2026-02-02 20:20:00,298.35,travel,bus_ticket,D_A0411,Kochi,,0
T006942,A0308,2026-02-02 20:20:00,79.93,clothing,clothes,D_A0308,Bengaluru,,0
T006943,A0386,2026-02-02 20:26:00,45.77,grocery,groceries,D_A0386,Coimbatore,,0
T006944,A0386,2026-02-02 20:32:00,10.54,streaming,subscription,D_A0386,Coimbatore,,0
T006945,A0086,2026-02-02 20:47:00,83.11,grocery,vegetables,D_A0086,Chennai,,0
T006946,A0121,2026-02-02 20:55:00,238.56,travel,bus_ticket,D_A0121,Hyderabad,,0
T006947,A0174,2026-02-02 21:33:00,172.19,travel,train_ticket,D_A0174,Kochi,,0
T006948,A0028,2026-02-02 21:40:00,76.94,transfer,p2p_transfer,D_A0028,Bengaluru,PAYEE_A0028,0
T006949,A0182,2026-02-02 22:07:00,59.62,fuel,petrol,D_FAM_8,Chennai,,0
T006950,R009,2026-02-02 22:28:00,207.6,giftcards,gift_card,D_RING_3,Chennai,,1
T006951,R006,2026-02-02 22:34:00,190.37,giftcards,gift_card,D_RING_2,Bengaluru,,1
T006952,R009,2026-02-02 22:35:00,158.99,prepaid,prepaid_card,D_RING_3,Chennai,,1
T006953,R006,2026-02-02 22:41:00,134.94,prepaid,prepaid_card,D_RING_1,Bengaluru,,1
T006954,R009,2026-02-02 22:42:00,193.18,digital_goods,game_credits,D_RING_2,Chennai,,1
T006955,A0187,2026-02-02 22:47:00,21.26,food,restaurant,D_A0187,Bengaluru,,0
T006956,R006,2026-02-02 22:48:00,132.55,digital_goods,game_credits,D_RING_1,Bengaluru,,1
T006957,A0025,2026-02-02 22:53:00,149.36,clothing,clothes,D_A0025,Hyderabad,,0
T006958,R009,2026-02-02 22:58:00,311.58,transfer,p2p_transfer,D_RING_2,Chennai,PAYOUT_X,1
T006959,A0288,2026-02-02 23:03:00,81.9,clothing,shoes,D_A0288,Coimbatore,,0
T006960,R006,2026-02-02 23:04:00,346.79,transfer,p2p_transfer,D_RING_1,Bengaluru,PAYOUT_X,1
T006961,A0399,2026-02-02 23:09:00,261.39,travel,train_ticket,D_A0399,Hyderabad,,0
T006962,A0184,2026-02-02 23:27:00,36.69,food,delivery,D_A0184,Hyderabad,,0
T006963,A0304,2026-02-03 07:03:00,119.87,travel,train_ticket,D_A0304,Hyderabad,,0
T006964,A0201,2026-02-03 07:04:00,28.19,food,restaurant,D_A0201,Bengaluru,,0
T006965,A0410,2026-02-03 07:13:00,67.21,pharmacy,medicine,D_A0410,Mumbai,,0
T006966,A0479,2026-02-03 07:20:00,155.95,travel,bus_ticket,D_A0479,Kochi,,0
T006967,A0263,2026-02-03 07:27:00,364.03,clothing,shoes,D_A0263,Coimbatore,,0
T006968,A0303,2026-02-03 07:28:00,13.58,food,restaurant,D_FAM_4,Madurai,,0
T006969,A0079,2026-02-03 07:29:00,25.54,food,delivery,D_A0079,Hyderabad,,0
T006970,A0009,2026-02-03 07:34:00,79.28,pharmacy,medicine,D_A0009,Mumbai,,0
T006971,A0421,2026-02-03 07:40:00,14.87,streaming,subscription,D_A0421,Chennai,,0
T006972,A0263,2026-02-03 07:42:00,464.01,clothing,shoes,D_A0263,Coimbatore,,0
T006973,A0049,2026-02-03 07:47:00,103.3,fuel,diesel,D_FAM_8,Coimbatore,,0
T006974,A0442,2026-02-03 07:52:00,352.04,travel,bus_ticket,D_A0442,Kochi,,0
T006975,A0466,2026-02-03 07:57:00,57.55,grocery,vegetables,D_A0466,Hyderabad,,0
T006976,A0268,2026-02-03 07:58:00,57.07,grocery,groceries,D_A0268,Chennai,,0
T006977,A0078,2026-02-03 08:01:00,43.97,fuel,petrol,D_A0078,Hyderabad,,0
T006978,A0088,2026-02-03 08:04:00,48.12,pharmacy,medicine,D_A0088,Chennai,,0
T006979,A0005,2026-02-03 08:06:00,51.22,food,delivery,D_A0005,Coimbatore,,0
T006980,A0081,2026-02-03 08:17:00,17.23,streaming,subscription,D_A0081,Coimbatore,,0
T006981,A0497,2026-02-03 08:38:00,171.93,transfer,p2p_transfer,D_A0497,Chennai,PAYEE_A0497,0
T006982,A0346,2026-02-03 08:56:00,132.22,grocery,vegetables,D_A0346,Mumbai,,0
T006983,A0496,2026-02-03 09:00:00,189.5,clothing,shoes,D_A0496,Mumbai,,0
T006984,A0464,2026-02-03 09:10:00,24.34,food,delivery,D_A0464,Hyderabad,,0
T006985,A0127,2026-02-03 09:15:00,126.1,clothing,clothes,D_A0127,Delhi,,0
T006986,A0218,2026-02-03 09:23:00,87.14,clothing,shoes,D_A0218,Kochi,,0
T006987,A0180,2026-02-03 09:25:00,160.2,travel,train_ticket,D_A0180,Coimbatore,,0
T006988,A0449,2026-02-03 09:26:00,290.07,fuel,diesel,D_FAM_0,Mumbai,,0
T006989,A0337,2026-02-03 09:27:00,324.83,clothing,clothes,D_A0337,Coimbatore,,0
T006990,A0054,2026-02-03 09:29:00,79.66,clothing,clothes,D_A0054,Chennai,,0
T006991,A0411,2026-02-03 09:43:00,467.44,travel,train_ticket,D_A0411,Kochi,,0
T006992,A0482,2026-02-03 09:48:00,146.62,travel,bus_ticket,D_A0482,Kochi,,0
T006993,A0148,2026-02-03 09:50:00,120.02,transfer,p2p_transfer,D_A0148,Mumbai,PAYEE_A0148,0
T006994,A0070,2026-02-03 09:52:00,110.1,fuel,petrol,D_A0070,Chennai,,0
T006995,A0146,2026-02-03 09:59:00,15.78,food,restaurant,D_A0146,Mumbai,,0
T006996,A0176,2026-02-03 10:00:00,23.55,transfer,p2p_transfer,D_A0176,Coimbatore,PAYEE_A0176,0
T006997,A0415,2026-02-03 10:08:00,25.55,streaming,subscription,D_A0415,Kochi,,0
T006998,A0089,2026-02-03 10:09:00,512.33,travel,train_ticket,D_A0089,Hyderabad,,0
T006999,A0160,2026-02-03 10:11:00,175.98,clothing,shoes,D_OFF_1,Delhi,,0
T007000,A0087,2026-02-03 10:14:00,483.5,clothing,shoes,D_A0087,Madurai,,0
T007001,A0194,2026-02-03 10:19:00,56.59,pharmacy,medicine,D_FAM_2,Hyderabad,,0
T007002,A0491,2026-02-03 10:29:00,36.95,clothing,clothes,D_FAM_2,Mumbai,,0
T007003,A0039,2026-02-03 10:31:00,35.3,grocery,groceries,D_A0039,Madurai,,0
T007004,A0034,2026-02-03 10:36:00,71.99,travel,bus_ticket,D_FAM_10,Bengaluru,,0
T007005,A0213,2026-02-03 10:39:00,272.88,clothing,clothes,D_A0213,Coimbatore,,0
T007006,A0077,2026-02-03 10:47:00,68.48,pharmacy,medicine,D_A0077,Madurai,,0
T007007,A0344,2026-02-03 10:55:00,51.91,fuel,petrol,D_A0344,Kochi,,0
T007008,A0064,2026-02-03 10:55:00,98.31,clothing,shoes,D_A0064,Bengaluru,,0
T007009,A0147,2026-02-03 10:56:00,107.92,fuel,diesel,D_A0147,Delhi,,0
T007010,A0428,2026-02-03 10:57:00,37.62,food,delivery,D_A0428,Coimbatore,,0
T007011,A0142,2026-02-03 10:58:00,58.05,grocery,groceries,D_A0142,Madurai,,0
T007012,A0204,2026-02-03 11:11:00,30.93,food,delivery,D_A0204,Kochi,,0
T007013,A0265,2026-02-03 11:12:00,23.0,streaming,subscription,D_A0265,Mumbai,,0
T007014,A0332,2026-02-03 11:14:00,54.67,transfer,p2p_transfer,D_A0332,Delhi,PAYEE_A0332,0
T007015,A0199,2026-02-03 11:14:00,121.78,clothing,clothes,D_A0199,Madurai,,0
T007016,A0492,2026-02-03 11:15:00,411.83,clothing,shoes,D_A0492,Kochi,,0
T007017,A0387,2026-02-03 11:18:00,35.92,fuel,diesel,D_A0387,Madurai,,0
T007018,A0416,2026-02-03 11:19:00,80.54,fuel,petrol,D_A0416,Hyderabad,,0
T007019,A0036,2026-02-03 11:23:00,47.13,fuel,petrol,D_FAM_1,Madurai,,0
T007020,A0407,2026-02-03 11:24:00,36.62,food,restaurant,D_A0407,Bengaluru,,0
T007021,A0415,2026-02-03 11:25:00,28.66,pharmacy,medicine,D_A0415,Kochi,,0
T007022,A0019,2026-02-03 11:28:00,55.93,grocery,vegetables,D_A0019,Mumbai,,0
T007023,A0128,2026-02-03 11:31:00,271.85,travel,train_ticket,D_A0128,Madurai,,0
T007024,A0352,2026-02-03 11:31:00,57.74,travel,bus_ticket,D_A0352,Bengaluru,,0
T007025,A0442,2026-02-03 11:33:00,256.98,travel,train_ticket,D_A0442,Kochi,,0
T007026,A0459,2026-02-03 11:35:00,128.9,travel,train_ticket,D_A0459,Delhi,,0
T007027,A0140,2026-02-03 11:37:00,89.84,travel,bus_ticket,D_A0140,Madurai,,0
T007028,A0103,2026-02-03 11:38:00,19.94,streaming,subscription,D_A0103,Delhi,,0
T007029,A0179,2026-02-03 12:02:00,11.8,streaming,subscription,D_A0179,Mumbai,,0
T007030,A0138,2026-02-03 12:05:00,41.94,fuel,diesel,D_A0138,Kochi,,0
T007031,A0016,2026-02-03 12:08:00,161.07,grocery,groceries,D_FAM_12,Chennai,,0
T007032,A0425,2026-02-03 12:11:00,34.24,pharmacy,medicine,D_A0425,Madurai,,0
T007033,A0077,2026-02-03 12:15:00,40.2,food,restaurant,D_A0077,Madurai,,0
T007034,A0015,2026-02-03 12:18:00,64.71,fuel,diesel,D_A0015,Kochi,,0
T007035,A0235,2026-02-03 12:18:00,40.39,pharmacy,medicine,D_A0235,Delhi,,0
T007036,A0045,2026-02-03 12:20:00,32.34,pharmacy,medicine,D_A0045,Hyderabad,,0
T007037,A0010,2026-02-03 12:26:00,46.63,clothing,clothes,D_A0010,Delhi,,0
T007038,A0475,2026-02-03 12:35:00,77.78,grocery,groceries,D_A0475,Hyderabad,,0
T007039,A0140,2026-02-03 12:39:00,64.02,streaming,subscription,D_A0140,Chennai,,0
T007040,A0308,2026-02-03 12:42:00,112.81,travel,train_ticket,D_A0308,Bengaluru,,0
T007041,A0410,2026-02-03 12:44:00,205.38,travel,train_ticket,D_A0410,Mumbai,,0
T007042,A0090,2026-02-03 12:45:00,143.53,travel,train_ticket,D_A0090,Madurai,,0
T007043,A0200,2026-02-03 13:00:00,120.46,food,delivery,D_A0200,Coimbatore,,0
T007044,A0118,2026-02-03 13:00:00,237.33,travel,train_ticket,D_A0118,Hyderabad,,0
T007045,A0161,2026-02-03 13:01:00,78.48,grocery,vegetables,D_A0161,Bengaluru,,0
T007046,A0069,2026-02-03 13:01:00,1.03,food,restaurant,D_A0069,Chennai,,0
T007047,A0308,2026-02-03 13:02:00,16.81,streaming,subscription,D_A0308,Bengaluru,,0
T007048,A0197,2026-02-03 13:04:00,58.87,food,delivery,D_A0197,Bengaluru,,0
T007049,A0143,2026-02-03 13:06:00,68.19,clothing,clothes,D_A0143,Chennai,,0
T007050,A0140,2026-02-03 13:07:00,595.03,travel,bus_ticket,D_A0140,Madurai,,0
T007051,A0401,2026-02-03 13:13:00,271.5,clothing,clothes,D_A0401,Hyderabad,,0
T007052,A0484,2026-02-03 13:14:00,16.22,streaming,subscription,D_A0484,Bengaluru,,0
T007053,A0095,2026-02-03 13:18:00,375.25,clothing,shoes,D_A0095,Mumbai,,0
T007054,A0342,2026-02-03 13:18:00,168.45,travel,bus_ticket,D_A0342,Madurai,,0
T007055,A0043,2026-02-03 13:20:00,119.24,travel,bus_ticket,D_OFF_1,Kochi,,0
T007056,A0217,2026-02-03 13:24:00,46.25,food,delivery,D_A0217,Chennai,,0
T007057,A0122,2026-02-03 13:32:00,40.56,pharmacy,medicine,D_A0122,Chennai,,0
T007058,A0040,2026-02-03 13:32:00,133.82,clothing,clothes,D_A0040,Coimbatore,,0
T007059,A0066,2026-02-03 13:33:00,46.38,food,restaurant,D_A0066,Bengaluru,,0
T007060,A0403,2026-02-03 13:44:00,103.29,travel,train_ticket,D_A0403,Bengaluru,,0
T007061,A0304,2026-02-03 13:54:00,249.72,travel,bus_ticket,D_A0304,Hyderabad,,0
T007062,A0049,2026-02-03 13:57:00,131.07,fuel,petrol,D_A0049,Coimbatore,,0
T007063,A0250,2026-02-03 13:58:00,140.38,travel,train_ticket,D_A0250,Hyderabad,,0
T007064,A0432,2026-02-03 14:03:00,44.77,fuel,diesel,D_FAM_14,Kochi,,0
T007065,A0372,2026-02-03 14:07:00,80.88,grocery,vegetables,D_A0372,Coimbatore,,0
T007066,A0291,2026-02-03 14:10:00,66.28,transfer,p2p_transfer,D_A0291,Mumbai,PAYEE_A0291,0
T007067,A0150,2026-02-03 14:11:00,23.75,grocery,groceries,D_A0150,Mumbai,,0
T007068,A0304,2026-02-03 14:12:00,155.94,travel,train_ticket,D_A0304,Hyderabad,,0
T007069,A0158,2026-02-03 14:18:00,86.81,clothing,clothes,D_A0158,Mumbai,,0
T007070,A0014,2026-02-03 14:18:00,66.84,fuel,petrol,D_FAM_2,Coimbatore,,0
T007071,A0212,2026-02-03 14:24:00,40.85,streaming,subscription,D_OFF_1,Kochi,,0
T007072,A0298,2026-02-03 14:36:00,367.93,clothing,shoes,D_A0298,Chennai,,0
T007073,A0056,2026-02-03 14:37:00,155.58,travel,train_ticket,D_A0056,Coimbatore,,0
T007074,A0364,2026-02-03 14:38:00,85.28,transfer,p2p_transfer,D_A0364,Kochi,PAYEE_A0364,0
T007075,A0086,2026-02-03 14:40:00,69.76,grocery,groceries,D_A0086,Chennai,,0
T007076,A0042,2026-02-03 14:40:00,19.27,streaming,subscription,D_A0042,Kochi,,0
T007077,A0254,2026-02-03 14:44:00,26.66,grocery,vegetables,D_A0254,Delhi,,0
T007078,A0421,2026-02-03 14:45:00,74.0,clothing,clothes,D_A0421,Chennai,,0
T007079,A0276,2026-02-03 14:49:00,27.04,food,delivery,D_A0276,Delhi,,0
T007080,A0265,2026-02-03 14:52:00,34.61,food,delivery,D_A0265,Mumbai,,0
T007081,A0106,2026-02-03 14:55:00,43.98,streaming,subscription,D_A0106,Bengaluru,,0
T007082,A0493,2026-02-03 14:58:00,88.78,streaming,subscription,D_A0493,Coimbatore,,0
T007083,A0479,2026-02-03 15:06:00,196.12,travel,train_ticket,D_A0479,Chennai,,0
T007084,A0345,2026-02-03 15:07:00,21.79,streaming,subscription,D_A0345,Hyderabad,,0
T007085,A0203,2026-02-03 15:08:00,32.58,fuel,petrol,D_A0203,Mumbai,,0
T007086,A0103,2026-02-03 15:16:00,56.64,pharmacy,medicine,D_A0103,Delhi,,0
T007087,A0347,2026-02-03 15:25:00,23.56,streaming,subscription,D_A0347,Chennai,,0
T007088,A0438,2026-02-03 15:28:00,55.12,streaming,subscription,D_A0438,Bengaluru,,0
T007089,A0498,2026-02-03 15:31:00,43.86,pharmacy,medicine,D_A0498,Coimbatore,,0
T007090,A0437,2026-02-03 15:32:00,85.34,fuel,petrol,D_A0437,Chennai,,0
T007091,A0182,2026-02-03 15:39:00,101.49,fuel,petrol,D_FAM_8,Chennai,,0
T007092,A0296,2026-02-03 15:41:00,87.38,pharmacy,medicine,D_A0296,Hyderabad,,0
T007093,A0455,2026-02-03 15:43:00,82.01,clothing,clothes,D_A0455,Chennai,,0
T007094,A0088,2026-02-03 15:44:00,23.3,streaming,subscription,D_A0088,Chennai,,0
T007095,A0055,2026-02-03 15:46:00,23.88,grocery,groceries,D_A0055,Bengaluru,,0
T007096,A0051,2026-02-03 15:46:00,82.05,fuel,petrol,D_A0051,Mumbai,,0
T007097,A0101,2026-02-03 15:51:00,103.52,fuel,petrol,D_A0101,Kochi,,0
T007098,A0269,2026-02-03 15:52:00,146.23,fuel,petrol,D_A0269,Coimbatore,,0
T007099,A0196,2026-02-03 15:55:00,82.12,food,restaurant,D_A0196,Coimbatore,,0
T007100,A0286,2026-02-03 16:00:00,46.4,pharmacy,medicine,D_FAM_10,Hyderabad,,0
T007101,A0435,2026-02-03 16:00:00,22.52,streaming,subscription,D_A0435,Coimbatore,,0
T007102,A0363,2026-02-03 16:06:00,126.95,transfer,p2p_transfer,D_A0363,Coimbatore,PAYEE_A0363,0
T007103,A0336,2026-02-03 16:08:00,99.59,grocery,vegetables,D_A0336,Bengaluru,,0
T007104,A0133,2026-02-03 16:11:00,30.09,food,restaurant,D_A0133,Bengaluru,,0
T007105,A0495,2026-02-03 16:13:00,31.01,giftcards,gift_card,D_A0495,Chennai,,0
T007106,A0104,2026-02-03 16:14:00,257.19,clothing,shoes,D_A0104,Delhi,,0
T007107,A0488,2026-02-03 16:17:00,36.73,streaming,subscription,D_A0488,Kochi,,0
T007108,A0336,2026-02-03 16:20:00,237.43,clothing,shoes,D_A0336,Bengaluru,,0
T007109,A0391,2026-02-03 16:25:00,67.86,travel,train_ticket,D_A0391,Kochi,,0
T007110,A0182,2026-02-03 16:26:00,77.94,fuel,diesel,D_FAM_8,Chennai,,0
T007111,A0158,2026-02-03 16:31:00,89.54,clothing,clothes,D_A0158,Mumbai,,0
T007112,A0472,2026-02-03 16:34:00,161.83,clothing,clothes,D_A0472,Madurai,,0
T007113,A0111,2026-02-03 16:35:00,20.24,streaming,subscription,D_A0111,Chennai,,0
T007114,A0263,2026-02-03 16:35:00,231.02,grocery,groceries,D_A0263,Coimbatore,,0
T007115,A0376,2026-02-03 16:35:00,203.79,food,restaurant,D_A0376,Hyderabad,,0
T007116,A0190,2026-02-03 16:38:00,156.96,clothing,clothes,D_FAM_13,Madurai,,0
T007117,A0288,2026-02-03 16:42:00,64.06,clothing,clothes,D_A0288,Coimbatore,,0
T007118,A0098,2026-02-03 16:46:00,15.15,streaming,subscription,D_A0098,Mumbai,,0
T007119,A0246,2026-02-03 16:47:00,34.22,food,delivery,D_A0246,Kochi,,0
T007120,A0472,2026-02-03 16:48:00,60.72,food,delivery,D_A0472,Madurai,,0
T007121,A0296,2026-02-03 16:51:00,346.2,travel,train_ticket,D_A0296,Hyderabad,,0
T007122,A0049,2026-02-03 16:54:00,43.22,food,restaurant,D_FAM_8,Kochi,,0
T007123,A0044,2026-02-03 16:54:00,19.89,streaming,subscription,D_A0044,Bengaluru,,0
T007124,A0264,2026-02-03 16:55:00,91.79,travel,bus_ticket,D_A0264,Chennai,,0
T007125,A0009,2026-02-03 17:00:00,154.32,clothing,clothes,D_A0009,Mumbai,,0
T007126,A0053,2026-02-03 17:07:00,42.83,fuel,diesel,D_A0053,Bengaluru,,0
T007127,A0393,2026-02-03 17:15:00,80.58,clothing,clothes,D_A0393,Bengaluru,,0
T007128,A0216,2026-02-03 17:20:00,145.47,travel,train_ticket,D_A0216,Delhi,,0
T007129,A0479,2026-02-03 17:32:00,78.52,grocery,groceries,D_A0479,Chennai,,0
T007130,A0139,2026-02-03 17:34:00,23.76,food,restaurant,D_FAM_7,Hyderabad,,0
T007131,A0091,2026-02-03 17:35:00,122.58,fuel,diesel,D_A0091,Delhi,,0
T007132,A0283,2026-02-03 17:43:00,8.64,streaming,subscription,D_A0283,Kochi,,0
T007133,A0077,2026-02-03 17:45:00,34.53,pharmacy,medicine,D_A0077,Madurai,,0
T007134,A0165,2026-02-03 17:45:00,11.1,streaming,subscription,D_A0165,Madurai,,0
T007135,A0240,2026-02-03 17:51:00,37.13,food,delivery,D_FAM_11,Bengaluru,,0
T007136,A0318,2026-02-03 17:51:00,16.2,food,restaurant,D_A0318,Bengaluru,,0
T007137,A0334,2026-02-03 17:52:00,148.67,grocery,groceries,D_A0334,Madurai,,0
T007138,A0359,2026-02-03 17:53:00,22.58,grocery,groceries,D_A0359,Bengaluru,,0
T007139,A0426,2026-02-03 17:55:00,32.3,pharmacy,medicine,D_A0426,Hyderabad,,0
T007140,A0348,2026-02-03 18:11:00,54.79,pharmacy,medicine,D_A0348,Coimbatore,,0
T007141,A0161,2026-02-03 18:12:00,31.44,streaming,subscription,D_A0161,Bengaluru,,0
T007142,A0169,2026-02-03 18:14:00,6.51,streaming,subscription,D_A0169,Bengaluru,,0
T007143,A0373,2026-02-03 18:16:00,76.74,transfer,p2p_transfer,D_A0373,Coimbatore,PAYEE_A0373,0
T007144,A0494,2026-02-03 18:19:00,250.03,travel,bus_ticket,D_A0494,Delhi,,0
T007145,A0216,2026-02-03 18:20:00,46.23,grocery,groceries,D_A0216,Delhi,,0
T007146,A0082,2026-02-03 18:21:00,29.95,streaming,subscription,D_A0082,Delhi,,0
T007147,A0323,2026-02-03 18:22:00,99.26,fuel,petrol,D_A0323,Madurai,,0
T007148,A0265,2026-02-03 18:22:00,43.84,fuel,diesel,D_A0265,Mumbai,,0
T007149,A0450,2026-02-03 18:23:00,1634.24,electronics,television,D_A0450,Hyderabad,,0
T007150,A0009,2026-02-03 18:25:00,47.55,pharmacy,medicine,D_A0009,Mumbai,,0
T007151,A0270,2026-02-03 18:33:00,107.5,fuel,petrol,D_A0270,Kochi,,0
T007152,A0293,2026-02-03 18:40:00,35.1,pharmacy,medicine,D_A0293,Mumbai,,0
T007153,A0144,2026-02-03 18:58:00,54.13,grocery,groceries,D_A0144,Madurai,,0
T007154,A0044,2026-02-03 19:07:00,11.92,streaming,subscription,D_A0044,Bengaluru,,0
T007155,A0351,2026-02-03 19:09:00,44.21,fuel,diesel,D_A0351,Chennai,,0
T007156,A0200,2026-02-03 19:23:00,230.54,transfer,p2p_transfer,D_A0200,Coimbatore,PAYEE_A0200,0
T007157,A0412,2026-02-03 19:34:00,249.44,travel,bus_ticket,D_A0412,Kochi,,0
T007158,A0460,2026-02-03 19:34:00,129.95,clothing,shoes,D_A0460,Hyderabad,,0
T007159,A0336,2026-02-03 19:41:00,78.76,pharmacy,medicine,D_A0336,Bengaluru,,0
T007160,A0375,2026-02-03 19:47:00,93.25,clothing,shoes,D_A0375,Hyderabad,,0
T007161,A0369,2026-02-03 19:52:00,169.94,clothing,shoes,D_A0369,Mumbai,,0
T007162,A0353,2026-02-03 19:56:00,107.22,fuel,diesel,D_A0353,Mumbai,,0
T007163,A0307,2026-02-03 20:07:00,436.54,travel,bus_ticket,D_A0307,Mumbai,,0
T007164,A0275,2026-02-03 20:11:00,34.84,food,restaurant,D_FAM_5,Chennai,,0
T007165,A0319,2026-02-03 20:20:00,64.86,pharmacy,medicine,D_A0319,Madurai,,0
T007166,A0109,2026-02-03 20:22:00,19.67,streaming,subscription,D_FAM_13,Mumbai,,0
T007167,A0351,2026-02-03 20:58:00,90.58,fuel,diesel,D_A0351,Chennai,,0
T007168,A0290,2026-02-03 20:59:00,146.23,food,restaurant,D_OFF_2,Bengaluru,,0
T007169,A0454,2026-02-03 21:14:00,32.83,pharmacy,medicine,D_A0454,Kochi,,0
T007170,A0007,2026-02-03 21:18:00,15.28,food,delivery,D_A0007,Bengaluru,,0
T007171,A0408,2026-02-03 21:23:00,49.54,grocery,vegetables,D_A0408,Kochi,,0
T007172,A0003,2026-02-03 21:27:00,110.55,clothing,clothes,D_A0003,Hyderabad,,0
T007173,A0171,2026-02-03 21:34:00,10.07,streaming,subscription,D_A0171,Madurai,,0
T007174,A0445,2026-02-03 21:39:00,70.8,transfer,p2p_transfer,D_A0445,Coimbatore,PAYEE_A0445,0
T007175,A0306,2026-02-03 21:42:00,86.27,clothing,shoes,D_A0306,Chennai,,0
T007176,A0261,2026-02-04 02:35:00,918.74,travel,flight_ticket,D_STOLEN_2,Coimbatore,,1
T007177,A0261,2026-02-04 02:47:00,968.27,travel,phone,D_STOLEN_2,Coimbatore,,1
T007178,A0261,2026-02-04 02:59:00,1011.56,giftcards,flight_ticket,D_STOLEN_2,Coimbatore,,1
T007179,A0418,2026-02-04 03:21:00,1346.56,giftcards,flight_ticket,D_STOLEN_17,Mumbai,,1
T007180,A0418,2026-02-04 03:33:00,622.25,giftcards,flight_ticket,D_STOLEN_17,Mumbai,,1
T007181,A0418,2026-02-04 03:45:00,1169.9,giftcards,gift_card,D_STOLEN_17,Mumbai,,1
T007182,A0361,2026-02-04 03:56:00,1565.99,travel,gift_card,D_STOLEN_11,Madurai,,1
T007183,A0361,2026-02-04 04:08:00,913.8,travel,gift_card,D_STOLEN_11,Madurai,,1
T007184,A0361,2026-02-04 04:20:00,1500.09,travel,phone,D_STOLEN_11,Madurai,,1
T007185,A0026,2026-02-04 07:01:00,20.91,streaming,subscription,D_A0026,Chennai,,0
T007186,A0228,2026-02-04 07:04:00,112.84,clothing,shoes,D_A0228,Mumbai,,0
T007187,A0291,2026-02-04 07:04:00,60.0,clothing,clothes,D_A0291,Mumbai,,0
T007188,A0341,2026-02-04 07:06:00,20.94,streaming,subscription,D_A0341,Chennai,,0
T007189,A0258,2026-02-04 07:06:00,49.64,pharmacy,medicine,D_A0258,Bengaluru,,0
T007190,A0236,2026-02-04 07:09:00,41.09,giftcards,gift_card,D_A0236,Madurai,,0
T007191,A0205,2026-02-04 07:11:00,36.64,food,delivery,D_A0205,Hyderabad,,0
T007192,A0364,2026-02-04 07:11:00,95.05,clothing,clothes,D_A0364,Kochi,,0
T007193,A0357,2026-02-04 07:12:00,34.09,food,delivery,D_A0357,Kochi,,0
T007194,A0268,2026-02-04 07:16:00,191.11,travel,train_ticket,D_A0268,Madurai,,0
T007195,A0433,2026-02-04 07:17:00,38.71,pharmacy,medicine,D_A0433,Hyderabad,,0
T007196,A0004,2026-02-04 07:22:00,75.85,travel,bus_ticket,D_A0004,Chennai,,0
T007197,A0383,2026-02-04 07:23:00,150.23,travel,bus_ticket,D_A0383,Coimbatore,,0
T007198,A0401,2026-02-04 07:36:00,174.66,travel,train_ticket,D_A0401,Madurai,,0
T007199,A0096,2026-02-04 07:38:00,86.28,transfer,p2p_transfer,D_A0096,Hyderabad,PAYEE_A0096,0
T007200,A0386,2026-02-04 07:42:00,49.7,fuel,diesel,D_A0386,Coimbatore,,0
T007201,A0197,2026-02-04 07:48:00,21.81,giftcards,gift_card,D_A0197,Bengaluru,,0
T007202,A0376,2026-02-04 07:51:00,791.54,travel,train_ticket,D_A0376,Hyderabad,,0
T007203,A0317,2026-02-04 07:55:00,88.13,fuel,diesel,D_OFF_0,Hyderabad,,0
T007204,A0470,2026-02-04 08:14:00,50.35,clothing,clothes,D_A0470,Mumbai,,0
T007205,A0194,2026-02-04 08:20:00,67.4,pharmacy,medicine,D_FAM_2,Bengaluru,,0
T007206,A0493,2026-02-04 08:42:00,55.63,streaming,subscription,D_A0493,Coimbatore,,0
T007207,A0217,2026-02-04 08:54:00,158.63,food,delivery,D_A0217,Chennai,,0
T007208,A0393,2026-02-04 09:16:00,42.96,grocery,groceries,D_A0393,Bengaluru,,0
T007209,A0017,2026-02-04 09:26:00,34.82,fuel,petrol,D_A0017,Mumbai,,0
T007210,A0037,2026-02-04 09:33:00,1011.98,travel,train_ticket,D_A0037,Madurai,,0
T007211,A0496,2026-02-04 09:36:00,215.24,travel,train_ticket,D_A0496,Mumbai,,0
T007212,A0438,2026-02-04 09:53:00,34.98,streaming,subscription,D_A0438,Bengaluru,,0
T007213,A0323,2026-02-04 09:59:00,15.51,streaming,subscription,D_A0323,Madurai,,0
T007214,A0405,2026-02-04 10:02:00,64.03,fuel,diesel,D_A0405,Kochi,,0
T007215,A0239,2026-02-04 10:05:00,25.64,food,restaurant,D_A0239,Coimbatore,,0
T007216,A0133,2026-02-04 10:10:00,32.59,food,restaurant,D_A0133,Bengaluru,,0
T007217,A0253,2026-02-04 10:10:00,46.46,fuel,petrol,D_A0253,Mumbai,,0
T007218,A0370,2026-02-04 10:12:00,84.54,fuel,diesel,D_A0370,Coimbatore,,0
T007219,A0414,2026-02-04 10:19:00,213.64,clothing,shoes,D_A0414,Mumbai,,0
T007220,A0126,2026-02-04 10:20:00,93.34,streaming,subscription,D_A0126,Chennai,,0
T007221,A0263,2026-02-04 10:20:00,417.36,clothing,shoes,D_A0263,Coimbatore,,0
T007222,A0277,2026-02-04 10:21:00,407.22,travel,train_ticket,D_A0277,Delhi,,0
T007223,A0238,2026-02-04 10:38:00,88.28,fuel,diesel,D_A0238,Madurai,,0
T007224,A0251,2026-02-04 10:39:00,11.88,streaming,subscription,D_A0251,Chennai,,0
T007225,A0421,2026-02-04 10:42:00,59.35,fuel,petrol,D_A0421,Chennai,,0
T007226,A0277,2026-02-04 10:50:00,165.94,clothing,shoes,D_A0277,Madurai,,0
T007227,A0321,2026-02-04 10:56:00,152.68,clothing,clothes,D_A0321,Mumbai,,0
T007228,A0248,2026-02-04 11:06:00,11.45,streaming,subscription,D_A0248,Mumbai,,0
T007229,A0403,2026-02-04 11:12:00,110.25,travel,bus_ticket,D_A0403,Bengaluru,,0
T007230,A0388,2026-02-04 11:17:00,25.92,grocery,vegetables,D_A0388,Delhi,,0
T007231,A0115,2026-02-04 11:20:00,35.4,streaming,subscription,D_A0115,Kochi,,0
T007232,A0242,2026-02-04 11:25:00,498.26,transfer,p2p_transfer,D_A0242,Bengaluru,PAYEE_A0242,0
T007233,A0286,2026-02-04 11:28:00,42.13,pharmacy,medicine,D_FAM_10,Hyderabad,,0
T007234,A0083,2026-02-04 11:35:00,159.11,fuel,petrol,D_A0083,Madurai,,0
T007235,A0172,2026-02-04 11:36:00,129.65,clothing,clothes,D_A0172,Delhi,,0
T007236,A0245,2026-02-04 11:41:00,75.8,grocery,groceries,D_A0245,Mumbai,,0
T007237,A0152,2026-02-04 11:48:00,68.79,clothing,shoes,D_A0152,Hyderabad,,0
T007238,A0480,2026-02-04 11:50:00,230.0,clothing,clothes,D_FAM_6,Hyderabad,,0
T007239,A0048,2026-02-04 11:56:00,71.47,food,delivery,D_A0048,Mumbai,,0
T007240,A0045,2026-02-04 12:08:00,119.45,fuel,petrol,D_A0045,Hyderabad,,0
T007241,A0087,2026-02-04 12:19:00,390.22,transfer,p2p_transfer,D_A0087,Madurai,PAYEE_A0087,0
T007242,A0353,2026-02-04 12:19:00,317.73,travel,train_ticket,D_A0353,Mumbai,,0
T007243,A0317,2026-02-04 12:21:00,60.48,pharmacy,medicine,D_OFF_0,Hyderabad,,0
T007244,A0392,2026-02-04 12:22:00,87.02,pharmacy,medicine,D_A0392,Bengaluru,,0
T007245,A0158,2026-02-04 12:24:00,95.73,clothing,shoes,D_A0158,Mumbai,,0
T007246,A0075,2026-02-04 12:29:00,248.29,fuel,petrol,D_A0075,Kochi,,0
T007247,A0374,2026-02-04 12:30:00,36.69,grocery,vegetables,D_A0374,Bengaluru,,0
T007248,A0319,2026-02-04 12:33:00,188.55,fuel,diesel,D_A0319,Madurai,,0
T007249,A0207,2026-02-04 12:37:00,166.13,clothing,shoes,D_A0207,Bengaluru,,0
T007250,A0184,2026-02-04 12:37:00,51.78,transfer,p2p_transfer,D_A0184,Coimbatore,PAYEE_A0184,0
T007251,A0436,2026-02-04 12:43:00,60.61,fuel,diesel,D_A0436,Bengaluru,,0
T007252,A0315,2026-02-04 12:43:00,224.32,travel,bus_ticket,D_A0315,Madurai,,0
T007253,A0410,2026-02-04 12:44:00,51.31,pharmacy,medicine,D_A0410,Chennai,,0
T007254,A0044,2026-02-04 12:46:00,147.51,clothing,clothes,D_A0044,Mumbai,,0
T007255,A0080,2026-02-04 12:59:00,28.4,grocery,groceries,D_A0080,Chennai,,0
T007256,A0252,2026-02-04 13:04:00,15.68,fuel,petrol,D_A0252,Delhi,,0
T007257,A0059,2026-02-04 13:05:00,64.4,streaming,subscription,D_A0059,Bengaluru,,0
T007258,A0273,2026-02-04 13:10:00,49.31,fuel,diesel,D_A0273,Bengaluru,,0
T007259,A0435,2026-02-04 13:10:00,242.3,travel,train_ticket,D_A0435,Bengaluru,,0
T007260,A0310,2026-02-04 13:11:00,317.85,travel,train_ticket,D_A0310,Chennai,,0
T007261,A0454,2026-02-04 13:20:00,24.16,pharmacy,medicine,D_A0454,Coimbatore,,0
T007262,A0405,2026-02-04 13:30:00,42.66,pharmacy,medicine,D_A0405,Chennai,,0
T007263,A0161,2026-02-04 13:34:00,93.03,fuel,petrol,D_A0161,Bengaluru,,0
T007264,A0084,2026-02-04 13:35:00,26.52,grocery,groceries,D_A0084,Hyderabad,,0
T007265,A0399,2026-02-04 13:37:00,77.53,pharmacy,medicine,D_A0399,Hyderabad,,0
T007266,A0380,2026-02-04 13:44:00,31.41,streaming,subscription,D_A0380,Mumbai,,0
T007267,A0210,2026-02-04 13:45:00,138.43,transfer,p2p_transfer,D_A0210,Bengaluru,PAYEE_A0210,0
T007268,A0171,2026-02-04 13:51:00,101.4,travel,bus_ticket,D_A0171,Madurai,,0
T007269,A0016,2026-02-04 13:52:00,188.43,fuel,petrol,D_FAM_12,Chennai,,0
T007270,A0114,2026-02-04 14:03:00,73.02,food,delivery,D_A0114,Mumbai,,0
T007271,A0220,2026-02-04 14:08:00,94.29,fuel,diesel,D_A0220,Coimbatore,,0
T007272,A0071,2026-02-04 14:11:00,230.93,travel,train_ticket,D_A0071,Kochi,,0
T007273,A0060,2026-02-04 14:16:00,62.76,fuel,petrol,D_A0060,Madurai,,0
T007274,A0242,2026-02-04 14:17:00,224.04,food,restaurant,D_A0242,Bengaluru,,0
T007275,A0248,2026-02-04 14:18:00,53.69,clothing,shoes,D_A0248,Mumbai,,0
T007276,A0077,2026-02-04 14:22:00,66.65,transfer,p2p_transfer,D_A0077,Madurai,PAYEE_A0077,0
T007277,A0269,2026-02-04 14:34:00,42.0,streaming,subscription,D_A0269,Coimbatore,,0
T007278,A0368,2026-02-04 14:34:00,77.78,food,delivery,D_A0368,Coimbatore,,0
T007279,A0162,2026-02-04 14:35:00,67.58,pharmacy,medicine,D_A0162,Coimbatore,,0
T007280,A0041,2026-02-04 14:35:00,90.67,clothing,clothes,D_FAM_6,Hyderabad,,0
T007281,A0451,2026-02-04 14:35:00,16.8,food,restaurant,D_FAM_12,Madurai,,0
T007282,A0114,2026-02-04 14:39:00,172.66,clothing,clothes,D_A0114,Mumbai,,0
T007283,A0343,2026-02-04 14:42:00,38.44,fuel,diesel,D_A0343,Kochi,,0
T007284,A0007,2026-02-04 14:47:00,48.79,clothing,clothes,D_A0007,Bengaluru,,0
T007285,A0045,2026-02-04 14:48:00,78.17,grocery,groceries,D_A0045,Hyderabad,,0
T007286,A0312,2026-02-04 14:48:00,106.55,grocery,groceries,D_A0312,Madurai,,0
T007287,A0159,2026-02-04 14:50:00,30.1,pharmacy,medicine,D_A0159,Delhi,,0
T007288,A0107,2026-02-04 14:51:00,51.92,fuel,diesel,D_A0107,Madurai,,0
T007289,A0333,2026-02-04 14:54:00,160.08,grocery,vegetables,D_FAM_9,Chennai,,0
T007290,A0350,2026-02-04 15:06:00,768.61,travel,bus_ticket,D_A0350,Coimbatore,,0
T007291,A0028,2026-02-04 15:06:00,131.76,travel,train_ticket,D_A0028,Bengaluru,,0
T007292,A0470,2026-02-04 15:07:00,74.78,transfer,p2p_transfer,D_A0470,Mumbai,PAYEE_A0470,0
T007293,A0407,2026-02-04 15:08:00,40.38,food,restaurant,D_A0407,Delhi,,0
T007294,A0136,2026-02-04 15:09:00,59.82,pharmacy,medicine,D_FAM_0,Chennai,,0
T007295,A0463,2026-02-04 15:13:00,18.16,streaming,subscription,D_A0463,Bengaluru,,0
T007296,A0020,2026-02-04 15:14:00,72.19,pharmacy,medicine,D_A0020,Bengaluru,,0
T007297,A0013,2026-02-04 15:19:00,53.7,fuel,petrol,D_A0013,Bengaluru,,0
T007298,A0332,2026-02-04 15:20:00,50.26,giftcards,gift_card,D_A0332,Delhi,,0
T007299,A0254,2026-02-04 15:32:00,40.43,grocery,groceries,D_A0254,Delhi,,0
T007300,A0350,2026-02-04 15:37:00,182.86,food,restaurant,D_A0350,Coimbatore,,0
T007301,A0244,2026-02-04 15:41:00,67.67,grocery,groceries,D_A0244,Coimbatore,,0
T007302,A0090,2026-02-04 15:41:00,77.98,fuel,diesel,D_A0090,Chennai,,0
T007303,A0088,2026-02-04 15:42:00,22.26,streaming,subscription,D_A0088,Chennai,,0
T007304,A0381,2026-02-04 15:48:00,82.02,fuel,diesel,D_A0381,Chennai,,0
T007305,A0230,2026-02-04 15:55:00,14.95,streaming,subscription,D_A0230,Madurai,,0
T007306,A0387,2026-02-04 15:57:00,40.54,fuel,petrol,D_A0387,Madurai,,0
T007307,A0243,2026-02-04 16:05:00,144.66,clothing,shoes,D_A0243,Delhi,,0
T007308,A0174,2026-02-04 16:07:00,83.23,clothing,shoes,D_A0174,Kochi,,0
T007309,A0409,2026-02-04 16:12:00,49.69,grocery,vegetables,D_A0409,Chennai,,0
T007310,A0419,2026-02-04 16:15:00,23.82,food,delivery,D_A0419,Delhi,,0
T007311,A0465,2026-02-04 16:16:00,111.04,transfer,p2p_transfer,D_A0465,Delhi,PAYEE_A0465,0
T007312,A0335,2026-02-04 16:17:00,33.81,food,restaurant,D_A0335,Mumbai,,0
T007313,A0355,2026-02-04 16:18:00,159.6,travel,bus_ticket,D_A0355,Kochi,,0
T007314,A0081,2026-02-04 16:28:00,153.44,travel,bus_ticket,D_A0081,Coimbatore,,0
T007315,A0465,2026-02-04 16:28:00,19.19,grocery,vegetables,D_A0465,Hyderabad,,0
T007316,A0031,2026-02-04 16:29:00,359.12,clothing,clothes,D_A0031,Coimbatore,,0
T007317,A0458,2026-02-04 16:32:00,70.87,transfer,p2p_transfer,D_FAM_9,Mumbai,PAYEE_A0458,0
T007318,A0478,2026-02-04 16:34:00,89.43,clothing,shoes,D_A0478,Hyderabad,,0
T007319,A0199,2026-02-04 16:42:00,124.81,clothing,shoes,D_A0199,Madurai,,0
T007320,A0351,2026-02-04 16:47:00,233.77,travel,train_ticket,D_A0351,Chennai,,0
T007321,A0147,2026-02-04 16:50:00,285.85,travel,bus_ticket,D_A0147,Delhi,,0
T007322,A0217,2026-02-04 16:50:00,355.62,clothing,shoes,D_A0217,Hyderabad,,0
T007323,A0038,2026-02-04 16:59:00,67.05,fuel,diesel,D_A0038,Madurai,,0
T007324,A0259,2026-02-04 16:59:00,22.69,streaming,subscription,D_A0259,Hyderabad,,0
T007325,A0114,2026-02-04 17:02:00,79.71,grocery,vegetables,D_A0114,Mumbai,,0
T007326,A0293,2026-02-04 17:04:00,95.3,fuel,diesel,D_A0293,Mumbai,,0
T007327,A0359,2026-02-04 17:05:00,67.99,fuel,petrol,D_A0359,Bengaluru,,0
T007328,A0340,2026-02-04 17:09:00,133.74,fuel,petrol,D_A0340,Madurai,,0
T007329,A0361,2026-02-04 17:13:00,35.13,streaming,subscription,D_A0361,Chennai,,0
T007330,A0323,2026-02-04 17:22:00,4.24,streaming,subscription,D_A0323,Madurai,,0
T007331,A0120,2026-02-04 17:24:00,98.46,grocery,vegetables,D_A0120,Hyderabad,,0
T007332,A0237,2026-02-04 17:32:00,21.66,streaming,subscription,D_FAM_3,Madurai,,0
T007333,A0372,2026-02-04 17:36:00,215.89,travel,train_ticket,D_A0372,Coimbatore,,0
T007334,A0261,2026-02-04 17:37:00,42.73,food,delivery,D_A0261,Delhi,,0
T007335,A0210,2026-02-04 17:41:00,222.42,travel,train_ticket,D_A0210,Chennai,,0
T007336,A0261,2026-02-04 17:45:00,95.92,travel,train_ticket,D_A0261,Delhi,,0
T007337,A0196,2026-02-04 17:50:00,153.77,grocery,groceries,D_A0196,Coimbatore,,0
T007338,A0425,2026-02-04 17:54:00,43.68,grocery,vegetables,D_A0425,Madurai,,0
T007339,A0386,2026-02-04 17:55:00,15.41,streaming,subscription,D_A0386,Coimbatore,,0
T007340,A0290,2026-02-04 17:56:00,214.41,travel,bus_ticket,D_OFF_2,Bengaluru,,0
T007341,A0319,2026-02-04 18:01:00,81.26,pharmacy,medicine,D_A0319,Madurai,,0
T007342,A0287,2026-02-04 18:14:00,41.38,fuel,petrol,D_FAM_13,Mumbai,,0
T007343,A0119,2026-02-04 18:14:00,24.8,streaming,subscription,D_A0119,Madurai,,0
T007344,A0448,2026-02-04 18:18:00,51.51,streaming,subscription,D_A0448,Madurai,,0
T007345,A0321,2026-02-04 18:20:00,158.09,clothing,shoes,D_A0321,Mumbai,,0
T007346,A0249,2026-02-04 18:22:00,36.39,giftcards,gift_card,D_A0249,Kochi,,0
T007347,A0101,2026-02-04 18:22:00,71.74,pharmacy,medicine,D_A0101,Mumbai,,0
T007348,A0122,2026-02-04 18:31:00,139.38,transfer,p2p_transfer,D_A0122,Chennai,PAYEE_A0122,0
T007349,A0147,2026-02-04 18:31:00,100.61,fuel,diesel,D_A0147,Hyderabad,,0
T007350,A0339,2026-02-04 18:33:00,54.03,pharmacy,medicine,D_A0339,Coimbatore,,0
T007351,A0310,2026-02-04 18:34:00,67.2,food,delivery,D_A0310,Chennai,,0
T007352,A0387,2026-02-04 18:34:00,752.05,electronics,phone,D_A0387,Madurai,,0
T007353,A0208,2026-02-04 18:39:00,85.12,travel,train_ticket,D_A0208,Hyderabad,,0
T007354,A0229,2026-02-04 18:44:00,139.2,grocery,vegetables,D_A0229,Bengaluru,,0
T007355,A0456,2026-02-04 18:52:00,42.75,transfer,p2p_transfer,D_A0456,Mumbai,PAYEE_A0456,0
T007356,A0318,2026-02-04 19:03:00,699.47,electronics,laptop,D_A0318,Bengaluru,,0
T007357,A0465,2026-02-04 19:03:00,239.96,travel,bus_ticket,D_A0465,Delhi,,0
T007358,A0031,2026-02-04 19:09:00,44.6,pharmacy,medicine,D_OFF_2,Coimbatore,,0
T007359,A0248,2026-02-04 19:24:00,51.92,clothing,clothes,D_A0248,Mumbai,,0
T007360,A0144,2026-02-04 19:25:00,62.99,grocery,vegetables,D_A0144,Madurai,,0
T007361,A0305,2026-02-04 19:27:00,19.66,streaming,subscription,D_A0305,Mumbai,,0
T007362,A0220,2026-02-04 19:28:00,116.64,clothing,shoes,D_A0220,Coimbatore,,0
T007363,A0489,2026-02-04 19:40:00,23.3,pharmacy,medicine,D_A0489,Chennai,,0
T007364,A0115,2026-02-04 19:46:00,406.44,travel,train_ticket,D_A0115,Kochi,,0
T007365,A0052,2026-02-04 19:58:00,60.14,fuel,diesel,D_A0052,Bengaluru,,0
T007366,A0084,2026-02-04 20:08:00,30.33,grocery,vegetables,D_A0084,Delhi,,0
T007367,A0012,2026-02-04 20:12:00,36.59,food,delivery,D_A0012,Chennai,,0
T007368,A0065,2026-02-04 20:16:00,138.02,travel,bus_ticket,D_A0065,Madurai,,0
T007369,A0146,2026-02-04 20:17:00,21.23,food,delivery,D_A0146,Mumbai,,0
T007370,A0478,2026-02-04 20:37:00,80.03,grocery,groceries,D_A0478,Madurai,,0
T007371,A0132,2026-02-04 20:49:00,42.07,food,delivery,D_A0132,Delhi,,0
T007372,A0100,2026-02-04 20:53:00,25.06,streaming,subscription,D_A0100,Hyderabad,,0
T007373,A0452,2026-02-04 22:05:00,127.8,travel,train_ticket,D_A0452,Madurai,,0
T007374,A0390,2026-02-04 22:57:00,95.8,travel,bus_ticket,D_A0390,Mumbai,,0
T007375,A0398,2026-02-04 23:21:00,288.48,travel,train_ticket,D_OFF_1,Kochi,,0
T007376,A0376,2026-02-04 23:25:00,155.91,pharmacy,medicine,D_A0376,Hyderabad,,0
T007377,A0490,2026-02-04 23:50:00,35.9,fuel,diesel,D_A0490,Hyderabad,,0
T007378,A0096,2026-02-05 07:00:00,134.19,clothing,clothes,D_A0096,Hyderabad,,0
T007379,A0368,2026-02-05 07:01:00,55.22,food,restaurant,D_A0368,Coimbatore,,0
T007380,A0437,2026-02-05 07:04:00,104.73,fuel,diesel,D_FAM_3,Kochi,,0
T007381,A0141,2026-02-05 07:04:00,141.24,clothing,clothes,D_FAM_2,Kochi,,0
T007382,A0176,2026-02-05 07:11:00,18.59,pharmacy,medicine,D_A0176,Coimbatore,,0
T007383,A0486,2026-02-05 07:13:00,125.8,food,delivery,D_A0486,Mumbai,,0
T007384,A0435,2026-02-05 07:33:00,253.12,travel,train_ticket,D_A0435,Coimbatore,,0
T007385,A0277,2026-02-05 07:39:00,100.89,clothing,clothes,D_A0277,Delhi,,0
T007386,A0208,2026-02-05 07:50:00,226.77,travel,bus_ticket,D_A0208,Hyderabad,,0
T007387,A0417,2026-02-05 08:05:00,66.37,food,restaurant,D_A0417,Madurai,,0
T007388,A0114,2026-02-05 08:21:00,38.63,food,delivery,D_A0114,Mumbai,,0
T007389,A0478,2026-02-05 08:25:00,132.43,clothing,clothes,D_A0478,Hyderabad,,0
T007390,A0329,2026-02-05 09:16:00,216.07,travel,train_ticket,D_A0329,Kochi,,0
T007391,A0185,2026-02-05 09:17:00,244.5,grocery,vegetables,D_A0185,Bengaluru,,0
T007392,A0452,2026-02-05 09:20:00,56.92,pharmacy,medicine,D_A0452,Madurai,,0
T007393,A0248,2026-02-05 09:24:00,69.82,clothing,clothes,D_A0248,Coimbatore,,0
T007394,A0333,2026-02-05 09:26:00,79.89,pharmacy,medicine,D_FAM_9,Bengaluru,,0
T007395,A0119,2026-02-05 09:27:00,202.4,clothing,shoes,D_A0119,Madurai,,0
T007396,A0483,2026-02-05 09:27:00,15.95,streaming,subscription,D_A0483,Delhi,,0
T007397,A0415,2026-02-05 09:34:00,23.27,streaming,subscription,D_A0415,Kochi,,0
T007398,A0132,2026-02-05 09:39:00,88.64,food,delivery,D_A0132,Delhi,,0
T007399,A0317,2026-02-05 09:49:00,28.45,pharmacy,medicine,D_OFF_0,Hyderabad,,0
T007400,A0217,2026-02-05 09:52:00,75.45,food,delivery,D_A0217,Chennai,,0
T007401,A0461,2026-02-05 09:54:00,58.25,food,restaurant,D_FAM_0,Madurai,,0
T007402,A0477,2026-02-05 09:56:00,341.54,clothing,shoes,D_A0477,Hyderabad,,0
T007403,A0139,2026-02-05 10:06:00,138.65,clothing,shoes,D_FAM_7,Hyderabad,,0
T007404,A0432,2026-02-05 10:06:00,105.07,travel,train_ticket,D_FAM_14,Kochi,,0
T007405,A0447,2026-02-05 10:18:00,50.78,food,restaurant,D_A0447,Hyderabad,,0
T007406,A0026,2026-02-05 10:19:00,188.61,travel,train_ticket,D_A0026,Chennai,,0
T007407,A0381,2026-02-05 10:22:00,148.86,fuel,petrol,D_A0381,Chennai,,0
T007408,A0014,2026-02-05 10:36:00,54.33,fuel,petrol,D_FAM_2,Coimbatore,,0
T007409,A0375,2026-02-05 10:40:00,382.63,travel,bus_ticket,D_A0375,Hyderabad,,0
T007410,A0117,2026-02-05 10:41:00,49.73,food,delivery,D_A0117,Bengaluru,,0
T007411,A0427,2026-02-05 10:43:00,55.03,fuel,petrol,D_A0427,Coimbatore,,0
T007412,A0307,2026-02-05 10:48:00,300.07,travel,train_ticket,D_A0307,Mumbai,,0
T007413,A0355,2026-02-05 11:01:00,129.34,travel,bus_ticket,D_A0355,Kochi,,0
T007414,A0321,2026-02-05 11:03:00,26.72,streaming,subscription,D_A0321,Mumbai,,0
T007415,A0227,2026-02-05 11:08:00,61.14,food,delivery,D_A0227,Mumbai,,0
T007416,A0172,2026-02-05 11:10:00,128.86,clothing,shoes,D_A0172,Hyderabad,,0
T007417,A0149,2026-02-05 11:15:00,89.46,grocery,vegetables,D_A0149,Madurai,,0
T007418,A0192,2026-02-05 11:19:00,104.72,grocery,vegetables,D_A0192,Madurai,,0
T007419,A0302,2026-02-05 11:20:00,7.96,streaming,subscription,D_A0302,Kochi,,0
T007420,A0470,2026-02-05 11:26:00,56.1,giftcards,gift_card,D_A0470,Mumbai,,0
T007421,A0269,2026-02-05 11:27:00,36.75,streaming,subscription,D_A0269,Coimbatore,,0
T007422,A0240,2026-02-05 11:31:00,53.15,fuel,diesel,D_FAM_11,Bengaluru,,0
T007423,A0436,2026-02-05 11:38:00,31.95,streaming,subscription,D_A0436,Bengaluru,,0
T007424,A0143,2026-02-05 11:40:00,62.8,clothing,shoes,D_A0143,Kochi,,0
T007425,A0251,2026-02-05 11:45:00,21.11,pharmacy,medicine,D_A0251,Chennai,,0
T007426,A0298,2026-02-05 11:46:00,94.53,grocery,groceries,D_A0298,Chennai,,0
T007427,A0002,2026-02-05 11:52:00,12.8,streaming,subscription,D_A0002,Delhi,,0
T007428,A0306,2026-02-05 11:55:00,94.94,clothing,clothes,D_A0306,Chennai,,0
T007429,A0398,2026-02-05 12:03:00,78.71,streaming,subscription,D_OFF_1,Kochi,,0
T007430,A0042,2026-02-05 12:03:00,74.5,transfer,p2p_transfer,D_A0042,Kochi,PAYEE_A0042,0
T007431,A0227,2026-02-05 12:08:00,82.54,grocery,vegetables,D_A0227,Madurai,,0
T007432,A0213,2026-02-05 12:10:00,78.99,food,delivery,D_A0213,Coimbatore,,0
T007433,A0251,2026-02-05 12:10:00,8.77,streaming,subscription,D_A0251,Chennai,,0
T007434,A0230,2026-02-05 12:12:00,9.4,streaming,subscription,D_A0230,Madurai,,0
T007435,A0256,2026-02-05 12:12:00,168.25,grocery,vegetables,D_A0256,Coimbatore,,0
T007436,A0379,2026-02-05 12:12:00,29.58,fuel,petrol,D_A0379,Chennai,,0
T007437,A0479,2026-02-05 12:16:00,61.04,grocery,groceries,D_A0479,Chennai,,0
T007438,A0164,2026-02-05 12:17:00,11.49,streaming,subscription,D_A0164,Madurai,,0
T007439,A0193,2026-02-05 12:24:00,144.74,pharmacy,medicine,D_A0193,Kochi,,0
T007440,A0014,2026-02-05 12:31:00,39.28,grocery,groceries,D_FAM_2,Coimbatore,,0
T007441,A0463,2026-02-05 12:33:00,48.45,streaming,subscription,D_A0463,Bengaluru,,0
T007442,A0092,2026-02-05 12:36:00,67.97,grocery,groceries,D_A0092,Chennai,,0
T007443,A0287,2026-02-05 12:38:00,25.96,food,restaurant,D_FAM_13,Mumbai,,0
T007444,A0054,2026-02-05 12:39:00,61.84,transfer,p2p_transfer,D_A0054,Chennai,PAYEE_A0054,0
T007445,A0141,2026-02-05 12:39:00,17.54,streaming,subscription,D_FAM_2,Kochi,,0
T007446,A0395,2026-02-05 12:41:00,63.58,pharmacy,medicine,D_A0395,Chennai,,0
T007447,A0249,2026-02-05 12:42:00,76.76,travel,train_ticket,D_A0249,Kochi,,0
T007448,A0034,2026-02-05 12:48:00,13.09,pharmacy,medicine,D_FAM_10,Bengaluru,,0
T007449,A0188,2026-02-05 12:49:00,27.36,food,delivery,D_A0188,Chennai,,0
T007450,A0049,2026-02-05 12:52:00,110.6,fuel,diesel,D_FAM_8,Coimbatore,,0
T007451,A0484,2026-02-05 12:55:00,55.67,fuel,petrol,D_A0484,Bengaluru,,0
T007452,A0337,2026-02-05 12:55:00,74.24,streaming,subscription,D_A0337,Madurai,,0
T007453,A0477,2026-02-05 12:55:00,195.25,clothing,shoes,D_A0477,Hyderabad,,0
T007454,A0184,2026-02-05 13:02:00,12.73,streaming,subscription,D_A0184,Coimbatore,,0
T007455,A0111,2026-02-05 13:04:00,194.32,travel,bus_ticket,D_A0111,Chennai,,0
T007456,A0349,2026-02-05 13:07:00,121.42,food,delivery,D_A0349,Bengaluru,,0
T007457,A0410,2026-02-05 13:09:00,182.73,travel,bus_ticket,D_A0410,Mumbai,,0
T007458,A0068,2026-02-05 13:10:00,77.99,pharmacy,medicine,D_A0068,Madurai,,0
T007459,A0345,2026-02-05 13:10:00,19.66,streaming,subscription,D_A0345,Hyderabad,,0
T007460,A0409,2026-02-05 13:15:00,51.74,grocery,vegetables,D_A0409,Chennai,,0
T007461,A0350,2026-02-05 13:18:00,160.01,food,restaurant,D_A0350,Coimbatore,,0
T007462,A0034,2026-02-05 13:19:00,33.37,travel,train_ticket,D_FAM_10,Bengaluru,,0
T007463,A0041,2026-02-05 13:21:00,13.3,streaming,subscription,D_FAM_6,Hyderabad,,0
T007464,A0210,2026-02-05 13:23:00,35.12,food,restaurant,D_A0210,Bengaluru,,0
T007465,A0461,2026-02-05 13:29:00,62.66,pharmacy,medicine,D_FAM_0,Madurai,,0
T007466,A0331,2026-02-05 13:30:00,43.52,fuel,petrol,D_A0331,Bengaluru,,0
T007467,A0100,2026-02-05 13:33:00,75.08,grocery,vegetables,D_A0100,Kochi,,0
T007468,A0122,2026-02-05 13:38:00,69.08,pharmacy,medicine,D_A0122,Chennai,,0
T007469,A0344,2026-02-05 13:41:00,132.82,travel,bus_ticket,D_A0344,Kochi,,0
T007470,A0446,2026-02-05 13:42:00,109.26,fuel,diesel,D_A0446,Madurai,,0
T007471,A0096,2026-02-05 13:44:00,151.75,clothing,clothes,D_A0096,Hyderabad,,0
T007472,A0245,2026-02-05 13:44:00,80.52,clothing,shoes,D_A0245,Mumbai,,0
T007473,A0461,2026-02-05 13:48:00,39.0,pharmacy,medicine,D_FAM_0,Delhi,,0
T007474,A0089,2026-02-05 13:50:00,94.48,pharmacy,medicine,D_A0089,Hyderabad,,0
T007475,A0456,2026-02-05 13:52:00,76.36,fuel,petrol,D_A0456,Mumbai,,0
T007476,A0472,2026-02-05 13:54:00,158.18,clothing,shoes,D_A0472,Madurai,,0
T007477,A0484,2026-02-05 13:59:00,81.0,fuel,diesel,D_A0484,Bengaluru,,0
T007478,A0391,2026-02-05 14:00:00,27.63,grocery,groceries,D_A0391,Kochi,,0
T007479,A0456,2026-02-05 14:09:00,110.42,travel,bus_ticket,D_A0456,Mumbai,,0
T007480,A0276,2026-02-05 14:20:00,16.01,food,restaurant,D_A0276,Delhi,,0
T007481,A0330,2026-02-05 14:22:00,67.69,transfer,p2p_transfer,D_A0330,Coimbatore,PAYEE_A0330,0
T007482,A0058,2026-02-05 14:23:00,126.6,clothing,shoes,D_A0058,Delhi,,0
T007483,A0371,2026-02-05 14:27:00,39.47,pharmacy,medicine,D_A0371,Madurai,,0
T007484,A0132,2026-02-05 14:31:00,351.26,travel,bus_ticket,D_A0132,Delhi,,0
T007485,A0358,2026-02-05 14:32:00,144.06,clothing,shoes,D_A0358,Madurai,,0
T007486,A0137,2026-02-05 14:35:00,378.91,travel,bus_ticket,D_FAM_13,Hyderabad,,0
T007487,A0175,2026-02-05 14:35:00,67.24,food,restaurant,D_FAM_7,Chennai,,0
T007488,A0175,2026-02-05 14:39:00,301.39,travel,train_ticket,D_FAM_7,Chennai,,0
T007489,A0068,2026-02-05 14:41:00,88.27,pharmacy,medicine,D_A0068,Madurai,,0
T007490,A0322,2026-02-05 14:43:00,92.76,transfer,p2p_transfer,D_A0322,Madurai,PAYEE_A0322,0
T007491,A0173,2026-02-05 14:44:00,94.39,fuel,diesel,D_A0173,Bengaluru,,0
T007492,A0478,2026-02-05 14:45:00,62.58,grocery,vegetables,D_A0478,Hyderabad,,0
T007493,A0165,2026-02-05 14:45:00,32.73,pharmacy,medicine,D_A0165,Madurai,,0
T007494,A0174,2026-02-05 14:47:00,66.98,clothing,shoes,D_A0174,Kochi,,0
T007495,A0380,2026-02-05 14:58:00,351.98,travel,bus_ticket,D_A0380,Mumbai,,0
T007496,A0159,2026-02-05 14:59:00,39.05,food,delivery,D_A0159,Delhi,,0
T007497,A0280,2026-02-05 15:03:00,76.44,pharmacy,medicine,D_A0280,Coimbatore,,0
T007498,A0227,2026-02-05 15:08:00,47.54,food,restaurant,D_A0227,Madurai,,0
T007499,A0295,2026-02-05 15:12:00,44.84,fuel,petrol,D_A0295,Madurai,,0
T007500,A0082,2026-02-05 15:18:00,34.66,pharmacy,medicine,D_A0082,Delhi,,0
T007501,A0163,2026-02-05 15:24:00,28.39,food,restaurant,D_FAM_5,Chennai,,0
T007502,A0445,2026-02-05 15:26:00,48.55,food,delivery,D_A0445,Coimbatore,,0
T007503,A0084,2026-02-05 15:34:00,3.57,streaming,subscription,D_A0084,Hyderabad,,0
T007504,A0494,2026-02-05 15:44:00,22.41,streaming,subscription,D_A0494,Delhi,,0
T007505,A0205,2026-02-05 15:47:00,192.0,travel,train_ticket,D_A0205,Hyderabad,,0
T007506,A0347,2026-02-05 15:48:00,152.29,clothing,clothes,D_A0347,Chennai,,0
T007507,A0039,2026-02-05 15:48:00,20.4,food,restaurant,D_A0039,Madurai,,0
T007508,A0213,2026-02-05 15:49:00,63.83,food,restaurant,D_A0213,Coimbatore,,0
T007509,A0119,2026-02-05 15:52:00,233.18,clothing,clothes,D_A0119,Madurai,,0
T007510,A0464,2026-02-05 15:54:00,27.81,pharmacy,medicine,D_A0464,Hyderabad,,0
T007511,A0172,2026-02-05 16:01:00,84.11,fuel,petrol,D_A0172,Hyderabad,,0
T007512,A0436,2026-02-05 16:05:00,50.84,pharmacy,medicine,D_A0436,Bengaluru,,0
T007513,A0332,2026-02-05 16:06:00,46.03,grocery,vegetables,D_A0332,Delhi,,0
T007514,A0150,2026-02-05 16:06:00,115.47,travel,bus_ticket,D_A0150,Mumbai,,0
T007515,A0447,2026-02-05 16:09:00,44.03,grocery,groceries,D_A0447,Hyderabad,,0
T007516,A0021,2026-02-05 16:11:00,53.48,fuel,diesel,D_A0021,Kochi,,0
T007517,A0358,2026-02-05 16:12:00,99.11,clothing,clothes,D_A0358,Madurai,,0
T007518,A0252,2026-02-05 16:13:00,46.1,travel,train_ticket,D_A0252,Delhi,,0
T007519,A0047,2026-02-05 16:17:00,45.23,transfer,p2p_transfer,D_A0047,Coimbatore,PAYEE_A0047,0
T007520,A0062,2026-02-05 16:19:00,83.45,pharmacy,medicine,D_A0062,Madurai,,0
T007521,A0469,2026-02-05 16:19:00,15.09,streaming,subscription,D_A0469,Delhi,,0
T007522,A0293,2026-02-05 16:20:00,52.98,pharmacy,medicine,D_A0293,Mumbai,,0
T007523,A0463,2026-02-05 16:22:00,432.51,travel,bus_ticket,D_A0463,Bengaluru,,0
T007524,A0145,2026-02-05 16:22:00,31.89,streaming,subscription,D_A0145,Coimbatore,,0
T007525,A0201,2026-02-05 16:24:00,7.74,streaming,subscription,D_A0201,Coimbatore,,0
T007526,A0362,2026-02-05 16:31:00,26.15,pharmacy,medicine,D_A0362,Delhi,,0
T007527,A0324,2026-02-05 16:31:00,52.14,grocery,groceries,D_A0324,Mumbai,,0
T007528,A0290,2026-02-05 16:35:00,72.79,food,restaurant,D_OFF_2,Bengaluru,,0
T007529,A0118,2026-02-05 16:40:00,61.6,pharmacy,medicine,D_A0118,Hyderabad,,0
T007530,A0225,2026-02-05 16:42:00,25.96,grocery,vegetables,D_A0225,Bengaluru,,0
T007531,A0331,2026-02-05 16:48:00,59.19,clothing,clothes,D_A0331,Bengaluru,,0
T007532,A0221,2026-02-05 16:59:00,10.61,streaming,subscription,D_A0221,Mumbai,,0
T007533,A0468,2026-02-05 17:00:00,34.79,food,delivery,D_A0468,Chennai,,0
T007534,A0440,2026-02-05 17:02:00,102.65,clothing,shoes,D_OFF_2,Madurai,,0
T007535,A0446,2026-02-05 17:03:00,402.94,travel,train_ticket,D_A0446,Madurai,,0
T007536,A0424,2026-02-05 17:03:00,46.49,pharmacy,medicine,D_A0424,Mumbai,,0
T007537,A0483,2026-02-05 17:06:00,40.88,fuel,petrol,D_A0483,Delhi,,0
T007538,A0098,2026-02-05 17:17:00,11.46,streaming,subscription,D_A0098,Bengaluru,,0
T007539,A0208,2026-02-05 17:17:00,39.9,giftcards,gift_card,D_A0208,Hyderabad,,0
T007540,A0103,2026-02-05 17:20:00,15.83,streaming,subscription,D_A0103,Delhi,,0
T007541,A0087,2026-02-05 17:21:00,167.11,pharmacy,medicine,D_A0087,Madurai,,0
T007542,A0147,2026-02-05 17:22:00,162.44,travel,bus_ticket,D_A0147,Delhi,,0
T007543,A0372,2026-02-05 17:28:00,59.1,pharmacy,medicine,D_A0372,Coimbatore,,0
T007544,A0097,2026-02-05 17:34:00,48.67,fuel,petrol,D_FAM_1,Delhi,,0
T007545,A0185,2026-02-05 17:35:00,203.53,grocery,vegetables,D_A0185,Chennai,,0
T007546,A0350,2026-02-05 17:36:00,475.59,travel,train_ticket,D_A0350,Kochi,,0
T007547,A0009,2026-02-05 17:36:00,88.26,pharmacy,medicine,D_A0009,Mumbai,,0
T007548,A0174,2026-02-05 17:37:00,163.82,travel,train_ticket,D_A0174,Kochi,,0
T007549,A0030,2026-02-05 17:39:00,129.39,transfer,p2p_transfer,D_A0030,Hyderabad,PAYEE_A0030,0
T007550,A0221,2026-02-05 17:41:00,30.01,pharmacy,medicine,D_A0221,Bengaluru,,0
T007551,A0357,2026-02-05 17:42:00,28.87,food,delivery,D_A0357,Kochi,,0
T007552,A0365,2026-02-05 17:47:00,101.42,grocery,groceries,D_A0365,Bengaluru,,0
T007553,A0066,2026-02-05 17:59:00,98.85,grocery,vegetables,D_A0066,Bengaluru,,0
T007554,A0153,2026-02-05 18:04:00,41.1,pharmacy,medicine,D_A0153,Madurai,,0
T007555,A0134,2026-02-05 18:10:00,35.55,pharmacy,medicine,D_A0134,Coimbatore,,0
T007556,A0010,2026-02-05 18:22:00,22.98,clothing,shoes,D_A0010,Delhi,,0
T007557,A0130,2026-02-05 18:29:00,67.5,clothing,shoes,D_A0130,Mumbai,,0
T007558,A0355,2026-02-05 18:31:00,20.92,streaming,subscription,D_A0355,Kochi,,0
T007559,A0144,2026-02-05 18:33:00,230.58,travel,train_ticket,D_A0144,Madurai,,0
T007560,A0220,2026-02-05 18:33:00,23.13,food,delivery,D_A0220,Coimbatore,,0
T007561,A0011,2026-02-05 18:34:00,43.65,pharmacy,medicine,D_A0011,Delhi,,0
T007562,A0261,2026-02-05 18:42:00,83.89,clothing,clothes,D_A0261,Delhi,,0
T007563,A0128,2026-02-05 18:45:00,48.33,food,restaurant,D_A0128,Madurai,,0
T007564,A0208,2026-02-05 18:48:00,60.65,fuel,diesel,D_A0208,Hyderabad,,0
T007565,A0068,2026-02-05 18:50:00,374.49,travel,bus_ticket,D_A0068,Madurai,,0
T007566,A0206,2026-02-05 18:57:00,687.7,travel,train_ticket,D_A0206,Hyderabad,,0
T007567,A0142,2026-02-05 19:00:00,34.26,grocery,groceries,D_A0142,Madurai,,0
T007568,A0437,2026-02-05 19:02:00,157.43,travel,bus_ticket,D_FAM_3,Kochi,,0
T007569,A0195,2026-02-05 19:06:00,21.53,fuel,petrol,D_FAM_11,Kochi,,0
T007570,A0488,2026-02-05 19:09:00,47.27,food,delivery,D_A0488,Kochi,,0
T007571,A0456,2026-02-05 19:21:00,60.43,fuel,diesel,D_A0456,Mumbai,,0
T007572,A0347,2026-02-05 19:23:00,41.16,pharmacy,medicine,D_A0347,Chennai,,0
T007573,A0102,2026-02-05 19:27:00,69.4,clothing,shoes,D_FAM_7,Chennai,,0
T007574,A0313,2026-02-05 19:31:00,10.77,streaming,subscription,D_A0313,Chennai,,0
T007575,R001,2026-02-05 19:40:00,126.35,giftcards,gift_card,D_RING_3,Delhi,,1
T007576,R001,2026-02-05 19:47:00,167.03,prepaid,prepaid_card,D_RING_3,Delhi,,1
T007577,A0004,2026-02-05 19:50:00,28.7,pharmacy,medicine,D_A0004,Chennai,,0
T007578,R001,2026-02-05 19:54:00,157.09,digital_goods,game_credits,D_RING_3,Delhi,,1
T007579,A0411,2026-02-05 19:58:00,227.86,travel,bus_ticket,D_A0411,Kochi,,0
T007580,A0283,2026-02-05 20:01:00,7.4,streaming,subscription,D_A0283,Kochi,,0
T007581,R001,2026-02-05 20:10:00,359.69,transfer,p2p_transfer,D_RING_1,Delhi,PAYOUT_X,1
T007582,A0022,2026-02-05 20:10:00,22.8,clothing,clothes,D_FAM_5,Madurai,,0
T007583,A0390,2026-02-05 20:31:00,46.02,food,delivery,D_A0390,Chennai,,0
T007584,A0298,2026-02-05 20:45:00,67.62,grocery,vegetables,D_A0298,Chennai,,0
T007585,A0244,2026-02-05 20:52:00,103.34,grocery,vegetables,D_A0244,Coimbatore,,0
T007586,A0304,2026-02-05 21:32:00,44.27,grocery,groceries,D_A0304,Hyderabad,,0
T007587,A0493,2026-02-05 22:28:00,292.91,transfer,p2p_transfer,D_A0493,Coimbatore,PAYEE_A0493,0
T007588,A0484,2026-02-05 23:06:00,34.05,streaming,subscription,D_A0484,Bengaluru,,0
T007589,A0239,2026-02-05 23:20:00,42.46,fuel,petrol,D_A0239,Coimbatore,,0
T007590,A0359,2026-02-05 23:23:00,36.07,grocery,groceries,D_A0359,Bengaluru,,0
T007591,A0435,2026-02-05 23:31:00,13.96,streaming,subscription,D_A0435,Coimbatore,,0
T007592,A0403,2026-02-05 23:43:00,11.99,streaming,subscription,D_A0403,Bengaluru,,0
T007593,A0345,2026-02-05 23:53:00,12.51,streaming,subscription,D_A0345,Bengaluru,,0
T007594,A0083,2026-02-06 01:17:00,3149.96,travel,phone,D_STOLEN_36,Delhi,,1
T007595,A0249,2026-02-06 01:29:00,506.8,giftcards,gift_card,D_STOLEN_6,Hyderabad,,1
T007596,A0083,2026-02-06 01:29:00,1955.71,travel,phone,D_STOLEN_36,Delhi,,1
T007597,A0249,2026-02-06 01:41:00,471.23,giftcards,phone,D_STOLEN_6,Hyderabad,,1
T007598,A0083,2026-02-06 01:41:00,1617.55,travel,gift_card,D_STOLEN_36,Delhi,,1
T007599,A0249,2026-02-06 01:53:00,309.53,travel,phone,D_STOLEN_6,Hyderabad,,1
T007600,A0046,2026-02-06 07:04:00,32.51,pharmacy,medicine,D_A0046,Kochi,,0
T007601,A0488,2026-02-06 07:13:00,49.44,food,delivery,D_A0488,Kochi,,0
T007602,A0480,2026-02-06 07:18:00,241.32,clothing,shoes,D_FAM_6,Kochi,,0
T007603,A0445,2026-02-06 07:26:00,158.24,travel,train_ticket,D_A0445,Chennai,,0
T007604,A0126,2026-02-06 07:30:00,400.22,transfer,p2p_transfer,D_A0126,Chennai,PAYEE_A0126,0
T007605,A0170,2026-02-06 07:31:00,59.08,grocery,vegetables,D_A0170,Kochi,,0
T007606,A0150,2026-02-06 07:31:00,18.37,grocery,vegetables,D_A0150,Mumbai,,0
T007607,A0186,2026-02-06 07:31:00,43.47,fuel,diesel,D_A0186,Kochi,,0
T007608,A0278,2026-02-06 07:34:00,84.05,food,delivery,D_A0278,Madurai,,0
T007609,A0337,2026-02-06 07:35:00,107.78,grocery,vegetables,D_A0337,Coimbatore,,0
T007610,A0188,2026-02-06 07:47:00,118.91,travel,train_ticket,D_A0188,Chennai,,0
T007611,A0107,2026-02-06 07:49:00,58.59,fuel,petrol,D_A0107,Madurai,,0
T007612,A0012,2026-02-06 07:52:00,88.27,fuel,diesel,D_A0012,Chennai,,0
T007613,A0370,2026-02-06 07:54:00,50.81,giftcards,gift_card,D_A0370,Delhi,,0
T007614,A0293,2026-02-06 07:59:00,212.84,travel,bus_ticket,D_A0293,Mumbai,,0
T007615,A0119,2026-02-06 08:07:00,219.87,travel,bus_ticket,D_A0119,Madurai,,0
T007616,A0420,2026-02-06 08:11:00,120.0,fuel,petrol,D_OFF_0,Madurai,,0
T007617,A0041,2026-02-06 08:13:00,28.31,food,delivery,D_FAM_6,Hyderabad,,0
T007618,A0119,2026-02-06 08:30:00,154.08,clothing,clothes,D_A0119,Madurai,,0
T007619,A0187,2026-02-06 08:37:00,10.37,streaming,subscription,D_A0187,Bengaluru,,0
T007620,A0251,2026-02-06 08:37:00,9.25,streaming,subscription,D_A0251,Chennai,,0
T007621,A0131,2026-02-06 08:55:00,71.78,pharmacy,medicine,D_A0131,Bengaluru,,0
T007622,A0006,2026-02-06 09:04:00,57.72,pharmacy,medicine,D_FAM_7,Coimbatore,,0
T007623,A0029,2026-02-06 09:08:00,59.59,giftcards,gift_card,D_A0029,Hyderabad,,0
T007624,A0026,2026-02-06 09:13:00,15.94,pharmacy,medicine,D_A0026,Chennai,,0
T007625,A0110,2026-02-06 09:19:00,49.56,grocery,groceries,D_A0110,Delhi,,0
T007626,A0317,2026-02-06 09:19:00,65.66,grocery,vegetables,D_OFF_0,Hyderabad,,0
T007627,A0274,2026-02-06 09:22:00,61.29,food,restaurant,D_A0274,Madurai,,0
T007628,A0245,2026-02-06 09:22:00,82.41,grocery,groceries,D_A0245,Mumbai,,0
T007629,A0047,2026-02-06 09:26:00,15.57,food,delivery,D_A0047,Kochi,,0
T007630,A0490,2026-02-06 09:31:00,39.27,grocery,groceries,D_A0490,Bengaluru,,0
T007631,A0142,2026-02-06 09:33:00,50.63,grocery,vegetables,D_A0142,Madurai,,0
T007632,A0359,2026-02-06 09:34:00,67.57,fuel,diesel,D_A0359,Bengaluru,,0
T007633,A0483,2026-02-06 09:39:00,41.62,fuel,petrol,D_A0483,Delhi,,0
T007634,A0001,2026-02-06 09:40:00,47.43,food,restaurant,D_A0001,Kochi,,0
T007635,A0046,2026-02-06 09:57:00,21.37,streaming,subscription,D_A0046,Kochi,,0
T007636,A0405,2026-02-06 10:01:00,78.38,pharmacy,medicine,D_A0405,Kochi,,0
T007637,A0045,2026-02-06 10:01:00,107.45,fuel,diesel,D_A0045,Madurai,,0
T007638,A0241,2026-02-06 10:04:00,42.03,clothing,clothes,D_A0241,Hyderabad,,0
T007639,A0220,2026-02-06 10:07:00,28.76,food,delivery,D_A0220,Coimbatore,,0
T007640,A0486,2026-02-06 10:07:00,135.91,food,delivery,D_A0486,Mumbai,,0
T007641,A0286,2026-02-06 10:19:00,44.1,pharmacy,medicine,D_FAM_10,Hyderabad,,0
T007642,A0417,2026-02-06 10:20:00,252.86,travel,train_ticket,D_A0417,Madurai,,0
T007643,A0143,2026-02-06 10:29:00,48.23,clothing,clothes,D_A0143,Kochi,,0
T007644,A0037,2026-02-06 10:30:00,41.86,streaming,subscription,D_A0037,Madurai,,0
T007645,A0352,2026-02-06 10:34:00,7.38,food,restaurant,D_A0352,Hyderabad,,0
T007646,A0192,2026-02-06 10:36:00,123.46,grocery,vegetables,D_A0192,Madurai,,0
T007647,A0398,2026-02-06 10:46:00,92.56,food,delivery,D_OFF_1,Kochi,,0
T007648,A0237,2026-02-06 10:50:00,14.05,streaming,subscription,D_FAM_3,Madurai,,0
T007649,A0211,2026-02-06 10:50:00,345.88,travel,bus_ticket,D_A0211,Bengaluru,,0
T007650,A0386,2026-02-06 10:59:00,8.43,streaming,subscription,D_A0386,Coimbatore,,0
T007651,A0029,2026-02-06 11:03:00,13.07,streaming,subscription,D_A0029,Hyderabad,,0
T007652,A0281,2026-02-06 11:04:00,194.57,travel,train_ticket,D_A0281,Coimbatore,,0
T007653,A0074,2026-02-06 11:11:00,170.28,clothing,clothes,D_A0074,Hyderabad,,0
T007654,A0112,2026-02-06 11:16:00,13.3,streaming,subscription,D_A0112,Delhi,,0
T007655,A0335,2026-02-06 11:17:00,28.9,food,restaurant,D_A0335,Mumbai,,0
T007656,A0356,2026-02-06 11:19:00,140.62,clothing,clothes,D_A0356,Bengaluru,,0
T007657,A0352,2026-02-06 11:24:00,7.32,food,delivery,D_A0352,Bengaluru,,0
T007658,A0484,2026-02-06 11:26:00,69.48,fuel,petrol,D_A0484,Bengaluru,,0
T007659,A0269,2026-02-06 11:26:00,144.35,fuel,petrol,D_A0269,Kochi,,0
T007660,A0095,2026-02-06 11:27:00,304.73,clothing,clothes,D_A0095,Mumbai,,0
T007661,A0026,2026-02-06 11:32:00,29.35,pharmacy,medicine,D_A0026,Chennai,,0
T007662,A0345,2026-02-06 11:36:00,73.2,grocery,vegetables,D_A0345,Bengaluru,,0
T007663,A0499,2026-02-06 11:39:00,52.16,pharmacy,medicine,D_A0499,Coimbatore,,0
T007664,A0229,2026-02-06 11:44:00,110.85,pharmacy,medicine,D_A0229,Bengaluru,,0
T007665,A0342,2026-02-06 11:47:00,118.55,travel,bus_ticket,D_A0342,Hyderabad,,0
T007666,A0321,2026-02-06 11:49:00,139.53,clothing,clothes,D_A0321,Mumbai,,0
T007667,A0338,2026-02-06 11:51:00,52.36,fuel,diesel,D_A0338,Kochi,,0
T007668,A0350,2026-02-06 11:52:00,666.46,travel,bus_ticket,D_A0350,Kochi,,0
T007669,A0333,2026-02-06 11:54:00,136.58,pharmacy,medicine,D_FAM_9,Bengaluru,,0
T007670,A0460,2026-02-06 11:57:00,57.52,grocery,vegetables,D_A0460,Hyderabad,,0
T007671,A0306,2026-02-06 11:58:00,25.91,pharmacy,medicine,D_A0306,Chennai,,0
T007672,A0409,2026-02-06 11:59:00,88.61,clothing,clothes,D_A0409,Chennai,,0
T007673,A0390,2026-02-06 12:04:00,59.24,pharmacy,medicine,D_A0390,Chennai,,0
T007674,A0044,2026-02-06 12:08:00,11.91,streaming,subscription,D_A0044,Bengaluru,,0
T007675,A0472,2026-02-06 12:10:00,48.1,food,delivery,D_A0472,Madurai,,0
T007676,A0391,2026-02-06 12:13:00,33.95,grocery,vegetables,D_A0391,Hyderabad,,0
T007677,A0385,2026-02-06 12:17:00,13.63,food,restaurant,D_A0385,Kochi,,0
T007678,A0185,2026-02-06 12:21:00,210.39,grocery,vegetables,D_A0185,Bengaluru,,0
T007679,A0157,2026-02-06 12:23:00,148.69,fuel,diesel,D_A0157,Hyderabad,,0
T007680,A0389,2026-02-06 12:30:00,41.91,grocery,vegetables,D_A0389,Coimbatore,,0
T007681,A0102,2026-02-06 12:39:00,61.13,clothing,clothes,D_A0102,Chennai,,0
T007682,A0409,2026-02-06 12:42:00,204.64,travel,bus_ticket,D_A0409,Chennai,,0
T007683,A0094,2026-02-06 12:46:00,5.42,streaming,subscription,D_A0094,Bengaluru,,0
T007684,A0342,2026-02-06 12:47:00,215.22,travel,train_ticket,D_A0342,Hyderabad,,0
T007685,A0008,2026-02-06 12:56:00,37.81,transfer,p2p_transfer,D_A0008,Delhi,PAYEE_A0008,0
T007686,A0185,2026-02-06 12:57:00,221.92,food,delivery,D_A0185,Bengaluru,,0
T007687,A0129,2026-02-06 12:57:00,38.8,pharmacy,medicine,D_OFF_2,Delhi,,0
T007688,A0299,2026-02-06 12:58:00,67.15,clothing,shoes,D_A0299,Chennai,,0
T007689,A0242,2026-02-06 12:58:00,133.5,food,restaurant,D_A0242,Coimbatore,,0
T007690,A0318,2026-02-06 13:01:00,14.3,food,restaurant,D_A0318,Bengaluru,,0
T007691,A0463,2026-02-06 13:01:00,32.41,streaming,subscription,D_A0463,Bengaluru,,0
T007692,A0001,2026-02-06 13:02:00,60.86,food,restaurant,D_A0001,Kochi,,0
T007693,A0408,2026-02-06 13:06:00,40.95,food,delivery,D_A0408,Kochi,,0
T007694,A0320,2026-02-06 13:06:00,57.86,clothing,clothes,D_A0320,Madurai,,0
T007695,A0140,2026-02-06 13:13:00,42.68,streaming,subscription,D_A0140,Chennai,,0
T007696,A0302,2026-02-06 13:14:00,9.1,streaming,subscription,D_A0302,Kochi,,0
T007697,A0113,2026-02-06 13:14:00,167.75,fuel,diesel,D_FAM_3,Delhi,,0
T007698,A0494,2026-02-06 13:18:00,144.4,fuel,diesel,D_A0494,Delhi,,0
T007699,A0194,2026-02-06 13:20:00,154.26,clothing,shoes,D_FAM_2,Bengaluru,,0
T007700,A0011,2026-02-06 13:21:00,25.93,streaming,subscription,D_A0011,Delhi,,0
T007701,A0493,2026-02-06 13:22:00,58.17,streaming,subscription,D_A0493,Coimbatore,,0
T007702,A0203,2026-02-06 13:23:00,105.35,travel,bus_ticket,D_A0203,Mumbai,,0
T007703,A0498,2026-02-06 13:24:00,215.73,travel,bus_ticket,D_A0498,Coimbatore,,0
T007704,A0388,2026-02-06 13:28:00,19.59,grocery,groceries,D_A0388,Delhi,,0
T007705,A0419,2026-02-06 13:30:00,16.42,food,delivery,D_A0419,Madurai,,0
T007706,A0323,2026-02-06 13:32:00,114.27,fuel,diesel,D_A0323,Madurai,,0
T007707,A0469,2026-02-06 13:38:00,492.24,travel,train_ticket,D_A0469,Hyderabad,,0
T007708,A0251,2026-02-06 13:39:00,31.66,fuel,diesel,D_A0251,Delhi,,0
T007709,A0049,2026-02-06 13:42:00,42.66,food,delivery,D_FAM_8,Coimbatore,,0
T007710,A0247,2026-02-06 13:42:00,47.22,pharmacy,medicine,D_A0247,Coimbatore,,0
T007711,A0343,2026-02-06 13:43:00,24.69,grocery,vegetables,D_A0343,Kochi,,0
T007712,A0296,2026-02-06 13:44:00,86.94,pharmacy,medicine,D_A0296,Hyderabad,,0
T007713,A0388,2026-02-06 13:46:00,30.98,grocery,groceries,D_A0388,Delhi,,0
T007714,A0471,2026-02-06 13:46:00,56.55,food,delivery,D_A0471,Delhi,,0
T007715,A0303,2026-02-06 13:47:00,58.17,fuel,diesel,D_FAM_4,Madurai,,0
T007716,A0233,2026-02-06 13:55:00,121.73,grocery,vegetables,D_A0233,Coimbatore,,0
T007717,A0181,2026-02-06 13:57:00,69.82,grocery,groceries,D_A0181,Hyderabad,,0
T007718,A0286,2026-02-06 13:57:00,161.01,travel,bus_ticket,D_FAM_10,Hyderabad,,0
T007719,A0251,2026-02-06 13:59:00,28.97,food,restaurant,D_A0251,Chennai,,0
T007720,A0423,2026-02-06 14:00:00,22.85,food,delivery,D_A0423,Coimbatore,,0
T007721,A0322,2026-02-06 14:06:00,56.05,grocery,groceries,D_A0322,Madurai,,0
T007722,A0178,2026-02-06 14:07:00,43.91,grocery,vegetables,D_A0178,Coimbatore,,0
T007723,A0287,2026-02-06 14:08:00,50.4,fuel,diesel,D_FAM_13,Kochi,,0
T007724,A0076,2026-02-06 14:13:00,18.91,streaming,subscription,D_A0076,Madurai,,0
T007725,A0222,2026-02-06 14:16:00,108.22,travel,train_ticket,D_A0222,Madurai,,0
T007726,A0405,2026-02-06 14:37:00,32.52,pharmacy,medicine,D_A0405,Kochi,,0
T007727,A0111,2026-02-06 14:39:00,241.67,travel,bus_ticket,D_A0111,Chennai,,0
T007728,A0098,2026-02-06 14:39:00,15.87,streaming,subscription,D_A0098,Mumbai,,0
T007729,A0160,2026-02-06 14:42:00,79.42,grocery,vegetables,D_OFF_1,Delhi,,0
T007730,A0248,2026-02-06 14:44:00,10.53,streaming,subscription,D_A0248,Mumbai,,0
T007731,A0375,2026-02-06 14:52:00,160.45,fuel,diesel,D_A0375,Hyderabad,,0
T007732,A0197,2026-02-06 14:52:00,67.57,grocery,groceries,D_A0197,Bengaluru,,0
T007733,A0436,2026-02-06 14:52:00,22.26,streaming,subscription,D_A0436,Hyderabad,,0
T007734,A0272,2026-02-06 14:52:00,29.61,food,delivery,D_FAM_14,Delhi,,0
T007735,A0288,2026-02-06 14:56:00,21.65,food,restaurant,D_A0288,Coimbatore,,0
T007736,A0451,2026-02-06 14:58:00,26.8,fuel,petrol,D_FAM_12,Madurai,,0
T007737,A0036,2026-02-06 14:59:00,11.08,streaming,subscription,D_A0036,Madurai,,0
T007738,A0403,2026-02-06 15:03:00,11.89,streaming,subscription,D_A0403,Bengaluru,,0
T007739,A0257,2026-02-06 15:04:00,119.2,transfer,p2p_transfer,D_A0257,Coimbatore,PAYEE_A0257,0
T007740,R004,2026-02-06 15:08:00,94.0,giftcards,gift_card,D_RING_1,Hyderabad,,1
T007741,A0426,2026-02-06 15:12:00,38.83,food,delivery,D_A0426,Mumbai,,0
T007742,A0428,2026-02-06 15:12:00,64.79,grocery,groceries,D_A0428,Coimbatore,,0
T007743,R004,2026-02-06 15:15:00,76.9,prepaid,prepaid_card,D_RING_1,Hyderabad,,1
T007744,A0163,2026-02-06 15:19:00,40.93,pharmacy,medicine,D_FAM_5,Chennai,,0
T007745,A0170,2026-02-06 15:21:00,138.72,travel,train_ticket,D_A0170,Kochi,,0
T007746,R004,2026-02-06 15:22:00,58.28,digital_goods,game_credits,D_RING_1,Hyderabad,,1
T007747,A0228,2026-02-06 15:29:00,135.69,clothing,shoes,D_A0228,Mumbai,,0
T007748,A0128,2026-02-06 15:36:00,315.01,clothing,shoes,D_A0128,Madurai,,0
T007749,R004,2026-02-06 15:38:00,227.55,transfer,p2p_transfer,D_RING_1,Hyderabad,PAYOUT_X,1
T007750,A0260,2026-02-06 15:40:00,214.98,transfer,p2p_transfer,D_A0260,Hyderabad,PAYEE_A0260,0
T007751,A0477,2026-02-06 15:41:00,68.09,food,restaurant,D_A0477,Hyderabad,,0
T007752,A0089,2026-02-06 15:46:00,107.6,pharmacy,medicine,D_A0089,Hyderabad,,0
T007753,A0192,2026-02-06 15:49:00,141.01,pharmacy,medicine,D_A0192,Madurai,,0
T007754,A0172,2026-02-06 15:51:00,36.43,streaming,subscription,D_A0172,Hyderabad,,0
T007755,A0244,2026-02-06 15:58:00,244.33,travel,train_ticket,D_A0244,Coimbatore,,0
T007756,A0101,2026-02-06 16:00:00,236.02,travel,train_ticket,D_A0101,Kochi,,0
T007757,A0470,2026-02-06 16:01:00,10.94,streaming,subscription,D_A0470,Mumbai,,0
T007758,A0110,2026-02-06 16:06:00,67.91,grocery,groceries,D_FAM_11,Delhi,,0
T007759,A0388,2026-02-06 16:07:00,79.27,travel,train_ticket,D_A0388,Delhi,,0
T007760,A0028,2026-02-06 16:12:00,15.91,streaming,subscription,D_A0028,Bengaluru,,0
T007761,A0168,2026-02-06 16:13:00,20.71,streaming,subscription,D_A0168,Madurai,,0
T007762,A0041,2026-02-06 16:14:00,90.47,clothing,shoes,D_FAM_6,Hyderabad,,0
T007763,A0450,2026-02-06 16:16:00,31.26,food,delivery,D_A0450,Hyderabad,,0
T007764,A0402,2026-02-06 16:22:00,43.6,pharmacy,medicine,D_A0402,Madurai,,0
T007765,A0362,2026-02-06 16:22:00,27.65,pharmacy,medicine,D_A0362,Delhi,,0
T007766,A0464,2026-02-06 16:34:00,29.07,food,restaurant,D_A0464,Hyderabad,,0
T007767,A0019,2026-02-06 16:40:00,155.72,clothing,clothes,D_A0019,Mumbai,,0
T007768,A0385,2026-02-06 16:42:00,28.13,fuel,diesel,D_A0385,Kochi,,0
T007769,A0074,2026-02-06 16:45:00,58.99,grocery,vegetables,D_A0074,Hyderabad,,0
T007770,A0209,2026-02-06 16:49:00,12.0,streaming,subscription,D_A0209,Kochi,,0
T007771,A0053,2026-02-06 16:49:00,35.87,pharmacy,medicine,D_A0053,Bengaluru,,0
T007772,A0480,2026-02-06 16:54:00,335.43,travel,train_ticket,D_FAM_6,Kochi,,0
T007773,A0173,2026-02-06 17:00:00,112.02,fuel,petrol,D_A0173,Bengaluru,,0
T007774,A0360,2026-02-06 17:00:00,75.32,fuel,petrol,D_A0360,Mumbai,,0
T007775,A0208,2026-02-06 17:05:00,56.06,fuel,petrol,D_A0208,Hyderabad,,0
T007776,A0135,2026-02-06 17:08:00,221.53,fuel,petrol,D_A0135,Delhi,,0
T007777,A0213,2026-02-06 17:08:00,33.08,streaming,subscription,D_A0213,Coimbatore,,0
T007778,A0390,2026-02-06 17:16:00,222.57,travel,bus_ticket,D_A0390,Chennai,,0
T007779,A0252,2026-02-06 17:21:00,36.05,travel,bus_ticket,D_A0252,Delhi,,0
T007780,A0192,2026-02-06 17:22:00,159.87,grocery,vegetables,D_A0192,Madurai,,0
T007781,A0324,2026-02-06 17:27:00,257.06,travel,bus_ticket,D_A0324,Mumbai,,0
T007782,A0492,2026-02-06 17:28:00,380.3,clothing,clothes,D_A0492,Kochi,,0
T007783,A0029,2026-02-06 17:32:00,39.88,grocery,groceries,D_A0029,Hyderabad,,0
T007784,A0017,2026-02-06 17:40:00,49.73,grocery,vegetables,D_A0017,Mumbai,,0
T007785,A0083,2026-02-06 17:42:00,103.01,pharmacy,medicine,D_A0083,Madurai,,0
T007786,A0402,2026-02-06 17:44:00,17.19,streaming,subscription,D_A0402,Madurai,,0
T007787,A0080,2026-02-06 17:46:00,44.24,clothing,clothes,D_A0080,Chennai,,0
T007788,A0306,2026-02-06 17:50:00,124.31,clothing,clothes,D_A0306,Chennai,,0
T007789,A0107,2026-02-06 17:53:00,9.74,streaming,subscription,D_A0107,Madurai,,0
T007790,A0119,2026-02-06 18:08:00,225.76,clothing,shoes,D_A0119,Madurai,,0
T007791,A0027,2026-02-06 18:16:00,171.86,clothing,clothes,D_A0027,Mumbai,,0
T007792,A0474,2026-02-06 18:18:00,186.18,clothing,shoes,D_A0474,Chennai,,0
T007793,A0264,2026-02-06 18:24:00,62.85,grocery,vegetables,D_A0264,Delhi,,0
T007794,A0076,2026-02-06 18:27:00,107.96,clothing,clothes,D_A0076,Madurai,,0
T007795,A0119,2026-02-06 18:27:00,40.21,streaming,subscription,D_A0119,Bengaluru,,0
T007796,A0270,2026-02-06 18:33:00,91.73,grocery,vegetables,D_A0270,Kochi,,0
T007797,A0358,2026-02-06 18:36:00,14.34,streaming,subscription,D_A0358,Madurai,,0
T007798,A0475,2026-02-06 18:36:00,68.62,grocery,groceries,D_A0475,Hyderabad,,0
T007799,A0252,2026-02-06 18:37:00,38.64,clothing,shoes,D_A0252,Delhi,,0
T007800,A0131,2026-02-06 18:42:00,84.7,pharmacy,medicine,D_A0131,Bengaluru,,0
T007801,A0133,2026-02-06 18:45:00,99.46,clothing,shoes,D_A0133,Bengaluru,,0
T007802,A0014,2026-02-06 18:53:00,43.41,pharmacy,medicine,D_FAM_2,Coimbatore,,0
T007803,A0439,2026-02-06 18:53:00,70.41,clothing,clothes,D_A0439,Chennai,,0
T007804,A0251,2026-02-06 19:00:00,29.06,streaming,subscription,D_A0251,Chennai,,0
T007805,A0094,2026-02-06 19:04:00,7.38,streaming,subscription,D_A0094,Bengaluru,,0
T007806,A0141,2026-02-06 19:10:00,72.4,pharmacy,medicine,D_FAM_2,Kochi,,0
T007807,A0362,2026-02-06 19:23:00,59.38,giftcards,gift_card,D_A0362,Delhi,,0
T007808,A0399,2026-02-06 19:23:00,296.66,travel,train_ticket,D_A0399,Madurai,,0
T007809,A0382,2026-02-06 19:29:00,75.03,clothing,shoes,D_A0382,Bengaluru,,0
T007810,A0302,2026-02-06 19:32:00,23.0,grocery,groceries,D_A0302,Kochi,,0
T007811,A0174,2026-02-06 19:37:00,78.27,clothing,clothes,D_A0174,Kochi,,0
T007812,A0336,2026-02-06 19:54:00,96.64,grocery,vegetables,D_A0336,Delhi,,0
T007813,A0348,2026-02-06 20:28:00,50.3,pharmacy,medicine,D_A0348,Coimbatore,,0
T007814,A0203,2026-02-06 21:04:00,49.27,fuel,petrol,D_A0203,Mumbai,,0
T007815,A0146,2026-02-06 21:13:00,28.56,food,delivery,D_A0146,Mumbai,,0
T007816,A0362,2026-02-06 21:36:00,25.76,pharmacy,medicine,D_A0362,Chennai,,0
T007817,A0449,2026-02-06 21:40:00,317.97,fuel,petrol,D_FAM_0,Mumbai,,0
T007818,R005,2026-02-06 21:55:00,183.39,giftcards,gift_card,D_RING_2,Chennai,,1
T007819,A0186,2026-02-06 21:55:00,28.57,food,delivery,D_A0186,Hyderabad,,0
T007820,R005,2026-02-06 22:02:00,128.5,prepaid,prepaid_card,D_RING_2,Chennai,,1
T007821,R005,2026-02-06 22:09:00,114.49,digital_goods,game_credits,D_RING_2,Chennai,,1
T007822,A0054,2026-02-06 22:23:00,65.09,clothing,clothes,D_A0054,Chennai,,0
T007823,R005,2026-02-06 22:25:00,298.17,transfer,p2p_transfer,D_RING_3,Chennai,PAYOUT_X,1
T007824,A0327,2026-02-06 23:01:00,35.98,pharmacy,medicine,D_A0327,Coimbatore,,0
T007825,A0421,2026-02-06 23:05:00,50.66,fuel,petrol,D_A0421,Chennai,,0
T007826,A0224,2026-02-06 23:19:00,59.08,grocery,vegetables,D_A0224,Coimbatore,,0
T007827,A0376,2026-02-06 23:43:00,144.85,pharmacy,medicine,D_A0376,Hyderabad,,0
T007828,A0045,2026-02-07 07:00:00,85.86,grocery,vegetables,D_A0045,Hyderabad,,0
T007829,A0333,2026-02-07 07:08:00,60.2,fuel,diesel,D_FAM_9,Bengaluru,,0
T007830,A0196,2026-02-07 07:08:00,72.35,food,delivery,D_A0196,Coimbatore,,0
T007831,A0289,2026-02-07 07:17:00,19.04,streaming,subscription,D_A0289,Bengaluru,,0
T007832,A0494,2026-02-07 07:19:00,238.68,travel,bus_ticket,D_A0494,Bengaluru,,0
T007833,A0213,2026-02-07 07:20:00,55.22,food,restaurant,D_A0213,Bengaluru,,0
T007834,A0047,2026-02-07 07:26:00,27.08,pharmacy,medicine,D_A0047,Coimbatore,,0
T007835,A0472,2026-02-07 07:29:00,195.89,fuel,petrol,D_A0472,Madurai,,0
T007836,A0061,2026-02-07 07:29:00,38.24,pharmacy,medicine,D_A0061,Madurai,,0
T007837,A0050,2026-02-07 07:34:00,119.22,fuel,petrol,D_A0050,Hyderabad,,0
T007838,A0291,2026-02-07 07:43:00,57.39,clothing,clothes,D_A0291,Mumbai,,0
T007839,A0104,2026-02-07 07:51:00,404.94,travel,train_ticket,D_A0104,Delhi,,0
T007840,A0236,2026-02-07 07:57:00,34.64,pharmacy,medicine,D_A0236,Chennai,,0
T007841,A0170,2026-02-07 08:23:00,58.49,transfer,p2p_transfer,D_A0170,Bengaluru,PAYEE_A0170,0
T007842,A0238,2026-02-07 08:33:00,40.15,food,delivery,D_A0238,Bengaluru,,0
T007843,A0490,2026-02-07 08:38:00,15.48,streaming,subscription,D_A0490,Hyderabad,,0
T007844,A0363,2026-02-07 08:46:00,30.24,food,delivery,D_A0363,Coimbatore,,0
T007845,A0483,2026-02-07 09:06:00,40.19,grocery,groceries,D_A0483,Delhi,,0
T007846,A0107,2026-02-07 09:07:00,63.25,clothing,shoes,D_A0107,Madurai,,0
T007847,A0097,2026-02-07 09:19:00,52.72,fuel,petrol,D_FAM_1,Delhi,,0
T007848,A0438,2026-02-07 09:27:00,81.61,food,restaurant,D_A0438,Bengaluru,,0
T007849,A0039,2026-02-07 09:45:00,27.98,grocery,groceries,D_A0039,Madurai,,0
T007850,A0192,2026-02-07 09:46:00,58.16,grocery,groceries,D_A0192,Madurai,,0
T007851,A0001,2026-02-07 09:46:00,108.78,travel,bus_ticket,D_A0001,Kochi,,0
T007852,A0080,2026-02-07 09:46:00,26.64,fuel,diesel,D_A0080,Chennai,,0
T007853,A0077,2026-02-07 09:52:00,156.61,travel,bus_ticket,D_A0077,Madurai,,0
T007854,A0405,2026-02-07 09:57:00,42.74,pharmacy,medicine,D_A0405,Kochi,,0
T007855,A0272,2026-02-07 10:06:00,17.57,streaming,subscription,D_FAM_14,Delhi,,0
T007856,A0003,2026-02-07 10:15:00,50.32,giftcards,gift_card,D_A0003,Hyderabad,,0
T007857,A0110,2026-02-07 10:15:00,87.38,grocery,vegetables,D_A0110,Delhi,,0
T007858,A0419,2026-02-07 10:16:00,116.5,travel,bus_ticket,D_A0419,Delhi,,0
T007859,A0495,2026-02-07 10:18:00,129.69,clothing,clothes,D_A0495,Chennai,,0
T007860,A0086,2026-02-07 10:20:00,93.68,grocery,groceries,D_A0086,Chennai,,0
T007861,A0347,2026-02-07 10:22:00,184.98,travel,train_ticket,D_A0347,Chennai,,0
T007862,A0476,2026-02-07 10:26:00,500.39,travel,bus_ticket,D_A0476,Delhi,,0
T007863,A0032,2026-02-07 10:31:00,60.89,grocery,vegetables,D_A0032,Delhi,,0
T007864,A0223,2026-02-07 10:35:00,208.2,travel,train_ticket,D_A0223,Hyderabad,,0
T007865,A0385,2026-02-07 10:39:00,154.01,travel,bus_ticket,D_A0385,Kochi,,0
T007866,A0116,2026-02-07 10:57:00,63.46,transfer,p2p_transfer,D_A0116,Madurai,PAYEE_A0116,0
T007867,A0300,2026-02-07 11:03:00,246.23,fuel,petrol,D_FAM_12,Delhi,,0
T007868,A0366,2026-02-07 11:03:00,38.61,fuel,diesel,D_FAM_5,Delhi,,0
T007869,A0116,2026-02-07 11:04:00,173.42,clothing,clothes,D_A0116,Madurai,,0
T007870,A0131,2026-02-07 11:10:00,39.63,streaming,subscription,D_A0131,Bengaluru,,0
T007871,A0066,2026-02-07 11:12:00,142.19,fuel,petrol,D_A0066,Bengaluru,,0
T007872,A0013,2026-02-07 11:15:00,44.58,fuel,diesel,D_A0013,Madurai,,0
T007873,A0017,2026-02-07 11:17:00,79.77,grocery,groceries,D_A0017,Mumbai,,0
T007874,A0336,2026-02-07 11:17:00,161.56,clothing,clothes,D_A0336,Bengaluru,,0
T007875,A0209,2026-02-07 11:22:00,50.19,fuel,petrol,D_A0209,Kochi,,0
T007876,A0027,2026-02-07 11:32:00,132.54,grocery,vegetables,D_A0027,Mumbai,,0
T007877,A0317,2026-02-07 11:33:00,84.0,grocery,groceries,D_OFF_0,Hyderabad,,0
T007878,A0216,2026-02-07 11:34:00,36.5,streaming,subscription,D_A0216,Delhi,,0
T007879,A0256,2026-02-07 11:39:00,135.49,transfer,p2p_transfer,D_A0256,Bengaluru,PAYEE_A0256,0
T007880,A0278,2026-02-07 11:44:00,81.12,food,restaurant,D_A0278,Madurai,,0
T007881,A0145,2026-02-07 11:48:00,112.04,travel,bus_ticket,D_A0145,Kochi,,0
T007882,A0469,2026-02-07 11:49:00,80.12,transfer,p2p_transfer,D_A0469,Delhi,PAYEE_A0469,0
T007883,A0195,2026-02-07 11:53:00,23.37,fuel,diesel,D_FAM_11,Kochi,,0
T007884,A0263,2026-02-07 11:56:00,202.22,pharmacy,medicine,D_A0263,Mumbai,,0
T007885,A0272,2026-02-07 11:57:00,22.29,streaming,subscription,D_FAM_14,Delhi,,0
T007886,A0084,2026-02-07 12:00:00,48.6,transfer,p2p_transfer,D_A0084,Hyderabad,PAYEE_A0084,0
T007887,A0102,2026-02-07 12:11:00,38.17,pharmacy,medicine,D_FAM_7,Madurai,,0
T007888,A0359,2026-02-07 12:14:00,46.45,grocery,groceries,D_A0359,Bengaluru,,0
T007889,A0410,2026-02-07 12:15:00,68.54,travel,bus_ticket,D_A0410,Mumbai,,0
T007890,A0046,2026-02-07 12:15:00,11.27,streaming,subscription,D_A0046,Kochi,,0
T007891,A0083,2026-02-07 12:16:00,88.19,fuel,petrol,D_A0083,Madurai,,0
T007892,A0421,2026-02-07 12:17:00,47.64,fuel,petrol,D_A0421,Chennai,,0
T007893,A0476,2026-02-07 12:21:00,85.25,food,restaurant,D_A0476,Chennai,,0
T007894,A0087,2026-02-07 12:24:00,172.58,pharmacy,medicine,D_A0087,Madurai,,0
T007895,A0109,2026-02-07 12:24:00,11.49,streaming,subscription,D_FAM_13,Mumbai,,0
T007896,A0105,2026-02-07 12:30:00,29.77,fuel,diesel,D_OFF_2,Chennai,,0
T007897,A0266,2026-02-07 12:33:00,63.18,food,restaurant,D_A0266,Hyderabad,,0
T007898,A0190,2026-02-07 12:52:00,109.14,transfer,p2p_transfer,D_FAM_13,Madurai,PAYEE_A0190,0
T007899,A0331,2026-02-07 12:53:00,40.96,clothing,clothes,D_A0331,Bengaluru,,0
T007900,A0425,2026-02-07 12:54:00,10.76,streaming,subscription,D_A0425,Madurai,,0
T007901,A0156,2026-02-07 12:54:00,19.2,clothing,shoes,D_A0156,Delhi,,0
T007902,A0035,2026-02-07 12:58:00,29.77,streaming,subscription,D_FAM_9,Delhi,,0
T007903,A0481,2026-02-07 12:59:00,227.68,travel,train_ticket,D_A0481,Coimbatore,,0
T007904,A0083,2026-02-07 13:00:00,199.51,fuel,petrol,D_A0083,Madurai,,0
T007905,A0215,2026-02-07 13:03:00,127.02,clothing,clothes,D_A0215,Madurai,,0
T007906,A0032,2026-02-07 13:05:00,40.88,pharmacy,medicine,D_A0032,Delhi,,0
T007907,A0253,2026-02-07 13:10:00,24.14,food,restaurant,D_A0253,Madurai,,0
T007908,A0188,2026-02-07 13:20:00,96.38,travel,train_ticket,D_A0188,Chennai,,0
T007909,A0288,2026-02-07 13:27:00,11.15,food,restaurant,D_A0288,Coimbatore,,0
T007910,A0233,2026-02-07 13:36:00,84.39,grocery,vegetables,D_A0233,Coimbatore,,0
T007911,A0412,2026-02-07 13:43:00,53.08,travel,train_ticket,D_A0412,Kochi,,0
T007912,A0353,2026-02-07 13:43:00,48.19,grocery,vegetables,D_A0353,Mumbai,,0
T007913,A0004,2026-02-07 13:46:00,89.68,travel,bus_ticket,D_A0004,Chennai,,0
T007914,A0191,2026-02-07 13:47:00,96.97,travel,bus_ticket,D_A0191,Mumbai,,0
T007915,A0099,2026-02-07 13:57:00,48.95,fuel,diesel,D_A0099,Kochi,,0
T007916,A0112,2026-02-07 13:57:00,81.74,fuel,diesel,D_A0112,Delhi,,0
T007917,A0075,2026-02-07 14:01:00,330.56,pharmacy,medicine,D_A0075,Kochi,,0
T007918,A0000,2026-02-07 14:05:00,37.33,food,delivery,D_A0000,Madurai,,0
T007919,A0491,2026-02-07 14:08:00,19.84,pharmacy,medicine,D_FAM_2,Hyderabad,,0
T007920,A0168,2026-02-07 14:10:00,39.95,streaming,subscription,D_A0168,Madurai,,0
T007921,A0003,2026-02-07 14:12:00,39.45,fuel,diesel,D_A0003,Hyderabad,,0
T007922,A0184,2026-02-07 14:12:00,19.79,streaming,subscription,D_A0184,Coimbatore,,0
T007923,A0255,2026-02-07 14:15:00,190.56,clothing,clothes,D_A0255,Mumbai,,0
T007924,A0088,2026-02-07 14:18:00,175.42,pharmacy,medicine,D_A0088,Chennai,,0
T007925,A0198,2026-02-07 14:18:00,75.34,pharmacy,medicine,D_A0198,Chennai,,0
T007926,A0242,2026-02-07 14:20:00,130.33,food,delivery,D_A0242,Bengaluru,,0
T007927,A0018,2026-02-07 14:20:00,335.35,clothing,clothes,D_A0018,Chennai,,0
T007928,A0405,2026-02-07 14:21:00,27.7,pharmacy,medicine,D_A0405,Kochi,,0
T007929,A0426,2026-02-07 14:29:00,38.34,fuel,diesel,D_A0426,Mumbai,,0
T007930,A0075,2026-02-07 14:33:00,58.63,streaming,subscription,D_A0075,Kochi,,0
T007931,A0077,2026-02-07 14:40:00,24.58,food,delivery,D_A0077,Madurai,,0
T007932,A0075,2026-02-07 14:42:00,130.06,fuel,petrol,D_A0075,Kochi,,0
T007933,A0253,2026-02-07 14:51:00,81.26,transfer,p2p_transfer,D_A0253,Mumbai,PAYEE_A0253,0
T007934,A0349,2026-02-07 14:52:00,146.5,clothing,clothes,D_A0349,Bengaluru,,0
T007935,A0369,2026-02-07 14:53:00,440.65,clothing,shoes,D_A0369,Mumbai,,0
T007936,A0035,2026-02-07 14:54:00,265.73,travel,bus_ticket,D_FAM_9,Delhi,,0
T007937,A0334,2026-02-07 14:57:00,84.63,food,restaurant,D_A0334,Madurai,,0
T007938,A0092,2026-02-07 14:59:00,75.46,grocery,vegetables,D_A0092,Delhi,,0
T007939,A0230,2026-02-07 15:01:00,105.26,clothing,shoes,D_A0230,Delhi,,0
T007940,A0062,2026-02-07 15:08:00,24.89,streaming,subscription,D_A0062,Madurai,,0
T007941,A0253,2026-02-07 15:09:00,23.76,food,restaurant,D_A0253,Mumbai,,0
T007942,A0098,2026-02-07 15:09:00,51.6,grocery,vegetables,D_A0098,Mumbai,,0
T007943,A0436,2026-02-07 15:12:00,22.5,streaming,subscription,D_A0436,Bengaluru,,0
T007944,A0307,2026-02-07 15:12:00,152.81,clothing,shoes,D_A0307,Mumbai,,0
T007945,A0301,2026-02-07 15:19:00,175.11,travel,bus_ticket,D_A0301,Hyderabad,,0
T007946,A0040,2026-02-07 15:24:00,209.99,travel,train_ticket,D_A0040,Coimbatore,,0
T007947,A0141,2026-02-07 15:26:00,48.8,pharmacy,medicine,D_FAM_2,Kochi,,0
T007948,A0171,2026-02-07 15:30:00,44.36,fuel,petrol,D_A0171,Madurai,,0
T007949,A0146,2026-02-07 15:30:00,45.95,grocery,vegetables,D_A0146,Mumbai,,0
T007950,A0119,2026-02-07 15:35:00,188.69,clothing,shoes,D_A0119,Madurai,,0
T007951,A0361,2026-02-07 15:35:00,23.25,streaming,subscription,D_A0361,Chennai,,0
T007952,A0492,2026-02-07 15:36:00,338.88,clothing,shoes,D_A0492,Kochi,,0
T007953,A0294,2026-02-07 15:37:00,39.28,pharmacy,medicine,D_A0294,Chennai,,0
T007954,A0312,2026-02-07 15:37:00,195.87,transfer,p2p_transfer,D_A0312,Madurai,PAYEE_A0312,0
T007955,A0152,2026-02-07 15:39:00,38.66,food,delivery,D_A0152,Hyderabad,,0
T007956,A0397,2026-02-07 15:47:00,144.92,fuel,petrol,D_A0397,Chennai,,0
T007957,A0252,2026-02-07 15:47:00,59.11,travel,train_ticket,D_A0252,Delhi,,0
T007958,A0064,2026-02-07 15:49:00,47.56,pharmacy,medicine,D_A0064,Hyderabad,,0
T007959,A0290,2026-02-07 15:50:00,74.92,food,delivery,D_OFF_2,Bengaluru,,0
T007960,A0100,2026-02-07 15:51:00,184.24,clothing,shoes,D_A0100,Kochi,,0
T007961,A0223,2026-02-07 15:51:00,274.82,travel,train_ticket,D_A0223,Hyderabad,,0
T007962,A0254,2026-02-07 15:54:00,20.07,grocery,vegetables,D_A0254,Delhi,,0
T007963,A0357,2026-02-07 15:56:00,44.05,food,restaurant,D_A0357,Kochi,,0
T007964,A0247,2026-02-07 16:08:00,139.37,food,delivery,D_A0247,Coimbatore,,0
T007965,A0441,2026-02-07 16:11:00,126.76,fuel,diesel,D_A0441,Hyderabad,,0
T007966,A0314,2026-02-07 16:29:00,74.84,grocery,groceries,D_FAM_10,Mumbai,,0
T007967,A0463,2026-02-07 16:33:00,109.12,fuel,diesel,D_A0463,Bengaluru,,0
T007968,A0447,2026-02-07 16:34:00,18.2,streaming,subscription,D_A0447,Hyderabad,,0
T007969,A0327,2026-02-07 16:39:00,55.06,pharmacy,medicine,D_A0327,Coimbatore,,0
T007970,A0015,2026-02-07 16:42:00,33.23,fuel,diesel,D_FAM_14,Kochi,,0
T007971,A0089,2026-02-07 16:43:00,107.29,pharmacy,medicine,D_A0089,Hyderabad,,0
T007972,A0489,2026-02-07 16:45:00,36.49,fuel,petrol,D_A0489,Madurai,,0
T007973,A0166,2026-02-07 16:50:00,102.79,pharmacy,medicine,D_A0166,Bengaluru,,0
T007974,A0137,2026-02-07 16:58:00,353.02,travel,bus_ticket,D_FAM_13,Hyderabad,,0
T007975,A0016,2026-02-07 17:05:00,119.34,streaming,subscription,D_FAM_12,Madurai,,0
T007976,A0096,2026-02-07 17:08:00,185.14,clothing,shoes,D_A0096,Hyderabad,,0
T007977,A0470,2026-02-07 17:09:00,88.32,travel,bus_ticket,D_A0470,Mumbai,,0
T007978,A0227,2026-02-07 17:12:00,64.71,food,restaurant,D_A0227,Madurai,,0
T007979,A0409,2026-02-07 17:14:00,38.77,grocery,vegetables,D_A0409,Chennai,,0
T007980,A0404,2026-02-07 17:21:00,7.19,food,restaurant,D_A0404,Chennai,,0
T007981,A0010,2026-02-07 17:31:00,19.69,clothing,clothes,D_A0010,Bengaluru,,0
T007982,A0122,2026-02-07 17:31:00,135.47,transfer,p2p_transfer,D_A0122,Bengaluru,PAYEE_A0122,0
T007983,A0488,2026-02-07 17:32:00,64.21,food,restaurant,D_A0488,Kochi,,0
T007984,A0332,2026-02-07 17:35:00,9.24,streaming,subscription,D_A0332,Delhi,,0
T007985,A0457,2026-02-07 17:38:00,170.58,travel,bus_ticket,D_A0457,Hyderabad,,0
T007986,A0072,2026-02-07 17:38:00,8.31,streaming,subscription,D_A0072,Hyderabad,,0
T007987,A0243,2026-02-07 17:42:00,507.99,travel,bus_ticket,D_A0243,Delhi,,0
T007988,A0196,2026-02-07 17:44:00,69.48,food,restaurant,D_A0196,Coimbatore,,0
T007989,A0062,2026-02-07 17:46:00,60.68,food,restaurant,D_A0062,Madurai,,0
T007990,A0110,2026-02-07 17:48:00,104.04,clothing,clothes,D_FAM_11,Delhi,,0
T007991,A0055,2026-02-07 17:48:00,25.57,fuel,petrol,D_A0055,Bengaluru,,0
T007992,A0291,2026-02-07 17:52:00,63.46,clothing,shoes,D_A0291,Mumbai,,0
T007993,A0395,2026-02-07 17:55:00,36.83,food,restaurant,D_A0395,Chennai,,0
T007994,A0490,2026-02-07 18:00:00,211.43,fuel,petrol,D_A0490,Hyderabad,,0
T007995,A0118,2026-02-07 18:06:00,1107.56,electronics,television,D_A0118,Hyderabad,,0
T007996,A0337,2026-02-07 18:09:00,247.99,fuel,petrol,D_A0337,Coimbatore,,0
T007997,A0045,2026-02-07 18:10:00,182.05,clothing,shoes,D_A0045,Hyderabad,,0
T007998,A0360,2026-02-07 18:13:00,42.55,pharmacy,medicine,D_A0360,Coimbatore,,0
T007999,A0397,2026-02-07 18:13:00,138.22,fuel,diesel,D_A0397,Chennai,,0
T008000,A0295,2026-02-07 18:14:00,54.76,fuel,petrol,D_A0295,Madurai,,0
T008001,A0425,2026-02-07 18:20:00,36.61,pharmacy,medicine,D_A0425,Madurai,,0
T008002,A0350,2026-02-07 18:20:00,137.82,food,delivery,D_A0350,Kochi,,0
T008003,A0410,2026-02-07 18:34:00,155.26,travel,bus_ticket,D_A0410,Mumbai,,0
T008004,A0491,2026-02-07 18:37:00,14.25,pharmacy,medicine,D_FAM_2,Mumbai,,0
T008005,A0036,2026-02-07 18:39:00,8.14,streaming,subscription,D_FAM_1,Madurai,,0
T008006,A0468,2026-02-07 18:57:00,81.75,food,delivery,D_A0468,Chennai,,0
T008007,A0142,2026-02-07 19:08:00,27.91,food,restaurant,D_A0142,Madurai,,0
T008008,A0417,2026-02-07 19:09:00,197.36,transfer,p2p_transfer,D_A0417,Madurai,PAYEE_A0417,0
T008009,A0486,2026-02-07 19:19:00,113.63,food,delivery,D_A0486,Mumbai,,0
T008010,A0362,2026-02-07 19:22:00,30.62,pharmacy,medicine,D_A0362,Delhi,,0
T008011,A0359,2026-02-07 19:33:00,58.79,fuel,diesel,D_A0359,Bengaluru,,0
T008012,A0330,2026-02-07 19:33:00,56.73,pharmacy,medicine,D_A0330,Coimbatore,,0
T008013,A0173,2026-02-07 19:53:00,96.88,fuel,petrol,D_A0173,Bengaluru,,0
T008014,A0490,2026-02-07 20:02:00,71.08,fuel,diesel,D_A0490,Hyderabad,,0
T008015,A0313,2026-02-07 20:03:00,4.96,streaming,subscription,D_A0313,Chennai,,0
T008016,A0267,2026-02-07 20:34:00,25.66,food,delivery,D_A0267,Delhi,,0
T008017,A0156,2026-02-07 20:37:00,51.63,clothing,clothes,D_A0156,Delhi,,0
T008018,A0209,2026-02-07 20:50:00,24.1,food,restaurant,D_A0209,Kochi,,0
T008019,A0386,2026-02-07 20:56:00,9.65,streaming,subscription,D_A0386,Coimbatore,,0
T008020,A0349,2026-02-07 21:13:00,174.83,clothing,clothes,D_A0349,Bengaluru,,0
T008021,A0197,2026-02-07 21:51:00,37.69,food,delivery,D_A0197,Bengaluru,,0
T008022,A0139,2026-02-07 22:07:00,85.13,fuel,petrol,D_FAM_7,Hyderabad,,0
T008023,A0479,2026-02-07 22:29:00,206.03,travel,train_ticket,D_A0479,Chennai,,0
T008024,A0136,2026-02-07 22:35:00,97.95,grocery,groceries,D_FAM_0,Kochi,,0
T008025,A0106,2026-02-07 22:37:00,185.68,transfer,p2p_transfer,D_A0106,Bengaluru,PAYEE_A0106,0
T008026,A0446,2026-02-07 22:43:00,64.34,pharmacy,medicine,D_A0446,Madurai,,0
T008027,A0354,2026-02-07 22:50:00,36.6,grocery,groceries,D_A0354,Hyderabad,,0
T008028,A0379,2026-02-07 23:21:00,22.41,streaming,subscription,D_A0379,Chennai,,0
T008029,A0319,2026-02-07 23:29:00,60.1,fuel,petrol,D_A0319,Chennai,,0
T008030,A0335,2026-02-07 23:47:00,37.4,food,delivery,D_A0335,Mumbai,,0
T008031,A0416,2026-02-07 23:51:00,35.18,fuel,diesel,D_A0416,Hyderabad,,0
T008032,A0122,2026-02-08 07:02:00,65.33,pharmacy,medicine,D_A0122,Chennai,,0
T008033,A0469,2026-02-08 07:04:00,185.18,travel,train_ticket,D_A0469,Hyderabad,,0
T008034,A0255,2026-02-08 07:04:00,205.59,clothing,clothes,D_A0255,Mumbai,,0
T008035,A0045,2026-02-08 07:15:00,79.56,fuel,petrol,D_A0045,Hyderabad,,0
T008036,A0176,2026-02-08 07:16:00,19.41,food,restaurant,D_A0176,Coimbatore,,0
T008037,A0135,2026-02-08 07:19:00,437.92,fuel,diesel,D_A0135,Delhi,,0
T008038,A0244,2026-02-08 07:20:00,123.74,transfer,p2p_transfer,D_A0244,Coimbatore,PAYEE_A0244,0
T008039,A0115,2026-02-08 07:24:00,45.8,streaming,subscription,D_A0115,Kochi,,0
T008040,A0069,2026-02-08 07:28:00,46.08,food,restaurant,D_A0069,Coimbatore,,0
T008041,A0228,2026-02-08 07:31:00,139.77,clothing,clothes,D_A0228,Mumbai,,0
T008042,A0435,2026-02-08 07:36:00,217.0,travel,train_ticket,D_A0435,Coimbatore,,0
T008043,A0254,2026-02-08 07:42:00,27.06,grocery,groceries,D_A0254,Delhi,,0
T008044,A0357,2026-02-08 07:42:00,40.35,grocery,groceries,D_A0357,Kochi,,0
T008045,A0125,2026-02-08 07:54:00,45.03,food,delivery,D_A0125,Kochi,,0
T008046,A0489,2026-02-08 08:00:00,33.5,pharmacy,medicine,D_A0489,Madurai,,0
T008047,A0474,2026-02-08 08:01:00,95.75,grocery,groceries,D_A0474,Kochi,,0
T008048,A0099,2026-02-08 08:06:00,36.15,streaming,subscription,D_A0099,Hyderabad,,0
T008049,A0171,2026-02-08 08:15:00,23.61,streaming,subscription,D_A0171,Madurai,,0
T008050,A0168,2026-02-08 08:34:00,59.84,food,restaurant,D_A0168,Madurai,,0
T008051,A0316,2026-02-08 08:36:00,56.81,food,delivery,D_FAM_14,Madurai,,0
T008052,A0089,2026-02-08 08:42:00,216.54,grocery,vegetables,D_A0089,Madurai,,0
T008053,A0483,2026-02-08 08:43:00,37.03,fuel,diesel,D_A0483,Delhi,,0
T008054,A0446,2026-02-08 08:46:00,301.86,fuel,petrol,D_A0446,Madurai,,0
T008055,A0193,2026-02-08 08:48:00,174.07,fuel,petrol,D_A0193,Kochi,,0
T008056,A0417,2026-02-08 08:55:00,523.92,travel,bus_ticket,D_A0417,Madurai,,0
T008057,A0257,2026-02-08 09:11:00,33.55,food,restaurant,D_A0257,Coimbatore,,0
T008058,A0115,2026-02-08 09:14:00,48.23,streaming,subscription,D_A0115,Kochi,,0
T008059,A0209,2026-02-08 09:17:00,13.14,streaming,subscription,D_A0209,Kochi,,0
T008060,A0241,2026-02-08 09:22:00,22.75,food,restaurant,D_A0241,Hyderabad,,0
T008061,A0180,2026-02-08 09:27:00,198.84,travel,bus_ticket,D_A0180,Chennai,,0
T008062,A0257,2026-02-08 09:43:00,159.08,clothing,clothes,D_A0257,Coimbatore,,0
T008063,A0144,2026-02-08 09:58:00,36.01,grocery,vegetables,D_A0144,Madurai,,0
T008064,A0083,2026-02-08 09:58:00,141.56,pharmacy,medicine,D_A0083,Madurai,,0
T008065,A0445,2026-02-08 10:03:00,176.23,travel,bus_ticket,D_A0445,Coimbatore,,0
T008066,A0057,2026-02-08 10:04:00,158.63,fuel,diesel,D_OFF_0,Mumbai,,0
T008067,A0020,2026-02-08 10:10:00,126.71,transfer,p2p_transfer,D_A0020,Bengaluru,PAYEE_A0020,0
T008068,A0439,2026-02-08 10:11:00,12.22,streaming,subscription,D_A0439,Chennai,,0
T008069,A0402,2026-02-08 10:19:00,18.58,streaming,subscription,D_A0402,Madurai,,0
T008070,A0349,2026-02-08 10:20:00,56.26,food,delivery,D_A0349,Bengaluru,,0
T008071,A0070,2026-02-08 10:22:00,129.96,fuel,diesel,D_A0070,Chennai,,0
T008072,A0161,2026-02-08 10:22:00,32.83,streaming,subscription,D_A0161,Bengaluru,,0
T008073,A0201,2026-02-08 10:22:00,16.06,food,restaurant,D_A0201,Coimbatore,,0
T008074,A0451,2026-02-08 10:38:00,43.77,giftcards,gift_card,D_FAM_12,Madurai,,0
T008075,A0081,2026-02-08 10:47:00,52.66,transfer,p2p_transfer,D_A0081,Coimbatore,PAYEE_A0081,0
T008076,A0046,2026-02-08 10:56:00,25.31,streaming,subscription,D_A0046,Kochi,,0
T008077,A0096,2026-02-08 11:00:00,268.75,travel,train_ticket,D_A0096,Hyderabad,,0
T008078,A0059,2026-02-08 11:00:00,119.26,pharmacy,medicine,D_A0059,Bengaluru,,0
T008079,A0155,2026-02-08 11:06:00,206.59,travel,train_ticket,D_A0155,Coimbatore,,0
T008080,A0292,2026-02-08 11:08:00,25.84,grocery,vegetables,D_A0292,Kochi,,0
T008081,A0078,2026-02-08 11:10:00,144.55,travel,bus_ticket,D_A0078,Hyderabad,,0
T008082,A0309,2026-02-08 11:11:00,29.07,grocery,groceries,D_A0309,Delhi,,0
T008083,A0389,2026-02-08 11:13:00,117.92,fuel,petrol,D_A0389,Coimbatore,,0
T008084,A0149,2026-02-08 11:18:00,182.54,clothing,shoes,D_A0149,Madurai,,0
T008085,A0045,2026-02-08 11:18:00,104.52,fuel,diesel,D_A0045,Hyderabad,,0
T008086,A0034,2026-02-08 11:19:00,12.05,pharmacy,medicine,D_FAM_10,Bengaluru,,0
T008087,A0255,2026-02-08 11:25:00,365.52,travel,train_ticket,D_A0255,Mumbai,,0
T008088,A0379,2026-02-08 11:26:00,19.45,streaming,subscription,D_A0379,Chennai,,0
T008089,A0341,2026-02-08 11:26:00,33.55,streaming,subscription,D_A0341,Madurai,,0
T008090,A0262,2026-02-08 11:30:00,99.73,clothing,shoes,D_A0262,Coimbatore,,0
T008091,A0451,2026-02-08 11:31:00,12.34,food,restaurant,D_FAM_12,Madurai,,0
T008092,A0187,2026-02-08 11:36:00,17.32,food,restaurant,D_A0187,Bengaluru,,0
T008093,A0053,2026-02-08 11:44:00,138.76,travel,bus_ticket,D_A0053,Bengaluru,,0
T008094,A0386,2026-02-08 11:49:00,38.54,grocery,vegetables,D_A0386,Coimbatore,,0
T008095,A0191,2026-02-08 11:50:00,48.29,clothing,clothes,D_A0191,Mumbai,,0
T008096,A0304,2026-02-08 11:51:00,145.31,travel,bus_ticket,D_A0304,Delhi,,0
T008097,A0243,2026-02-08 12:05:00,235.59,clothing,clothes,D_A0243,Coimbatore,,0
T008098,A0001,2026-02-08 12:17:00,64.3,food,delivery,D_A0001,Kochi,,0
T008099,A0331,2026-02-08 12:17:00,175.12,clothing,shoes,D_A0331,Bengaluru,,0
T008100,A0246,2026-02-08 12:17:00,42.89,pharmacy,medicine,D_A0246,Kochi,,0
T008101,A0102,2026-02-08 12:20:00,35.65,pharmacy,medicine,D_FAM_7,Madurai,,0
T008102,A0200,2026-02-08 12:23:00,281.7,clothing,clothes,D_A0200,Delhi,,0
T008103,A0075,2026-02-08 12:23:00,83.86,pharmacy,medicine,D_A0075,Kochi,,0
T008104,A0199,2026-02-08 12:23:00,57.88,grocery,groceries,D_A0199,Madurai,,0
T008105,A0222,2026-02-08 12:25:00,86.22,travel,bus_ticket,D_A0222,Madurai,,0
T008106,A0251,2026-02-08 12:29:00,11.38,streaming,subscription,D_A0251,Chennai,,0
T008107,A0347,2026-02-08 12:30:00,154.29,travel,bus_ticket,D_A0347,Chennai,,0
T008108,A0371,2026-02-08 12:33:00,20.24,streaming,subscription,D_A0371,Madurai,,0
T008109,A0222,2026-02-08 12:33:00,69.14,travel,bus_ticket,D_A0222,Madurai,,0
T008110,A0007,2026-02-08 12:34:00,7.44,grocery,vegetables,D_A0007,Bengaluru,,0
T008111,A0122,2026-02-08 12:35:00,69.6,pharmacy,medicine,D_A0122,Chennai,,0
T008112,A0145,2026-02-08 12:35:00,30.75,streaming,subscription,D_A0145,Coimbatore,,0
T008113,A0446,2026-02-08 12:35:00,223.66,clothing,shoes,D_A0446,Madurai,,0
T008114,A0426,2026-02-08 12:37:00,51.01,pharmacy,medicine,D_A0426,Hyderabad,,0
T008115,A0287,2026-02-08 12:40:00,25.09,food,delivery,D_FAM_13,Kochi,,0
T008116,A0156,2026-02-08 12:41:00,36.35,clothing,clothes,D_A0156,Delhi,,0
T008117,A0418,2026-02-08 12:51:00,24.33,grocery,vegetables,D_A0418,Delhi,,0
T008118,A0344,2026-02-08 12:58:00,58.75,fuel,diesel,D_A0344,Kochi,,0
T008119,A0337,2026-02-08 13:07:00,367.22,clothing,shoes,D_A0337,Coimbatore,,0
T008120,A0429,2026-02-08 13:10:00,23.16,streaming,subscription,D_A0429,Madurai,,0
T008121,A0215,2026-02-08 13:11:00,23.23,fuel,diesel,D_A0215,Coimbatore,,0
T008122,A0438,2026-02-08 13:16:00,357.41,travel,train_ticket,D_A0438,Bengaluru,,0
T008123,A0232,2026-02-08 13:21:00,223.3,travel,bus_ticket,D_A0232,Coimbatore,,0
T008124,A0469,2026-02-08 13:23:00,43.08,food,delivery,D_A0469,Delhi,,0
T008125,A0176,2026-02-08 13:27:00,21.43,pharmacy,medicine,D_A0176,Coimbatore,,0
T008126,A0109,2026-02-08 13:29:00,20.17,streaming,subscription,D_FAM_13,Mumbai,,0
T008127,A0252,2026-02-08 13:36:00,14.37,food,restaurant,D_A0252,Delhi,,0
T008128,A0378,2026-02-08 13:40:00,30.79,streaming,subscription,D_A0378,Hyderabad,,0
T008129,A0471,2026-02-08 13:40:00,110.14,food,restaurant,D_A0471,Mumbai,,0
T008130,A0434,2026-02-08 13:45:00,41.09,food,delivery,D_A0434,Delhi,,0
T008131,A0154,2026-02-08 13:49:00,154.29,travel,bus_ticket,D_A0154,Chennai,,0
T008132,A0401,2026-02-08 13:50:00,61.14,clothing,clothes,D_A0401,Madurai,,0
T008133,A0288,2026-02-08 13:52:00,98.57,clothing,shoes,D_A0288,Madurai,,0
T008134,A0306,2026-02-08 13:54:00,34.44,grocery,vegetables,D_A0306,Chennai,,0
T008135,A0361,2026-02-08 14:01:00,155.24,transfer,p2p_transfer,D_A0361,Chennai,PAYEE_A0361,0
T008136,A0154,2026-02-08 14:02:00,128.55,clothing,shoes,D_A0154,Chennai,,0
T008137,A0458,2026-02-08 14:02:00,25.49,pharmacy,medicine,D_FAM_9,Hyderabad,,0
T008138,A0273,2026-02-08 14:04:00,75.87,fuel,petrol,D_A0273,Bengaluru,,0
T008139,A0312,2026-02-08 14:05:00,107.73,grocery,vegetables,D_A0312,Madurai,,0
T008140,A0112,2026-02-08 14:08:00,80.8,fuel,diesel,D_A0112,Delhi,,0
T008141,A0240,2026-02-08 14:11:00,84.02,grocery,vegetables,D_FAM_11,Bengaluru,,0
T008142,A0107,2026-02-08 14:15:00,60.66,fuel,petrol,D_A0107,Coimbatore,,0
T008143,A0399,2026-02-08 14:18:00,358.8,travel,bus_ticket,D_A0399,Hyderabad,,0
T008144,A0397,2026-02-08 14:23:00,255.23,clothing,shoes,D_A0397,Mumbai,,0
T008145,A0312,2026-02-08 14:24:00,38.87,pharmacy,medicine,D_A0312,Madurai,,0
T008146,A0319,2026-02-08 14:29:00,59.65,pharmacy,medicine,D_A0319,Madurai,,0
T008147,A0351,2026-02-08 14:34:00,124.89,travel,bus_ticket,D_A0351,Chennai,,0
T008148,A0393,2026-02-08 14:34:00,61.61,grocery,groceries,D_A0393,Madurai,,0
T008149,A0491,2026-02-08 14:34:00,14.46,pharmacy,medicine,D_FAM_2,Hyderabad,,0
T008150,A0247,2026-02-08 14:37:00,62.18,pharmacy,medicine,D_A0247,Coimbatore,,0
T008151,A0331,2026-02-08 14:42:00,39.92,clothing,shoes,D_A0331,Bengaluru,,0
T008152,A0178,2026-02-08 14:46:00,69.66,grocery,vegetables,D_A0178,Mumbai,,0
T008153,A0324,2026-02-08 14:48:00,150.18,transfer,p2p_transfer,D_A0324,Mumbai,PAYEE_A0324,0
T008154,A0263,2026-02-08 14:49:00,177.36,grocery,vegetables,D_A0263,Coimbatore,,0
T008155,A0330,2026-02-08 14:54:00,42.01,pharmacy,medicine,D_A0330,Coimbatore,,0
T008156,A0459,2026-02-08 14:55:00,54.65,fuel,diesel,D_A0459,Delhi,,0
T008157,A0134,2026-02-08 15:01:00,92.68,pharmacy,medicine,D_A0134,Coimbatore,,0
T008158,A0284,2026-02-08 15:01:00,116.67,fuel,diesel,D_A0284,Coimbatore,,0
T008159,A0392,2026-02-08 15:06:00,65.51,food,restaurant,D_A0392,Bengaluru,,0
T008160,A0379,2026-02-08 15:08:00,53.4,transfer,p2p_transfer,D_A0379,Chennai,PAYEE_A0379,0
T008161,A0456,2026-02-08 15:09:00,8.84,streaming,subscription,D_A0456,Mumbai,,0
T008162,A0440,2026-02-08 15:10:00,98.34,clothing,clothes,D_OFF_2,Madurai,,0
T008163,A0075,2026-02-08 15:10:00,197.85,pharmacy,medicine,D_A0075,Kochi,,0
T008164,A0099,2026-02-08 15:12:00,14.67,streaming,subscription,D_A0099,Kochi,,0
T008165,A0091,2026-02-08 15:18:00,77.56,grocery,vegetables,D_A0091,Delhi,,0
T008166,A0073,2026-02-08 15:20:00,24.11,streaming,subscription,D_A0073,Bengaluru,,0
T008167,A0077,2026-02-08 15:21:00,30.82,food,delivery,D_A0077,Madurai,,0
T008168,A0003,2026-02-08 15:21:00,64.73,pharmacy,medicine,D_A0003,Hyderabad,,0
T008169,A0173,2026-02-08 15:21:00,120.19,fuel,petrol,D_A0173,Bengaluru,,0
T008170,A0234,2026-02-08 15:22:00,46.83,streaming,subscription,D_A0234,Coimbatore,,0
T008171,A0343,2026-02-08 15:22:00,45.04,clothing,clothes,D_A0343,Kochi,,0
T008172,A0265,2026-02-08 15:23:00,53.59,fuel,petrol,D_A0265,Mumbai,,0
T008173,A0475,2026-02-08 15:26:00,2446.41,electronics,television,D_A0475,Hyderabad,,0
T008174,A0319,2026-02-08 15:28:00,123.69,fuel,petrol,D_A0319,Madurai,,0
T008175,A0370,2026-02-08 15:29:00,99.41,fuel,petrol,D_A0370,Coimbatore,,0
T008176,A0397,2026-02-08 15:29:00,136.84,fuel,petrol,D_A0397,Chennai,,0
T008177,A0496,2026-02-08 15:29:00,198.56,travel,train_ticket,D_A0496,Mumbai,,0
T008178,A0217,2026-02-08 15:31:00,208.43,fuel,diesel,D_A0217,Chennai,,0
T008179,A0235,2026-02-08 15:35:00,49.14,pharmacy,medicine,D_A0235,Delhi,,0
T008180,A0014,2026-02-08 15:39:00,72.77,fuel,petrol,D_FAM_2,Coimbatore,,0
T008181,A0398,2026-02-08 15:40:00,73.0,food,delivery,D_OFF_1,Kochi,,0
T008182,A0495,2026-02-08 15:44:00,201.76,travel,train_ticket,D_A0495,Chennai,,0
T008183,A0496,2026-02-08 15:45:00,614.01,travel,bus_ticket,D_A0496,Mumbai,,0
T008184,A0285,2026-02-08 15:49:00,127.03,fuel,diesel,D_A0285,Madurai,,0
T008185,A0163,2026-02-08 15:49:00,71.04,grocery,groceries,D_FAM_5,Chennai,,0
T008186,A0303,2026-02-08 15:51:00,79.82,clothing,clothes,D_FAM_4,Madurai,,0
T008187,A0382,2026-02-08 16:00:00,209.54,clothing,shoes,D_A0382,Bengaluru,,0
T008188,A0314,2026-02-08 16:03:00,120.51,grocery,vegetables,D_FAM_10,Mumbai,,0
T008189,A0498,2026-02-08 16:03:00,47.9,pharmacy,medicine,D_A0498,Coimbatore,,0
T008190,A0047,2026-02-08 16:05:00,26.0,transfer,p2p_transfer,D_A0047,Coimbatore,PAYEE_A0047,0
T008191,A0044,2026-02-08 16:07:00,72.82,clothing,shoes,D_A0044,Bengaluru,,0
T008192,A0140,2026-02-08 16:09:00,474.89,travel,train_ticket,D_A0140,Madurai,,0
T008193,A0092,2026-02-08 16:14:00,122.56,grocery,groceries,D_A0092,Chennai,,0
T008194,A0003,2026-02-08 16:15:00,115.19,clothing,clothes,D_A0003,Chennai,,0
T008195,A0405,2026-02-08 16:19:00,39.86,pharmacy,medicine,D_A0405,Kochi,,0
T008196,A0264,2026-02-08 16:23:00,51.08,grocery,vegetables,D_A0264,Delhi,,0
T008197,A0277,2026-02-08 16:25:00,204.56,travel,train_ticket,D_A0277,Madurai,,0
T008198,A0001,2026-02-08 16:26:00,60.04,food,delivery,D_A0001,Kochi,,0
T008199,A0144,2026-02-08 16:28:00,273.75,travel,train_ticket,D_A0144,Madurai,,0
T008200,A0445,2026-02-08 16:35:00,163.41,clothing,shoes,D_A0445,Coimbatore,,0
T008201,A0182,2026-02-08 16:39:00,32.15,food,delivery,D_FAM_8,Chennai,,0
T008202,A0355,2026-02-08 16:41:00,12.59,streaming,subscription,D_A0355,Kochi,,0
T008203,A0424,2026-02-08 16:46:00,57.89,pharmacy,medicine,D_A0424,Mumbai,,0
T008204,A0246,2026-02-08 16:47:00,37.74,pharmacy,medicine,D_A0246,Kochi,,0
T008205,A0098,2026-02-08 16:50:00,45.61,grocery,groceries,D_A0098,Mumbai,,0
T008206,A0344,2026-02-08 16:53:00,57.41,fuel,petrol,D_A0344,Kochi,,0
T008207,A0364,2026-02-08 16:57:00,351.68,clothing,clothes,D_A0364,Kochi,,0
T008208,A0305,2026-02-08 16:58:00,19.98,streaming,subscription,D_A0305,Delhi,,0
T008209,A0124,2026-02-08 17:03:00,31.7,streaming,subscription,D_A0124,Hyderabad,,0
T008210,A0436,2026-02-08 17:05:00,57.08,grocery,vegetables,D_A0436,Bengaluru,,0
T008211,A0081,2026-02-08 17:10:00,146.85,travel,bus_ticket,D_A0081,Coimbatore,,0
T008212,A0329,2026-02-08 17:15:00,142.66,clothing,clothes,D_A0329,Chennai,,0
T008213,A0312,2026-02-08 17:17:00,52.26,pharmacy,medicine,D_A0312,Madurai,,0
T008214,A0351,2026-02-08 17:21:00,228.66,travel,train_ticket,D_A0351,Chennai,,0
T008215,A0386,2026-02-08 17:24:00,42.22,grocery,vegetables,D_A0386,Coimbatore,,0
T008216,A0312,2026-02-08 17:25:00,90.82,pharmacy,medicine,D_A0312,Madurai,,0
T008217,A0454,2026-02-08 17:29:00,45.7,grocery,vegetables,D_A0454,Kochi,,0
T008218,A0026,2026-02-08 17:30:00,107.72,travel,bus_ticket,D_A0026,Chennai,,0
T008219,A0442,2026-02-08 17:33:00,256.95,clothing,shoes,D_A0442,Kochi,,0
T008220,A0375,2026-02-08 17:36:00,145.54,clothing,clothes,D_A0375,Hyderabad,,0
T008221,A0485,2026-02-08 17:39:00,87.01,grocery,vegetables,D_A0485,Madurai,,0
T008222,A0458,2026-02-08 17:48:00,51.09,pharmacy,medicine,D_A0458,Mumbai,,0
T008223,A0104,2026-02-08 18:00:00,206.58,clothing,shoes,D_A0104,Delhi,,0
T008224,A0126,2026-02-08 18:20:00,91.86,streaming,subscription,D_A0126,Chennai,,0
T008225,A0380,2026-02-08 18:27:00,20.32,giftcards,gift_card,D_A0380,Mumbai,,0
T008226,A0025,2026-02-08 18:37:00,40.87,pharmacy,medicine,D_A0025,Hyderabad,,0
T008227,A0040,2026-02-08 18:45:00,20.0,food,delivery,D_A0040,Coimbatore,,0
T008228,A0171,2026-02-08 18:53:00,85.91,travel,train_ticket,D_A0171,Madurai,,0
T008229,A0140,2026-02-08 18:56:00,54.54,streaming,subscription,D_A0140,Madurai,,0
T008230,A0138,2026-02-08 18:59:00,14.85,streaming,subscription,D_A0138,Kochi,,0
T008231,A0224,2026-02-08 19:14:00,94.57,fuel,diesel,D_A0224,Coimbatore,,0
T008232,A0130,2026-02-08 19:21:00,122.77,clothing,clothes,D_A0130,Mumbai,,0
T008233,A0080,2026-02-08 19:37:00,10.36,streaming,subscription,D_A0080,Chennai,,0
T008234,A0330,2026-02-08 19:37:00,48.7,fuel,diesel,D_A0330,Coimbatore,,0
T008235,A0255,2026-02-08 19:40:00,283.59,travel,train_ticket,D_A0255,Mumbai,,0
T008236,A0254,2026-02-08 19:48:00,60.21,clothing,clothes,D_A0254,Delhi,,0
T008237,A0184,2026-02-08 19:54:00,156.87,travel,bus_ticket,D_A0184,Coimbatore,,0
T008238,A0332,2026-02-08 19:55:00,12.88,streaming,subscription,D_A0332,Delhi,,0
T008239,A0070,2026-02-08 19:56:00,106.1,transfer,p2p_transfer,D_A0070,Chennai,PAYEE_A0070,0
T008240,A0100,2026-02-08 20:00:00,30.16,streaming,subscription,D_A0100,Kochi,,0
T008241,A0130,2026-02-08 20:16:00,33.27,pharmacy,medicine,D_A0130,Mumbai,,0
T008242,A0406,2026-02-08 20:24:00,86.73,travel,train_ticket,D_A0406,Coimbatore,,0
T008243,A0127,2026-02-08 20:25:00,439.74,travel,train_ticket,D_A0127,Delhi,,0
T008244,A0454,2026-02-08 20:25:00,27.05,pharmacy,medicine,D_A0454,Coimbatore,,0
T008245,A0227,2026-02-08 20:35:00,102.16,food,restaurant,D_A0227,Madurai,,0
T008246,A0359,2026-02-08 20:56:00,99.32,transfer,p2p_transfer,D_A0359,Bengaluru,PAYEE_A0359,0
T008247,A0085,2026-02-08 20:59:00,63.64,food,delivery,D_A0085,Delhi,,0
T008248,A0313,2026-02-08 21:24:00,22.14,food,restaurant,D_A0313,Chennai,,0
T008249,A0423,2026-02-08 21:33:00,23.18,food,delivery,D_A0423,Coimbatore,,0
T008250,A0055,2026-02-08 21:51:00,16.22,fuel,petrol,D_A0055,Bengaluru,,0
T008251,A0129,2026-02-08 22:39:00,38.48,fuel,petrol,D_OFF_2,Delhi,,0
T008252,A0048,2026-02-08 23:14:00,53.49,grocery,vegetables,D_A0048,Mumbai,,0
T008253,A0388,2026-02-08 23:22:00,75.48,travel,bus_ticket,D_A0388,Delhi,,0
T008254,A0162,2026-02-08 23:30:00,254.61,travel,bus_ticket,D_A0162,Coimbatore,,0
T008255,A0101,2026-02-08 23:30:00,202.63,travel,bus_ticket,D_A0101,Kochi,,0
T008256,A0011,2026-02-08 23:36:00,52.85,pharmacy,medicine,D_A0011,Delhi,,0
T008257,A0168,2026-02-09 04:00:00,1911.07,electronics,phone,D_STOLEN_34,Coimbatore,,1
T008258,A0168,2026-02-09 04:12:00,1702.47,giftcards,phone,D_STOLEN_34,Coimbatore,,1
T008259,A0012,2026-02-09 07:00:00,73.48,fuel,diesel,D_A0012,Chennai,,0
T008260,A0045,2026-02-09 07:06:00,50.02,pharmacy,medicine,D_A0045,Hyderabad,,0
T008261,A0121,2026-02-09 07:11:00,21.9,giftcards,gift_card,D_A0121,Hyderabad,,0
T008262,A0311,2026-02-09 07:19:00,47.13,grocery,vegetables,D_A0311,Chennai,,0
T008263,A0010,2026-02-09 07:22:00,84.11,travel,bus_ticket,D_A0010,Delhi,,0
T008264,A0243,2026-02-09 07:32:00,169.31,fuel,petrol,D_A0243,Delhi,,0
T008265,A0096,2026-02-09 07:37:00,160.48,clothing,shoes,D_A0096,Hyderabad,,0
T008266,A0150,2026-02-09 07:40:00,60.99,transfer,p2p_transfer,D_A0150,Kochi,PAYEE_A0150,0
T008267,A0204,2026-02-09 07:48:00,27.2,pharmacy,medicine,D_A0204,Kochi,,0
T008268,A0050,2026-02-09 07:50:00,146.96,fuel,diesel,D_A0050,Hyderabad,,0
T008269,A0019,2026-02-09 07:51:00,50.78,grocery,vegetables,D_A0019,Mumbai,,0
T008270,A0370,2026-02-09 07:52:00,26.5,streaming,subscription,D_A0370,Coimbatore,,0
T008271,A0346,2026-02-09 07:54:00,115.14,grocery,vegetables,D_A0346,Mumbai,,0
T008272,A0171,2026-02-09 07:57:00,85.54,travel,train_ticket,D_A0171,Madurai,,0
T008273,A0029,2026-02-09 08:00:00,19.14,grocery,vegetables,D_A0029,Hyderabad,,0
T008274,A0381,2026-02-09 08:11:00,97.58,fuel,petrol,D_A0381,Chennai,,0
T008275,A0102,2026-02-09 08:19:00,53.15,giftcards,gift_card,D_FAM_7,Madurai,,0
T008276,A0291,2026-02-09 08:23:00,249.19,travel,train_ticket,D_A0291,Mumbai,,0
T008277,A0023,2026-02-09 08:37:00,446.48,travel,bus_ticket,D_OFF_0,Hyderabad,,0
T008278,A0172,2026-02-09 08:47:00,18.6,streaming,subscription,D_A0172,Hyderabad,,0
T008279,A0120,2026-02-09 08:48:00,25.7,streaming,subscription,D_A0120,Hyderabad,,0
T008280,A0342,2026-02-09 08:57:00,109.68,clothing,shoes,D_A0342,Hyderabad,,0
T008281,A0408,2026-02-09 09:06:00,33.72,grocery,groceries,D_A0408,Kochi,,0
T008282,A0163,2026-02-09 09:16:00,75.19,pharmacy,medicine,D_FAM_5,Chennai,,0
T008283,A0360,2026-02-09 09:31:00,29.23,pharmacy,medicine,D_A0360,Coimbatore,,0
T008284,A0036,2026-02-09 09:34:00,9.95,streaming,subscription,D_FAM_1,Madurai,,0
T008285,A0404,2026-02-09 09:40:00,7.7,pharmacy,medicine,D_A0404,Chennai,,0
T008286,A0150,2026-02-09 09:53:00,57.96,transfer,p2p_transfer,D_A0150,Kochi,PAYEE_A0150,0
T008287,A0016,2026-02-09 09:56:00,63.68,streaming,subscription,D_FAM_12,Chennai,,0
T008288,A0300,2026-02-09 09:58:00,54.4,fuel,diesel,D_FAM_12,Delhi,,0
T008289,A0144,2026-02-09 10:01:00,41.83,grocery,groceries,D_A0144,Madurai,,0
T008290,A0356,2026-02-09 10:01:00,64.6,transfer,p2p_transfer,D_A0356,Bengaluru,PAYEE_A0356,0
T008291,A0401,2026-02-09 10:07:00,146.53,transfer,p2p_transfer,D_A0401,Madurai,PAYEE_A0401,0
T008292,A0004,2026-02-09 10:08:00,167.73,travel,bus_ticket,D_A0004,Kochi,,0
T008293,A0017,2026-02-09 10:10:00,42.77,grocery,groceries,D_A0017,Mumbai,,0
T008294,A0209,2026-02-09 10:11:00,15.21,streaming,subscription,D_A0209,Kochi,,0
T008295,A0389,2026-02-09 10:13:00,120.32,travel,train_ticket,D_A0389,Coimbatore,,0
T008296,A0486,2026-02-09 10:15:00,49.23,streaming,subscription,D_A0486,Mumbai,,0
T008297,A0084,2026-02-09 10:21:00,23.81,grocery,vegetables,D_A0084,Hyderabad,,0
T008298,A0204,2026-02-09 10:23:00,22.62,pharmacy,medicine,D_A0204,Kochi,,0
T008299,A0101,2026-02-09 10:28:00,150.96,fuel,diesel,D_A0101,Kochi,,0
T008300,A0012,2026-02-09 10:33:00,62.4,food,restaurant,D_A0012,Chennai,,0
T008301,A0423,2026-02-09 10:42:00,16.82,food,restaurant,D_A0423,Coimbatore,,0
T008302,A0435,2026-02-09 10:47:00,34.46,food,delivery,D_A0435,Coimbatore,,0
T008303,A0154,2026-02-09 10:58:00,109.19,clothing,clothes,D_A0154,Chennai,,0
T008304,A0143,2026-02-09 10:59:00,8.92,streaming,subscription,D_A0143,Kochi,,0
T008305,A0412,2026-02-09 11:01:00,105.7,clothing,clothes,D_A0412,Kochi,,0
T008306,A0143,2026-02-09 11:02:00,11.39,streaming,subscription,D_A0143,Kochi,,0
T008307,A0143,2026-02-09 11:07:00,60.82,clothing,shoes,D_A0143,Kochi,,0
T008308,A0444,2026-02-09 11:07:00,233.33,clothing,shoes,D_A0444,Kochi,,0
T008309,A0164,2026-02-09 11:10:00,56.48,food,delivery,D_A0164,Madurai,,0
T008310,A0244,2026-02-09 11:13:00,202.42,travel,train_ticket,D_A0244,Coimbatore,,0
T008311,A0087,2026-02-09 11:14:00,322.25,clothing,clothes,D_A0087,Bengaluru,,0
T008312,A0317,2026-02-09 11:17:00,190.23,clothing,clothes,D_OFF_0,Hyderabad,,0
T008313,A0072,2026-02-09 11:29:00,9.58,streaming,subscription,D_A0072,Hyderabad,,0
T008314,A0292,2026-02-09 11:35:00,47.44,grocery,groceries,D_A0292,Bengaluru,,0
T008315,A0053,2026-02-09 11:37:00,61.69,pharmacy,medicine,D_A0053,Bengaluru,,0
T008316,A0454,2026-02-09 12:00:00,28.27,grocery,groceries,D_A0454,Kochi,,0
T008317,A0271,2026-02-09 12:00:00,67.76,grocery,vegetables,D_A0271,Chennai,,0
T008318,A0133,2026-02-09 12:00:00,112.99,clothing,clothes,D_A0133,Bengaluru,,0
T008319,A0372,2026-02-09 12:06:00,66.63,grocery,groceries,D_A0372,Coimbatore,,0
T008320,A0357,2026-02-09 12:07:00,10.26,streaming,subscription,D_A0357,Kochi,,0
T008321,A0174,2026-02-09 12:10:00,46.23,clothing,clothes,D_A0174,Kochi,,0
T008322,A0051,2026-02-09 12:11:00,52.27,food,delivery,D_A0051,Mumbai,,0
T008323,A0066,2026-02-09 12:17:00,57.6,food,delivery,D_A0066,Bengaluru,,0
T008324,A0020,2026-02-09 12:24:00,28.26,streaming,subscription,D_A0020,Bengaluru,,0
T008325,A0135,2026-02-09 12:29:00,444.1,fuel,petrol,D_A0135,Delhi,,0
T008326,A0415,2026-02-09 12:33:00,48.07,pharmacy,medicine,D_A0415,Kochi,,0
T008327,A0102,2026-02-09 12:33:00,9.08,streaming,subscription,D_A0102,Madurai,,0
T008328,A0298,2026-02-09 12:38:00,63.64,grocery,vegetables,D_A0298,Chennai,,0
T008329,A0169,2026-02-09 12:41:00,119.93,travel,bus_ticket,D_A0169,Bengaluru,,0
T008330,A0330,2026-02-09 12:41:00,68.91,fuel,diesel,D_A0330,Bengaluru,,0
T008331,A0185,2026-02-09 12:43:00,163.19,food,delivery,D_A0185,Bengaluru,,0
T008332,A0390,2026-02-09 12:46:00,34.39,food,delivery,D_A0390,Chennai,,0
T008333,A0383,2026-02-09 12:48:00,78.57,clothing,clothes,D_A0383,Bengaluru,,0
T008334,A0395,2026-02-09 12:48:00,45.24,pharmacy,medicine,D_A0395,Chennai,,0
T008335,A0022,2026-02-09 12:50:00,13.94,pharmacy,medicine,D_FAM_5,Madurai,,0
T008336,A0498,2026-02-09 12:55:00,60.5,transfer,p2p_transfer,D_A0498,Coimbatore,PAYEE_A0498,0
T008337,A0311,2026-02-09 12:56:00,23.04,grocery,vegetables,D_A0311,Chennai,,0
T008338,A0252,2026-02-09 12:56:00,10.53,food,restaurant,D_A0252,Delhi,,0
T008339,A0270,2026-02-09 12:56:00,83.93,grocery,groceries,D_A0270,Kochi,,0
T008340,A0177,2026-02-09 12:57:00,31.09,streaming,subscription,D_A0177,Delhi,,0
T008341,A0113,2026-02-09 12:58:00,103.45,transfer,p2p_transfer,D_FAM_3,Hyderabad,PAYEE_A0113,0
T008342,A0314,2026-02-09 12:59:00,117.55,grocery,groceries,D_FAM_10,Mumbai,,0
T008343,A0026,2026-02-09 13:03:00,11.84,streaming,subscription,D_A0026,Hyderabad,,0
T008344,A0085,2026-02-09 13:04:00,48.81,pharmacy,medicine,D_A0085,Delhi,,0
T008345,A0241,2026-02-09 13:04:00,48.75,clothing,shoes,D_A0241,Hyderabad,,0
T008346,A0287,2026-02-09 13:06:00,28.5,food,delivery,D_FAM_13,Mumbai,,0
T008347,A0249,2026-02-09 13:11:00,58.93,clothing,shoes,D_A0249,Kochi,,0
T008348,A0315,2026-02-09 13:12:00,195.91,travel,bus_ticket,D_A0315,Madurai,,0
T008349,A0239,2026-02-09 13:19:00,27.39,food,delivery,D_A0239,Coimbatore,,0
T008350,A0383,2026-02-09 13:20:00,34.12,food,delivery,D_A0383,Bengaluru,,0
T008351,A0306,2026-02-09 13:24:00,21.69,grocery,groceries,D_A0306,Chennai,,0
T008352,A0196,2026-02-09 13:27:00,163.59,transfer,p2p_transfer,D_A0196,Coimbatore,PAYEE_A0196,0
T008353,A0229,2026-02-09 13:28:00,153.36,pharmacy,medicine,D_A0229,Bengaluru,,0
T008354,A0232,2026-02-09 13:32:00,48.33,pharmacy,medicine,D_A0232,Coimbatore,,0
T008355,A0032,2026-02-09 13:34:00,58.01,grocery,groceries,D_A0032,Delhi,,0
T008356,A0126,2026-02-09 13:34:00,249.84,grocery,groceries,D_A0126,Chennai,,0
T008357,A0345,2026-02-09 13:38:00,20.09,streaming,subscription,D_A0345,Bengaluru,,0
T008358,A0341,2026-02-09 13:41:00,28.82,streaming,subscription,D_A0341,Madurai,,0
T008359,A0231,2026-02-09 13:43:00,191.62,travel,train_ticket,D_A0231,Delhi,,0
T008360,A0209,2026-02-09 13:45:00,24.17,food,restaurant,D_A0209,Kochi,,0
T008361,A0416,2026-02-09 13:47:00,59.86,fuel,diesel,D_A0416,Hyderabad,,0
T008362,A0276,2026-02-09 13:56:00,28.41,food,delivery,D_A0276,Delhi,,0
T008363,A0086,2026-02-09 13:58:00,38.96,grocery,vegetables,D_A0086,Chennai,,0
T008364,A0243,2026-02-09 14:06:00,368.57,clothing,shoes,D_A0243,Delhi,,0
T008365,A0146,2026-02-09 14:10:00,29.41,food,delivery,D_A0146,Mumbai,,0
T008366,A0227,2026-02-09 14:20:00,30.91,streaming,subscription,D_A0227,Madurai,,0
T008367,A0489,2026-02-09 14:25:00,46.81,fuel,diesel,D_A0489,Madurai,,0
T008368,A0336,2026-02-09 14:26:00,156.06,clothing,clothes,D_A0336,Bengaluru,,0
T008369,A0375,2026-02-09 14:28:00,374.22,travel,train_ticket,D_A0375,Hyderabad,,0
T008370,A0215,2026-02-09 14:29:00,19.15,streaming,subscription,D_A0215,Coimbatore,,0
T008371,A0371,2026-02-09 14:33:00,61.3,pharmacy,medicine,D_A0371,Madurai,,0
T008372,A0182,2026-02-09 14:38:00,9.22,streaming,subscription,D_FAM_8,Chennai,,0
T008373,A0121,2026-02-09 14:39:00,110.36,clothing,clothes,D_A0121,Hyderabad,,0
T008374,A0169,2026-02-09 14:47:00,56.9,transfer,p2p_transfer,D_A0169,Bengaluru,PAYEE_A0169,0
T008375,A0093,2026-02-09 14:51:00,127.69,clothing,shoes,D_A0093,Kochi,,0
T008376,A0286,2026-02-09 14:51:00,44.85,pharmacy,medicine,D_A0286,Hyderabad,,0
T008377,A0334,2026-02-09 14:54:00,134.05,grocery,vegetables,D_A0334,Bengaluru,,0
T008378,A0087,2026-02-09 14:57:00,356.56,clothing,clothes,D_A0087,Madurai,,0
T008379,A0264,2026-02-09 15:04:00,145.05,travel,bus_ticket,D_A0264,Delhi,,0
T008380,A0104,2026-02-09 15:07:00,173.2,clothing,clothes,D_A0104,Hyderabad,,0
T008381,A0263,2026-02-09 15:08:00,497.52,clothing,shoes,D_A0263,Coimbatore,,0
T008382,A0179,2026-02-09 15:13:00,12.03,streaming,subscription,D_A0179,Mumbai,,0
T008383,A0010,2026-02-09 15:14:00,5.28,streaming,subscription,D_A0010,Delhi,,0
T008384,A0485,2026-02-09 15:16:00,80.44,grocery,vegetables,D_A0485,Madurai,,0
T008385,A0379,2026-02-09 15:16:00,85.43,clothing,clothes,D_A0379,Chennai,,0
T008386,A0427,2026-02-09 15:20:00,88.02,fuel,diesel,D_A0427,Coimbatore,,0
T008387,A0134,2026-02-09 15:23:00,78.3,food,delivery,D_A0134,Coimbatore,,0
T008388,A0095,2026-02-09 15:27:00,113.17,pharmacy,medicine,D_A0095,Mumbai,,0
T008389,A0238,2026-02-09 15:30:00,277.48,travel,bus_ticket,D_A0238,Bengaluru,,0
T008390,A0108,2026-02-09 15:31:00,30.69,streaming,subscription,D_A0108,Coimbatore,,0
T008391,A0478,2026-02-09 15:32:00,128.64,clothing,shoes,D_A0478,Hyderabad,,0
T008392,A0296,2026-02-09 15:32:00,480.45,travel,bus_ticket,D_A0296,Hyderabad,,0
T008393,A0358,2026-02-09 15:33:00,19.33,streaming,subscription,D_A0358,Madurai,,0
T008394,A0474,2026-02-09 15:36:00,177.98,clothing,shoes,D_A0474,Kochi,,0
T008395,A0256,2026-02-09 15:38:00,271.04,travel,train_ticket,D_A0256,Bengaluru,,0
T008396,A0454,2026-02-09 15:39:00,34.63,pharmacy,medicine,D_A0454,Kochi,,0
T008397,A0333,2026-02-09 15:40:00,301.64,pharmacy,medicine,D_FAM_9,Bengaluru,,0
T008398,A0153,2026-02-09 15:43:00,42.48,pharmacy,medicine,D_A0153,Madurai,,0
T008399,A0481,2026-02-09 15:44:00,110.35,travel,bus_ticket,D_A0481,Coimbatore,,0
T008400,A0103,2026-02-09 15:47:00,49.9,pharmacy,medicine,D_A0103,Delhi,,0
T008401,A0466,2026-02-09 15:49:00,41.71,fuel,diesel,D_A0466,Madurai,,0
T008402,A0378,2026-02-09 15:51:00,26.52,streaming,subscription,D_A0378,Hyderabad,,0
T008403,A0389,2026-02-09 15:57:00,89.04,fuel,diesel,D_A0389,Coimbatore,,0
T008404,A0362,2026-02-09 15:58:00,22.92,food,restaurant,D_A0362,Delhi,,0
T008405,A0363,2026-02-09 16:03:00,328.56,travel,bus_ticket,D_A0363,Coimbatore,,0
T008406,A0318,2026-02-09 16:08:00,21.29,food,delivery,D_A0318,Bengaluru,,0
T008407,A0489,2026-02-09 16:18:00,39.9,pharmacy,medicine,D_A0489,Madurai,,0
T008408,A0129,2026-02-09 16:19:00,31.72,pharmacy,medicine,D_OFF_2,Delhi,,0
T008409,A0092,2026-02-09 16:19:00,71.13,pharmacy,medicine,D_A0092,Chennai,,0
T008410,A0319,2026-02-09 16:24:00,228.24,transfer,p2p_transfer,D_A0319,Madurai,PAYEE_A0319,0
T008411,A0254,2026-02-09 16:26:00,27.43,transfer,p2p_transfer,D_A0254,Delhi,PAYEE_A0254,0
T008412,A0410,2026-02-09 16:34:00,44.2,pharmacy,medicine,D_A0410,Mumbai,,0
T008413,A0166,2026-02-09 16:41:00,68.62,fuel,diesel,D_A0166,Bengaluru,,0
T008414,A0341,2026-02-09 16:53:00,294.72,travel,bus_ticket,D_A0341,Madurai,,0
T008415,A0227,2026-02-09 16:53:00,124.29,fuel,petrol,D_A0227,Madurai,,0
T008416,A0169,2026-02-09 16:56:00,99.06,travel,bus_ticket,D_A0169,Bengaluru,,0
T008417,A0468,2026-02-09 16:56:00,354.2,travel,train_ticket,D_A0468,Chennai,,0
T008418,A0292,2026-02-09 17:00:00,45.46,grocery,vegetables,D_A0292,Kochi,,0
T008419,A0004,2026-02-09 17:04:00,20.46,pharmacy,medicine,D_A0004,Chennai,,0
T008420,A0432,2026-02-09 17:04:00,47.29,pharmacy,medicine,D_FAM_14,Kochi,,0
T008421,A0346,2026-02-09 17:06:00,189.38,fuel,diesel,D_A0346,Chennai,,0
T008422,A0020,2026-02-09 17:11:00,95.2,pharmacy,medicine,D_A0020,Bengaluru,,0
T008423,A0315,2026-02-09 17:33:00,16.7,streaming,subscription,D_A0315,Madurai,,0
T008424,A0099,2026-02-09 17:41:00,30.31,streaming,subscription,D_A0099,Hyderabad,,0
T008425,A0172,2026-02-09 17:45:00,134.68,clothing,clothes,D_A0172,Delhi,,0
T008426,A0431,2026-02-09 17:45:00,22.4,streaming,subscription,D_FAM_11,Hyderabad,,0
T008427,A0053,2026-02-09 17:47:00,34.37,fuel,petrol,D_A0053,Hyderabad,,0
T008428,A0414,2026-02-09 17:48:00,200.78,clothing,clothes,D_A0414,Madurai,,0
T008429,A0229,2026-02-09 17:48:00,83.87,food,delivery,D_A0229,Bengaluru,,0
T008430,A0073,2026-02-09 17:50:00,12.9,streaming,subscription,D_A0073,Bengaluru,,0
T008431,A0342,2026-02-09 17:52:00,43.14,grocery,vegetables,D_A0342,Hyderabad,,0
T008432,A0136,2026-02-09 17:58:00,47.46,food,delivery,D_FAM_0,Chennai,,0
T008433,A0441,2026-02-09 18:00:00,36.15,food,restaurant,D_A0441,Bengaluru,,0
T008434,A0413,2026-02-09 18:06:00,81.8,grocery,vegetables,D_A0413,Mumbai,,0
T008435,A0237,2026-02-09 18:21:00,51.17,grocery,groceries,D_FAM_3,Madurai,,0
T008436,A0180,2026-02-09 18:23:00,82.43,grocery,vegetables,D_A0180,Chennai,,0
T008437,A0383,2026-02-09 18:25:00,25.02,food,restaurant,D_A0383,Bengaluru,,0
T008438,A0197,2026-02-09 18:37:00,63.51,pharmacy,medicine,D_A0197,Bengaluru,,0
T008439,A0275,2026-02-09 18:45:00,42.91,food,restaurant,D_FAM_5,Bengaluru,,0
T008440,A0194,2026-02-09 18:54:00,100.06,pharmacy,medicine,D_FAM_2,Bengaluru,,0
T008441,A0000,2026-02-09 19:08:00,34.81,food,delivery,D_A0000,Kochi,,0
T008442,A0003,2026-02-09 19:09:00,102.81,fuel,diesel,D_A0003,Hyderabad,,0
T008443,A0484,2026-02-09 19:10:00,17.45,streaming,subscription,D_A0484,Bengaluru,,0
T008444,A0354,2026-02-09 19:12:00,25.35,grocery,vegetables,D_A0354,Hyderabad,,0
T008445,A0433,2026-02-09 19:19:00,45.27,pharmacy,medicine,D_A0433,Hyderabad,,0
T008446,A0187,2026-02-09 19:37:00,15.99,streaming,subscription,D_A0187,Bengaluru,,0
T008447,A0372,2026-02-09 19:47:00,43.98,pharmacy,medicine,D_A0372,Coimbatore,,0
T008448,A0094,2026-02-09 19:50:00,22.03,streaming,subscription,D_A0094,Bengaluru,,0
T008449,A0304,2026-02-09 20:04:00,35.24,pharmacy,medicine,D_A0304,Hyderabad,,0
T008450,A0343,2026-02-09 20:15:00,19.3,transfer,p2p_transfer,D_A0343,Kochi,PAYEE_A0343,0
T008451,A0176,2026-02-09 20:22:00,32.92,fuel,diesel,D_A0176,Coimbatore,,0
T008452,A0154,2026-02-09 20:23:00,52.6,food,restaurant,D_A0154,Chennai,,0
T008453,A0171,2026-02-09 20:36:00,134.0,travel,bus_ticket,D_A0171,Bengaluru,,0
T008454,A0349,2026-02-09 20:42:00,295.42,clothing,clothes,D_A0349,Bengaluru,,0
T008455,A0385,2026-02-09 20:42:00,152.22,travel,train_ticket,D_A0385,Coimbatore,,0
T008456,A0182,2026-02-09 20:55:00,108.1,fuel,petrol,D_FAM_8,Chennai,,0
T008457,A0332,2026-02-09 21:25:00,12.13,streaming,subscription,D_A0332,Delhi,,0
T008458,A0101,2026-02-09 21:29:00,208.62,travel,bus_ticket,D_A0101,Kochi,,0
T008459,A0273,2026-02-09 21:35:00,166.23,travel,bus_ticket,D_A0273,Bengaluru,,0
T008460,R000,2026-02-09 21:40:00,83.61,giftcards,gift_card,D_RING_1,Madurai,,1
T008461,A0078,2026-02-09 21:42:00,71.67,clothing,shoes,D_A0078,Hyderabad,,0
T008462,R000,2026-02-09 21:47:00,98.33,prepaid,prepaid_card,D_RING_2,Madurai,,1
T008463,R000,2026-02-09 21:54:00,147.35,digital_goods,game_credits,D_RING_2,Madurai,,1
T008464,R000,2026-02-09 22:10:00,197.35,transfer,p2p_transfer,D_RING_1,Madurai,PAYOUT_X,1
T008465,A0490,2026-02-09 23:08:00,83.11,fuel,petrol,D_A0490,Hyderabad,,0
T008466,A0366,2026-02-09 23:12:00,142.42,clothing,shoes,D_FAM_5,Delhi,,0
T008467,A0187,2026-02-09 23:19:00,20.13,food,delivery,D_A0187,Bengaluru,,0
T008468,A0055,2026-02-09 23:33:00,12.33,grocery,vegetables,D_A0055,Bengaluru,,0
T008469,A0244,2026-02-09 23:42:00,51.73,grocery,groceries,D_A0244,Coimbatore,,0
T008470,A0295,2026-02-09 23:53:00,40.37,fuel,petrol,D_A0295,Madurai,,0
T008471,A0424,2026-02-10 07:03:00,59.13,grocery,vegetables,D_A0424,Mumbai,,0
T008472,A0324,2026-02-10 07:06:00,79.9,grocery,groceries,D_A0324,Mumbai,,0
T008473,A0490,2026-02-10 07:07:00,44.71,grocery,vegetables,D_A0490,Hyderabad,,0
T008474,A0332,2026-02-10 07:15:00,33.14,giftcards,gift_card,D_A0332,Delhi,,0
T008475,A0437,2026-02-10 07:18:00,272.34,travel,train_ticket,D_FAM_3,Kochi,,0
T008476,A0283,2026-02-10 07:25:00,32.73,grocery,vegetables,D_A0283,Coimbatore,,0
T008477,A0225,2026-02-10 07:25:00,105.49,travel,train_ticket,D_A0225,Bengaluru,,0
T008478,A0446,2026-02-10 07:26:00,107.99,clothing,clothes,D_A0446,Madurai,,0
T008479,A0253,2026-02-10 07:33:00,32.78,food,delivery,D_A0253,Mumbai,,0
T008480,A0055,2026-02-10 07:33:00,7.94,streaming,subscription,D_A0055,Bengaluru,,0
T008481,A0394,2026-02-10 07:33:00,110.11,grocery,vegetables,D_A0394,Coimbatore,,0
T008482,A0010,2026-02-10 07:45:00,46.7,clothing,clothes,D_A0010,Bengaluru,,0
T008483,A0398,2026-02-10 07:46:00,71.29,food,restaurant,D_OFF_1,Kochi,,0
T008484,A0135,2026-02-10 07:52:00,689.79,clothing,shoes,D_A0135,Delhi,,0
T008485,A0306,2026-02-10 07:58:00,43.35,pharmacy,medicine,D_A0306,Chennai,,0
T008486,A0127,2026-02-10 08:09:00,79.09,pharmacy,medicine,D_A0127,Delhi,,0
T008487,A0475,2026-02-10 08:14:00,294.13,travel,bus_ticket,D_A0475,Hyderabad,,0
T008488,A0066,2026-02-10 08:52:00,53.4,fuel,petrol,D_A0066,Bengaluru,,0
T008489,A0230,2026-02-10 08:52:00,27.67,food,delivery,D_A0230,Madurai,,0
T008490,A0208,2026-02-10 08:52:00,256.91,travel,bus_ticket,D_A0208,Hyderabad,,0
T008491,A0468,2026-02-10 08:57:00,237.01,travel,bus_ticket,D_A0468,Chennai,,0
T008492,A0283,2026-02-10 09:22:00,5.1,streaming,subscription,D_A0283,Kochi,,0
T008493,A0384,2026-02-10 09:24:00,163.13,travel,bus_ticket,D_A0384,Kochi,,0
T008494,A0473,2026-02-10 09:27:00,25.71,transfer,p2p_transfer,D_A0473,Mumbai,PAYEE_A0473,0
T008495,A0322,2026-02-10 09:40:00,79.27,transfer,p2p_transfer,D_A0322,Madurai,PAYEE_A0322,0
T008496,A0108,2026-02-10 09:48:00,41.35,streaming,subscription,D_A0108,Bengaluru,,0
T008497,A0312,2026-02-10 09:54:00,75.13,pharmacy,medicine,D_A0312,Madurai,,0
T008498,A0097,2026-02-10 10:04:00,115.77,travel,train_ticket,D_FAM_1,Delhi,,0
T008499,A0402,2026-02-10 10:10:00,15.1,streaming,subscription,D_A0402,Madurai,,0
T008500,A0093,2026-02-10 10:11:00,64.21,clothing,shoes,D_A0093,Kochi,,0
T008501,A0209,2026-02-10 10:14:00,16.02,pharmacy,medicine,D_A0209,Kochi,,0
T008502,A0017,2026-02-10 10:16:00,171.34,travel,train_ticket,D_A0017,Mumbai,,0
T008503,A0038,2026-02-10 10:23:00,39.41,fuel,diesel,D_A0038,Madurai,,0
T008504,A0189,2026-02-10 10:24:00,91.11,travel,bus_ticket,D_A0189,Chennai,,0
T008505,A0007,2026-02-10 10:28:00,37.55,grocery,groceries,D_A0007,Bengaluru,,0
T008506,A0445,2026-02-10 10:31:00,45.97,food,restaurant,D_A0445,Coimbatore,,0
T008507,A0161,2026-02-10 10:33:00,128.63,fuel,diesel,D_A0161,Bengaluru,,0
T008508,A0276,2026-02-10 10:33:00,36.45,grocery,vegetables,D_A0276,Delhi,,0
T008509,A0233,2026-02-10 10:38:00,264.47,clothing,clothes,D_A0233,Coimbatore,,0
T008510,A0220,2026-02-10 10:41:00,43.35,food,restaurant,D_A0220,Coimbatore,,0
T008511,A0408,2026-02-10 10:43:00,117.59,grocery,vegetables,D_A0408,Kochi,,0
T008512,A0293,2026-02-10 10:44:00,73.64,fuel,diesel,D_A0293,Mumbai,,0
T008513,A0007,2026-02-10 10:44:00,21.97,food,restaurant,D_A0007,Bengaluru,,0
T008514,A0477,2026-02-10 11:09:00,127.51,pharmacy,medicine,D_A0477,Hyderabad,,0
T008515,A0113,2026-02-10 11:10:00,61.39,food,delivery,D_FAM_3,Hyderabad,,0
T008516,A0222,2026-02-10 11:11:00,20.05,grocery,vegetables,D_A0222,Madurai,,0
T008517,A0205,2026-02-10 11:11:00,37.22,food,restaurant,D_A0205,Hyderabad,,0
T008518,A0212,2026-02-10 11:11:00,365.02,travel,train_ticket,D_OFF_1,Kochi,,0
T008519,A0250,2026-02-10 11:12:00,109.07,travel,train_ticket,D_A0250,Madurai,,0
T008520,A0439,2026-02-10 11:13:00,537.44,electronics,television,D_A0439,Chennai,,0
T008521,A0323,2026-02-10 11:15:00,24.25,streaming,subscription,D_A0323,Madurai,,0
T008522,A0448,2026-02-10 11:18:00,31.76,streaming,subscription,D_A0448,Madurai,,0
T008523,A0415,2026-02-10 11:19:00,32.14,pharmacy,medicine,D_A0415,Kochi,,0
T008524,A0002,2026-02-10 11:20:00,22.27,streaming,subscription,D_A0002,Kochi,,0
T008525,A0329,2026-02-10 11:21:00,51.2,pharmacy,medicine,D_A0329,Kochi,,0
T008526,A0378,2026-02-10 11:24:00,55.7,pharmacy,medicine,D_A0378,Hyderabad,,0
T008527,A0156,2026-02-10 11:25:00,37.58,fuel,petrol,D_A0156,Delhi,,0
T008528,A0198,2026-02-10 11:29:00,396.37,clothing,clothes,D_A0198,Coimbatore,,0
T008529,A0184,2026-02-10 11:29:00,385.9,travel,bus_ticket,D_A0184,Coimbatore,,0
T008530,A0105,2026-02-10 11:35:00,59.46,fuel,petrol,D_OFF_2,Chennai,,0
T008531,A0361,2026-02-10 11:38:00,172.33,clothing,shoes,D_A0361,Chennai,,0
T008532,A0113,2026-02-10 11:41:00,85.86,food,delivery,D_FAM_3,Hyderabad,,0
T008533,A0362,2026-02-10 11:42:00,20.33,pharmacy,medicine,D_A0362,Delhi,,0
T008534,A0307,2026-02-10 11:44:00,112.76,clothing,clothes,D_A0307,Mumbai,,0
T008535,A0181,2026-02-10 11:59:00,75.29,grocery,groceries,D_A0181,Chennai,,0
T008536,A0253,2026-02-10 12:00:00,40.81,fuel,diesel,D_A0253,Mumbai,,0
T008537,A0482,2026-02-10 12:04:00,197.79,travel,bus_ticket,D_A0482,Kochi,,0
T008538,A0010,2026-02-10 12:06:00,79.81,travel,bus_ticket,D_A0010,Bengaluru,,0
T008539,A0015,2026-02-10 12:06:00,83.76,clothing,clothes,D_FAM_14,Kochi,,0
T008540,A0099,2026-02-10 12:14:00,16.94,streaming,subscription,D_A0099,Hyderabad,,0
T008541,A0007,2026-02-10 12:15:00,66.74,clothing,shoes,D_A0007,Chennai,,0
T008542,A0316,2026-02-10 12:15:00,292.34,travel,train_ticket,D_FAM_14,Madurai,,0
T008543,A0024,2026-02-10 12:16:00,220.76,fuel,petrol,D_A0024,Hyderabad,,0
T008544,A0208,2026-02-10 12:19:00,177.08,travel,train_ticket,D_A0208,Hyderabad,,0
T008545,A0008,2026-02-10 12:27:00,25.92,grocery,groceries,D_A0008,Delhi,,0
T008546,A0051,2026-02-10 12:31:00,54.12,food,delivery,D_A0051,Mumbai,,0
T008547,A0166,2026-02-10 12:34:00,262.35,travel,train_ticket,D_A0166,Bengaluru,,0
T008548,A0423,2026-02-10 12:37:00,24.09,grocery,vegetables,D_A0423,Coimbatore,,0
T008549,A0317,2026-02-10 12:38:00,132.32,fuel,petrol,D_OFF_0,Hyderabad,,0
T008550,A0235,2026-02-10 12:41:00,62.19,fuel,petrol,D_A0235,Delhi,,0
T008551,A0323,2026-02-10 12:42:00,53.43,fuel,petrol,D_A0323,Madurai,,0
T008552,A0437,2026-02-10 12:45:00,211.49,travel,bus_ticket,D_FAM_3,Kochi,,0
T008553,A0214,2026-02-10 12:48:00,9.03,food,delivery,D_A0214,Chennai,,0
T008554,A0470,2026-02-10 12:49:00,65.46,travel,train_ticket,D_A0470,Kochi,,0
T008555,A0142,2026-02-10 12:51:00,52.23,grocery,groceries,D_A0142,Madurai,,0
T008556,A0303,2026-02-10 12:56:00,34.54,fuel,petrol,D_FAM_4,Bengaluru,,0
T008557,A0460,2026-02-10 12:57:00,18.26,streaming,subscription,D_A0460,Hyderabad,,0
T008558,A0366,2026-02-10 12:59:00,788.96,electronics,laptop,D_FAM_5,Delhi,,0
T008559,A0154,2026-02-10 13:00:00,177.18,travel,bus_ticket,D_A0154,Chennai,,0
T008560,A0252,2026-02-10 13:00:00,18.23,food,restaurant,D_A0252,Delhi,,0
T008561,A0271,2026-02-10 13:02:00,108.8,fuel,diesel,D_A0271,Delhi,,0
T008562,A0048,2026-02-10 13:06:00,61.04,grocery,groceries,D_A0048,Mumbai,,0
T008563,A0049,2026-02-10 13:07:00,105.27,fuel,diesel,D_FAM_8,Coimbatore,,0
T008564,A0032,2026-02-10 13:07:00,30.68,pharmacy,medicine,D_A0032,Delhi,,0
T008565,A0157,2026-02-10 13:09:00,177.66,grocery,vegetables,D_A0157,Hyderabad,,0
T008566,A0284,2026-02-10 13:10:00,93.1,fuel,diesel,D_A0284,Coimbatore,,0
T008567,A0332,2026-02-10 13:15:00,14.24,streaming,subscription,D_A0332,Delhi,,0
T008568,A0125,2026-02-10 13:19:00,58.77,pharmacy,medicine,D_A0125,Kochi,,0
T008569,A0366,2026-02-10 13:19:00,74.96,clothing,clothes,D_FAM_5,Delhi,,0
T008570,A0394,2026-02-10 13:26:00,70.22,grocery,vegetables,D_A0394,Coimbatore,,0
T008571,A0034,2026-02-10 13:35:00,43.03,travel,bus_ticket,D_FAM_10,Chennai,,0
T008572,A0312,2026-02-10 13:36:00,139.34,grocery,groceries,D_A0312,Madurai,,0
T008573,A0257,2026-02-10 13:43:00,126.95,clothing,clothes,D_A0257,Coimbatore,,0
T008574,A0302,2026-02-10 13:52:00,25.54,grocery,vegetables,D_A0302,Kochi,,0
T008575,A0496,2026-02-10 13:56:00,218.17,clothing,shoes,D_A0496,Mumbai,,0
T008576,A0420,2026-02-10 14:04:00,379.63,travel,bus_ticket,D_OFF_0,Madurai,,0
T008577,A0335,2026-02-10 14:08:00,56.33,food,restaurant,D_A0335,Mumbai,,0
T008578,A0039,2026-02-10 14:10:00,106.86,grocery,vegetables,D_A0039,Bengaluru,,0
T008579,A0239,2026-02-10 14:12:00,16.86,food,delivery,D_A0239,Coimbatore,,0
T008580,A0185,2026-02-10 14:13:00,630.39,grocery,groceries,D_A0185,Bengaluru,,0
T008581,A0284,2026-02-10 14:17:00,129.13,clothing,shoes,D_A0284,Coimbatore,,0
T008582,A0305,2026-02-10 14:19:00,15.58,streaming,subscription,D_A0305,Mumbai,,0
T008583,A0169,2026-02-10 14:20:00,95.11,travel,bus_ticket,D_A0169,Bengaluru,,0
T008584,A0191,2026-02-10 14:25:00,41.05,transfer,p2p_transfer,D_A0191,Bengaluru,PAYEE_A0191,0
T008585,A0004,2026-02-10 14:34:00,99.42,travel,bus_ticket,D_A0004,Chennai,,0
T008586,A0111,2026-02-10 14:38:00,130.56,transfer,p2p_transfer,D_A0111,Kochi,PAYEE_A0111,0
T008587,A0251,2026-02-10 14:41:00,23.91,food,delivery,D_A0251,Chennai,,0
T008588,A0476,2026-02-10 14:42:00,89.6,food,delivery,D_A0476,Chennai,,0
T008589,A0444,2026-02-10 14:45:00,106.16,grocery,vegetables,D_A0444,Kochi,,0
T008590,A0433,2026-02-10 14:47:00,48.28,pharmacy,medicine,D_A0433,Hyderabad,,0
T008591,A0343,2026-02-10 14:48:00,24.46,grocery,groceries,D_A0343,Hyderabad,,0
T008592,A0161,2026-02-10 14:50:00,98.15,grocery,vegetables,D_A0161,Bengaluru,,0
T008593,A0113,2026-02-10 14:51:00,71.75,pharmacy,medicine,D_FAM_3,Hyderabad,,0
T008594,A0334,2026-02-10 14:51:00,119.89,grocery,groceries,D_A0334,Madurai,,0
T008595,A0166,2026-02-10 15:02:00,64.59,pharmacy,medicine,D_A0166,Delhi,,0
T008596,A0122,2026-02-10 15:08:00,39.49,streaming,subscription,D_A0122,Chennai,,0
T008597,A0245,2026-02-10 15:15:00,37.26,pharmacy,medicine,D_A0245,Mumbai,,0
T008598,A0405,2026-02-10 15:16:00,24.74,fuel,diesel,D_A0405,Kochi,,0
T008599,A0288,2026-02-10 15:16:00,38.56,food,restaurant,D_A0288,Coimbatore,,0
T008600,A0207,2026-02-10 15:16:00,47.08,streaming,subscription,D_A0207,Bengaluru,,0
T008601,A0407,2026-02-10 15:24:00,149.26,clothing,shoes,D_A0407,Bengaluru,,0
T008602,A0119,2026-02-10 15:26:00,237.62,clothing,shoes,D_A0119,Madurai,,0
T008603,A0102,2026-02-10 15:32:00,25.98,pharmacy,medicine,D_FAM_7,Madurai,,0
T008604,A0347,2026-02-10 15:35:00,627.26,travel,bus_ticket,D_A0347,Chennai,,0
T008605,A0433,2026-02-10 15:37:00,40.63,pharmacy,medicine,D_A0433,Coimbatore,,0
T008606,A0260,2026-02-10 15:40:00,84.4,food,delivery,D_A0260,Hyderabad,,0
T008607,A0419,2026-02-10 15:41:00,13.81,pharmacy,medicine,D_A0419,Delhi,,0
T008608,A0087,2026-02-10 15:44:00,174.45,food,restaurant,D_A0087,Madurai,,0
T008609,A0065,2026-02-10 15:45:00,83.79,grocery,vegetables,D_A0065,Chennai,,0
T008610,A0333,2026-02-10 15:47:00,143.02,grocery,groceries,D_FAM_9,Chennai,,0
T008611,A0440,2026-02-10 15:48:00,123.53,transfer,p2p_transfer,D_OFF_2,Madurai,PAYEE_A0440,0
T008612,A0298,2026-02-10 15:48:00,73.2,grocery,vegetables,D_A0298,Chennai,,0
T008613,A0159,2026-02-10 15:50:00,40.55,food,restaurant,D_A0159,Delhi,,0
T008614,A0131,2026-02-10 15:50:00,121.47,pharmacy,medicine,D_A0131,Bengaluru,,0
T008615,A0211,2026-02-10 15:51:00,156.21,travel,train_ticket,D_A0211,Bengaluru,,0
T008616,A0164,2026-02-10 15:51:00,62.23,food,restaurant,D_A0164,Madurai,,0
T008617,A0022,2026-02-10 15:55:00,10.19,food,delivery,D_FAM_5,Madurai,,0
T008618,A0077,2026-02-10 15:56:00,197.72,travel,bus_ticket,D_A0077,Madurai,,0
T008619,A0243,2026-02-10 15:58:00,372.22,travel,train_ticket,D_A0243,Delhi,,0
T008620,A0434,2026-02-10 16:02:00,85.57,travel,bus_ticket,D_A0434,Delhi,,0
T008621,A0023,2026-02-10 16:02:00,115.31,clothing,clothes,D_OFF_0,Hyderabad,,0
T008622,A0240,2026-02-10 16:03:00,59.02,fuel,diesel,D_FAM_11,Bengaluru,,0
T008623,A0185,2026-02-10 16:07:00,191.86,food,restaurant,D_A0185,Bengaluru,,0
T008624,A0063,2026-02-10 16:16:00,84.55,fuel,diesel,D_A0063,Coimbatore,,0
T008625,A0065,2026-02-10 16:19:00,47.45,grocery,vegetables,D_A0065,Chennai,,0
T008626,A0327,2026-02-10 16:30:00,108.1,transfer,p2p_transfer,D_A0327,Coimbatore,PAYEE_A0327,0
T008627,A0475,2026-02-10 16:31:00,77.4,fuel,petrol,D_A0475,Hyderabad,,0
T008628,A0127,2026-02-10 16:34:00,144.2,travel,train_ticket,D_A0127,Delhi,,0
T008629,A0184,2026-02-10 16:35:00,13.51,streaming,subscription,D_A0184,Coimbatore,,0
T008630,A0183,2026-02-10 16:55:00,28.17,fuel,petrol,D_A0183,Mumbai,,0
T008631,A0157,2026-02-10 16:58:00,125.73,fuel,diesel,D_A0157,Hyderabad,,0
T008632,A0345,2026-02-10 16:59:00,46.96,grocery,groceries,D_A0345,Bengaluru,,0
T008633,A0167,2026-02-10 17:00:00,30.61,streaming,subscription,D_A0167,Chennai,,0
T008634,A0307,2026-02-10 17:11:00,211.08,travel,train_ticket,D_A0307,Mumbai,,0
T008635,A0174,2026-02-10 17:16:00,15.36,streaming,subscription,D_A0174,Kochi,,0
T008636,A0385,2026-02-10 17:26:00,23.48,food,delivery,D_A0385,Kochi,,0
T008637,A0232,2026-02-10 17:40:00,101.22,transfer,p2p_transfer,D_A0232,Coimbatore,PAYEE_A0232,0
T008638,A0443,2026-02-10 17:48:00,201.19,fuel,diesel,D_A0443,Chennai,,0
T008639,A0004,2026-02-10 17:52:00,71.81,travel,train_ticket,D_A0004,Chennai,,0
T008640,A0414,2026-02-10 17:58:00,200.44,fuel,diesel,D_A0414,Mumbai,,0
T008641,A0151,2026-02-10 18:07:00,177.4,travel,train_ticket,D_A0151,Coimbatore,,0
T008642,A0201,2026-02-10 18:08:00,85.72,travel,train_ticket,D_A0201,Coimbatore,,0
T008643,A0044,2026-02-10 18:16:00,92.01,clothing,clothes,D_A0044,Mumbai,,0
T008644,A0208,2026-02-10 18:18:00,72.66,fuel,diesel,D_A0208,Mumbai,,0
T008645,A0301,2026-02-10 18:22:00,86.69,fuel,diesel,D_A0301,Hyderabad,,0
T008646,A0234,2026-02-10 18:29:00,18.49,streaming,subscription,D_A0234,Coimbatore,,0
T008647,A0157,2026-02-10 18:30:00,125.22,fuel,petrol,D_A0157,Hyderabad,,0
T008648,A0457,2026-02-10 18:34:00,255.88,travel,bus_ticket,D_A0457,Hyderabad,,0
T008649,A0134,2026-02-10 18:46:00,72.29,pharmacy,medicine,D_A0134,Coimbatore,,0
T008650,A0397,2026-02-10 18:55:00,60.18,pharmacy,medicine,D_A0397,Chennai,,0
T008651,A0132,2026-02-10 18:59:00,532.36,travel,train_ticket,D_A0132,Delhi,,0
T008652,A0325,2026-02-10 19:02:00,31.99,food,restaurant,D_OFF_2,Bengaluru,,0
T008653,A0201,2026-02-10 19:15:00,11.89,streaming,subscription,D_A0201,Coimbatore,,0
T008654,A0053,2026-02-10 19:15:00,39.5,pharmacy,medicine,D_A0053,Bengaluru,,0
T008655,A0108,2026-02-10 19:16:00,9.4,streaming,subscription,D_A0108,Coimbatore,,0
T008656,A0163,2026-02-10 19:25:00,20.37,grocery,vegetables,D_FAM_5,Chennai,,0
T008657,A0182,2026-02-10 19:31:00,168.45,grocery,groceries,D_FAM_8,Chennai,,0
T008658,A0436,2026-02-10 19:51:00,54.71,pharmacy,medicine,D_A0436,Bengaluru,,0
T008659,A0276,2026-02-10 19:58:00,28.47,grocery,groceries,D_A0276,Delhi,,0
T008660,A0187,2026-02-10 20:17:00,14.62,streaming,subscription,D_A0187,Bengaluru,,0
T008661,A0451,2026-02-10 20:23:00,16.95,grocery,groceries,D_FAM_12,Madurai,,0
T008662,A0454,2026-02-10 20:43:00,26.07,pharmacy,medicine,D_A0454,Kochi,,0
T008663,A0159,2026-02-10 21:18:00,37.81,food,delivery,D_A0159,Delhi,,0
T008664,A0144,2026-02-10 21:26:00,157.05,travel,bus_ticket,D_A0144,Madurai,,0
T008665,A0200,2026-02-10 21:45:00,160.85,transfer,p2p_transfer,D_A0200,Coimbatore,PAYEE_A0200,0
T008666,A0070,2026-02-10 21:51:00,84.57,grocery,vegetables,D_A0070,Chennai,,0
T008667,A0437,2026-02-10 21:56:00,186.93,travel,bus_ticket,D_FAM_3,Kochi,,0
T008668,A0221,2026-02-10 22:37:00,29.01,pharmacy,medicine,D_A0221,Mumbai,,0
T008669,A0293,2026-02-10 23:08:00,116.02,fuel,diesel,D_A0293,Mumbai,,0
T008670,A0461,2026-02-10 23:32:00,52.44,pharmacy,medicine,D_FAM_0,Madurai,,0
T008671,A0215,2026-02-10 23:38:00,220.23,clothing,shoes,D_A0215,Madurai,,0
T008672,A0416,2026-02-10 23:56:00,60.61,grocery,vegetables,D_A0416,Hyderabad,,0
T008673,A0097,2026-02-11 03:58:00,407.54,travel,phone,D_STOLEN_21,Hyderabad,,1
T008674,A0097,2026-02-11 04:10:00,452.55,travel,flight_ticket,D_STOLEN_21,Hyderabad,,1
T008675,A0261,2026-02-11 07:01:00,53.78,grocery,vegetables,D_A0261,Delhi,,0
T008676,A0107,2026-02-11 07:01:00,46.07,transfer,p2p_transfer,D_A0107,Madurai,PAYEE_A0107,0
T008677,A0105,2026-02-11 07:03:00,86.47,fuel,diesel,D_OFF_2,Chennai,,0
T008678,A0136,2026-02-11 07:04:00,61.66,pharmacy,medicine,D_A0136,Chennai,,0
T008679,A0467,2026-02-11 07:12:00,8.28,streaming,subscription,D_OFF_1,Delhi,,0
T008680,A0152,2026-02-11 07:15:00,34.67,food,restaurant,D_A0152,Hyderabad,,0
T008681,A0205,2026-02-11 07:17:00,11.58,food,delivery,D_A0205,Hyderabad,,0
T008682,A0045,2026-02-11 07:20:00,138.65,transfer,p2p_transfer,D_A0045,Hyderabad,PAYEE_A0045,0
T008683,A0403,2026-02-11 07:31:00,10.17,streaming,subscription,D_A0403,Bengaluru,,0
T008684,A0150,2026-02-11 07:32:00,65.43,clothing,shoes,D_A0150,Mumbai,,0
T008685,A0147,2026-02-11 07:39:00,88.07,fuel,diesel,D_A0147,Delhi,,0
T008686,A0097,2026-02-11 07:40:00,35.07,grocery,vegetables,D_FAM_1,Delhi,,0
T008687,A0388,2026-02-11 07:41:00,63.47,travel,train_ticket,D_A0388,Delhi,,0
T008688,A0312,2026-02-11 07:45:00,102.68,grocery,groceries,D_A0312,Madurai,,0
T008689,A0236,2026-02-11 07:49:00,142.05,travel,bus_ticket,D_A0236,Chennai,,0
T008690,A0105,2026-02-11 07:50:00,11.81,streaming,subscription,D_A0105,Chennai,,0
T008691,A0370,2026-02-11 07:58:00,17.54,streaming,subscription,D_A0370,Coimbatore,,0
T008692,A0014,2026-02-11 08:03:00,35.04,grocery,groceries,D_FAM_2,Coimbatore,,0
T008693,A0093,2026-02-11 08:04:00,149.69,clothing,clothes,D_A0093,Kochi,,0
T008694,A0021,2026-02-11 08:07:00,85.1,clothing,clothes,D_A0021,Kochi,,0
T008695,A0185,2026-02-11 08:17:00,127.77,food,restaurant,D_A0185,Bengaluru,,0
T008696,A0449,2026-02-11 08:34:00,363.17,transfer,p2p_transfer,D_FAM_0,Delhi,PAYEE_A0449,0
T008697,A0207,2026-02-11 08:37:00,20.3,streaming,subscription,D_A0207,Bengaluru,,0
T008698,A0095,2026-02-11 08:39:00,255.47,clothing,shoes,D_A0095,Mumbai,,0
T008699,A0302,2026-02-11 08:56:00,27.64,grocery,groceries,D_A0302,Kochi,,0
T008700,A0456,2026-02-11 09:00:00,69.15,fuel,petrol,D_A0456,Mumbai,,0
T008701,A0494,2026-02-11 09:08:00,130.15,fuel,diesel,D_A0494,Delhi,,0
T008702,A0251,2026-02-11 09:12:00,19.57,pharmacy,medicine,D_A0251,Chennai,,0
T008703,A0484,2026-02-11 09:13:00,55.91,fuel,petrol,D_A0484,Bengaluru,,0
T008704,A0173,2026-02-11 09:17:00,77.43,grocery,vegetables,D_A0173,Bengaluru,,0
T008705,A0406,2026-02-11 09:28:00,21.03,pharmacy,medicine,D_A0406,Coimbatore,,0
T008706,A0188,2026-02-11 09:35:00,32.59,food,restaurant,D_A0188,Chennai,,0
T008707,A0190,2026-02-11 09:52:00,100.29,pharmacy,medicine,D_FAM_13,Madurai,,0
T008708,A0029,2026-02-11 09:54:00,79.24,travel,bus_ticket,D_A0029,Hyderabad,,0
T008709,A0433,2026-02-11 09:55:00,25.56,pharmacy,medicine,D_A0433,Hyderabad,,0
T008710,A0094,2026-02-11 10:03:00,17.77,food,delivery,D_A0094,Bengaluru,,0
T008711,A0481,2026-02-11 10:09:00,56.98,grocery,vegetables,D_A0481,Coimbatore,,0
T008712,A0104,2026-02-11 10:09:00,106.09,fuel,petrol,D_A0104,Delhi,,0
T008713,A0257,2026-02-11 10:11:00,84.37,clothing,shoes,D_A0257,Coimbatore,,0
T008714,A0411,2026-02-11 10:15:00,239.03,travel,bus_ticket,D_A0411,Kochi,,0
T008715,A0364,2026-02-11 10:24:00,75.73,grocery,vegetables,D_A0364,Kochi,,0
T008716,A0456,2026-02-11 10:27:00,190.87,travel,bus_ticket,D_A0456,Mumbai,,0
T008717,A0288,2026-02-11 10:32:00,64.24,clothing,shoes,D_A0288,Coimbatore,,0
T008718,A0356,2026-02-11 10:33:00,21.53,food,delivery,D_A0356,Bengaluru,,0
T008719,A0049,2026-02-11 10:39:00,91.92,fuel,petrol,D_FAM_8,Coimbatore,,0
T008720,A0332,2026-02-11 10:43:00,16.74,streaming,subscription,D_A0332,Delhi,,0
T008721,A0182,2026-02-11 10:48:00,51.47,fuel,diesel,D_A0182,Chennai,,0
T008722,A0409,2026-02-11 10:48:00,143.78,travel,train_ticket,D_A0409,Chennai,,0
T008723,A0040,2026-02-11 10:49:00,108.7,clothing,shoes,D_A0040,Coimbatore,,0
T008724,A0197,2026-02-11 10:57:00,37.27,food,delivery,D_A0197,Bengaluru,,0
T008725,A0120,2026-02-11 10:58:00,12.45,streaming,subscription,D_A0120,Hyderabad,,0
T008726,A0447,2026-02-11 11:01:00,131.65,transfer,p2p_transfer,D_A0447,Hyderabad,PAYEE_A0447,0
T008727,A0226,2026-02-11 11:01:00,33.41,pharmacy,medicine,D_A0226,Kochi,,0
T008728,A0105,2026-02-11 11:03:00,14.27,streaming,subscription,D_OFF_2,Chennai,,0
T008729,A0342,2026-02-11 11:08:00,245.78,travel,bus_ticket,D_A0342,Hyderabad,,0
T008730,A0330,2026-02-11 11:14:00,57.27,grocery,groceries,D_A0330,Coimbatore,,0
T008731,A0350,2026-02-11 11:14:00,110.15,food,delivery,D_A0350,Kochi,,0
T008732,A0171,2026-02-11 11:17:00,44.84,fuel,diesel,D_A0171,Bengaluru,,0
T008733,A0478,2026-02-11 11:23:00,112.61,clothing,shoes,D_A0478,Hyderabad,,0
T008734,A0050,2026-02-11 11:26:00,65.11,fuel,petrol,D_A0050,Hyderabad,,0
T008735,A0453,2026-02-11 11:29:00,33.81,streaming,subscription,D_A0453,Coimbatore,,0
T008736,A0179,2026-02-11 11:29:00,86.31,clothing,shoes,D_A0179,Madurai,,0
T008737,A0215,2026-02-11 11:31:00,15.05,streaming,subscription,D_A0215,Madurai,,0
T008738,A0294,2026-02-11 11:32:00,228.25,travel,bus_ticket,D_A0294,Chennai,,0
T008739,A0099,2026-02-11 11:38:00,88.93,fuel,diesel,D_A0099,Kochi,,0
T008740,A0028,2026-02-11 11:44:00,13.86,streaming,subscription,D_A0028,Bengaluru,,0
T008741,A0289,2026-02-11 11:49:00,14.23,streaming,subscription,D_A0289,Bengaluru,,0
T008742,A0294,2026-02-11 11:55:00,70.48,fuel,diesel,D_A0294,Mumbai,,0
T008743,A0331,2026-02-11 12:00:00,63.42,clothing,shoes,D_A0331,Bengaluru,,0
T008744,A0296,2026-02-11 12:13:00,159.36,grocery,groceries,D_A0296,Delhi,,0
T008745,A0007,2026-02-11 12:14:00,50.24,clothing,shoes,D_A0007,Bengaluru,,0
T008746,A0299,2026-02-11 12:14:00,20.16,food,delivery,D_A0299,Chennai,,0
T008747,A0176,2026-02-11 12:20:00,125.6,travel,bus_ticket,D_A0176,Mumbai,,0
T008748,A0020,2026-02-11 12:22:00,42.65,pharmacy,medicine,D_A0020,Bengaluru,,0
T008749,A0297,2026-02-11 12:22:00,34.87,pharmacy,medicine,D_A0297,Hyderabad,,0
T008750,A0391,2026-02-11 12:25:00,28.8,pharmacy,medicine,D_A0391,Kochi,,0
T008751,A0428,2026-02-11 12:29:00,43.76,food,restaurant,D_A0428,Coimbatore,,0
T008752,A0341,2026-02-11 12:41:00,28.87,streaming,subscription,D_A0341,Madurai,,0
T008753,A0187,2026-02-11 12:41:00,16.36,food,restaurant,D_A0187,Mumbai,,0
T008754,A0248,2026-02-11 12:43:00,38.13,clothing,clothes,D_A0248,Mumbai,,0
T008755,A0280,2026-02-11 12:43:00,193.04,clothing,shoes,D_A0280,Coimbatore,,0
T008756,A0307,2026-02-11 12:46:00,205.35,travel,train_ticket,D_A0307,Mumbai,,0
T008757,A0297,2026-02-11 12:49:00,77.55,pharmacy,medicine,D_A0297,Hyderabad,,0
T008758,A0019,2026-02-11 12:49:00,247.96,clothing,clothes,D_A0019,Mumbai,,0
T008759,A0311,2026-02-11 12:51:00,33.78,pharmacy,medicine,D_A0311,Chennai,,0
T008760,A0287,2026-02-11 12:54:00,51.64,grocery,vegetables,D_FAM_13,Mumbai,,0
T008761,A0148,2026-02-11 12:55:00,77.61,pharmacy,medicine,D_A0148,Delhi,,0
T008762,A0467,2026-02-11 13:01:00,12.84,streaming,subscription,D_OFF_1,Delhi,,0
T008763,A0423,2026-02-11 13:02:00,13.22,food,restaurant,D_A0423,Coimbatore,,0
T008764,A0148,2026-02-11 13:04:00,140.47,fuel,petrol,D_A0148,Delhi,,0
T008765,A0118,2026-02-11 13:17:00,288.37,travel,train_ticket,D_A0118,Hyderabad,,0
T008766,A0079,2026-02-11 13:20:00,17.14,food,restaurant,D_A0079,Hyderabad,,0
T008767,A0092,2026-02-11 13:23:00,85.79,pharmacy,medicine,D_A0092,Chennai,,0
T008768,A0212,2026-02-11 13:25:00,28.6,streaming,subscription,D_OFF_1,Kochi,,0
T008769,A0441,2026-02-11 13:30:00,66.15,food,delivery,D_A0441,Hyderabad,,0
T008770,A0490,2026-02-11 13:30:00,13.13,streaming,subscription,D_A0490,Hyderabad,,0
T008771,A0280,2026-02-11 13:31:00,202.59,clothing,shoes,D_A0280,Coimbatore,,0
T008772,A0364,2026-02-11 13:31:00,62.52,grocery,groceries,D_A0364,Kochi,,0
T008773,A0190,2026-02-11 13:37:00,76.42,pharmacy,medicine,D_FAM_13,Madurai,,0
T008774,A0494,2026-02-11 13:40:00,209.13,travel,bus_ticket,D_A0494,Delhi,,0
T008775,A0417,2026-02-11 13:45:00,388.3,travel,bus_ticket,D_A0417,Madurai,,0
T008776,A0341,2026-02-11 13:51:00,24.65,streaming,subscription,D_A0341,Madurai,,0
T008777,A0378,2026-02-11 13:54:00,24.01,streaming,subscription,D_A0378,Hyderabad,,0
T008778,A0473,2026-02-11 13:57:00,74.54,travel,bus_ticket,D_A0473,Mumbai,,0
T008779,A0453,2026-02-11 14:00:00,52.13,streaming,subscription,D_A0453,Bengaluru,,0
T008780,A0130,2026-02-11 14:02:00,121.87,clothing,shoes,D_A0130,Mumbai,,0
T008781,A0426,2026-02-11 14:03:00,125.02,transfer,p2p_transfer,D_A0426,Hyderabad,PAYEE_A0426,0
T008782,R002,2026-02-11 14:04:00,153.65,giftcards,gift_card,D_RING_3,Bengaluru,,1
T008783,R002,2026-02-11 14:11:00,138.66,prepaid,prepaid_card,D_RING_3,Bengaluru,,1
T008784,A0454,2026-02-11 14:12:00,33.85,grocery,groceries,D_A0454,Kochi,,0
T008785,A0008,2026-02-11 14:15:00,31.97,grocery,groceries,D_A0008,Coimbatore,,0
T008786,R002,2026-02-11 14:18:00,131.37,digital_goods,game_credits,D_RING_1,Bengaluru,,1
T008787,A0400,2026-02-11 14:19:00,65.18,pharmacy,medicine,D_A0400,Coimbatore,,0
T008788,A0025,2026-02-11 14:20:00,45.13,pharmacy,medicine,D_A0025,Hyderabad,,0
T008789,A0115,2026-02-11 14:24:00,37.34,streaming,subscription,D_A0115,Kochi,,0
T008790,A0304,2026-02-11 14:28:00,233.34,travel,bus_ticket,D_A0304,Hyderabad,,0
T008791,A0463,2026-02-11 14:29:00,16.34,streaming,subscription,D_A0463,Bengaluru,,0
T008792,A0093,2026-02-11 14:33:00,102.95,clothing,clothes,D_A0093,Kochi,,0
T008793,R002,2026-02-11 14:34:00,503.56,transfer,p2p_transfer,D_RING_3,Bengaluru,PAYOUT_X,1
T008794,A0319,2026-02-11 14:35:00,113.89,fuel,petrol,D_A0319,Madurai,,0
T008795,A0430,2026-02-11 14:36:00,34.05,streaming,subscription,D_A0430,Kochi,,0
T008796,A0032,2026-02-11 14:38:00,39.86,grocery,vegetables,D_A0032,Delhi,,0
T008797,A0309,2026-02-11 14:43:00,39.91,grocery,groceries,D_A0309,Delhi,,0
T008798,A0147,2026-02-11 14:51:00,155.12,fuel,diesel,D_A0147,Delhi,,0
T008799,A0043,2026-02-11 14:53:00,116.47,travel,train_ticket,D_OFF_1,Delhi,,0
T008800,A0116,2026-02-11 14:56:00,29.9,streaming,subscription,D_A0116,Madurai,,0
T008801,A0448,2026-02-11 14:58:00,123.68,fuel,petrol,D_A0448,Madurai,,0
T008802,A0340,2026-02-11 15:00:00,116.29,fuel,diesel,D_A0340,Bengaluru,,0
T008803,A0175,2026-02-11 15:02:00,144.27,clothing,shoes,D_FAM_7,Chennai,,0
T008804,A0106,2026-02-11 15:07:00,110.24,pharmacy,medicine,D_A0106,Bengaluru,,0
T008805,A0115,2026-02-11 15:18:00,326.53,travel,bus_ticket,D_A0115,Kochi,,0
T008806,A0289,2026-02-11 15:30:00,106.65,fuel,diesel,D_A0289,Hyderabad,,0
T008807,A0035,2026-02-11 15:34:00,25.64,streaming,subscription,D_FAM_9,Delhi,,0
T008808,A0410,2026-02-11 15:38:00,119.83,transfer,p2p_transfer,D_A0410,Mumbai,PAYEE_A0410,0
T008809,A0325,2026-02-11 15:39:00,107.14,clothing,clothes,D_OFF_2,Bengaluru,,0
T008810,A0254,2026-02-11 15:40:00,46.29,clothing,clothes,D_A0254,Delhi,,0
T008811,A0104,2026-02-11 15:49:00,159.68,transfer,p2p_transfer,D_A0104,Delhi,PAYEE_A0104,0
T008812,A0003,2026-02-11 15:59:00,177.15,clothing,shoes,D_A0003,Hyderabad,,0
T008813,A0417,2026-02-11 16:00:00,64.79,food,restaurant,D_A0417,Madurai,,0
T008814,A0079,2026-02-11 16:01:00,46.27,food,restaurant,D_A0079,Hyderabad,,0
T008815,A0125,2026-02-11 16:08:00,42.05,food,delivery,D_A0125,Kochi,,0
T008816,A0449,2026-02-11 16:13:00,264.69,fuel,diesel,D_FAM_0,Mumbai,,0
T008817,A0144,2026-02-11 16:15:00,56.62,grocery,groceries,D_A0144,Madurai,,0
T008818,A0264,2026-02-11 16:19:00,64.97,grocery,groceries,D_A0264,Delhi,,0
T008819,A0145,2026-02-11 16:26:00,172.82,travel,bus_ticket,D_A0145,Kochi,,0
T008820,A0324,2026-02-11 16:28:00,244.15,travel,bus_ticket,D_A0324,Mumbai,,0
T008821,A0454,2026-02-11 16:29:00,34.36,grocery,vegetables,D_A0454,Kochi,,0
T008822,A0090,2026-02-11 16:30:00,84.77,fuel,petrol,D_A0090,Chennai,,0
T008823,A0394,2026-02-11 16:33:00,91.58,grocery,groceries,D_A0394,Coimbatore,,0
T008824,A0411,2026-02-11 16:36:00,214.01,clothing,shoes,D_A0411,Kochi,,0
T008825,A0015,2026-02-11 16:38:00,18.01,streaming,subscription,D_A0015,Kochi,,0
T008826,A0331,2026-02-11 16:38:00,56.6,fuel,diesel,D_A0331,Bengaluru,,0
T008827,A0117,2026-02-11 16:41:00,31.2,streaming,subscription,D_A0117,Bengaluru,,0
T008828,A0095,2026-02-11 16:44:00,76.87,pharmacy,medicine,D_A0095,Mumbai,,0
T008829,A0178,2026-02-11 17:13:00,65.4,grocery,groceries,D_A0178,Coimbatore,,0
T008830,A0114,2026-02-11 17:25:00,79.2,food,delivery,D_A0114,Mumbai,,0
T008831,A0067,2026-02-11 17:26:00,16.87,food,delivery,D_A0067,Madurai,,0
T008832,A0018,2026-02-11 17:28:00,154.55,food,restaurant,D_A0018,Coimbatore,,0
T008833,A0349,2026-02-11 17:31:00,222.79,clothing,clothes,D_A0349,Bengaluru,,0
T008834,A0442,2026-02-11 17:33:00,329.91,clothing,shoes,D_A0442,Kochi,,0
T008835,A0003,2026-02-11 17:43:00,92.34,fuel,petrol,D_A0003,Chennai,,0
T008836,A0235,2026-02-11 17:45:00,17.66,streaming,subscription,D_A0235,Delhi,,0
T008837,A0272,2026-02-11 17:48:00,42.06,food,delivery,D_FAM_14,Delhi,,0
T008838,A0256,2026-02-11 17:56:00,71.29,grocery,groceries,D_A0256,Bengaluru,,0
T008839,A0082,2026-02-11 18:09:00,72.98,fuel,petrol,D_A0082,Delhi,,0
T008840,A0081,2026-02-11 18:13:00,199.86,travel,train_ticket,D_A0081,Coimbatore,,0
T008841,A0444,2026-02-11 18:26:00,195.24,clothing,shoes,D_A0444,Kochi,,0
T008842,A0301,2026-02-11 18:34:00,61.64,grocery,vegetables,D_A0301,Hyderabad,,0
T008843,A0293,2026-02-11 18:37:00,42.73,pharmacy,medicine,D_A0293,Mumbai,,0
T008844,A0127,2026-02-11 18:45:00,20.78,streaming,subscription,D_A0127,Chennai,,0
T008845,A0417,2026-02-11 18:45:00,124.73,transfer,p2p_transfer,D_A0417,Madurai,PAYEE_A0417,0
T008846,A0101,2026-02-11 18:50:00,70.9,pharmacy,medicine,D_A0101,Kochi,,0
T008847,A0219,2026-02-11 18:58:00,27.5,streaming,subscription,D_A0219,Hyderabad,,0
T008848,A0380,2026-02-11 19:11:00,32.23,streaming,subscription,D_A0380,Mumbai,,0
T008849,A0000,2026-02-11 19:30:00,131.91,clothing,shoes,D_A0000,Madurai,,0
T008850,A0022,2026-02-11 19:30:00,59.15,clothing,clothes,D_FAM_5,Madurai,,0
T008851,A0051,2026-02-11 19:30:00,106.13,fuel,diesel,D_A0051,Mumbai,,0
T008852,A0184,2026-02-11 19:31:00,7.65,streaming,subscription,D_A0184,Coimbatore,,0
T008853,A0459,2026-02-11 19:31:00,121.92,travel,bus_ticket,D_A0459,Delhi,,0
T008854,A0115,2026-02-11 19:46:00,38.72,streaming,subscription,D_A0115,Kochi,,0
T008855,A0363,2026-02-11 19:51:00,209.4,travel,train_ticket,D_A0363,Coimbatore,,0
T008856,A0212,2026-02-11 19:57:00,39.15,streaming,subscription,D_OFF_1,Kochi,,0
T008857,A0253,2026-02-11 20:29:00,26.32,food,delivery,D_A0253,Mumbai,,0
T008858,A0378,2026-02-11 21:17:00,64.46,pharmacy,medicine,D_A0378,Hyderabad,,0
T008859,A0282,2026-02-11 21:21:00,65.65,pharmacy,medicine,D_A0282,Hyderabad,,0
T008860,A0027,2026-02-11 21:24:00,35.45,streaming,subscription,D_A0027,Coimbatore,,0
T008861,A0156,2026-02-11 21:26:00,86.15,travel,bus_ticket,D_A0156,Delhi,,0
T008862,A0335,2026-02-11 23:47:00,57.44,food,delivery,D_A0335,Mumbai,,0
T008863,A0134,2026-02-12 04:15:00,1755.78,giftcards,phone,D_STOLEN_13,Delhi,,1
T008864,A0135,2026-02-12 07:01:00,335.01,fuel,diesel,D_A0135,Delhi,,0
T008865,A0467,2026-02-12 07:02:00,16.55,streaming,subscription,D_OFF_1,Delhi,,0
T008866,A0393,2026-02-12 07:03:00,80.33,grocery,groceries,D_A0393,Bengaluru,,0
T008867,A0393,2026-02-12 07:03:00,31.3,grocery,groceries,D_A0393,Bengaluru,,0
T008868,A0366,2026-02-12 07:08:00,78.03,fuel,diesel,D_FAM_5,Delhi,,0
T008869,A0018,2026-02-12 07:08:00,342.97,clothing,shoes,D_A0018,Coimbatore,,0
T008870,A0066,2026-02-12 07:09:00,55.75,food,restaurant,D_A0066,Madurai,,0
T008871,A0445,2026-02-12 07:12:00,48.27,food,restaurant,D_A0445,Coimbatore,,0
T008872,A0061,2026-02-12 07:25:00,43.3,clothing,clothes,D_A0061,Madurai,,0
T008873,A0122,2026-02-12 07:26:00,42.25,pharmacy,medicine,D_A0122,Chennai,,0
T008874,A0199,2026-02-12 07:30:00,29.55,pharmacy,medicine,D_A0199,Madurai,,0
T008875,A0098,2026-02-12 07:30:00,14.53,streaming,subscription,D_A0098,Mumbai,,0
T008876,A0482,2026-02-12 07:31:00,58.26,fuel,petrol,D_A0482,Kochi,,0
T008877,A0220,2026-02-12 07:33:00,207.46,clothing,clothes,D_A0220,Coimbatore,,0
T008878,A0100,2026-02-12 07:39:00,15.46,streaming,subscription,D_A0100,Kochi,,0
T008879,A0236,2026-02-12 07:42:00,199.3,travel,train_ticket,D_A0236,Chennai,,0
T008880,A0319,2026-02-12 07:43:00,235.56,clothing,clothes,D_A0319,Madurai,,0
T008881,A0317,2026-02-12 07:43:00,105.33,fuel,petrol,D_OFF_0,Hyderabad,,0
T008882,A0340,2026-02-12 07:57:00,25.2,streaming,subscription,D_A0340,Madurai,,0
T008883,A0058,2026-02-12 08:17:00,109.48,clothing,shoes,D_A0058,Delhi,,0
T008884,A0177,2026-02-12 08:22:00,295.93,travel,train_ticket,D_A0177,Delhi,,0
T008885,A0074,2026-02-12 08:25:00,73.32,grocery,vegetables,D_A0074,Coimbatore,,0
T008886,A0447,2026-02-12 09:03:00,51.68,food,delivery,D_A0447,Hyderabad,,0
T008887,A0187,2026-02-12 09:06:00,12.06,streaming,subscription,D_A0187,Mumbai,,0
T008888,A0255,2026-02-12 09:09:00,207.25,clothing,clothes,D_A0255,Mumbai,,0
T008889,A0211,2026-02-12 09:11:00,51.55,food,delivery,D_A0211,Bengaluru,,0
T008890,A0148,2026-02-12 09:11:00,138.23,pharmacy,medicine,D_A0148,Delhi,,0
T008891,A0186,2026-02-12 09:15:00,63.54,fuel,petrol,D_A0186,Kochi,,0
T008892,A0212,2026-02-12 09:15:00,51.79,giftcards,gift_card,D_OFF_1,Kochi,,0
T008893,A0083,2026-02-12 09:31:00,160.5,fuel,petrol,D_A0083,Madurai,,0
T008894,R003,2026-02-12 09:31:00,207.38,giftcards,gift_card,D_RING_1,Madurai,,1
T008895,A0005,2026-02-12 09:33:00,91.0,fuel,petrol,D_A0005,Coimbatore,,0
T008896,R003,2026-02-12 09:38:00,113.98,prepaid,prepaid_card,D_RING_1,Madurai,,1
T008897,A0139,2026-02-12 09:39:00,85.76,food,delivery,D_FAM_7,Hyderabad,,0
T008898,A0475,2026-02-12 09:42:00,28.74,giftcards,gift_card,D_A0475,Hyderabad,,0
T008899,A0033,2026-02-12 09:42:00,85.14,clothing,shoes,D_A0033,Coimbatore,,0
T008900,A0186,2026-02-12 09:44:00,26.14,food,restaurant,D_A0186,Kochi,,0
T008901,R003,2026-02-12 09:45:00,148.63,digital_goods,game_credits,D_RING_1,Madurai,,1
T008902,R003,2026-02-12 10:01:00,459.82,transfer,p2p_transfer,D_RING_3,Madurai,PAYOUT_X,1
T008903,A0209,2026-02-12 10:04:00,32.57,pharmacy,medicine,D_A0209,Kochi,,0
T008904,A0314,2026-02-12 10:06:00,176.25,clothing,clothes,D_FAM_10,Mumbai,,0
T008905,A0201,2026-02-12 10:24:00,161.37,travel,bus_ticket,D_A0201,Coimbatore,,0
T008906,A0388,2026-02-12 10:26:00,94.17,travel,train_ticket,D_A0388,Delhi,,0
T008907,A0491,2026-02-12 10:28:00,52.54,transfer,p2p_transfer,D_FAM_2,Hyderabad,PAYEE_A0491,0
T008908,A0240,2026-02-12 10:31:00,41.2,pharmacy,medicine,D_FAM_11,Chennai,,0
T008909,A0002,2026-02-12 10:32:00,25.8,streaming,subscription,D_A0002,Kochi,,0
T008910,A0362,2026-02-12 10:32:00,18.83,food,restaurant,D_A0362,Delhi,,0
T008911,A0139,2026-02-12 10:33:00,37.69,fuel,petrol,D_FAM_7,Hyderabad,,0
T008912,A0034,2026-02-12 10:34:00,61.57,travel,bus_ticket,D_FAM_10,Bengaluru,,0
T008913,A0353,2026-02-12 10:34:00,66.52,grocery,vegetables,D_A0353,Mumbai,,0
T008914,A0134,2026-02-12 10:35:00,80.92,pharmacy,medicine,D_A0134,Coimbatore,,0
T008915,A0132,2026-02-12 10:49:00,92.43,food,restaurant,D_A0132,Delhi,,0
T008916,A0149,2026-02-12 10:52:00,67.08,food,restaurant,D_A0149,Madurai,,0
T008917,A0342,2026-02-12 11:03:00,118.47,clothing,clothes,D_A0342,Madurai,,0
T008918,A0499,2026-02-12 11:04:00,105.02,fuel,diesel,D_A0499,Hyderabad,,0
T008919,A0349,2026-02-12 11:04:00,201.14,transfer,p2p_transfer,D_A0349,Bengaluru,PAYEE_A0349,0
T008920,A0361,2026-02-12 11:09:00,59.13,food,delivery,D_A0361,Chennai,,0
T008921,A0090,2026-02-12 11:11:00,60.4,fuel,diesel,D_A0090,Chennai,,0
T008922,A0272,2026-02-12 11:15:00,54.5,streaming,subscription,D_A0272,Delhi,,0
T008923,A0349,2026-02-12 11:22:00,72.93,food,restaurant,D_A0349,Bengaluru,,0
T008924,A0296,2026-02-12 11:24:00,109.31,grocery,vegetables,D_A0296,Hyderabad,,0
T008925,A0393,2026-02-12 11:32:00,103.46,clothing,shoes,D_A0393,Bengaluru,,0
T008926,A0074,2026-02-12 11:33:00,145.43,transfer,p2p_transfer,D_A0074,Hyderabad,PAYEE_A0074,0
T008927,A0163,2026-02-12 11:39:00,58.72,pharmacy,medicine,D_A0163,Chennai,,0
T008928,A0239,2026-02-12 11:40:00,18.28,food,delivery,D_A0239,Coimbatore,,0
T008929,A0131,2026-02-12 11:44:00,41.79,streaming,subscription,D_A0131,Bengaluru,,0
T008930,A0113,2026-02-12 11:44:00,156.75,fuel,diesel,D_FAM_3,Hyderabad,,0
T008931,A0429,2026-02-12 11:49:00,135.69,fuel,diesel,D_A0429,Madurai,,0
T008932,A0392,2026-02-12 11:50:00,63.54,food,restaurant,D_A0392,Chennai,,0
T008933,A0180,2026-02-12 11:51:00,266.22,travel,bus_ticket,D_A0180,Chennai,,0
T008934,A0296,2026-02-12 11:52:00,297.96,travel,train_ticket,D_A0296,Hyderabad,,0
T008935,A0055,2026-02-12 11:52:00,5.03,streaming,subscription,D_A0055,Bengaluru,,0
T008936,A0260,2026-02-12 11:58:00,415.97,clothing,shoes,D_A0260,Hyderabad,,0
T008937,A0219,2026-02-12 11:59:00,18.35,streaming,subscription,D_A0219,Hyderabad,,0
T008938,A0266,2026-02-12 12:00:00,122.54,fuel,diesel,D_A0266,Hyderabad,,0
T008939,A0488,2026-02-12 12:01:00,61.75,food,delivery,D_A0488,Kochi,,0
T008940,A0052,2026-02-12 12:02:00,94.41,clothing,clothes,D_A0052,Bengaluru,,0
T008941,A0499,2026-02-12 12:05:00,43.56,pharmacy,medicine,D_A0499,Hyderabad,,0
T008942,A0017,2026-02-12 12:05:00,126.37,travel,train_ticket,D_A0017,Mumbai,,0
T008943,A0259,2026-02-12 12:06:00,33.53,streaming,subscription,D_A0259,Hyderabad,,0
T008944,A0331,2026-02-12 12:06:00,39.47,fuel,petrol,D_A0331,Bengaluru,,0
T008945,A0191,2026-02-12 12:06:00,68.25,travel,train_ticket,D_A0191,Mumbai,,0
T008946,A0019,2026-02-12 12:07:00,39.52,clothing,shoes,D_A0019,Mumbai,,0
T008947,A0344,2026-02-12 12:07:00,117.34,travel,bus_ticket,D_A0344,Kochi,,0
T008948,A0129,2026-02-12 12:15:00,81.13,clothing,clothes,D_OFF_2,Delhi,,0
T008949,A0177,2026-02-12 12:17:00,501.16,travel,train_ticket,D_A0177,Delhi,,0
T008950,A0347,2026-02-12 12:18:00,194.12,clothing,shoes,D_A0347,Chennai,,0
T008951,A0447,2026-02-12 12:19:00,42.32,food,restaurant,D_A0447,Hyderabad,,0
T008952,A0288,2026-02-12 12:19:00,88.67,clothing,clothes,D_A0288,Coimbatore,,0
T008953,A0286,2026-02-12 12:20:00,230.38,travel,bus_ticket,D_A0286,Hyderabad,,0
T008954,A0459,2026-02-12 12:20:00,132.36,travel,bus_ticket,D_A0459,Delhi,,0
T008955,A0436,2026-02-12 12:22:00,24.43,streaming,subscription,D_A0436,Bengaluru,,0
T008956,A0216,2026-02-12 12:22:00,45.84,grocery,groceries,D_A0216,Delhi,,0
T008957,A0392,2026-02-12 12:23:00,64.25,food,restaurant,D_A0392,Bengaluru,,0
T008958,A0141,2026-02-12 12:24:00,147.47,clothing,shoes,D_FAM_2,Madurai,,0
T008959,A0469,2026-02-12 12:29:00,45.87,food,delivery,D_A0469,Delhi,,0
T008960,A0353,2026-02-12 12:31:00,64.57,grocery,groceries,D_A0353,Mumbai,,0
T008961,A0043,2026-02-12 12:32:00,12.26,streaming,subscription,D_OFF_1,Delhi,,0
T008962,A0364,2026-02-12 12:33:00,158.61,grocery,vegetables,D_A0364,Kochi,,0
T008963,A0291,2026-02-12 12:34:00,179.87,travel,bus_ticket,D_A0291,Mumbai,,0
T008964,A0458,2026-02-12 12:41:00,10.14,streaming,subscription,D_FAM_9,Mumbai,,0
T008965,A0298,2026-02-12 12:44:00,115.09,clothing,clothes,D_A0298,Chennai,,0
T008966,A0085,2026-02-12 12:49:00,102.32,travel,bus_ticket,D_A0085,Delhi,,0
T008967,A0393,2026-02-12 12:51:00,55.07,grocery,vegetables,D_A0393,Bengaluru,,0
T008968,A0043,2026-02-12 12:56:00,11.48,streaming,subscription,D_OFF_1,Delhi,,0
T008969,A0403,2026-02-12 13:00:00,75.39,clothing,shoes,D_A0403,Bengaluru,,0
T008970,A0444,2026-02-12 13:00:00,221.18,clothing,shoes,D_A0444,Kochi,,0
T008971,A0101,2026-02-12 13:01:00,46.5,pharmacy,medicine,D_A0101,Kochi,,0
T008972,A0082,2026-02-12 13:10:00,23.17,streaming,subscription,D_A0082,Delhi,,0
T008973,A0454,2026-02-12 13:15:00,34.03,pharmacy,medicine,D_A0454,Kochi,,0
T008974,A0190,2026-02-12 13:27:00,151.48,clothing,shoes,D_FAM_13,Madurai,,0
T008975,A0386,2026-02-12 13:30:00,35.85,fuel,petrol,D_A0386,Coimbatore,,0
T008976,A0440,2026-02-12 13:31:00,20.14,streaming,subscription,D_OFF_2,Madurai,,0
T008977,A0375,2026-02-12 13:33:00,153.67,clothing,shoes,D_A0375,Hyderabad,,0
T008978,A0061,2026-02-12 13:35:00,72.87,clothing,shoes,D_A0061,Madurai,,0
T008979,A0208,2026-02-12 13:39:00,47.61,fuel,diesel,D_A0208,Hyderabad,,0
T008980,A0127,2026-02-12 13:40:00,117.92,clothing,clothes,D_A0127,Delhi,,0
T008981,A0341,2026-02-12 13:41:00,275.2,travel,train_ticket,D_A0341,Madurai,,0
T008982,A0052,2026-02-12 13:44:00,157.29,travel,bus_ticket,D_A0052,Bengaluru,,0
T008983,A0334,2026-02-12 13:46:00,58.84,food,restaurant,D_A0334,Madurai,,0
T008984,A0069,2026-02-12 13:47:00,131.1,clothing,shoes,D_A0069,Chennai,,0
T008985,A0290,2026-02-12 13:57:00,34.25,food,restaurant,D_OFF_2,Bengaluru,,0
T008986,A0045,2026-02-12 14:12:00,155.11,clothing,shoes,D_A0045,Hyderabad,,0
T008987,A0297,2026-02-12 14:12:00,90.92,fuel,diesel,D_A0297,Hyderabad,,0
T008988,A0050,2026-02-12 14:15:00,357.12,travel,bus_ticket,D_A0050,Hyderabad,,0
T008989,A0003,2026-02-12 14:18:00,53.35,pharmacy,medicine,D_A0003,Hyderabad,,0
T008990,A0130,2026-02-12 14:21:00,132.74,clothing,shoes,D_A0130,Kochi,,0
T008991,A0089,2026-02-12 14:26:00,129.92,pharmacy,medicine,D_A0089,Madurai,,0
T008992,A0392,2026-02-12 14:28:00,307.94,travel,bus_ticket,D_A0392,Bengaluru,,0
T008993,A0360,2026-02-12 14:34:00,29.55,pharmacy,medicine,D_A0360,Mumbai,,0
T008994,A0370,2026-02-12 14:35:00,123.87,fuel,diesel,D_A0370,Coimbatore,,0
T008995,A0105,2026-02-12 14:36:00,9.48,streaming,subscription,D_OFF_2,Chennai,,0
T008996,A0412,2026-02-12 14:37:00,184.27,clothing,clothes,D_A0412,Kochi,,0
T008997,A0206,2026-02-12 14:38:00,231.56,pharmacy,medicine,D_A0206,Hyderabad,,0
T008998,A0350,2026-02-12 14:39:00,549.33,travel,train_ticket,D_A0350,Kochi,,0
T008999,A0376,2026-02-12 14:41:00,198.72,food,restaurant,D_A0376,Hyderabad,,0
T009000,A0032,2026-02-12 14:42:00,42.03,pharmacy,medicine,D_A0032,Delhi,,0
T009001,A0070,2026-02-12 14:48:00,116.98,transfer,p2p_transfer,D_A0070,Mumbai,PAYEE_A0070,0
T009002,A0192,2026-02-12 14:58:00,100.47,grocery,groceries,D_A0192,Madurai,,0
T009003,A0041,2026-02-12 15:00:00,15.73,streaming,subscription,D_FAM_6,Hyderabad,,0
T009004,A0322,2026-02-12 15:03:00,108.34,clothing,shoes,D_A0322,Hyderabad,,0
T009005,A0285,2026-02-12 15:05:00,156.78,fuel,diesel,D_A0285,Madurai,,0
T009006,A0472,2026-02-12 15:12:00,280.03,clothing,clothes,D_A0472,Madurai,,0
T009007,A0393,2026-02-12 15:13:00,93.5,clothing,clothes,D_A0393,Bengaluru,,0
T009008,A0010,2026-02-12 15:15:00,13.05,food,restaurant,D_A0010,Delhi,,0
T009009,A0261,2026-02-12 15:16:00,43.78,grocery,groceries,D_A0261,Delhi,,0
T009010,A0146,2026-02-12 15:16:00,19.64,grocery,groceries,D_A0146,Mumbai,,0
T009011,A0479,2026-02-12 15:19:00,50.0,grocery,groceries,D_A0479,Chennai,,0
T009012,A0229,2026-02-12 15:29:00,44.12,food,delivery,D_A0229,Bengaluru,,0
T009013,A0231,2026-02-12 15:30:00,184.49,travel,train_ticket,D_A0231,Mumbai,,0
T009014,A0416,2026-02-12 15:34:00,60.06,fuel,diesel,D_A0416,Hyderabad,,0
T009015,A0449,2026-02-12 15:43:00,126.78,pharmacy,medicine,D_FAM_0,Mumbai,,0
T009016,A0323,2026-02-12 15:44:00,75.98,fuel,diesel,D_A0323,Madurai,,0
T009017,A0024,2026-02-12 15:44:00,111.66,food,restaurant,D_A0024,Hyderabad,,0
T009018,A0116,2026-02-12 15:47:00,19.91,streaming,subscription,D_A0116,Madurai,,0
T009019,A0061,2026-02-12 15:49:00,174.33,travel,bus_ticket,D_A0061,Madurai,,0
T009020,A0451,2026-02-12 15:56:00,11.46,grocery,vegetables,D_A0451,Madurai,,0
T009021,A0056,2026-02-12 15:59:00,131.53,travel,train_ticket,D_A0056,Coimbatore,,0
T009022,A0305,2026-02-12 16:11:00,111.31,fuel,diesel,D_A0305,Mumbai,,0
T009023,A0467,2026-02-12 16:13:00,73.73,transfer,p2p_transfer,D_OFF_1,Delhi,PAYEE_A0467,0
T009024,A0242,2026-02-12 16:21:00,260.86,fuel,petrol,D_A0242,Bengaluru,,0
T009025,A0447,2026-02-12 16:23:00,41.25,grocery,vegetables,D_A0447,Madurai,,0
T009026,A0292,2026-02-12 16:26:00,64.99,clothing,clothes,D_A0292,Kochi,,0
T009027,A0059,2026-02-12 16:34:00,44.55,streaming,subscription,D_A0059,Bengaluru,,0
T009028,A0466,2026-02-12 16:43:00,119.08,travel,bus_ticket,D_A0466,Hyderabad,,0
T009029,A0116,2026-02-12 16:44:00,67.56,fuel,diesel,D_A0116,Madurai,,0
T009030,A0072,2026-02-12 16:52:00,12.43,streaming,subscription,D_A0072,Hyderabad,,0
T009031,A0396,2026-02-12 16:56:00,215.89,travel,train_ticket,D_FAM_3,Coimbatore,,0
T009032,A0497,2026-02-12 16:56:00,52.48,food,restaurant,D_A0497,Coimbatore,,0
T009033,A0386,2026-02-12 17:12:00,12.63,streaming,subscription,D_A0386,Coimbatore,,0
T009034,A0138,2026-02-12 17:13:00,33.65,pharmacy,medicine,D_A0138,Kochi,,0
T009035,A0048,2026-02-12 17:18:00,137.91,travel,train_ticket,D_A0048,Mumbai,,0
T009036,A0266,2026-02-12 17:21:00,131.38,fuel,petrol,D_A0266,Hyderabad,,0
T009037,A0409,2026-02-12 17:28:00,186.16,travel,bus_ticket,D_A0409,Chennai,,0
T009038,A0327,2026-02-12 17:29:00,37.49,food,delivery,D_A0327,Coimbatore,,0
T009039,A0431,2026-02-12 17:39:00,24.38,streaming,subscription,D_FAM_11,Hyderabad,,0
T009040,A0240,2026-02-12 17:44:00,44.1,grocery,vegetables,D_FAM_11,Bengaluru,,0
T009041,A0354,2026-02-12 17:49:00,39.89,pharmacy,medicine,D_A0354,Kochi,,0
T009042,A0280,2026-02-12 17:51:00,68.74,food,restaurant,D_A0280,Coimbatore,,0
T009043,A0163,2026-02-12 17:51:00,115.43,food,restaurant,D_A0163,Chennai,,0
T009044,A0003,2026-02-12 17:52:00,97.58,pharmacy,medicine,D_A0003,Chennai,,0
T009045,A0089,2026-02-12 17:55:00,447.79,travel,bus_ticket,D_A0089,Hyderabad,,0
T009046,A0386,2026-02-12 17:55:00,40.89,grocery,groceries,D_A0386,Coimbatore,,0
T009047,A0311,2026-02-12 18:00:00,29.55,grocery,groceries,D_A0311,Chennai,,0
T009048,A0298,2026-02-12 18:08:00,75.11,grocery,vegetables,D_A0298,Chennai,,0
T009049,A0316,2026-02-12 18:08:00,51.0,food,delivery,D_A0316,Madurai,,0
T009050,A0400,2026-02-12 18:12:00,111.34,pharmacy,medicine,D_A0400,Coimbatore,,0
T009051,A0098,2026-02-12 18:15:00,13.64,streaming,subscription,D_A0098,Mumbai,,0
T009052,A0083,2026-02-12 18:17:00,196.68,fuel,petrol,D_A0083,Madurai,,0
T009053,A0413,2026-02-12 18:19:00,110.28,grocery,vegetables,D_A0413,Mumbai,,0
T009054,A0057,2026-02-12 18:28:00,425.22,travel,bus_ticket,D_OFF_0,Mumbai,,0
T009055,A0458,2026-02-12 18:35:00,30.99,grocery,groceries,D_FAM_9,Mumbai,,0
T009056,A0220,2026-02-12 18:36:00,65.75,fuel,petrol,D_A0220,Coimbatore,,0
T009057,A0330,2026-02-12 18:36:00,60.58,pharmacy,medicine,D_A0330,Coimbatore,,0
T009058,A0312,2026-02-12 18:37:00,55.85,pharmacy,medicine,D_A0312,Madurai,,0
T009059,A0417,2026-02-12 18:43:00,45.01,food,delivery,D_A0417,Madurai,,0
T009060,A0073,2026-02-12 18:51:00,76.19,fuel,diesel,D_A0073,Bengaluru,,0
T009061,A0209,2026-02-12 19:00:00,9.69,streaming,subscription,D_A0209,Mumbai,,0
T009062,A0153,2026-02-12 19:10:00,49.38,pharmacy,medicine,D_A0153,Madurai,,0
T009063,A0475,2026-02-12 19:21:00,105.87,fuel,diesel,D_A0475,Hyderabad,,0
T009064,A0124,2026-02-12 19:33:00,49.03,streaming,subscription,D_A0124,Coimbatore,,0
T009065,A0384,2026-02-12 19:36:00,56.25,grocery,vegetables,D_A0384,Kochi,,0
T009066,A0000,2026-02-12 19:51:00,81.98,fuel,diesel,D_A0000,Madurai,,0
T009067,A0203,2026-02-12 19:59:00,28.27,clothing,shoes,D_A0203,Mumbai,,0
T009068,A0472,2026-02-12 20:03:00,70.35,food,delivery,D_A0472,Madurai,,0
T009069,A0201,2026-02-12 20:20:00,9.93,streaming,subscription,D_A0201,Coimbatore,,0
T009070,A0195,2026-02-12 20:26:00,20.2,fuel,diesel,D_FAM_11,Kochi,,0
T009071,A0375,2026-02-12 20:37:00,52.4,pharmacy,medicine,D_A0375,Chennai,,0
T009072,A0072,2026-02-12 20:40:00,8.06,streaming,subscription,D_A0072,Hyderabad,,0
T009073,A0024,2026-02-12 20:42:00,112.04,food,restaurant,D_A0024,Hyderabad,,0
T009074,A0443,2026-02-12 20:48:00,80.97,food,restaurant,D_A0443,Chennai,,0
T009075,A0099,2026-02-12 21:14:00,87.85,fuel,petrol,D_A0099,Kochi,,0
T009076,A0086,2026-02-12 21:38:00,84.77,grocery,groceries,D_A0086,Chennai,,0
T009077,A0384,2026-02-12 21:46:00,18.54,streaming,subscription,D_A0384,Kochi,,0
T009078,A0339,2026-02-12 21:58:00,58.26,grocery,groceries,D_A0339,Coimbatore,,0
T009079,A0009,2026-02-12 22:12:00,28.59,streaming,subscription,D_A0009,Mumbai,,0
T009080,A0390,2026-02-12 22:44:00,53.26,pharmacy,medicine,D_A0390,Chennai,,0
T009081,A0273,2026-02-12 23:21:00,36.33,fuel,diesel,D_A0273,Bengaluru,,0
T009082,A0043,2026-02-12 23:45:00,32.67,food,restaurant,D_OFF_1,Delhi,,0
T009083,A0019,2026-02-12 23:46:00,77.44,fuel,petrol,D_A0019,Mumbai,,0
T009084,A0341,2026-02-13 01:32:00,1887.15,travel,gift_card,D_STOLEN_33,Mumbai,,1
T009085,A0341,2026-02-13 01:44:00,909.97,electronics,gift_card,D_STOLEN_33,Mumbai,,1
T009086,A0173,2026-02-13 03:36:00,1486.29,electronics,gift_card,D_STOLEN_20,Delhi,,1
T009087,A0173,2026-02-13 03:48:00,1541.24,electronics,flight_ticket,D_STOLEN_20,Delhi,,1
T009088,A0046,2026-02-13 07:07:00,60.18,pharmacy,medicine,D_A0046,Kochi,,0
T009089,A0277,2026-02-13 07:25:00,216.79,travel,train_ticket,D_A0277,Madurai,,0
T009090,A0199,2026-02-13 07:28:00,58.98,pharmacy,medicine,D_A0199,Coimbatore,,0
T009091,A0258,2026-02-13 07:29:00,112.43,clothing,clothes,D_A0258,Bengaluru,,0
T009092,A0270,2026-02-13 07:39:00,124.25,grocery,groceries,D_A0270,Kochi,,0
T009093,A0049,2026-02-13 07:40:00,180.43,transfer,p2p_transfer,D_FAM_8,Coimbatore,PAYEE_A0049,0
T009094,A0278,2026-02-13 07:42:00,119.05,fuel,diesel,D_A0278,Madurai,,0
T009095,A0002,2026-02-13 08:03:00,36.49,pharmacy,medicine,D_A0002,Kochi,,0
T009096,A0405,2026-02-13 08:11:00,38.59,fuel,petrol,D_A0405,Kochi,,0
T009097,A0265,2026-02-13 08:18:00,65.24,fuel,diesel,D_A0265,Mumbai,,0
T009098,A0419,2026-02-13 08:25:00,118.49,clothing,clothes,D_A0419,Delhi,,0
T009099,A0483,2026-02-13 08:28:00,8.93,streaming,subscription,D_A0483,Delhi,,0
T009100,A0347,2026-02-13 08:34:00,109.28,transfer,p2p_transfer,D_A0347,Chennai,PAYEE_A0347,0
T009101,A0095,2026-02-13 08:45:00,112.34,pharmacy,medicine,D_A0095,Mumbai,,0
T009102,A0407,2026-02-13 08:46:00,162.6,clothing,clothes,D_A0407,Bengaluru,,0
T009103,A0000,2026-02-13 08:49:00,91.9,fuel,diesel,D_A0000,Madurai,,0
T009104,A0455,2026-02-13 09:06:00,163.02,travel,bus_ticket,D_A0455,Chennai,,0
T009105,A0172,2026-02-13 09:29:00,58.94,pharmacy,medicine,D_A0172,Hyderabad,,0
T009106,A0223,2026-02-13 09:33:00,92.74,fuel,petrol,D_A0223,Hyderabad,,0
T009107,A0293,2026-02-13 09:38:00,43.71,pharmacy,medicine,D_A0293,Mumbai,,0
T009108,A0432,2026-02-13 09:40:00,56.12,transfer,p2p_transfer,D_FAM_14,Kochi,PAYEE_A0432,0
T009109,A0081,2026-02-13 09:40:00,47.39,fuel,petrol,D_A0081,Coimbatore,,0
T009110,A0440,2026-02-13 10:14:00,26.16,pharmacy,medicine,D_OFF_2,Chennai,,0
T009111,A0284,2026-02-13 10:14:00,69.2,clothing,clothes,D_A0284,Coimbatore,,0
T009112,A0412,2026-02-13 10:16:00,68.83,pharmacy,medicine,D_A0412,Kochi,,0
T009113,A0343,2026-02-13 10:16:00,16.28,grocery,groceries,D_A0343,Hyderabad,,0
T009114,A0065,2026-02-13 10:20:00,190.53,travel,bus_ticket,D_A0065,Chennai,,0
T009115,A0007,2026-02-13 10:30:00,71.55,clothing,shoes,D_A0007,Bengaluru,,0
T009116,A0400,2026-02-13 10:32:00,155.1,transfer,p2p_transfer,D_A0400,Coimbatore,PAYEE_A0400,0
T009117,A0318,2026-02-13 10:38:00,20.13,food,delivery,D_A0318,Bengaluru,,0
T009118,A0422,2026-02-13 10:48:00,255.41,travel,bus_ticket,D_A0422,Delhi,,0
T009119,A0241,2026-02-13 10:51:00,34.65,grocery,vegetables,D_A0241,Coimbatore,,0
T009120,A0492,2026-02-13 11:00:00,410.7,clothing,clothes,D_A0492,Madurai,,0
T009121,A0180,2026-02-13 11:02:00,17.46,streaming,subscription,D_A0180,Chennai,,0
T009122,A0093,2026-02-13 11:06:00,176.22,travel,bus_ticket,D_A0093,Kochi,,0
T009123,A0086,2026-02-13 11:07:00,101.79,grocery,vegetables,D_A0086,Chennai,,0
T009124,A0031,2026-02-13 11:09:00,51.45,pharmacy,medicine,D_OFF_2,Coimbatore,,0
T009125,A0491,2026-02-13 11:09:00,34.2,clothing,clothes,D_FAM_2,Hyderabad,,0
T009126,A0061,2026-02-13 11:09:00,39.64,pharmacy,medicine,D_A0061,Madurai,,0
T009127,A0204,2026-02-13 11:11:00,34.49,grocery,groceries,D_A0204,Kochi,,0
T009128,A0369,2026-02-13 11:12:00,639.99,clothing,shoes,D_A0369,Bengaluru,,0
T009129,A0112,2026-02-13 11:12:00,43.32,streaming,subscription,D_A0112,Delhi,,0
T009130,A0133,2026-02-13 11:19:00,79.54,clothing,clothes,D_A0133,Bengaluru,,0
T009131,A0279,2026-02-13 11:20:00,71.26,grocery,groceries,D_OFF_0,Hyderabad,,0
T009132,A0275,2026-02-13 11:36:00,21.89,streaming,subscription,D_FAM_5,Chennai,,0
T009133,A0495,2026-02-13 11:37:00,126.11,travel,train_ticket,D_A0495,Delhi,,0
T009134,A0096,2026-02-13 11:41:00,262.95,travel,train_ticket,D_A0096,Hyderabad,,0
T009135,A0487,2026-02-13 11:54:00,107.74,pharmacy,medicine,D_A0487,Mumbai,,0
T009136,A0049,2026-02-13 11:54:00,166.4,fuel,petrol,D_FAM_8,Coimbatore,,0
T009137,A0114,2026-02-13 11:55:00,121.32,grocery,groceries,D_A0114,Mumbai,,0
T009138,A0307,2026-02-13 11:56:00,73.74,transfer,p2p_transfer,D_A0307,Mumbai,PAYEE_A0307,0
T009139,A0242,2026-02-13 11:59:00,251.14,fuel,diesel,D_A0242,Bengaluru,,0
T009140,A0281,2026-02-13 11:59:00,52.71,grocery,vegetables,D_A0281,Coimbatore,,0
T009141,A0033,2026-02-13 12:02:00,214.57,travel,train_ticket,D_A0033,Hyderabad,,0
T009142,A0322,2026-02-13 12:03:00,65.12,grocery,vegetables,D_A0322,Madurai,,0
T009143,A0294,2026-02-13 12:04:00,50.78,fuel,diesel,D_A0294,Mumbai,,0
T009144,A0015,2026-02-13 12:06:00,105.84,clothing,clothes,D_FAM_14,Kochi,,0
T009145,A0176,2026-02-13 12:16:00,90.63,travel,bus_ticket,D_A0176,Coimbatore,,0
T009146,A0304,2026-02-13 12:18:00,31.91,pharmacy,medicine,D_A0304,Hyderabad,,0
T009147,A0258,2026-02-13 12:21:00,82.26,fuel,diesel,D_A0258,Bengaluru,,0
T009148,A0397,2026-02-13 12:23:00,96.41,fuel,petrol,D_A0397,Chennai,,0
T009149,A0461,2026-02-13 12:23:00,125.74,pharmacy,medicine,D_FAM_0,Madurai,,0
T009150,A0017,2026-02-13 12:31:00,44.4,grocery,groceries,D_A0017,Madurai,,0
T009151,A0202,2026-02-13 12:35:00,40.89,streaming,subscription,D_A0202,Madurai,,0
T009152,A0005,2026-02-13 12:38:00,247.05,travel,train_ticket,D_A0005,Coimbatore,,0
T009153,A0477,2026-02-13 12:44:00,109.57,pharmacy,medicine,D_A0477,Hyderabad,,0
T009154,A0397,2026-02-13 12:53:00,128.16,fuel,diesel,D_A0397,Chennai,,0
T009155,A0186,2026-02-13 13:00:00,89.78,transfer,p2p_transfer,D_A0186,Kochi,PAYEE_A0186,0
T009156,A0175,2026-02-13 13:06:00,56.37,grocery,vegetables,D_FAM_7,Chennai,,0
T009157,A0035,2026-02-13 13:08:00,91.83,pharmacy,medicine,D_FAM_9,Delhi,,0
T009158,A0106,2026-02-13 13:10:00,460.47,travel,train_ticket,D_A0106,Bengaluru,,0
T009159,A0437,2026-02-13 13:11:00,36.66,giftcards,gift_card,D_FAM_3,Kochi,,0
T009160,A0200,2026-02-13 13:13:00,107.96,food,restaurant,D_A0200,Coimbatore,,0
T009161,A0141,2026-02-13 13:16:00,61.99,pharmacy,medicine,D_FAM_2,Kochi,,0
T009162,A0302,2026-02-13 13:16:00,6.6,streaming,subscription,D_A0302,Kochi,,0
T009163,A0225,2026-02-13 13:17:00,75.13,travel,bus_ticket,D_A0225,Hyderabad,,0
T009164,A0481,2026-02-13 13:19:00,52.07,grocery,vegetables,D_A0481,Coimbatore,,0
T009165,A0047,2026-02-13 13:19:00,12.7,food,restaurant,D_A0047,Coimbatore,,0
T009166,A0327,2026-02-13 13:21:00,34.93,food,delivery,D_A0327,Coimbatore,,0
T009167,A0481,2026-02-13 13:24:00,149.15,travel,bus_ticket,D_A0481,Mumbai,,0
T009168,A0176,2026-02-13 13:28:00,25.97,fuel,diesel,D_A0176,Mumbai,,0
T009169,A0099,2026-02-13 13:30:00,24.66,streaming,subscription,D_A0099,Kochi,,0
T009170,A0403,2026-02-13 13:34:00,41.28,transfer,p2p_transfer,D_A0403,Bengaluru,PAYEE_A0403,0
T009171,A0019,2026-02-13 13:43:00,61.66,fuel,diesel,D_A0019,Mumbai,,0
T009172,A0023,2026-02-13 13:47:00,267.56,travel,bus_ticket,D_OFF_0,Hyderabad,,0
T009173,A0113,2026-02-13 13:55:00,164.15,clothing,clothes,D_FAM_3,Hyderabad,,0
T009174,A0258,2026-02-13 13:56:00,42.06,pharmacy,medicine,D_A0258,Bengaluru,,0
T009175,A0400,2026-02-13 13:56:00,68.11,food,delivery,D_A0400,Coimbatore,,0
T009176,A0348,2026-02-13 13:57:00,144.52,travel,bus_ticket,D_A0348,Coimbatore,,0
T009177,A0123,2026-02-13 13:58:00,88.1,clothing,shoes,D_A0123,Bengaluru,,0
T009178,A0125,2026-02-13 14:01:00,41.4,food,delivery,D_A0125,Chennai,,0
T009179,A0094,2026-02-13 14:02:00,7.15,streaming,subscription,D_A0094,Bengaluru,,0
T009180,A0339,2026-02-13 14:03:00,56.61,pharmacy,medicine,D_A0339,Coimbatore,,0
T009181,A0184,2026-02-13 14:03:00,14.31,streaming,subscription,D_A0184,Coimbatore,,0
T009182,A0415,2026-02-13 14:05:00,10.39,streaming,subscription,D_A0415,Kochi,,0
T009183,R000,2026-02-13 14:09:00,158.0,giftcards,gift_card,D_RING_1,Madurai,,1
T009184,A0422,2026-02-13 14:11:00,30.33,streaming,subscription,D_A0422,Delhi,,0
T009185,A0471,2026-02-13 14:12:00,60.26,food,restaurant,D_A0471,Delhi,,0
T009186,A0073,2026-02-13 14:13:00,109.76,clothing,shoes,D_A0073,Bengaluru,,0
T009187,R000,2026-02-13 14:16:00,160.61,prepaid,prepaid_card,D_RING_1,Madurai,,1
T009188,A0330,2026-02-13 14:17:00,24.87,pharmacy,medicine,D_A0330,Coimbatore,,0
T009189,A0478,2026-02-13 14:21:00,84.0,grocery,groceries,D_A0478,Hyderabad,,0
T009190,A0386,2026-02-13 14:22:00,53.72,fuel,petrol,D_A0386,Coimbatore,,0
T009191,R000,2026-02-13 14:23:00,108.58,digital_goods,game_credits,D_RING_2,Madurai,,1
T009192,A0096,2026-02-13 14:24:00,135.94,clothing,shoes,D_A0096,Hyderabad,,0
T009193,A0158,2026-02-13 14:26:00,24.88,food,delivery,D_A0158,Mumbai,,0
T009194,A0115,2026-02-13 14:27:00,61.85,streaming,subscription,D_A0115,Kochi,,0
T009195,A0247,2026-02-13 14:27:00,40.29,pharmacy,medicine,D_A0247,Kochi,,0
T009196,A0187,2026-02-13 14:28:00,24.27,food,restaurant,D_A0187,Bengaluru,,0
T009197,A0430,2026-02-13 14:28:00,28.35,streaming,subscription,D_A0430,Kochi,,0
T009198,A0276,2026-02-13 14:29:00,25.31,grocery,groceries,D_A0276,Delhi,,0
T009199,R000,2026-02-13 14:39:00,199.05,transfer,p2p_transfer,D_RING_1,Madurai,PAYOUT_X,1
T009200,A0354,2026-02-13 14:44:00,22.14,grocery,groceries,D_A0354,Kochi,,0
T009201,A0055,2026-02-13 14:44:00,6.95,streaming,subscription,D_A0055,Bengaluru,,0
T009202,A0441,2026-02-13 14:48:00,133.73,transfer,p2p_transfer,D_A0441,Hyderabad,PAYEE_A0441,0
T009203,A0131,2026-02-13 14:50:00,39.22,giftcards,gift_card,D_A0131,Bengaluru,,0
T009204,A0162,2026-02-13 14:50:00,87.3,pharmacy,medicine,D_A0162,Mumbai,,0
T009205,A0279,2026-02-13 14:55:00,90.05,clothing,shoes,D_OFF_0,Hyderabad,,0
T009206,A0454,2026-02-13 14:57:00,22.25,grocery,groceries,D_A0454,Kochi,,0
T009207,A0221,2026-02-13 14:58:00,35.52,pharmacy,medicine,D_A0221,Mumbai,,0
T009208,A0110,2026-02-13 15:01:00,121.82,transfer,p2p_transfer,D_FAM_11,Hyderabad,PAYEE_A0110,0
T009209,A0392,2026-02-13 15:03:00,46.8,pharmacy,medicine,D_A0392,Bengaluru,,0
T009210,A0482,2026-02-13 15:06:00,110.28,travel,bus_ticket,D_A0482,Kochi,,0
T009211,A0346,2026-02-13 15:06:00,226.1,fuel,petrol,D_A0346,Chennai,,0
T009212,A0241,2026-02-13 15:24:00,37.45,grocery,groceries,D_A0241,Hyderabad,,0
T009213,A0425,2026-02-13 15:26:00,34.35,pharmacy,medicine,D_A0425,Madurai,,0
T009214,A0236,2026-02-13 15:36:00,135.23,travel,train_ticket,D_A0236,Chennai,,0
T009215,A0060,2026-02-13 15:36:00,112.22,clothing,shoes,D_A0060,Madurai,,0
T009216,A0005,2026-02-13 15:38:00,70.17,fuel,diesel,D_A0005,Coimbatore,,0
T009217,A0379,2026-02-13 15:39:00,76.07,fuel,petrol,D_A0379,Chennai,,0
T009218,A0336,2026-02-13 15:47:00,80.49,pharmacy,medicine,D_A0336,Bengaluru,,0
T009219,A0477,2026-02-13 15:50:00,115.85,clothing,clothes,D_A0477,Hyderabad,,0
T009220,A0224,2026-02-13 15:52:00,80.5,fuel,petrol,D_A0224,Hyderabad,,0
T009221,A0470,2026-02-13 15:52:00,69.57,clothing,clothes,D_A0470,Mumbai,,0
T009222,A0180,2026-02-13 15:58:00,19.21,streaming,subscription,D_A0180,Chennai,,0
T009223,A0049,2026-02-13 16:03:00,59.08,food,delivery,D_FAM_8,Coimbatore,,0
T009224,A0220,2026-02-13 16:05:00,18.9,food,restaurant,D_A0220,Coimbatore,,0
T009225,A0089,2026-02-13 16:07:00,664.64,travel,bus_ticket,D_A0089,Hyderabad,,0
T009226,A0383,2026-02-13 16:12:00,161.69,travel,bus_ticket,D_A0383,Bengaluru,,0
T009227,A0461,2026-02-13 16:14:00,31.08,food,restaurant,D_FAM_0,Madurai,,0
T009228,A0183,2026-02-13 16:16:00,69.04,clothing,clothes,D_A0183,Mumbai,,0
T009229,A0090,2026-02-13 16:26:00,69.35,fuel,petrol,D_A0090,Chennai,,0
T009230,A0292,2026-02-13 16:27:00,92.96,clothing,shoes,D_A0292,Kochi,,0
T009231,A0310,2026-02-13 16:30:00,398.39,travel,bus_ticket,D_A0310,Chennai,,0
T009232,A0236,2026-02-13 16:31:00,71.28,transfer,p2p_transfer,D_A0236,Chennai,PAYEE_A0236,0
T009233,A0471,2026-02-13 16:34:00,21.86,streaming,subscription,D_A0471,Delhi,,0
T009234,A0171,2026-02-13 16:35:00,14.32,streaming,subscription,D_A0171,Madurai,,0
T009235,A0208,2026-02-13 16:41:00,126.62,travel,train_ticket,D_A0208,Hyderabad,,0
T009236,A0381,2026-02-13 16:41:00,172.58,clothing,clothes,D_A0381,Chennai,,0
T009237,A0148,2026-02-13 16:43:00,155.24,fuel,diesel,D_A0148,Delhi,,0
T009238,A0341,2026-02-13 16:44:00,218.35,travel,train_ticket,D_A0341,Madurai,,0
T009239,A0115,2026-02-13 16:50:00,210.3,travel,train_ticket,D_A0115,Madurai,,0
T009240,A0058,2026-02-13 16:57:00,53.56,pharmacy,medicine,D_A0058,Coimbatore,,0
T009241,A0255,2026-02-13 16:58:00,355.42,clothing,shoes,D_A0255,Mumbai,,0
T009242,A0355,2026-02-13 17:04:00,36.48,pharmacy,medicine,D_A0355,Kochi,,0
T009243,A0164,2026-02-13 17:05:00,25.52,streaming,subscription,D_A0164,Madurai,,0
T009244,A0028,2026-02-13 17:07:00,185.46,travel,bus_ticket,D_A0028,Bengaluru,,0
T009245,A0416,2026-02-13 17:11:00,23.23,fuel,diesel,D_A0416,Hyderabad,,0
T009246,A0471,2026-02-13 17:16:00,20.75,streaming,subscription,D_A0471,Delhi,,0
T009247,A0134,2026-02-13 17:19:00,85.13,pharmacy,medicine,D_A0134,Bengaluru,,0
T009248,A0043,2026-02-13 17:19:00,139.09,travel,train_ticket,D_OFF_1,Delhi,,0
T009249,A0241,2026-02-13 17:20:00,20.98,food,delivery,D_A0241,Hyderabad,,0
T009250,A0298,2026-02-13 17:22:00,121.45,clothing,shoes,D_A0298,Chennai,,0
T009251,A0126,2026-02-13 17:27:00,105.2,grocery,vegetables,D_A0126,Hyderabad,,0
T009252,A0022,2026-02-13 17:30:00,11.9,pharmacy,medicine,D_A0022,Madurai,,0
T009253,A0450,2026-02-13 17:32:00,23.39,pharmacy,medicine,D_A0450,Hyderabad,,0
T009254,A0226,2026-02-13 17:32:00,44.72,pharmacy,medicine,D_A0226,Chennai,,0
T009255,A0153,2026-02-13 17:33:00,39.91,pharmacy,medicine,D_A0153,Madurai,,0
T009256,A0454,2026-02-13 17:47:00,26.37,pharmacy,medicine,D_A0454,Coimbatore,,0
T009257,A0114,2026-02-13 17:56:00,65.49,grocery,groceries,D_A0114,Mumbai,,0
T009258,A0418,2026-02-13 18:06:00,76.44,grocery,vegetables,D_A0418,Coimbatore,,0
T009259,A0308,2026-02-13 18:10:00,21.29,food,restaurant,D_A0308,Bengaluru,,0
T009260,A0403,2026-02-13 18:11:00,47.86,fuel,diesel,D_A0403,Bengaluru,,0
T009261,A0026,2026-02-13 18:19:00,11.86,streaming,subscription,D_A0026,Chennai,,0
T009262,A0052,2026-02-13 18:27:00,42.3,fuel,diesel,D_A0052,Bengaluru,,0
T009263,A0297,2026-02-13 18:28:00,88.6,fuel,diesel,D_A0297,Hyderabad,,0
T009264,A0224,2026-02-13 18:37:00,59.81,grocery,vegetables,D_A0224,Coimbatore,,0
T009265,A0322,2026-02-13 18:38:00,42.03,food,restaurant,D_A0322,Madurai,,0
T009266,A0418,2026-02-13 18:45:00,77.29,fuel,diesel,D_A0418,Coimbatore,,0
T009267,A0054,2026-02-13 19:02:00,53.15,clothing,shoes,D_A0054,Chennai,,0
T009268,A0165,2026-02-13 19:17:00,10.49,streaming,subscription,D_A0165,Madurai,,0
T009269,A0402,2026-02-13 19:29:00,12.24,streaming,subscription,D_A0402,Madurai,,0
T009270,A0016,2026-02-13 19:29:00,149.62,grocery,vegetables,D_FAM_12,Chennai,,0
T009271,A0345,2026-02-13 19:40:00,132.0,fuel,petrol,D_A0345,Bengaluru,,0
T009272,A0044,2026-02-13 19:54:00,66.03,grocery,groceries,D_A0044,Bengaluru,,0
T009273,A0372,2026-02-13 19:55:00,80.74,pharmacy,medicine,D_A0372,Coimbatore,,0
T009274,A0167,2026-02-13 19:56:00,172.39,transfer,p2p_transfer,D_A0167,Chennai,PAYEE_A0167,0
T009275,A0161,2026-02-13 19:56:00,30.81,streaming,subscription,D_A0161,Bengaluru,,0
T009276,A0281,2026-02-13 20:05:00,276.31,clothing,shoes,D_A0281,Coimbatore,,0
T009277,A0106,2026-02-13 20:19:00,460.67,travel,train_ticket,D_A0106,Mumbai,,0
T009278,A0032,2026-02-13 20:28:00,39.55,grocery,vegetables,D_A0032,Delhi,,0
T009279,A0279,2026-02-13 20:29:00,226.56,fuel,diesel,D_OFF_0,Mumbai,,0
T009280,A0018,2026-02-13 20:37:00,140.99,food,delivery,D_A0018,Coimbatore,,0
T009281,A0235,2026-02-13 21:13:00,82.0,fuel,petrol,D_A0235,Delhi,,0
T009282,A0202,2026-02-13 21:20:00,57.29,streaming,subscription,D_A0202,Madurai,,0
T009283,A0237,2026-02-13 21:37:00,55.28,fuel,petrol,D_FAM_3,Madurai,,0
T009284,A0168,2026-02-13 22:02:00,56.77,food,restaurant,D_A0168,Madurai,,0
T009285,A0058,2026-02-13 22:24:00,40.46,pharmacy,medicine,D_A0058,Coimbatore,,0
T009286,A0103,2026-02-13 22:54:00,20.07,streaming,subscription,D_A0103,Delhi,,0
T009287,A0085,2026-02-13 23:06:00,39.56,pharmacy,medicine,D_A0085,Delhi,,0
T009288,A0355,2026-02-13 23:34:00,97.24,travel,train_ticket,D_A0355,Kochi,,0
T009289,A0288,2026-02-13 23:49:00,38.95,food,restaurant,D_A0288,Coimbatore,,0
T009290,A0471,2026-02-14 07:05:00,35.34,streaming,subscription,D_A0471,Delhi,,0
T009291,A0114,2026-02-14 07:06:00,68.42,food,delivery,D_A0114,Mumbai,,0
T009292,A0373,2026-02-14 07:12:00,10.41,streaming,subscription,D_A0373,Coimbatore,,0
T009293,A0206,2026-02-14 07:17:00,194.15,pharmacy,medicine,D_A0206,Kochi,,0
T009294,A0033,2026-02-14 07:23:00,112.64,clothing,shoes,D_A0033,Coimbatore,,0
T009295,A0453,2026-02-14 07:25:00,280.87,travel,train_ticket,D_A0453,Bengaluru,,0
T009296,A0442,2026-02-14 07:27:00,438.76,travel,bus_ticket,D_A0442,Kochi,,0
T009297,A0027,2026-02-14 07:29:00,139.68,grocery,groceries,D_A0027,Mumbai,,0
T009298,A0201,2026-02-14 07:29:00,79.06,travel,bus_ticket,D_A0201,Coimbatore,,0
T009299,A0248,2026-02-14 07:31:00,8.81,streaming,subscription,D_A0248,Mumbai,,0
T009300,A0472,2026-02-14 07:33:00,63.46,food,restaurant,D_A0472,Madurai,,0
T009301,A0367,2026-02-14 07:34:00,173.1,travel,train_ticket,D_A0367,Mumbai,,0
T009302,A0181,2026-02-14 07:36:00,192.08,travel,bus_ticket,D_A0181,Chennai,,0
T009303,A0206,2026-02-14 07:41:00,343.57,pharmacy,medicine,D_A0206,Kochi,,0
T009304,A0404,2026-02-14 07:47:00,15.86,fuel,diesel,D_A0404,Chennai,,0
T009305,A0067,2026-02-14 07:47:00,10.07,food,delivery,D_A0067,Madurai,,0
T009306,A0272,2026-02-14 07:50:00,37.86,food,delivery,D_FAM_14,Delhi,,0
T009307,A0316,2026-02-14 07:51:00,46.73,food,delivery,D_FAM_14,Madurai,,0
T009308,A0358,2026-02-14 07:52:00,135.39,clothing,shoes,D_A0358,Madurai,,0
T009309,A0249,2026-02-14 07:54:00,118.75,travel,train_ticket,D_A0249,Kochi,,0
T009310,A0476,2026-02-14 07:58:00,340.18,transfer,p2p_transfer,D_A0476,Chennai,PAYEE_A0476,0
T009311,A0329,2026-02-14 08:02:00,82.58,clothing,shoes,D_A0329,Kochi,,0
T009312,A0449,2026-02-14 08:04:00,168.49,pharmacy,medicine,D_FAM_0,Mumbai,,0
T009313,A0199,2026-02-14 08:48:00,20.07,food,delivery,D_A0199,Madurai,,0
T009314,A0402,2026-02-14 09:03:00,162.34,travel,train_ticket,D_A0402,Madurai,,0
T009315,A0418,2026-02-14 09:06:00,56.81,grocery,groceries,D_A0418,Coimbatore,,0
T009316,A0237,2026-02-14 09:10:00,74.66,grocery,vegetables,D_FAM_3,Kochi,,0
T009317,A0442,2026-02-14 09:16:00,154.75,fuel,petrol,D_A0442,Kochi,,0
T009318,A0180,2026-02-14 09:25:00,48.12,grocery,groceries,D_A0180,Chennai,,0
T009319,A0484,2026-02-14 09:27:00,41.52,fuel,petrol,D_A0484,Bengaluru,,0
T009320,A0464,2026-02-14 09:31:00,71.97,travel,bus_ticket,D_A0464,Hyderabad,,0
T009321,A0292,2026-02-14 09:34:00,32.66,grocery,vegetables,D_A0292,Kochi,,0
T009322,A0339,2026-02-14 09:34:00,20.26,pharmacy,medicine,D_A0339,Coimbatore,,0
T009323,A0148,2026-02-14 09:34:00,64.53,pharmacy,medicine,D_A0148,Delhi,,0
T009324,A0188,2026-02-14 09:37:00,59.77,transfer,p2p_transfer,D_A0188,Chennai,PAYEE_A0188,0
T009325,A0295,2026-02-14 09:42:00,41.12,fuel,petrol,D_A0295,Madurai,,0
T009326,A0382,2026-02-14 09:45:00,122.32,clothing,shoes,D_A0382,Bengaluru,,0
T009327,A0160,2026-02-14 09:46:00,77.54,grocery,groceries,D_OFF_1,Delhi,,0
T009328,A0070,2026-02-14 09:50:00,80.36,grocery,vegetables,D_A0070,Chennai,,0
T009329,A0373,2026-02-14 09:54:00,23.01,food,restaurant,D_A0373,Coimbatore,,0
T009330,A0346,2026-02-14 09:54:00,202.99,fuel,petrol,D_A0346,Mumbai,,0
T009331,A0213,2026-02-14 09:55:00,351.66,clothing,clothes,D_A0213,Coimbatore,,0
T009332,A0282,2026-02-14 10:00:00,208.63,clothing,clothes,D_A0282,Hyderabad,,0
T009333,A0180,2026-02-14 10:04:00,173.4,clothing,shoes,D_A0180,Chennai,,0
T009334,A0151,2026-02-14 10:04:00,71.14,clothing,clothes,D_A0151,Coimbatore,,0
T009335,A0457,2026-02-14 10:04:00,244.88,travel,bus_ticket,D_A0457,Hyderabad,,0
T009336,A0001,2026-02-14 10:06:00,338.79,travel,bus_ticket,D_A0001,Kochi,,0
T009337,A0275,2026-02-14 10:08:00,13.67,streaming,subscription,D_FAM_5,Chennai,,0
T009338,A0379,2026-02-14 10:15:00,68.49,fuel,petrol,D_A0379,Chennai,,0
T009339,A0051,2026-02-14 10:15:00,291.14,fuel,petrol,D_A0051,Mumbai,,0
T009340,A0263,2026-02-14 10:49:00,335.31,pharmacy,medicine,D_A0263,Coimbatore,,0
T009341,A0229,2026-02-14 10:50:00,39.05,grocery,vegetables,D_A0229,Bengaluru,,0
T009342,A0334,2026-02-14 10:58:00,104.03,grocery,groceries,D_A0334,Madurai,,0
T009343,A0371,2026-02-14 11:00:00,84.14,fuel,diesel,D_A0371,Madurai,,0
T009344,A0139,2026-02-14 11:24:00,48.17,fuel,diesel,D_FAM_7,Hyderabad,,0
T009345,A0278,2026-02-14 11:25:00,66.48,food,delivery,D_A0278,Madurai,,0
T009346,A0163,2026-02-14 11:29:00,80.0,grocery,groceries,D_FAM_5,Chennai,,0
T009347,A0062,2026-02-14 11:30:00,172.77,clothing,clothes,D_A0062,Madurai,,0
T009348,A0420,2026-02-14 11:32:00,241.72,travel,train_ticket,D_OFF_0,Madurai,,0
T009349,A0455,2026-02-14 11:34:00,60.38,clothing,clothes,D_A0455,Delhi,,0
T009350,A0217,2026-02-14 11:37:00,332.84,clothing,clothes,D_A0217,Chennai,,0
T009351,A0432,2026-02-14 11:42:00,46.31,pharmacy,medicine,D_A0432,Kochi,,0
T009352,A0083,2026-02-14 11:42:00,114.98,pharmacy,medicine,D_A0083,Coimbatore,,0
T009353,A0115,2026-02-14 11:46:00,20.61,streaming,subscription,D_A0115,Kochi,,0
T009354,A0245,2026-02-14 11:46:00,40.52,pharmacy,medicine,D_A0245,Mumbai,,0
T009355,A0482,2026-02-14 11:47:00,52.64,grocery,groceries,D_A0482,Kochi,,0
T009356,A0245,2026-02-14 11:55:00,80.19,grocery,groceries,D_A0245,Mumbai,,0
T009357,A0126,2026-02-14 12:02:00,363.52,grocery,groceries,D_A0126,Chennai,,0
T009358,A0056,2026-02-14 12:03:00,39.88,grocery,vegetables,D_A0056,Coimbatore,,0
T009359,A0377,2026-02-14 12:04:00,63.17,travel,bus_ticket,D_A0377,Bengaluru,,0
T009360,A0483,2026-02-14 12:06:00,11.87,streaming,subscription,D_A0483,Delhi,,0
T009361,A0059,2026-02-14 12:08:00,94.69,streaming,subscription,D_A0059,Bengaluru,,0
T009362,A0316,2026-02-14 12:25:00,20.71,streaming,subscription,D_FAM_14,Madurai,,0
T009363,A0198,2026-02-14 12:25:00,189.2,clothing,shoes,D_A0198,Coimbatore,,0
T009364,A0400,2026-02-14 12:25:00,92.32,pharmacy,medicine,D_A0400,Coimbatore,,0
T009365,A0129,2026-02-14 12:28:00,15.56,streaming,subscription,D_OFF_2,Delhi,,0
T009366,A0120,2026-02-14 12:29:00,19.0,streaming,subscription,D_A0120,Hyderabad,,0
T009367,A0375,2026-02-14 12:29:00,210.59,travel,train_ticket,D_A0375,Hyderabad,,0
T009368,A0443,2026-02-14 12:33:00,80.73,food,restaurant,D_A0443,Chennai,,0
T009369,A0413,2026-02-14 12:44:00,68.61,grocery,groceries,D_A0413,Mumbai,,0
T009370,A0384,2026-02-14 12:44:00,49.87,giftcards,gift_card,D_A0384,Kochi,,0
T009371,A0268,2026-02-14 12:52:00,70.83,grocery,groceries,D_A0268,Chennai,,0
T009372,A0110,2026-02-14 12:53:00,1282.15,electronics,laptop,D_FAM_11,Delhi,,0
T009373,A0134,2026-02-14 12:55:00,49.48,pharmacy,medicine,D_A0134,Coimbatore,,0
T009374,A0038,2026-02-14 12:55:00,19.95,grocery,vegetables,D_A0038,Madurai,,0
T009375,A0178,2026-02-14 12:56:00,71.36,grocery,groceries,D_A0178,Mumbai,,0
T009376,A0023,2026-02-14 12:59:00,112.83,grocery,groceries,D_OFF_0,Hyderabad,,0
T009377,A0459,2026-02-14 12:59:00,55.32,fuel,petrol,D_A0459,Delhi,,0
T009378,A0439,2026-02-14 13:03:00,36.09,grocery,vegetables,D_A0439,Chennai,,0
T009379,A0143,2026-02-14 13:12:00,58.72,clothing,clothes,D_A0143,Kochi,,0
T009380,A0407,2026-02-14 13:13:00,153.22,clothing,shoes,D_A0407,Bengaluru,,0
T009381,A0270,2026-02-14 13:18:00,90.08,fuel,petrol,D_A0270,Kochi,,0
T009382,A0098,2026-02-14 13:19:00,16.04,streaming,subscription,D_A0098,Mumbai,,0
T009383,A0065,2026-02-14 13:20:00,123.51,travel,bus_ticket,D_A0065,Madurai,,0
T009384,A0013,2026-02-14 13:21:00,97.25,fuel,petrol,D_A0013,Madurai,,0
T009385,A0042,2026-02-14 13:28:00,63.43,pharmacy,medicine,D_A0042,Kochi,,0
T009386,A0012,2026-02-14 13:29:00,2262.97,electronics,laptop,D_A0012,Chennai,,0
T009387,A0412,2026-02-14 13:31:00,246.39,travel,train_ticket,D_A0412,Kochi,,0
T009388,A0151,2026-02-14 13:32:00,124.26,travel,train_ticket,D_A0151,Coimbatore,,0
T009389,A0459,2026-02-14 13:33:00,55.5,fuel,diesel,D_A0459,Delhi,,0
T009390,A0152,2026-02-14 13:33:00,49.01,food,restaurant,D_A0152,Hyderabad,,0
T009391,A0283,2026-02-14 13:34:00,10.01,streaming,subscription,D_A0283,Kochi,,0
T009392,A0429,2026-02-14 13:39:00,72.94,fuel,petrol,D_A0429,Madurai,,0
T009393,A0011,2026-02-14 13:40:00,29.5,streaming,subscription,D_A0011,Delhi,,0
T009394,A0075,2026-02-14 13:40:00,173.63,pharmacy,medicine,D_A0075,Kochi,,0
T009395,A0418,2026-02-14 13:48:00,36.95,food,delivery,D_A0418,Coimbatore,,0
T009396,A0439,2026-02-14 13:48:00,17.94,streaming,subscription,D_A0439,Chennai,,0
T009397,A0409,2026-02-14 13:53:00,22.35,grocery,groceries,D_A0409,Chennai,,0
T009398,A0262,2026-02-14 13:53:00,38.91,pharmacy,medicine,D_A0262,Coimbatore,,0
T009399,A0220,2026-02-14 13:55:00,51.0,grocery,groceries,D_A0220,Coimbatore,,0
T009400,A0265,2026-02-14 13:58:00,49.46,transfer,p2p_transfer,D_A0265,Mumbai,PAYEE_A0265,0
T009401,A0384,2026-02-14 14:03:00,53.41,food,restaurant,D_A0384,Kochi,,0
T009402,A0053,2026-02-14 14:16:00,85.48,fuel,diesel,D_A0053,Hyderabad,,0
T009403,A0233,2026-02-14 14:17:00,87.74,grocery,vegetables,D_A0233,Coimbatore,,0
T009404,A0350,2026-02-14 14:18:00,143.86,food,delivery,D_A0350,Kochi,,0
T009405,A0040,2026-02-14 14:27:00,33.75,food,delivery,D_A0040,Coimbatore,,0
T009406,A0361,2026-02-14 14:28:00,92.98,transfer,p2p_transfer,D_A0361,Chennai,PAYEE_A0361,0
T009407,A0076,2026-02-14 14:30:00,18.39,streaming,subscription,D_A0076,Madurai,,0
T009408,A0309,2026-02-14 14:32:00,10.93,streaming,subscription,D_A0309,Delhi,,0
T009409,A0286,2026-02-14 14:33:00,194.84,travel,train_ticket,D_FAM_10,Hyderabad,,0
T009410,A0402,2026-02-14 14:33:00,19.14,streaming,subscription,D_A0402,Hyderabad,,0
T009411,A0223,2026-02-14 14:33:00,80.42,grocery,groceries,D_A0223,Hyderabad,,0
T009412,A0012,2026-02-14 14:35:00,125.72,clothing,shoes,D_A0012,Coimbatore,,0
T009413,A0226,2026-02-14 14:36:00,79.89,fuel,diesel,D_A0226,Chennai,,0
T009414,A0270,2026-02-14 14:37:00,88.57,grocery,groceries,D_A0270,Kochi,,0
T009415,A0233,2026-02-14 14:40:00,232.86,transfer,p2p_transfer,D_A0233,Coimbatore,PAYEE_A0233,0
T009416,A0467,2026-02-14 14:42:00,14.29,streaming,subscription,D_OFF_1,Delhi,,0
T009417,A0371,2026-02-14 14:43:00,43.83,pharmacy,medicine,D_A0371,Madurai,,0
T009418,A0002,2026-02-14 14:48:00,45.83,pharmacy,medicine,D_A0002,Kochi,,0
T009419,A0337,2026-02-14 14:49:00,220.12,fuel,diesel,D_A0337,Coimbatore,,0
T009420,A0135,2026-02-14 14:51:00,1157.39,travel,train_ticket,D_A0135,Delhi,,0
T009421,A0438,2026-02-14 14:52:00,75.56,food,delivery,D_A0438,Madurai,,0
T009422,A0052,2026-02-14 14:52:00,41.67,clothing,clothes,D_A0052,Bengaluru,,0
T009423,A0041,2026-02-14 14:54:00,74.57,clothing,clothes,D_FAM_6,Hyderabad,,0
T009424,A0020,2026-02-14 14:56:00,150.51,fuel,petrol,D_A0020,Bengaluru,,0
T009425,A0377,2026-02-14 14:58:00,13.79,pharmacy,medicine,D_A0377,Mumbai,,0
T009426,A0415,2026-02-14 15:01:00,47.81,pharmacy,medicine,D_A0415,Kochi,,0
T009427,A0085,2026-02-14 15:02:00,58.43,travel,bus_ticket,D_A0085,Delhi,,0
T009428,A0022,2026-02-14 15:12:00,4.59,streaming,subscription,D_FAM_5,Madurai,,0
T009429,A0143,2026-02-14 15:13:00,65.71,clothing,clothes,D_A0143,Kochi,,0
T009430,A0265,2026-02-14 15:15:00,13.06,streaming,subscription,D_A0265,Mumbai,,0
T009431,A0266,2026-02-14 15:17:00,60.05,food,restaurant,D_A0266,Hyderabad,,0
T009432,A0336,2026-02-14 15:17:00,44.35,pharmacy,medicine,D_A0336,Bengaluru,,0
T009433,A0400,2026-02-14 15:27:00,70.08,pharmacy,medicine,D_A0400,Coimbatore,,0
T009434,A0461,2026-02-14 15:34:00,38.29,food,restaurant,D_FAM_0,Delhi,,0
T009435,A0303,2026-02-14 15:36:00,21.84,food,restaurant,D_FAM_4,Madurai,,0
T009436,A0457,2026-02-14 15:37:00,76.04,fuel,petrol,D_A0457,Hyderabad,,0
T009437,A0303,2026-02-14 15:46:00,81.43,clothing,shoes,D_FAM_4,Madurai,,0
T009438,A0016,2026-02-14 15:46:00,232.38,fuel,petrol,D_A0016,Chennai,,0
T009439,A0470,2026-02-14 15:53:00,45.34,giftcards,gift_card,D_A0470,Mumbai,,0
T009440,A0136,2026-02-14 15:54:00,54.62,pharmacy,medicine,D_FAM_0,Chennai,,0
T009441,A0084,2026-02-14 16:02:00,3.93,streaming,subscription,D_A0084,Hyderabad,,0
T009442,A0111,2026-02-14 16:03:00,133.61,travel,bus_ticket,D_A0111,Chennai,,0
T009443,A0173,2026-02-14 16:05:00,82.22,grocery,groceries,D_A0173,Bengaluru,,0
T009444,A0225,2026-02-14 16:14:00,112.91,travel,bus_ticket,D_A0225,Bengaluru,,0
T009445,A0065,2026-02-14 16:16:00,23.36,grocery,groceries,D_A0065,Chennai,,0
T009446,A0444,2026-02-14 16:18:00,51.91,fuel,petrol,D_A0444,Kochi,,0
T009447,A0063,2026-02-14 16:28:00,100.67,transfer,p2p_transfer,D_A0063,Coimbatore,PAYEE_A0063,0
T009448,A0308,2026-02-14 16:33:00,96.51,travel,bus_ticket,D_A0308,Bengaluru,,0
T009449,A0416,2026-02-14 16:35:00,53.64,fuel,petrol,D_A0416,Hyderabad,,0
T009450,A0409,2026-02-14 16:36:00,57.34,grocery,groceries,D_A0409,Chennai,,0
T009451,A0247,2026-02-14 16:38:00,33.48,streaming,subscription,D_A0247,Coimbatore,,0
T009452,A0362,2026-02-14 16:40:00,16.17,food,delivery,D_A0362,Chennai,,0
T009453,A0400,2026-02-14 16:45:00,256.95,grocery,vegetables,D_A0400,Coimbatore,,0
T009454,A0111,2026-02-14 16:50:00,197.11,travel,bus_ticket,D_A0111,Chennai,,0
T009455,A0493,2026-02-14 16:50:00,69.4,streaming,subscription,D_A0493,Hyderabad,,0
T009456,A0234,2026-02-14 16:53:00,42.68,grocery,groceries,D_A0234,Coimbatore,,0
T009457,A0078,2026-02-14 16:55:00,115.05,travel,bus_ticket,D_A0078,Hyderabad,,0
T009458,A0330,2026-02-14 17:00:00,38.47,pharmacy,medicine,D_A0330,Coimbatore,,0
T009459,A0369,2026-02-14 17:06:00,512.46,travel,train_ticket,D_A0369,Mumbai,,0
T009460,A0354,2026-02-14 17:12:00,68.44,clothing,clothes,D_A0354,Kochi,,0
T009461,A0302,2026-02-14 17:19:00,22.25,food,restaurant,D_A0302,Kochi,,0
T009462,A0265,2026-02-14 17:21:00,28.51,food,restaurant,D_A0265,Mumbai,,0
T009463,A0393,2026-02-14 17:21:00,159.75,clothing,shoes,D_A0393,Bengaluru,,0
T009464,A0363,2026-02-14 17:32:00,141.03,clothing,clothes,D_A0363,Coimbatore,,0
T009465,A0365,2026-02-14 17:38:00,164.9,travel,train_ticket,D_A0365,Bengaluru,,0
T009466,A0225,2026-02-14 17:39:00,31.52,grocery,vegetables,D_A0225,Bengaluru,,0
T009467,A0438,2026-02-14 17:43:00,65.44,food,delivery,D_A0438,Bengaluru,,0
T009468,A0220,2026-02-14 17:46:00,65.34,transfer,p2p_transfer,D_A0220,Coimbatore,PAYEE_A0220,0
T009469,A0365,2026-02-14 17:50:00,181.22,travel,train_ticket,D_A0365,Bengaluru,,0
T009470,A0324,2026-02-14 18:01:00,44.75,grocery,groceries,D_A0324,Mumbai,,0
T009471,A0227,2026-02-14 18:14:00,52.22,food,delivery,D_A0227,Madurai,,0
T009472,A0058,2026-02-14 18:21:00,23.49,streaming,subscription,D_A0058,Coimbatore,,0
T009473,A0321,2026-02-14 18:34:00,24.54,streaming,subscription,D_A0321,Mumbai,,0
T009474,A0043,2026-02-14 18:37:00,142.32,travel,bus_ticket,D_OFF_1,Delhi,,0
T009475,A0019,2026-02-14 18:38:00,94.87,clothing,shoes,D_A0019,Mumbai,,0
T009476,A0469,2026-02-14 18:41:00,14.26,streaming,subscription,D_A0469,Delhi,,0
T009477,A0305,2026-02-14 18:43:00,17.56,streaming,subscription,D_A0305,Delhi,,0
T009478,A0460,2026-02-14 18:48:00,105.26,grocery,groceries,D_A0460,Hyderabad,,0
T009479,A0332,2026-02-14 18:51:00,84.99,pharmacy,medicine,D_A0332,Delhi,,0
T009480,A0302,2026-02-14 18:52:00,18.09,grocery,vegetables,D_A0302,Kochi,,0
T009481,A0125,2026-02-14 18:57:00,23.17,food,restaurant,D_A0125,Kochi,,0
T009482,A0383,2026-02-14 18:58:00,137.67,travel,train_ticket,D_A0383,Coimbatore,,0
T009483,A0141,2026-02-14 19:18:00,59.4,food,restaurant,D_FAM_2,Kochi,,0
T009484,A0139,2026-02-14 19:32:00,62.98,clothing,clothes,D_FAM_7,Hyderabad,,0
T009485,A0036,2026-02-14 19:37:00,32.51,fuel,petrol,D_FAM_1,Madurai,,0
T009486,A0449,2026-02-14 19:42:00,150.66,pharmacy,medicine,D_FAM_0,Delhi,,0
T009487,A0356,2026-02-14 19:46:00,64.72,clothing,clothes,D_A0356,Bengaluru,,0
T009488,A0442,2026-02-14 19:49:00,55.85,pharmacy,medicine,D_A0442,Kochi,,0
T009489,A0431,2026-02-14 20:05:00,99.5,fuel,diesel,D_FAM_11,Hyderabad,,0
T009490,A0463,2026-02-14 20:06:00,34.87,streaming,subscription,D_A0463,Bengaluru,,0
T009491,A0409,2026-02-14 20:21:00,44.86,grocery,groceries,D_A0409,Chennai,,0
T009492,A0224,2026-02-14 20:50:00,78.31,fuel,diesel,D_A0224,Coimbatore,,0
T009493,A0461,2026-02-14 21:46:00,68.25,pharmacy,medicine,D_FAM_0,Delhi,,0
T009494,A0489,2026-02-14 21:50:00,70.01,fuel,petrol,D_A0489,Madurai,,0
T009495,A0413,2026-02-14 21:52:00,79.53,food,delivery,D_A0413,Mumbai,,0
T009496,A0213,2026-02-14 21:55:00,27.33,streaming,subscription,D_A0213,Coimbatore,,0
T009497,R007,2026-02-14 22:01:00,97.93,giftcards,gift_card,D_RING_2,Chennai,,1
T009498,R007,2026-02-14 22:08:00,162.37,prepaid,prepaid_card,D_RING_1,Chennai,,1
T009499,R007,2026-02-14 22:15:00,151.77,digital_goods,game_credits,D_RING_1,Chennai,,1
T009500,R007,2026-02-14 22:31:00,293.82,transfer,p2p_transfer,D_RING_1,Chennai,PAYOUT_X,1
T009501,A0448,2026-02-14 22:47:00,139.73,fuel,diesel,D_A0448,Kochi,,0
T009502,A0424,2026-02-14 22:48:00,66.49,fuel,diesel,D_A0424,Mumbai,,0
T009503,A0190,2026-02-14 23:16:00,228.65,clothing,clothes,D_FAM_13,Madurai,,0
T009504,A0440,2026-02-14 23:46:00,62.91,pharmacy,medicine,D_OFF_2,Madurai,,0
T009505,A0213,2026-02-14 23:50:00,33.29,streaming,subscription,D_A0213,Coimbatore,,0
T009506,A0422,2026-02-15 07:00:00,207.93,travel,bus_ticket,D_A0422,Bengaluru,,0
T009507,A0402,2026-02-15 07:11:00,18.05,streaming,subscription,D_A0402,Madurai,,0
T009508,A0099,2026-02-15 07:19:00,75.41,fuel,petrol,D_A0099,Kochi,,0
T009509,A0427,2026-02-15 07:21:00,17.63,fuel,diesel,D_A0427,Coimbatore,,0
T009510,A0416,2026-02-15 07:22:00,39.63,grocery,vegetables,D_A0416,Hyderabad,,0
T009511,A0484,2026-02-15 07:24:00,11.69,streaming,subscription,D_A0484,Bengaluru,,0
T009512,A0111,2026-02-15 07:26:00,129.86,travel,bus_ticket,D_A0111,Chennai,,0
T009513,A0373,2026-02-15 07:31:00,23.83,food,restaurant,D_A0373,Coimbatore,,0
T009514,A0258,2026-02-15 07:35:00,96.02,fuel,petrol,D_A0258,Bengaluru,,0
T009515,A0285,2026-02-15 07:40:00,87.9,fuel,petrol,D_A0285,Madurai,,0
T009516,A0499,2026-02-15 07:49:00,24.77,pharmacy,medicine,D_A0499,Hyderabad,,0
T009517,A0405,2026-02-15 07:54:00,32.91,pharmacy,medicine,D_A0405,Kochi,,0
T009518,A0065,2026-02-15 07:56:00,37.35,grocery,vegetables,D_A0065,Chennai,,0
T009519,A0031,2026-02-15 07:56:00,90.02,clothing,shoes,D_OFF_2,Coimbatore,,0
T009520,A0006,2026-02-15 08:10:00,147.09,fuel,petrol,D_FAM_7,Coimbatore,,0
T009521,A0095,2026-02-15 08:11:00,182.58,clothing,clothes,D_A0095,Mumbai,,0
T009522,A0286,2026-02-15 08:12:00,93.77,travel,train_ticket,D_A0286,Hyderabad,,0
T009523,A0016,2026-02-15 08:39:00,46.8,streaming,subscription,D_FAM_12,Chennai,,0
T009524,A0057,2026-02-15 08:40:00,444.28,travel,bus_ticket,D_OFF_0,Mumbai,,0
T009525,A0270,2026-02-15 08:55:00,89.89,fuel,petrol,D_A0270,Kochi,,0
T009526,A0039,2026-02-15 09:00:00,14.29,streaming,subscription,D_A0039,Madurai,,0
T009527,A0089,2026-02-15 09:01:00,111.73,pharmacy,medicine,D_A0089,Madurai,,0
T009528,A0473,2026-02-15 09:04:00,117.81,travel,train_ticket,D_A0473,Mumbai,,0
T009529,A0429,2026-02-15 09:04:00,160.2,clothing,clothes,D_A0429,Madurai,,0
T009530,A0301,2026-02-15 09:10:00,48.34,grocery,groceries,D_A0301,Mumbai,,0
T009531,A0466,2026-02-15 09:15:00,78.29,fuel,diesel,D_A0466,Hyderabad,,0
T009532,A0073,2026-02-15 09:21:00,46.74,fuel,petrol,D_A0073,Bengaluru,,0
T009533,A0337,2026-02-15 09:25:00,243.96,grocery,groceries,D_A0337,Coimbatore,,0
T009534,A0225,2026-02-15 09:27:00,95.76,travel,bus_ticket,D_A0225,Bengaluru,,0
T009535,A0059,2026-02-15 09:33:00,145.1,pharmacy,medicine,D_A0059,Bengaluru,,0
T009536,A0157,2026-02-15 09:35:00,424.09,travel,train_ticket,D_A0157,Hyderabad,,0
T009537,A0156,2026-02-15 09:37:00,23.62,fuel,petrol,D_A0156,Delhi,,0
T009538,A0348,2026-02-15 09:38:00,37.04,food,restaurant,D_A0348,Coimbatore,,0
T009539,A0315,2026-02-15 09:51:00,15.61,streaming,subscription,D_A0315,Madurai,,0
T009540,A0327,2026-02-15 09:59:00,49.29,pharmacy,medicine,D_A0327,Coimbatore,,0
T009541,A0409,2026-02-15 10:03:00,62.23,clothing,clothes,D_A0409,Chennai,,0
T009542,A0484,2026-02-15 10:11:00,55.37,fuel,diesel,D_A0484,Bengaluru,,0
T009543,A0061,2026-02-15 10:12:00,151.52,travel,train_ticket,D_A0061,Madurai,,0
T009544,A0238,2026-02-15 10:19:00,224.19,travel,train_ticket,D_A0238,Bengaluru,,0
T009545,A0140,2026-02-15 10:20:00,694.45,travel,bus_ticket,D_A0140,Madurai,,0
T009546,A0138,2026-02-15 10:23:00,37.7,pharmacy,medicine,D_A0138,Kochi,,0
T009547,A0499,2026-02-15 10:31:00,37.01,pharmacy,medicine,D_A0499,Hyderabad,,0
T009548,A0306,2026-02-15 10:34:00,39.91,grocery,vegetables,D_A0306,Chennai,,0
T009549,A0195,2026-02-15 10:37:00,25.48,fuel,diesel,D_FAM_11,Kochi,,0
T009550,A0481,2026-02-15 10:38:00,55.64,grocery,vegetables,D_A0481,Coimbatore,,0
T009551,A0325,2026-02-15 10:39:00,149.76,travel,bus_ticket,D_OFF_2,Bengaluru,,0
T009552,A0064,2026-02-15 11:01:00,48.22,pharmacy,medicine,D_A0064,Bengaluru,,0
T009553,A0342,2026-02-15 11:11:00,225.98,travel,train_ticket,D_A0342,Hyderabad,,0
T009554,A0171,2026-02-15 11:25:00,58.94,travel,bus_ticket,D_A0171,Madurai,,0
T009555,A0159,2026-02-15 11:25:00,67.87,food,restaurant,D_A0159,Delhi,,0
T009556,A0191,2026-02-15 11:25:00,22.05,pharmacy,medicine,D_A0191,Bengaluru,,0
T009557,A0478,2026-02-15 11:27:00,35.94,grocery,vegetables,D_A0478,Hyderabad,,0
T009558,A0160,2026-02-15 11:29:00,295.04,clothing,shoes,D_OFF_1,Delhi,,0
T009559,A0369,2026-02-15 11:31:00,227.79,clothing,shoes,D_A0369,Mumbai,,0
T009560,A0220,2026-02-15 11:34:00,24.93,food,restaurant,D_A0220,Coimbatore,,0
T009561,A0084,2026-02-15 11:38:00,8.65,streaming,subscription,D_A0084,Hyderabad,,0
T009562,A0042,2026-02-15 11:40:00,70.69,pharmacy,medicine,D_A0042,Kochi,,0
T009563,A0192,2026-02-15 11:46:00,87.02,pharmacy,medicine,D_A0192,Madurai,,0
T009564,A0274,2026-02-15 11:55:00,35.11,streaming,subscription,D_A0274,Madurai,,0
T009565,A0473,2026-02-15 11:57:00,158.9,travel,train_ticket,D_A0473,Mumbai,,0
T009566,A0251,2026-02-15 11:57:00,26.85,pharmacy,medicine,D_A0251,Chennai,,0
T009567,A0036,2026-02-15 12:05:00,51.57,fuel,diesel,D_FAM_1,Madurai,,0
T009568,A0204,2026-02-15 12:29:00,19.32,food,restaurant,D_A0204,Coimbatore,,0
T009569,A0397,2026-02-15 12:32:00,99.98,fuel,diesel,D_A0397,Chennai,,0
T009570,A0219,2026-02-15 12:34:00,89.01,fuel,petrol,D_A0219,Hyderabad,,0
T009571,A0161,2026-02-15 12:35:00,41.68,streaming,subscription,D_A0161,Bengaluru,,0
T009572,A0239,2026-02-15 12:40:00,23.84,fuel,diesel,D_A0239,Coimbatore,,0
T009573,A0270,2026-02-15 12:40:00,77.0,pharmacy,medicine,D_A0270,Kochi,,0
T009574,A0431,2026-02-15 12:47:00,417.35,travel,train_ticket,D_FAM_11,Hyderabad,,0
T009575,A0277,2026-02-15 12:49:00,22.71,streaming,subscription,D_A0277,Madurai,,0
T009576,A0267,2026-02-15 12:50:00,52.47,grocery,vegetables,D_A0267,Coimbatore,,0
T009577,A0046,2026-02-15 12:54:00,36.04,pharmacy,medicine,D_A0046,Kochi,,0
T009578,A0092,2026-02-15 12:59:00,65.24,grocery,vegetables,D_A0092,Chennai,,0
T009579,A0473,2026-02-15 13:02:00,16.21,food,restaurant,D_A0473,Mumbai,,0
T009580,A0291,2026-02-15 13:02:00,48.76,grocery,groceries,D_A0291,Mumbai,,0
T009581,A0262,2026-02-15 13:05:00,39.71,pharmacy,medicine,D_A0262,Coimbatore,,0
T009582,A0277,2026-02-15 13:09:00,30.26,streaming,subscription,D_A0277,Madurai,,0
T009583,A0257,2026-02-15 13:17:00,14.57,food,delivery,D_A0257,Mumbai,,0
T009584,A0080,2026-02-15 13:18:00,25.91,grocery,vegetables,D_A0080,Chennai,,0
T009585,A0375,2026-02-15 13:22:00,47.04,fuel,diesel,D_A0375,Hyderabad,,0
T009586,A0436,2026-02-15 13:28:00,70.15,grocery,vegetables,D_A0436,Bengaluru,,0
T009587,A0002,2026-02-15 13:34:00,54.77,pharmacy,medicine,D_A0002,Kochi,,0
T009588,A0056,2026-02-15 13:35:00,163.83,travel,bus_ticket,D_A0056,Coimbatore,,0
T009589,A0310,2026-02-15 13:37:00,381.8,travel,bus_ticket,D_A0310,Chennai,,0
T009590,A0155,2026-02-15 13:41:00,78.65,fuel,diesel,D_A0155,Coimbatore,,0
T009591,A0053,2026-02-15 13:47:00,56.18,fuel,petrol,D_A0053,Bengaluru,,0
T009592,A0431,2026-02-15 13:50:00,113.17,fuel,petrol,D_FAM_11,Hyderabad,,0
T009593,A0466,2026-02-15 13:54:00,16.28,food,restaurant,D_A0466,Hyderabad,,0
T009594,A0303,2026-02-15 13:56:00,35.33,pharmacy,medicine,D_FAM_4,Madurai,,0
T009595,A0228,2026-02-15 13:57:00,88.04,pharmacy,medicine,D_A0228,Mumbai,,0
T009596,A0325,2026-02-15 13:58:00,36.88,food,delivery,D_OFF_2,Kochi,,0
T009597,A0062,2026-02-15 14:00:00,11.05,streaming,subscription,D_A0062,Madurai,,0
T009598,A0424,2026-02-15 14:09:00,57.39,pharmacy,medicine,D_A0424,Mumbai,,0
T009599,A0138,2026-02-15 14:11:00,15.03,streaming,subscription,D_A0138,Kochi,,0
T009600,A0188,2026-02-15 14:13:00,192.76,fuel,diesel,D_A0188,Chennai,,0
T009601,A0178,2026-02-15 14:14:00,8.14,streaming,subscription,D_A0178,Coimbatore,,0
T009602,A0383,2026-02-15 14:20:00,54.12,giftcards,gift_card,D_A0383,Bengaluru,,0
T009603,A0346,2026-02-15 14:21:00,235.04,fuel,diesel,D_A0346,Mumbai,,0
T009604,A0075,2026-02-15 14:23:00,281.14,fuel,diesel,D_A0075,Kochi,,0
T009605,A0151,2026-02-15 14:27:00,76.13,clothing,clothes,D_A0151,Coimbatore,,0
T009606,A0002,2026-02-15 14:31:00,55.13,pharmacy,medicine,D_A0002,Kochi,,0
T009607,A0295,2026-02-15 14:32:00,8.85,streaming,subscription,D_A0295,Madurai,,0
T009608,A0315,2026-02-15 14:33:00,112.86,travel,train_ticket,D_A0315,Madurai,,0
T009609,A0391,2026-02-15 14:36:00,20.96,pharmacy,medicine,D_A0391,Kochi,,0
T009610,A0278,2026-02-15 14:38:00,82.39,food,delivery,D_A0278,Madurai,,0
T009611,A0107,2026-02-15 14:43:00,28.98,fuel,petrol,D_A0107,Madurai,,0
T009612,A0208,2026-02-15 14:47:00,165.46,travel,bus_ticket,D_A0208,Hyderabad,,0
T009613,A0054,2026-02-15 14:48:00,103.4,travel,bus_ticket,D_A0054,Chennai,,0
T009614,A0260,2026-02-15 14:50:00,60.89,streaming,subscription,D_A0260,Hyderabad,,0
T009615,A0295,2026-02-15 14:53:00,23.37,grocery,vegetables,D_A0295,Madurai,,0
T009616,A0344,2026-02-15 14:55:00,58.34,transfer,p2p_transfer,D_A0344,Madurai,PAYEE_A0344,0
T009617,A0159,2026-02-15 14:55:00,41.06,pharmacy,medicine,D_A0159,Delhi,,0
T009618,A0389,2026-02-15 14:55:00,211.62,travel,bus_ticket,D_A0389,Coimbatore,,0
T009619,A0442,2026-02-15 15:03:00,70.9,clothing,shoes,D_A0442,Kochi,,0
T009620,A0064,2026-02-15 15:07:00,41.98,pharmacy,medicine,D_A0064,Bengaluru,,0
T009621,A0339,2026-02-15 15:08:00,64.77,grocery,groceries,D_A0339,Coimbatore,,0
T009622,A0223,2026-02-15 15:11:00,48.92,grocery,vegetables,D_A0223,Delhi,,0
T009623,A0018,2026-02-15 15:12:00,339.77,clothing,clothes,D_A0018,Coimbatore,,0
T009624,A0455,2026-02-15 15:12:00,110.61,travel,train_ticket,D_A0455,Chennai,,0
T009625,A0008,2026-02-15 15:16:00,22.62,grocery,vegetables,D_A0008,Coimbatore,,0
T009626,A0192,2026-02-15 15:22:00,93.55,pharmacy,medicine,D_A0192,Madurai,,0
T009627,A0223,2026-02-15 15:26:00,229.77,travel,bus_ticket,D_A0223,Hyderabad,,0
T009628,A0149,2026-02-15 15:28:00,124.86,clothing,clothes,D_A0149,Madurai,,0
T009629,A0125,2026-02-15 15:31:00,54.64,pharmacy,medicine,D_A0125,Kochi,,0
T009630,A0109,2026-02-15 15:34:00,62.93,pharmacy,medicine,D_FAM_13,Mumbai,,0
T009631,A0082,2026-02-15 15:38:00,201.1,travel,train_ticket,D_A0082,Delhi,,0
T009632,A0304,2026-02-15 15:38:00,39.98,grocery,groceries,D_A0304,Hyderabad,,0
T009633,A0397,2026-02-15 15:39:00,146.33,clothing,shoes,D_A0397,Chennai,,0
T009634,A0468,2026-02-15 15:45:00,35.74,food,restaurant,D_A0468,Chennai,,0
T009635,A0085,2026-02-15 15:46:00,40.07,fuel,diesel,D_A0085,Delhi,,0
T009636,A0301,2026-02-15 15:50:00,71.16,fuel,diesel,D_A0301,Hyderabad,,0
T009637,A0121,2026-02-15 15:50:00,123.05,clothing,shoes,D_A0121,Hyderabad,,0
T009638,A0369,2026-02-15 15:53:00,430.12,travel,train_ticket,D_A0369,Mumbai,,0
T009639,A0257,2026-02-15 16:07:00,90.42,clothing,shoes,D_A0257,Coimbatore,,0
T009640,A0239,2026-02-15 16:12:00,17.85,food,delivery,D_A0239,Coimbatore,,0
T009641,A0483,2026-02-15 16:12:00,36.75,grocery,vegetables,D_A0483,Coimbatore,,0
T009642,A0377,2026-02-15 16:15:00,36.75,fuel,petrol,D_A0377,Mumbai,,0
T009643,A0115,2026-02-15 16:15:00,62.57,streaming,subscription,D_A0115,Madurai,,0
T009644,A0257,2026-02-15 16:15:00,34.66,food,delivery,D_A0257,Coimbatore,,0
T009645,A0016,2026-02-15 16:24:00,128.74,grocery,vegetables,D_A0016,Chennai,,0
T009646,A0420,2026-02-15 16:25:00,68.23,food,delivery,D_OFF_0,Madurai,,0
T009647,A0000,2026-02-15 16:31:00,131.34,clothing,shoes,D_A0000,Madurai,,0
T009648,A0130,2026-02-15 16:31:00,54.04,clothing,clothes,D_A0130,Mumbai,,0
T009649,A0156,2026-02-15 16:35:00,46.35,clothing,clothes,D_A0156,Delhi,,0
T009650,A0064,2026-02-15 16:37:00,51.02,pharmacy,medicine,D_A0064,Hyderabad,,0
T009651,A0082,2026-02-15 16:39:00,91.89,fuel,petrol,D_A0082,Delhi,,0
T009652,A0493,2026-02-15 16:41:00,42.39,streaming,subscription,D_A0493,Coimbatore,,0
T009653,A0305,2026-02-15 16:46:00,169.13,fuel,diesel,D_A0305,Mumbai,,0
T009654,A0239,2026-02-15 16:49:00,187.46,clothing,clothes,D_A0239,Coimbatore,,0
T009655,A0408,2026-02-15 16:52:00,29.43,streaming,subscription,D_A0408,Kochi,,0
T009656,A0393,2026-02-15 16:53:00,34.0,grocery,groceries,D_A0393,Bengaluru,,0
T009657,A0228,2026-02-15 16:57:00,132.08,grocery,groceries,D_A0228,Mumbai,,0
T009658,A0276,2026-02-15 16:59:00,53.47,fuel,petrol,D_A0276,Delhi,,0
T009659,A0338,2026-02-15 16:59:00,26.29,fuel,diesel,D_A0338,Kochi,,0
T009660,A0401,2026-02-15 17:07:00,297.55,clothing,shoes,D_A0401,Madurai,,0
T009661,A0326,2026-02-15 17:07:00,22.71,streaming,subscription,D_A0326,Bengaluru,,0
T009662,A0497,2026-02-15 17:12:00,88.61,fuel,petrol,D_A0497,Chennai,,0
T009663,A0483,2026-02-15 17:17:00,11.39,streaming,subscription,D_A0483,Coimbatore,,0
T009664,A0025,2026-02-15 17:19:00,45.37,giftcards,gift_card,D_A0025,Delhi,,0
T009665,A0459,2026-02-15 17:20:00,153.85,travel,bus_ticket,D_A0459,Delhi,,0
T009666,A0219,2026-02-15 17:32:00,16.92,streaming,subscription,D_A0219,Hyderabad,,0
T009667,A0478,2026-02-15 17:33:00,148.6,clothing,clothes,D_A0478,Hyderabad,,0
T009668,A0355,2026-02-15 17:38:00,32.5,pharmacy,medicine,D_A0355,Kochi,,0
T009669,A0094,2026-02-15 17:51:00,83.69,travel,bus_ticket,D_A0094,Bengaluru,,0
T009670,A0359,2026-02-15 18:03:00,62.34,fuel,petrol,D_A0359,Bengaluru,,0
T009671,A0346,2026-02-15 18:07:00,71.91,fuel,petrol,D_A0346,Mumbai,,0
T009672,A0039,2026-02-15 18:12:00,9.3,streaming,subscription,D_A0039,Madurai,,0
T009673,A0314,2026-02-15 18:32:00,108.59,grocery,vegetables,D_FAM_10,Kochi,,0
T009674,A0249,2026-02-15 18:35:00,49.76,clothing,clothes,D_A0249,Kochi,,0
T009675,A0068,2026-02-15 18:36:00,76.65,pharmacy,medicine,D_A0068,Madurai,,0
T009676,A0365,2026-02-15 18:39:00,192.52,travel,train_ticket,D_A0365,Bengaluru,,0
T009677,A0486,2026-02-15 18:53:00,174.61,grocery,groceries,D_A0486,Mumbai,,0
T009678,A0418,2026-02-15 18:54:00,77.73,grocery,groceries,D_A0418,Coimbatore,,0
T009679,A0256,2026-02-15 19:14:00,96.34,fuel,diesel,D_A0256,Bengaluru,,0
T009680,A0287,2026-02-15 19:19:00,54.73,fuel,diesel,D_FAM_13,Mumbai,,0
T009681,A0402,2026-02-15 19:25:00,34.82,pharmacy,medicine,D_A0402,Hyderabad,,0
T009682,A0031,2026-02-15 19:26:00,47.18,grocery,groceries,D_OFF_2,Coimbatore,,0
T009683,A0169,2026-02-15 19:32:00,46.68,clothing,shoes,D_A0169,Bengaluru,,0
T009684,A0028,2026-02-15 19:34:00,47.88,grocery,groceries,D_A0028,Chennai,,0
T009685,A0077,2026-02-15 19:36:00,233.66,travel,train_ticket,D_A0077,Madurai,,0
T009686,A0182,2026-02-15 19:39:00,27.68,streaming,subscription,D_FAM_8,Chennai,,0
T009687,A0321,2026-02-15 19:44:00,207.16,clothing,shoes,D_A0321,Mumbai,,0
T009688,A0195,2026-02-15 19:52:00,2.87,streaming,subscription,D_A0195,Kochi,,0
T009689,A0238,2026-02-15 19:53:00,319.93,travel,bus_ticket,D_A0238,Madurai,,0
T009690,A0491,2026-02-15 20:03:00,125.17,clothing,clothes,D_FAM_2,Hyderabad,,0
T009691,A0403,2026-02-15 20:23:00,11.03,streaming,subscription,D_A0403,Bengaluru,,0
T009692,A0067,2026-02-15 20:33:00,6.28,streaming,subscription,D_A0067,Madurai,,0
T009693,A0339,2026-02-15 20:44:00,74.87,fuel,petrol,D_A0339,Coimbatore,,0
T009694,A0319,2026-02-15 21:01:00,39.18,pharmacy,medicine,D_A0319,Madurai,,0
T009695,A0307,2026-02-15 21:09:00,146.45,clothing,shoes,D_A0307,Mumbai,,0
T009696,A0145,2026-02-15 21:11:00,23.77,streaming,subscription,D_A0145,Coimbatore,,0
T009697,A0293,2026-02-15 21:17:00,42.06,pharmacy,medicine,D_A0293,Mumbai,,0
T009698,A0174,2026-02-15 21:40:00,63.94,clothing,clothes,D_A0174,Kochi,,0
T009699,A0068,2026-02-15 21:46:00,72.2,pharmacy,medicine,D_A0068,Madurai,,0
T009700,A0492,2026-02-15 22:02:00,164.75,clothing,shoes,D_A0492,Kochi,,0
T009701,A0147,2026-02-15 22:07:00,344.13,travel,train_ticket,D_A0147,Delhi,,0
T009702,A0089,2026-02-15 22:53:00,170.33,grocery,vegetables,D_A0089,Hyderabad,,0
T009703,A0096,2026-02-15 23:03:00,118.26,clothing,clothes,D_A0096,Hyderabad,,0
T009704,A0399,2026-02-15 23:27:00,101.58,fuel,diesel,D_A0399,Hyderabad,,0
T009705,A0492,2026-02-16 01:47:00,3501.52,electronics,flight_ticket,D_STOLEN_7,Delhi,,1
T009706,A0492,2026-02-16 01:59:00,4373.36,giftcards,phone,D_STOLEN_7,Delhi,,1
T009707,A0492,2026-02-16 02:11:00,3853.85,giftcards,flight_ticket,D_STOLEN_7,Delhi,,1
T009708,A0365,2026-02-16 04:31:00,805.54,travel,phone,D_STOLEN_18,Delhi,,1
T009709,A0365,2026-02-16 04:43:00,515.06,electronics,phone,D_STOLEN_18,Delhi,,1
T009710,A0365,2026-02-16 04:55:00,774.38,giftcards,flight_ticket,D_STOLEN_18,Delhi,,1
T009711,A0112,2026-02-16 07:03:00,247.36,fuel,diesel,D_A0112,Delhi,,0
T009712,A0097,2026-02-16 07:18:00,34.79,grocery,vegetables,D_FAM_1,Delhi,,0
T009713,A0428,2026-02-16 07:20:00,80.73,grocery,vegetables,D_A0428,Coimbatore,,0
T009714,A0161,2026-02-16 07:23:00,60.53,grocery,vegetables,D_A0161,Bengaluru,,0
T009715,A0237,2026-02-16 07:27:00,22.77,streaming,subscription,D_FAM_3,Madurai,,0
T009716,A0330,2026-02-16 07:33:00,35.56,grocery,groceries,D_A0330,Coimbatore,,0
T009717,A0060,2026-02-16 07:37:00,50.45,pharmacy,medicine,D_A0060,Madurai,,0
T009718,A0042,2026-02-16 07:37:00,37.98,streaming,subscription,D_A0042,Kochi,,0
T009719,A0297,2026-02-16 07:42:00,104.9,clothing,clothes,D_A0297,Hyderabad,,0
T009720,A0339,2026-02-16 07:46:00,75.71,grocery,vegetables,D_A0339,Coimbatore,,0
T009721,A0083,2026-02-16 07:47:00,355.25,pharmacy,medicine,D_A0083,Madurai,,0
T009722,A0296,2026-02-16 07:49:00,265.1,travel,bus_ticket,D_A0296,Hyderabad,,0
T009723,A0448,2026-02-16 08:02:00,108.33,fuel,petrol,D_A0448,Madurai,,0
T009724,A0204,2026-02-16 08:07:00,58.61,grocery,groceries,D_A0204,Kochi,,0
T009725,A0473,2026-02-16 08:08:00,121.27,travel,bus_ticket,D_A0473,Mumbai,,0
T009726,A0288,2026-02-16 08:13:00,36.04,pharmacy,medicine,D_A0288,Coimbatore,,0
T009727,A0311,2026-02-16 08:19:00,55.46,giftcards,gift_card,D_A0311,Chennai,,0
T009728,A0251,2026-02-16 08:28:00,37.51,pharmacy,medicine,D_A0251,Chennai,,0
T009729,A0377,2026-02-16 08:43:00,55.34,pharmacy,medicine,D_A0377,Mumbai,,0
T009730,A0314,2026-02-16 08:46:00,82.19,clothing,shoes,D_FAM_10,Mumbai,,0
T009731,A0430,2026-02-16 08:47:00,137.39,clothing,clothes,D_A0430,Kochi,,0
T009732,A0388,2026-02-16 09:03:00,34.51,grocery,groceries,D_A0388,Delhi,,0
T009733,A0249,2026-02-16 09:05:00,73.41,travel,train_ticket,D_A0249,Kochi,,0
T009734,A0094,2026-02-16 09:07:00,37.95,clothing,clothes,D_A0094,Bengaluru,,0
T009735,A0002,2026-02-16 09:08:00,26.77,streaming,subscription,D_A0002,Kochi,,0
T009736,A0409,2026-02-16 09:10:00,69.15,grocery,groceries,D_A0409,Chennai,,0
T009737,A0095,2026-02-16 09:42:00,112.06,pharmacy,medicine,D_A0095,Mumbai,,0
T009738,A0172,2026-02-16 09:44:00,86.18,fuel,diesel,D_A0172,Hyderabad,,0
T009739,A0384,2026-02-16 09:53:00,21.86,streaming,subscription,D_A0384,Kochi,,0
T009740,A0457,2026-02-16 09:55:00,74.56,fuel,petrol,D_A0457,Hyderabad,,0
T009741,A0216,2026-02-16 09:57:00,16.74,streaming,subscription,D_A0216,Delhi,,0
T009742,A0223,2026-02-16 10:02:00,92.51,fuel,petrol,D_A0223,Hyderabad,,0
T009743,A0211,2026-02-16 10:08:00,220.13,travel,bus_ticket,D_A0211,Bengaluru,,0
T009744,A0406,2026-02-16 10:08:00,139.57,travel,bus_ticket,D_A0406,Madurai,,0
T009745,A0470,2026-02-16 10:10:00,71.09,transfer,p2p_transfer,D_A0470,Mumbai,PAYEE_A0470,0
T009746,A0200,2026-02-16 10:10:00,285.96,clothing,clothes,D_A0200,Coimbatore,,0
T009747,A0239,2026-02-16 10:14:00,46.82,transfer,p2p_transfer,D_A0239,Coimbatore,PAYEE_A0239,0
T009748,A0188,2026-02-16 10:14:00,38.83,food,delivery,D_A0188,Chennai,,0
T009749,A0073,2026-02-16 10:20:00,48.1,clothing,clothes,D_A0073,Bengaluru,,0
T009750,A0367,2026-02-16 10:21:00,251.01,travel,train_ticket,D_A0367,Mumbai,,0
T009751,A0201,2026-02-16 10:22:00,33.13,pharmacy,medicine,D_A0201,Coimbatore,,0
T009752,A0122,2026-02-16 10:24:00,70.1,pharmacy,medicine,D_A0122,Chennai,,0
T009753,A0407,2026-02-16 10:35:00,110.83,clothing,shoes,D_A0407,Bengaluru,,0
T009754,A0032,2026-02-16 10:38:00,43.03,grocery,groceries,D_A0032,Delhi,,0
T009755,A0334,2026-02-16 10:38:00,166.72,grocery,vegetables,D_A0334,Madurai,,0
T009756,A0177,2026-02-16 10:41:00,501.2,fuel,petrol,D_A0177,Delhi,,0
T009757,A0127,2026-02-16 10:45:00,107.05,travel,train_ticket,D_A0127,Delhi,,0
T009758,A0141,2026-02-16 10:51:00,26.88,streaming,subscription,D_FAM_2,Kochi,,0
T009759,A0235,2026-02-16 10:53:00,96.12,fuel,diesel,D_A0235,Delhi,,0
T009760,A0002,2026-02-16 10:54:00,27.82,streaming,subscription,D_A0002,Kochi,,0
T009761,A0190,2026-02-16 10:57:00,197.09,clothing,shoes,D_FAM_13,Madurai,,0
T009762,A0222,2026-02-16 10:58:00,73.83,travel,train_ticket,D_A0222,Madurai,,0
T009763,A0013,2026-02-16 10:58:00,121.48,travel,train_ticket,D_A0013,Madurai,,0
T009764,A0438,2026-02-16 11:17:00,41.72,streaming,subscription,D_A0438,Bengaluru,,0
T009765,A0108,2026-02-16 11:26:00,32.92,streaming,subscription,D_A0108,Coimbatore,,0
T009766,A0352,2026-02-16 11:29:00,24.76,fuel,diesel,D_A0352,Bengaluru,,0
T009767,A0106,2026-02-16 11:29:00,97.06,pharmacy,medicine,D_A0106,Bengaluru,,0
T009768,A0492,2026-02-16 11:30:00,218.13,pharmacy,medicine,D_A0492,Kochi,,0
T009769,A0336,2026-02-16 11:34:00,102.28,grocery,groceries,D_A0336,Bengaluru,,0
T009770,A0078,2026-02-16 11:37:00,136.78,travel,bus_ticket,D_A0078,Hyderabad,,0
T009771,A0266,2026-02-16 11:37:00,168.39,fuel,diesel,D_A0266,Hyderabad,,0
T009772,A0460,2026-02-16 11:38:00,88.0,grocery,groceries,D_A0460,Hyderabad,,0
T009773,A0038,2026-02-16 11:39:00,40.89,fuel,petrol,D_A0038,Madurai,,0
T009774,A0005,2026-02-16 11:40:00,155.59,fuel,diesel,D_A0005,Coimbatore,,0
T009775,A0342,2026-02-16 11:40:00,212.43,travel,train_ticket,D_A0342,Hyderabad,,0
T009776,A0468,2026-02-16 11:41:00,146.77,travel,train_ticket,D_A0468,Chennai,,0
T009777,A0247,2026-02-16 11:47:00,65.24,pharmacy,medicine,D_A0247,Coimbatore,,0
T009778,A0167,2026-02-16 11:53:00,104.05,food,restaurant,D_A0167,Chennai,,0
T009779,A0204,2026-02-16 11:54:00,39.71,grocery,vegetables,D_A0204,Kochi,,0
T009780,A0344,2026-02-16 11:59:00,93.13,fuel,diesel,D_A0344,Kochi,,0
T009781,A0216,2026-02-16 12:04:00,18.26,streaming,subscription,D_A0216,Delhi,,0
T009782,A0226,2026-02-16 12:15:00,27.02,pharmacy,medicine,D_A0226,Chennai,,0
T009783,A0453,2026-02-16 12:16:00,357.18,travel,bus_ticket,D_A0453,Bengaluru,,0
T009784,A0123,2026-02-16 12:18:00,29.94,pharmacy,medicine,D_A0123,Bengaluru,,0
T009785,A0126,2026-02-16 12:19:00,90.37,streaming,subscription,D_A0126,Chennai,,0
T009786,A0495,2026-02-16 12:19:00,238.26,travel,bus_ticket,D_A0495,Chennai,,0
T009787,A0249,2026-02-16 12:19:00,9.33,pharmacy,medicine,D_A0249,Kochi,,0
T009788,A0128,2026-02-16 12:22:00,334.26,travel,bus_ticket,D_A0128,Madurai,,0
T009789,A0261,2026-02-16 12:27:00,50.3,food,restaurant,D_A0261,Madurai,,0
T009790,A0101,2026-02-16 12:34:00,99.08,fuel,petrol,D_A0101,Kochi,,0
T009791,A0369,2026-02-16 12:37:00,206.0,travel,train_ticket,D_A0369,Mumbai,,0
T009792,A0466,2026-02-16 12:38:00,187.97,travel,train_ticket,D_A0466,Hyderabad,,0
T009793,A0373,2026-02-16 12:40:00,39.75,pharmacy,medicine,D_A0373,Bengaluru,,0
T009794,A0112,2026-02-16 12:45:00,77.78,fuel,diesel,D_A0112,Delhi,,0
T009795,A0243,2026-02-16 12:47:00,287.8,fuel,petrol,D_A0243,Delhi,,0
T009796,A0058,2026-02-16 12:51:00,52.01,pharmacy,medicine,D_A0058,Delhi,,0
T009797,A0191,2026-02-16 12:51:00,38.34,fuel,diesel,D_A0191,Mumbai,,0
T009798,A0350,2026-02-16 12:54:00,119.56,food,delivery,D_A0350,Kochi,,0
T009799,A0440,2026-02-16 12:57:00,138.68,clothing,clothes,D_OFF_2,Madurai,,0
T009800,A0281,2026-02-16 12:57:00,233.42,travel,train_ticket,D_A0281,Coimbatore,,0
T009801,A0003,2026-02-16 13:01:00,159.75,transfer,p2p_transfer,D_A0003,Hyderabad,PAYEE_A0003,0
T009802,A0128,2026-02-16 13:02:00,183.65,clothing,clothes,D_A0128,Delhi,,0
T009803,A0137,2026-02-16 13:06:00,274.15,travel,train_ticket,D_A0137,Hyderabad,,0
T009804,A0211,2026-02-16 13:10:00,261.49,travel,train_ticket,D_A0211,Bengaluru,,0
T009805,A0363,2026-02-16 13:18:00,70.32,pharmacy,medicine,D_A0363,Coimbatore,,0
T009806,A0275,2026-02-16 13:21:00,206.12,travel,bus_ticket,D_FAM_5,Chennai,,0
T009807,A0322,2026-02-16 13:23:00,35.91,food,restaurant,D_A0322,Madurai,,0
T009808,A0404,2026-02-16 13:26:00,19.62,fuel,petrol,D_A0404,Mumbai,,0
T009809,A0158,2026-02-16 13:32:00,15.33,food,restaurant,D_A0158,Mumbai,,0
T009810,A0004,2026-02-16 13:33:00,25.6,pharmacy,medicine,D_A0004,Chennai,,0
T009811,A0043,2026-02-16 13:39:00,6.47,streaming,subscription,D_A0043,Delhi,,0
T009812,A0399,2026-02-16 13:43:00,168.84,transfer,p2p_transfer,D_A0399,Hyderabad,PAYEE_A0399,0
T009813,A0105,2026-02-16 13:46:00,18.41,streaming,subscription,D_OFF_2,Chennai,,0
T009814,A0007,2026-02-16 13:47:00,63.84,clothing,clothes,D_A0007,Bengaluru,,0
T009815,A0335,2026-02-16 13:49:00,59.85,food,delivery,D_A0335,Mumbai,,0
T009816,A0180,2026-02-16 13:49:00,197.25,travel,train_ticket,D_A0180,Chennai,,0
T009817,A0234,2026-02-16 13:50:00,75.52,grocery,groceries,D_A0234,Coimbatore,,0
T009818,A0127,2026-02-16 13:53:00,118.09,transfer,p2p_transfer,D_A0127,Delhi,PAYEE_A0127,0
T009819,A0167,2026-02-16 13:55:00,45.52,streaming,subscription,D_A0167,Chennai,,0
T009820,A0112,2026-02-16 13:57:00,120.07,clothing,shoes,D_A0112,Delhi,,0
T009821,A0387,2026-02-16 13:58:00,101.43,travel,train_ticket,D_A0387,Madurai,,0
T009822,A0311,2026-02-16 14:00:00,61.25,grocery,groceries,D_A0311,Chennai,,0
T009823,A0316,2026-02-16 14:03:00,123.48,fuel,diesel,D_FAM_14,Madurai,,0
T009824,A0192,2026-02-16 14:04:00,72.3,grocery,groceries,D_A0192,Madurai,,0
T009825,A0049,2026-02-16 14:05:00,36.11,food,restaurant,D_A0049,Coimbatore,,0
T009826,A0300,2026-02-16 14:17:00,54.14,fuel,diesel,D_FAM_12,Delhi,,0
T009827,A0071,2026-02-16 14:20:00,42.49,food,restaurant,D_A0071,Kochi,,0
T009828,A0427,2026-02-16 14:20:00,76.64,clothing,shoes,D_A0427,Coimbatore,,0
T009829,A0135,2026-02-16 14:24:00,571.45,clothing,shoes,D_A0135,Delhi,,0
T009830,A0165,2026-02-16 14:24:00,24.07,pharmacy,medicine,D_A0165,Madurai,,0
T009831,A0089,2026-02-16 14:34:00,295.52,transfer,p2p_transfer,D_A0089,Hyderabad,PAYEE_A0089,0
T009832,A0241,2026-02-16 14:38:00,18.28,food,restaurant,D_A0241,Hyderabad,,0
T009833,A0074,2026-02-16 14:39:00,203.04,travel,train_ticket,D_A0074,Hyderabad,,0
T009834,A0306,2026-02-16 14:42:00,30.74,transfer,p2p_transfer,D_A0306,Chennai,PAYEE_A0306,0
T009835,A0246,2026-02-16 14:44:00,118.74,clothing,shoes,D_A0246,Kochi,,0
T009836,A0121,2026-02-16 14:48:00,177.21,travel,train_ticket,D_A0121,Hyderabad,,0
T009837,A0183,2026-02-16 14:50:00,30.44,pharmacy,medicine,D_A0183,Mumbai,,0
T009838,A0147,2026-02-16 14:57:00,138.98,transfer,p2p_transfer,D_A0147,Delhi,PAYEE_A0147,0
T009839,A0448,2026-02-16 15:06:00,41.33,streaming,subscription,D_A0448,Madurai,,0
T009840,A0162,2026-02-16 15:13:00,293.7,travel,bus_ticket,D_A0162,Coimbatore,,0
T009841,A0143,2026-02-16 15:13:00,14.73,streaming,subscription,D_A0143,Kochi,,0
T009842,A0333,2026-02-16 15:14:00,38.39,giftcards,gift_card,D_A0333,Bengaluru,,0
T009843,A0138,2026-02-16 15:15:00,11.83,streaming,subscription,D_A0138,Kochi,,0
T009844,A0111,2026-02-16 15:18:00,198.73,travel,train_ticket,D_A0111,Chennai,,0
T009845,A0299,2026-02-16 15:20:00,46.68,transfer,p2p_transfer,D_A0299,Chennai,PAYEE_A0299,0
T009846,A0460,2026-02-16 15:21:00,30.31,streaming,subscription,D_A0460,Chennai,,0
T009847,A0279,2026-02-16 15:21:00,156.96,clothing,clothes,D_OFF_0,Hyderabad,,0
T009848,A0482,2026-02-16 15:27:00,60.97,transfer,p2p_transfer,D_A0482,Kochi,PAYEE_A0482,0
T009849,A0330,2026-02-16 15:27:00,10.65,streaming,subscription,D_A0330,Coimbatore,,0
T009850,A0360,2026-02-16 15:31:00,109.23,grocery,groceries,D_A0360,Mumbai,,0
T009851,A0298,2026-02-16 15:36:00,17.37,streaming,subscription,D_A0298,Chennai,,0
T009852,A0331,2026-02-16 15:42:00,57.4,giftcards,gift_card,D_A0331,Bengaluru,,0
T009853,A0055,2026-02-16 15:47:00,7.69,streaming,subscription,D_A0055,Bengaluru,,0
T009854,A0379,2026-02-16 15:50:00,35.65,grocery,vegetables,D_A0379,Chennai,,0
T009855,A0185,2026-02-16 15:54:00,251.38,grocery,groceries,D_A0185,Bengaluru,,0
T009856,A0102,2026-02-16 15:54:00,25.31,food,restaurant,D_FAM_7,Chennai,,0
T009857,A0113,2026-02-16 15:55:00,103.83,fuel,petrol,D_FAM_3,Hyderabad,,0
T009858,A0190,2026-02-16 16:06:00,98.35,pharmacy,medicine,D_FAM_13,Madurai,,0
T009859,A0446,2026-02-16 16:10:00,308.02,travel,bus_ticket,D_A0446,Madurai,,0
T009860,A0379,2026-02-16 16:11:00,56.69,fuel,diesel,D_A0379,Chennai,,0
T009861,A0310,2026-02-16 16:13:00,180.35,clothing,shoes,D_A0310,Chennai,,0
T009862,A0258,2026-02-16 16:13:00,45.31,fuel,petrol,D_A0258,Bengaluru,,0
T009863,A0075,2026-02-16 16:13:00,109.62,pharmacy,medicine,D_A0075,Kochi,,0
T009864,A0106,2026-02-16 16:16:00,33.93,streaming,subscription,D_A0106,Mumbai,,0
T009865,A0109,2026-02-16 16:21:00,51.33,pharmacy,medicine,D_FAM_13,Mumbai,,0
T009866,A0430,2026-02-16 16:22:00,144.17,clothing,shoes,D_A0430,Kochi,,0
T009867,A0102,2026-02-16 16:22:00,49.24,food,delivery,D_A0102,Madurai,,0
T009868,A0346,2026-02-16 16:27:00,298.66,grocery,groceries,D_A0346,Mumbai,,0
T009869,A0367,2026-02-16 16:29:00,264.2,travel,bus_ticket,D_A0367,Hyderabad,,0
T009870,A0463,2026-02-16 16:30:00,28.33,streaming,subscription,D_A0463,Bengaluru,,0
T009871,A0351,2026-02-16 16:37:00,184.5,travel,train_ticket,D_A0351,Chennai,,0
T009872,A0400,2026-02-16 16:42:00,37.63,streaming,subscription,D_A0400,Coimbatore,,0
T009873,A0005,2026-02-16 16:43:00,64.87,food,delivery,D_A0005,Coimbatore,,0
T009874,A0040,2026-02-16 16:45:00,65.89,clothing,shoes,D_A0040,Coimbatore,,0
T009875,A0459,2026-02-16 16:50:00,45.26,pharmacy,medicine,D_A0459,Delhi,,0
T009876,A0497,2026-02-16 16:52:00,152.52,travel,bus_ticket,D_A0497,Chennai,,0
T009877,A0202,2026-02-16 17:00:00,182.31,fuel,petrol,D_A0202,Madurai,,0
T009878,A0281,2026-02-16 17:04:00,110.62,clothing,clothes,D_A0281,Coimbatore,,0
T009879,A0191,2026-02-16 17:04:00,96.5,fuel,petrol,D_A0191,Mumbai,,0
T009880,A0260,2026-02-16 17:06:00,173.43,grocery,vegetables,D_A0260,Hyderabad,,0
T009881,A0109,2026-02-16 17:11:00,28.85,pharmacy,medicine,D_FAM_13,Mumbai,,0
T009882,A0025,2026-02-16 17:17:00,29.01,pharmacy,medicine,D_A0025,Hyderabad,,0
T009883,A0193,2026-02-16 17:24:00,111.12,fuel,petrol,D_A0193,Kochi,,0
T009884,A0074,2026-02-16 17:29:00,154.43,clothing,shoes,D_A0074,Hyderabad,,0
T009885,A0046,2026-02-16 17:35:00,30.85,pharmacy,medicine,D_A0046,Kochi,,0
T009886,A0146,2026-02-16 17:35:00,19.52,food,delivery,D_A0146,Bengaluru,,0
T009887,A0323,2026-02-16 17:42:00,155.42,fuel,petrol,D_A0323,Madurai,,0
T009888,A0054,2026-02-16 17:53:00,149.43,travel,bus_ticket,D_A0054,Chennai,,0
T009889,A0034,2026-02-16 18:00:00,71.02,travel,train_ticket,D_FAM_10,Bengaluru,,0
T009890,A0370,2026-02-16 18:02:00,25.31,streaming,subscription,D_A0370,Coimbatore,,0
T009891,A0378,2026-02-16 18:03:00,23.83,streaming,subscription,D_A0378,Hyderabad,,0
T009892,A0282,2026-02-16 18:06:00,236.61,clothing,clothes,D_A0282,Hyderabad,,0
T009893,A0081,2026-02-16 18:08:00,86.41,fuel,petrol,D_A0081,Coimbatore,,0
T009894,A0062,2026-02-16 18:14:00,139.64,clothing,shoes,D_A0062,Madurai,,0
T009895,A0274,2026-02-16 18:18:00,36.29,streaming,subscription,D_A0274,Madurai,,0
T009896,A0362,2026-02-16 18:29:00,20.17,food,delivery,D_A0362,Delhi,,0
T009897,A0454,2026-02-16 18:36:00,25.51,pharmacy,medicine,D_A0454,Kochi,,0
T009898,A0134,2026-02-16 18:40:00,139.3,transfer,p2p_transfer,D_A0134,Coimbatore,PAYEE_A0134,0
T009899,A0384,2026-02-16 18:46:00,27.35,grocery,vegetables,D_A0384,Kochi,,0
T009900,A0139,2026-02-16 18:52:00,73.18,fuel,petrol,D_FAM_7,Hyderabad,,0
T009901,A0300,2026-02-16 18:53:00,58.62,fuel,petrol,D_FAM_12,Delhi,,0
T009902,A0247,2026-02-16 19:06:00,106.03,pharmacy,medicine,D_A0247,Coimbatore,,0
T009903,A0303,2026-02-16 19:26:00,52.14,fuel,diesel,D_FAM_4,Bengaluru,,0
T009904,A0463,2026-02-16 19:26:00,145.2,fuel,petrol,D_A0463,Bengaluru,,0
T009905,A0271,2026-02-16 19:27:00,21.56,streaming,subscription,D_A0271,Chennai,,0
T009906,A0172,2026-02-16 19:33:00,92.16,fuel,petrol,D_A0172,Hyderabad,,0
T009907,A0247,2026-02-16 19:34:00,29.24,streaming,subscription,D_A0247,Coimbatore,,0
T009908,A0386,2026-02-16 19:43:00,38.35,grocery,groceries,D_A0386,Coimbatore,,0
T009909,A0405,2026-02-16 19:45:00,46.63,pharmacy,medicine,D_A0405,Kochi,,0
T009910,A0227,2026-02-16 19:54:00,27.39,streaming,subscription,D_A0227,Madurai,,0
T009911,A0133,2026-02-16 19:55:00,78.12,clothing,clothes,D_A0133,Bengaluru,,0
T009912,A0435,2026-02-16 19:58:00,16.54,streaming,subscription,D_A0435,Bengaluru,,0
T009913,A0412,2026-02-16 20:08:00,198.68,clothing,clothes,D_A0412,Kochi,,0
T009914,A0028,2026-02-16 20:47:00,121.97,travel,bus_ticket,D_A0028,Bengaluru,,0
T009915,A0453,2026-02-16 20:49:00,370.17,travel,train_ticket,D_A0453,Bengaluru,,0
T009916,A0359,2026-02-16 20:58:00,33.82,grocery,groceries,D_A0359,Bengaluru,,0
T009917,A0053,2026-02-16 20:58:00,54.69,transfer,p2p_transfer,D_A0053,Bengaluru,PAYEE_A0053,0
T009918,A0252,2026-02-16 21:03:00,14.24,food,restaurant,D_A0252,Mumbai,,0
T009919,A0309,2026-02-16 21:11:00,13.1,streaming,subscription,D_A0309,Delhi,,0
T009920,A0176,2026-02-16 21:33:00,12.88,pharmacy,medicine,D_A0176,Mumbai,,0
T009921,A0415,2026-02-16 21:36:00,42.78,pharmacy,medicine,D_A0415,Kochi,,0
T009922,A0365,2026-02-16 22:31:00,89.46,clothing,clothes,D_A0365,Bengaluru,,0
T009923,A0396,2026-02-16 22:31:00,121.06,fuel,diesel,D_FAM_3,Coimbatore,,0
T009924,A0306,2026-02-16 22:57:00,37.49,pharmacy,medicine,D_A0306,Chennai,,0
T009925,A0365,2026-02-16 23:09:00,20.83,pharmacy,medicine,D_A0365,Bengaluru,,0
T009926,A0265,2026-02-16 23:11:00,65.35,fuel,petrol,D_A0265,Mumbai,,0
T009927,A0438,2026-02-16 23:31:00,192.81,clothing,clothes,D_A0438,Bengaluru,,0
T009928,A0172,2026-02-17 07:07:00,25.43,streaming,subscription,D_A0172,Hyderabad,,0
T009929,A0028,2026-02-17 07:10:00,28.56,streaming,subscription,D_A0028,Bengaluru,,0
T009930,A0427,2026-02-17 07:13:00,81.25,clothing,clothes,D_A0427,Coimbatore,,0
T009931,A0164,2026-02-17 07:15:00,37.05,streaming,subscription,D_A0164,Madurai,,0
T009932,A0205,2026-02-17 07:17:00,169.1,travel,train_ticket,D_A0205,Hyderabad,,0
T009933,A0418,2026-02-17 07:19:00,57.61,pharmacy,medicine,D_A0418,Coimbatore,,0
T009934,A0123,2026-02-17 07:20:00,28.01,pharmacy,medicine,D_A0123,Bengaluru,,0
T009935,A0151,2026-02-17 07:22:00,91.74,clothing,clothes,D_A0151,Delhi,,0
T009936,A0268,2026-02-17 07:23:00,109.46,transfer,p2p_transfer,D_A0268,Chennai,PAYEE_A0268,0
T009937,A0125,2026-02-17 07:24:00,39.16,food,restaurant,D_A0125,Kochi,,0
T009938,A0042,2026-02-17 07:24:00,42.09,grocery,groceries,D_A0042,Kochi,,0
T009939,A0155,2026-02-17 07:24:00,187.45,travel,bus_ticket,D_A0155,Coimbatore,,0
T009940,A0348,2026-02-17 07:26:00,64.88,pharmacy,medicine,D_A0348,Coimbatore,,0
T009941,A0058,2026-02-17 07:42:00,17.66,streaming,subscription,D_A0058,Delhi,,0
T009942,A0319,2026-02-17 07:47:00,129.48,fuel,petrol,D_A0319,Madurai,,0
T009943,A0311,2026-02-17 07:55:00,27.24,pharmacy,medicine,D_A0311,Chennai,,0
T009944,A0465,2026-02-17 07:56:00,58.8,pharmacy,medicine,D_A0465,Delhi,,0
T009945,A0066,2026-02-17 07:59:00,70.64,food,restaurant,D_A0066,Bengaluru,,0
T009946,A0114,2026-02-17 08:05:00,436.05,clothing,shoes,D_A0114,Mumbai,,0
T009947,A0329,2026-02-17 08:08:00,79.0,clothing,clothes,D_A0329,Kochi,,0
T009948,A0311,2026-02-17 08:11:00,47.29,grocery,groceries,D_A0311,Chennai,,0
T009949,A0446,2026-02-17 08:20:00,148.61,clothing,shoes,D_A0446,Kochi,,0
T009950,A0356,2026-02-17 08:23:00,59.15,clothing,shoes,D_A0356,Bengaluru,,0
T009951,A0173,2026-02-17 08:24:00,34.75,streaming,subscription,D_A0173,Bengaluru,,0
T009952,A0395,2026-02-17 08:39:00,67.43,pharmacy,medicine,D_A0395,Chennai,,0
T009953,A0378,2026-02-17 08:51:00,45.98,pharmacy,medicine,D_A0378,Hyderabad,,0
T009954,A0239,2026-02-17 08:54:00,52.45,clothing,shoes,D_A0239,Coimbatore,,0
T009955,A0333,2026-02-17 08:56:00,132.22,pharmacy,medicine,D_FAM_9,Bengaluru,,0
T009956,A0032,2026-02-17 09:14:00,33.29,pharmacy,medicine,D_A0032,Delhi,,0
T009957,A0058,2026-02-17 09:23:00,13.78,streaming,subscription,D_A0058,Delhi,,0
T009958,A0085,2026-02-17 09:24:00,28.1,food,delivery,D_A0085,Delhi,,0
T009959,A0204,2026-02-17 09:31:00,31.55,pharmacy,medicine,D_A0204,Kochi,,0
T009960,A0242,2026-02-17 09:57:00,67.2,food,delivery,D_A0242,Bengaluru,,0
T009961,A0220,2026-02-17 09:58:00,58.65,clothing,clothes,D_A0220,Coimbatore,,0
T009962,A0163,2026-02-17 10:08:00,50.21,pharmacy,medicine,D_FAM_5,Chennai,,0
T009963,A0467,2026-02-17 10:09:00,10.26,streaming,subscription,D_OFF_1,Delhi,,0
T009964,A0319,2026-02-17 10:13:00,207.94,clothing,clothes,D_A0319,Madurai,,0
T009965,A0430,2026-02-17 10:22:00,49.29,food,delivery,D_A0430,Kochi,,0
T009966,A0275,2026-02-17 10:24:00,123.92,transfer,p2p_transfer,D_FAM_5,Chennai,PAYEE_A0275,0
T009967,A0396,2026-02-17 10:32:00,37.1,streaming,subscription,D_FAM_3,Coimbatore,,0
T009968,A0058,2026-02-17 10:39:00,21.9,streaming,subscription,D_A0058,Coimbatore,,0
T009969,A0207,2026-02-17 10:43:00,311.01,clothing,shoes,D_A0207,Bengaluru,,0
T009970,A0458,2026-02-17 10:43:00,15.55,pharmacy,medicine,D_FAM_9,Mumbai,,0
T009971,A0479,2026-02-17 10:44:00,65.85,grocery,groceries,D_A0479,Chennai,,0
T009972,A0439,2026-02-17 10:55:00,16.95,streaming,subscription,D_A0439,Chennai,,0
T009973,A0015,2026-02-17 10:58:00,23.97,food,delivery,D_FAM_14,Kochi,,0
T009974,A0309,2026-02-17 10:58:00,14.3,streaming,subscription,D_A0309,Delhi,,0
T009975,A0037,2026-02-17 11:01:00,108.76,food,delivery,D_A0037,Chennai,,0
T009976,A0334,2026-02-17 11:04:00,118.47,grocery,groceries,D_A0334,Madurai,,0
T009977,A0196,2026-02-17 11:05:00,127.27,grocery,vegetables,D_A0196,Coimbatore,,0
T009978,A0126,2026-02-17 11:07:00,295.09,transfer,p2p_transfer,D_A0126,Chennai,PAYEE_A0126,0
T009979,A0232,2026-02-17 11:18:00,34.03,pharmacy,medicine,D_A0232,Coimbatore,,0
T009980,A0113,2026-02-17 11:19:00,137.8,clothing,clothes,D_FAM_3,Hyderabad,,0
T009981,A0056,2026-02-17 11:20:00,138.21,travel,train_ticket,D_A0056,Coimbatore,,0
T009982,A0045,2026-02-17 11:25:00,45.45,pharmacy,medicine,D_A0045,Hyderabad,,0
T009983,A0082,2026-02-17 11:28:00,55.58,pharmacy,medicine,D_A0082,Bengaluru,,0
T009984,A0253,2026-02-17 11:33:00,75.14,fuel,diesel,D_A0253,Mumbai,,0
T009985,A0365,2026-02-17 11:37:00,106.85,clothing,shoes,D_A0365,Bengaluru,,0
T009986,A0221,2026-02-17 11:38:00,34.05,pharmacy,medicine,D_A0221,Mumbai,,0
T009987,A0256,2026-02-17 11:40:00,181.04,transfer,p2p_transfer,D_A0256,Bengaluru,PAYEE_A0256,0
T009988,A0468,2026-02-17 11:41:00,128.51,travel,bus_ticket,D_A0468,Chennai,,0
T009989,A0103,2026-02-17 11:45:00,61.9,pharmacy,medicine,D_A0103,Delhi,,0
T009990,A0304,2026-02-17 11:54:00,41.15,pharmacy,medicine,D_A0304,Hyderabad,,0
T009991,A0322,2026-02-17 12:05:00,239.63,travel,train_ticket,D_A0322,Madurai,,0
T009992,A0220,2026-02-17 12:08:00,45.32,grocery,vegetables,D_A0220,Coimbatore,,0
T009993,A0102,2026-02-17 12:09:00,39.76,food,restaurant,D_FAM_7,Madurai,,0
T009994,A0489,2026-02-17 12:11:00,24.68,pharmacy,medicine,D_A0489,Madurai,,0
T009995,A0393,2026-02-17 12:13:00,37.73,grocery,groceries,D_A0393,Bengaluru,,0
T009996,A0213,2026-02-17 12:13:00,57.7,grocery,vegetables,D_A0213,Coimbatore,,0
T009997,A0207,2026-02-17 12:14:00,57.91,grocery,vegetables,D_A0207,Bengaluru,,0
T009998,A0473,2026-02-17 12:16:00,26.01,food,restaurant,D_A0473,Mumbai,,0
T009999,A0385,2026-02-17 12:17:00,121.43,travel,bus_ticket,D_A0385,Coimbatore,,0
T010000,A0381,2026-02-17 12:20:00,118.26,fuel,diesel,D_A0381,Chennai,,0
T010001,A0433,2026-02-17 12:21:00,18.11,streaming,subscription,D_A0433,Hyderabad,,0
T010002,A0145,2026-02-17 12:22:00,220.89,travel,train_ticket,D_A0145,Coimbatore,,0
T010003,A0423,2026-02-17 12:25:00,16.31,food,restaurant,D_A0423,Coimbatore,,0
T010004,A0291,2026-02-17 12:34:00,60.2,clothing,shoes,D_A0291,Mumbai,,0
T010005,A0432,2026-02-17 12:39:00,28.64,streaming,subscription,D_FAM_14,Kochi,,0
T010006,A0286,2026-02-17 12:40:00,24.94,pharmacy,medicine,D_FAM_10,Bengaluru,,0
T010007,A0095,2026-02-17 12:40:00,146.98,pharmacy,medicine,D_A0095,Mumbai,,0
T010008,A0211,2026-02-17 12:44:00,135.94,fuel,diesel,D_A0211,Bengaluru,,0
T010009,A0159,2026-02-17 12:44:00,68.82,grocery,groceries,D_A0159,Delhi,,0
T010010,A0202,2026-02-17 12:48:00,40.44,streaming,subscription,D_A0202,Madurai,,0
T010011,A0153,2026-02-17 12:49:00,39.7,pharmacy,medicine,D_A0153,Madurai,,0
T010012,A0176,2026-02-17 12:50:00,29.47,food,restaurant,D_A0176,Coimbatore,,0
T010013,A0121,2026-02-17 12:56:00,150.89,transfer,p2p_transfer,D_A0121,Hyderabad,PAYEE_A0121,0
T010014,A0467,2026-02-17 12:56:00,77.02,travel,train_ticket,D_OFF_1,Hyderabad,,0
T010015,A0032,2026-02-17 12:58:00,11.54,pharmacy,medicine,D_A0032,Delhi,,0
T010016,A0221,2026-02-17 13:01:00,91.22,clothing,clothes,D_A0221,Mumbai,,0
T010017,A0018,2026-02-17 13:03:00,129.63,food,restaurant,D_A0018,Coimbatore,,0
T010018,A0216,2026-02-17 13:04:00,217.05,travel,bus_ticket,D_A0216,Delhi,,0
T010019,A0405,2026-02-17 13:05:00,42.33,pharmacy,medicine,D_A0405,Kochi,,0
T010020,A0196,2026-02-17 13:05:00,146.49,grocery,vegetables,D_A0196,Coimbatore,,0
T010021,A0465,2026-02-17 13:09:00,35.52,food,restaurant,D_A0465,Delhi,,0
T010022,A0232,2026-02-17 13:11:00,54.22,fuel,petrol,D_A0232,Coimbatore,,0
T010023,A0013,2026-02-17 13:14:00,26.68,food,restaurant,D_A0013,Bengaluru,,0
T010024,A0193,2026-02-17 13:17:00,167.07,fuel,diesel,D_A0193,Kochi,,0
T010025,A0423,2026-02-17 13:21:00,17.36,food,delivery,D_A0423,Coimbatore,,0
T010026,A0456,2026-02-17 13:22:00,47.99,transfer,p2p_transfer,D_A0456,Mumbai,PAYEE_A0456,0
T010027,A0017,2026-02-17 13:30:00,128.64,travel,train_ticket,D_A0017,Mumbai,,0
T010028,A0000,2026-02-17 13:36:00,113.56,fuel,diesel,D_A0000,Madurai,,0
T010029,A0430,2026-02-17 13:36:00,65.14,food,delivery,D_A0430,Kochi,,0
T010030,A0233,2026-02-17 13:42:00,54.34,streaming,subscription,D_A0233,Coimbatore,,0
T010031,A0220,2026-02-17 13:42:00,89.91,clothing,shoes,D_A0220,Coimbatore,,0
T010032,A0157,2026-02-17 13:46:00,103.22,fuel,petrol,D_A0157,Hyderabad,,0
T010033,A0026,2026-02-17 13:47:00,16.53,streaming,subscription,D_A0026,Chennai,,0
T010034,A0060,2026-02-17 13:50:00,73.55,fuel,petrol,D_A0060,Madurai,,0
T010035,A0299,2026-02-17 13:56:00,71.98,clothing,shoes,D_A0299,Chennai,,0
T010036,A0334,2026-02-17 13:57:00,181.49,grocery,vegetables,D_A0334,Madurai,,0
T010037,A0067,2026-02-17 13:58:00,22.82,pharmacy,medicine,D_A0067,Madurai,,0
T010038,A0287,2026-02-17 13:59:00,34.05,food,delivery,D_FAM_13,Mumbai,,0
T010039,A0303,2026-02-17 14:01:00,102.99,clothing,shoes,D_FAM_4,Madurai,,0
T010040,A0203,2026-02-17 14:13:00,41.77,clothing,clothes,D_A0203,Mumbai,,0
T010041,A0318,2026-02-17 14:14:00,11.35,streaming,subscription,D_A0318,Bengaluru,,0
T010042,A0290,2026-02-17 14:18:00,73.78,grocery,vegetables,D_OFF_2,Bengaluru,,0
T010043,A0360,2026-02-17 14:19:00,113.28,transfer,p2p_transfer,D_A0360,Mumbai,PAYEE_A0360,0
T010044,A0166,2026-02-17 14:21:00,406.64,travel,train_ticket,D_A0166,Delhi,,0
T010045,A0019,2026-02-17 14:26:00,55.06,grocery,vegetables,D_A0019,Mumbai,,0
T010046,A0141,2026-02-17 14:33:00,217.2,clothing,shoes,D_FAM_2,Madurai,,0
T010047,A0045,2026-02-17 14:35:00,59.14,grocery,vegetables,D_A0045,Hyderabad,,0
T010048,A0246,2026-02-17 14:41:00,28.38,pharmacy,medicine,D_A0246,Kochi,,0
T010049,A0006,2026-02-17 14:46:00,70.04,pharmacy,medicine,D_FAM_7,Coimbatore,,0
T010050,A0023,2026-02-17 14:46:00,100.96,grocery,groceries,D_OFF_0,Hyderabad,,0
T010051,A0040,2026-02-17 14:48:00,82.33,clothing,clothes,D_A0040,Coimbatore,,0
T010052,A0250,2026-02-17 14:49:00,184.48,clothing,shoes,D_A0250,Hyderabad,,0
T010053,A0400,2026-02-17 14:50:00,101.53,pharmacy,medicine,D_A0400,Coimbatore,,0
T010054,A0416,2026-02-17 14:52:00,55.8,fuel,petrol,D_A0416,Hyderabad,,0
T010055,A0090,2026-02-17 14:54:00,53.92,fuel,petrol,D_A0090,Chennai,,0
T010056,A0329,2026-02-17 14:58:00,35.21,pharmacy,medicine,D_A0329,Kochi,,0
T010057,A0132,2026-02-17 15:07:00,185.62,transfer,p2p_transfer,D_A0132,Delhi,PAYEE_A0132,0
T010058,A0472,2026-02-17 15:12:00,88.81,food,restaurant,D_A0472,Madurai,,0
T010059,A0111,2026-02-17 15:13:00,166.29,travel,train_ticket,D_A0111,Chennai,,0
T010060,A0229,2026-02-17 15:14:00,57.64,giftcards,gift_card,D_A0229,Bengaluru,,0
T010061,A0207,2026-02-17 15:15:00,16.8,streaming,subscription,D_A0207,Bengaluru,,0
T010062,A0348,2026-02-17 15:22:00,146.01,clothing,shoes,D_A0348,Coimbatore,,0
T010063,A0276,2026-02-17 15:27:00,22.48,grocery,vegetables,D_A0276,Delhi,,0
T010064,A0021,2026-02-17 15:32:00,46.07,fuel,diesel,D_A0021,Kochi,,0
T010065,A0279,2026-02-17 15:35:00,122.57,clothing,clothes,D_OFF_0,Hyderabad,,0
T010066,A0110,2026-02-17 15:38:00,58.95,grocery,groceries,D_FAM_11,Delhi,,0
T010067,A0052,2026-02-17 15:39:00,1017.16,electronics,television,D_A0052,Bengaluru,,0
T010068,A0370,2026-02-17 15:41:00,10.09,streaming,subscription,D_A0370,Coimbatore,,0
T010069,A0191,2026-02-17 15:42:00,18.83,pharmacy,medicine,D_A0191,Mumbai,,0
T010070,A0313,2026-02-17 15:42:00,75.45,food,delivery,D_A0313,Chennai,,0
T010071,A0042,2026-02-17 15:43:00,187.6,grocery,vegetables,D_A0042,Kochi,,0
T010072,A0163,2026-02-17 15:45:00,47.08,pharmacy,medicine,D_FAM_5,Chennai,,0
T010073,A0192,2026-02-17 15:46:00,76.58,pharmacy,medicine,D_A0192,Mumbai,,0
T010074,A0010,2026-02-17 15:50:00,31.35,clothing,shoes,D_A0010,Delhi,,0
T010075,A0178,2026-02-17 15:52:00,21.92,streaming,subscription,D_A0178,Mumbai,,0
T010076,A0292,2026-02-17 15:54:00,16.21,grocery,groceries,D_A0292,Kochi,,0
T010077,A0444,2026-02-17 15:57:00,254.45,clothing,shoes,D_A0444,Kochi,,0
T010078,A0230,2026-02-17 15:57:00,16.58,food,restaurant,D_A0230,Madurai,,0
T010079,A0233,2026-02-17 16:01:00,29.27,streaming,subscription,D_A0233,Bengaluru,,0
T010080,A0300,2026-02-17 16:04:00,17.85,streaming,subscription,D_FAM_12,Delhi,,0
T010081,A0066,2026-02-17 16:08:00,38.37,food,restaurant,D_A0066,Bengaluru,,0
T010082,A0058,2026-02-17 16:13:00,46.54,fuel,petrol,D_A0058,Delhi,,0
T010083,A0413,2026-02-17 16:15:00,218.26,transfer,p2p_transfer,D_A0413,Mumbai,PAYEE_A0413,0
T010084,A0038,2026-02-17 16:17:00,105.63,fuel,diesel,D_A0038,Madurai,,0
T010085,A0395,2026-02-17 16:25:00,68.15,pharmacy,medicine,D_A0395,Coimbatore,,0
T010086,A0299,2026-02-17 16:25:00,60.48,clothing,clothes,D_A0299,Chennai,,0
T010087,A0016,2026-02-17 16:26:00,227.39,grocery,groceries,D_FAM_12,Madurai,,0
T010088,A0238,2026-02-17 16:33:00,251.49,travel,bus_ticket,D_A0238,Madurai,,0
T010089,A0395,2026-02-17 16:33:00,65.61,pharmacy,medicine,D_A0395,Chennai,,0
T010090,A0017,2026-02-17 16:37:00,87.39,transfer,p2p_transfer,D_A0017,Mumbai,PAYEE_A0017,0
T010091,A0190,2026-02-17 16:43:00,142.71,transfer,p2p_transfer,D_A0190,Madurai,PAYEE_A0190,0
T010092,A0311,2026-02-17 16:44:00,34.91,pharmacy,medicine,D_A0311,Chennai,,0
T010093,A0136,2026-02-17 16:48:00,79.78,pharmacy,medicine,D_FAM_0,Chennai,,0
T010094,A0267,2026-02-17 16:49:00,8.43,streaming,subscription,D_OFF_1,Delhi,,0
T010095,A0378,2026-02-17 16:49:00,83.21,streaming,subscription,D_A0378,Hyderabad,,0
T010096,A0296,2026-02-17 16:50:00,325.78,travel,train_ticket,D_A0296,Hyderabad,,0
T010097,A0314,2026-02-17 16:51:00,200.07,clothing,clothes,D_FAM_10,Mumbai,,0
T010098,A0357,2026-02-17 16:52:00,135.96,transfer,p2p_transfer,D_A0357,Mumbai,PAYEE_A0357,0
T010099,A0384,2026-02-17 16:57:00,467.1,travel,bus_ticket,D_A0384,Kochi,,0
T010100,A0272,2026-02-17 16:57:00,46.79,food,delivery,D_FAM_14,Delhi,,0
T010101,A0244,2026-02-17 17:00:00,302.01,travel,bus_ticket,D_A0244,Coimbatore,,0
T010102,A0230,2026-02-17 17:01:00,6.83,streaming,subscription,D_A0230,Delhi,,0
T010103,A0418,2026-02-17 17:03:00,88.19,fuel,diesel,D_A0418,Coimbatore,,0
T010104,A0232,2026-02-17 17:05:00,115.03,travel,train_ticket,D_A0232,Coimbatore,,0
T010105,A0427,2026-02-17 17:05:00,47.2,fuel,petrol,D_A0427,Coimbatore,,0
T010106,A0396,2026-02-17 17:11:00,268.42,travel,bus_ticket,D_FAM_3,Coimbatore,,0
T010107,A0054,2026-02-17 17:14:00,68.75,travel,train_ticket,D_A0054,Chennai,,0
T010108,A0363,2026-02-17 17:17:00,46.99,pharmacy,medicine,D_A0363,Coimbatore,,0
T010109,A0004,2026-02-17 17:26:00,89.72,travel,bus_ticket,D_A0004,Chennai,,0
T010110,A0327,2026-02-17 17:27:00,39.64,food,restaurant,D_A0327,Coimbatore,,0
T010111,A0171,2026-02-17 17:34:00,10.14,streaming,subscription,D_A0171,Madurai,,0
T010112,A0155,2026-02-17 17:38:00,47.92,food,delivery,D_A0155,Coimbatore,,0
T010113,A0443,2026-02-17 17:38:00,109.64,fuel,diesel,D_A0443,Chennai,,0
T010114,A0085,2026-02-17 18:08:00,172.1,travel,train_ticket,D_A0085,Hyderabad,,0
T010115,A0324,2026-02-17 18:09:00,38.8,grocery,vegetables,D_A0324,Mumbai,,0
T010116,A0007,2026-02-17 18:20:00,69.25,clothing,clothes,D_A0007,Bengaluru,,0
T010117,A0399,2026-02-17 18:21:00,356.89,travel,train_ticket,D_A0399,Hyderabad,,0
T010118,A0363,2026-02-17 18:24:00,181.2,travel,bus_ticket,D_A0363,Kochi,,0
T010119,A0063,2026-02-17 18:28:00,82.77,grocery,groceries,D_A0063,Coimbatore,,0
T010120,A0280,2026-02-17 18:45:00,68.96,pharmacy,medicine,D_A0280,Coimbatore,,0
T010121,A0169,2026-02-17 18:51:00,11.62,streaming,subscription,D_A0169,Bengaluru,,0
T010122,A0130,2026-02-17 19:14:00,36.16,food,restaurant,D_A0130,Mumbai,,0
T010123,A0201,2026-02-17 19:17:00,90.4,travel,train_ticket,D_A0201,Coimbatore,,0
T010124,A0101,2026-02-17 19:29:00,75.35,pharmacy,medicine,D_A0101,Kochi,,0
T010125,A0138,2026-02-17 19:31:00,56.12,fuel,diesel,D_A0138,Kochi,,0
T010126,A0048,2026-02-17 19:34:00,53.37,grocery,vegetables,D_A0048,Mumbai,,0
T010127,A0342,2026-02-17 19:42:00,214.54,travel,train_ticket,D_A0342,Hyderabad,,0
T010128,A0126,2026-02-17 19:43:00,76.42,streaming,subscription,D_A0126,Hyderabad,,0
T010129,A0406,2026-02-17 19:46:00,33.73,pharmacy,medicine,D_A0406,Coimbatore,,0
T010130,A0213,2026-02-17 19:48:00,57.87,grocery,groceries,D_A0213,Coimbatore,,0
T010131,A0016,2026-02-17 19:52:00,134.03,grocery,vegetables,D_FAM_12,Chennai,,0
T010132,A0233,2026-02-17 19:57:00,263.71,clothing,shoes,D_A0233,Coimbatore,,0
T010133,A0090,2026-02-17 20:00:00,141.75,travel,train_ticket,D_A0090,Chennai,,0
T010134,A0451,2026-02-17 20:17:00,13.06,food,delivery,D_A0451,Madurai,,0
T010135,A0136,2026-02-17 20:22:00,130.06,grocery,vegetables,D_FAM_0,Chennai,,0
T010136,A0427,2026-02-17 20:23:00,45.73,fuel,diesel,D_A0427,Coimbatore,,0
T010137,A0083,2026-02-17 20:41:00,225.84,fuel,diesel,D_A0083,Coimbatore,,0
T010138,A0093,2026-02-17 21:18:00,149.05,clothing,shoes,D_A0093,Kochi,,0
T010139,A0143,2026-02-17 21:27:00,6.36,streaming,subscription,D_A0143,Kochi,,0
T010140,A0114,2026-02-17 21:30:00,105.15,grocery,groceries,D_A0114,Bengaluru,,0
T010141,A0090,2026-02-17 21:39:00,118.66,travel,train_ticket,D_A0090,Chennai,,0
T010142,R009,2026-02-17 22:15:00,129.86,giftcards,gift_card,D_RING_2,Chennai,,1
T010143,R009,2026-02-17 22:22:00,225.36,prepaid,prepaid_card,D_RING_2,Chennai,,1
T010144,R009,2026-02-17 22:29:00,150.09,digital_goods,game_credits,D_RING_2,Chennai,,1
T010145,R009,2026-02-17 22:45:00,279.01,transfer,p2p_transfer,D_RING_3,Chennai,PAYOUT_X,1
T010146,A0054,2026-02-17 23:25:00,107.53,travel,bus_ticket,D_A0054,Chennai,,0
T010147,A0154,2026-02-17 23:39:00,141.97,travel,train_ticket,D_A0154,Chennai,,0
T010148,A0153,2026-02-17 23:46:00,37.75,pharmacy,medicine,D_A0153,Hyderabad,,0
T010149,A0278,2026-02-18 03:41:00,1895.13,travel,gift_card,D_STOLEN_1,Mumbai,,1
T010150,A0278,2026-02-18 03:53:00,2377.57,giftcards,phone,D_STOLEN_1,Mumbai,,1
T010151,A0045,2026-02-18 03:56:00,876.72,travel,gift_card,D_STOLEN_38,Bengaluru,,1
T010152,A0093,2026-02-18 07:01:00,240.9,travel,bus_ticket,D_A0093,Kochi,,0
T010153,A0029,2026-02-18 07:02:00,10.2,grocery,vegetables,D_A0029,Hyderabad,,0
T010154,A0211,2026-02-18 07:06:00,153.16,fuel,petrol,D_A0211,Bengaluru,,0
T010155,A0452,2026-02-18 07:07:00,52.16,pharmacy,medicine,D_A0452,Chennai,,0
T010156,A0442,2026-02-18 07:13:00,106.24,fuel,diesel,D_A0442,Kochi,,0
T010157,A0480,2026-02-18 07:15:00,156.36,grocery,groceries,D_FAM_6,Kochi,,0
T010158,A0251,2026-02-18 07:16:00,23.94,food,delivery,D_A0251,Chennai,,0
T010159,A0252,2026-02-18 07:19:00,86.65,clothing,clothes,D_A0252,Delhi,,0
T010160,A0303,2026-02-18 07:21:00,25.99,pharmacy,medicine,D_FAM_4,Madurai,,0
T010161,A0136,2026-02-18 07:22:00,58.39,food,restaurant,D_FAM_0,Chennai,,0
T010162,A0168,2026-02-18 07:24:00,35.49,streaming,subscription,D_A0168,Madurai,,0
T010163,A0110,2026-02-18 07:25:00,58.21,grocery,groceries,D_FAM_11,Delhi,,0
T010164,A0145,2026-02-18 07:31:00,44.6,food,restaurant,D_A0145,Coimbatore,,0
T010165,A0247,2026-02-18 07:33:00,30.14,food,restaurant,D_A0247,Coimbatore,,0
T010166,A0479,2026-02-18 07:47:00,64.11,grocery,groceries,D_A0479,Chennai,,0
T010167,A0126,2026-02-18 07:48:00,75.79,streaming,subscription,D_A0126,Chennai,,0
T010168,A0189,2026-02-18 07:57:00,174.29,travel,bus_ticket,D_A0189,Chennai,,0
T010169,A0034,2026-02-18 08:00:00,9.69,pharmacy,medicine,D_FAM_10,Bengaluru,,0
T010170,A0479,2026-02-18 08:13:00,94.48,transfer,p2p_transfer,D_A0479,Chennai,PAYEE_A0479,0
T010171,A0033,2026-02-18 08:14:00,89.79,clothing,shoes,D_A0033,Coimbatore,,0
T010172,A0066,2026-02-18 08:15:00,60.65,fuel,petrol,D_A0066,Bengaluru,,0
T010173,A0167,2026-02-18 08:16:00,339.46,transfer,p2p_transfer,D_A0167,Chennai,PAYEE_A0167,0
T010174,A0240,2026-02-18 08:17:00,72.1,grocery,groceries,D_FAM_11,Bengaluru,,0
T010175,A0121,2026-02-18 08:20:00,117.51,clothing,clothes,D_A0121,Hyderabad,,0
T010176,A0427,2026-02-18 08:28:00,110.26,clothing,shoes,D_A0427,Coimbatore,,0
T010177,A0475,2026-02-18 08:38:00,77.56,grocery,vegetables,D_A0475,Hyderabad,,0
T010178,A0435,2026-02-18 08:41:00,116.03,clothing,clothes,D_A0435,Coimbatore,,0
T010179,A0255,2026-02-18 08:42:00,354.62,travel,train_ticket,D_A0255,Mumbai,,0
T010180,A0469,2026-02-18 08:46:00,241.15,travel,bus_ticket,D_A0469,Delhi,,0
T010181,A0056,2026-02-18 08:48:00,143.68,travel,bus_ticket,D_A0056,Coimbatore,,0
T010182,A0481,2026-02-18 08:49:00,387.11,travel,train_ticket,D_A0481,Coimbatore,,0
T010183,A0207,2026-02-18 08:52:00,43.52,giftcards,gift_card,D_A0207,Bengaluru,,0
T010184,A0259,2026-02-18 09:06:00,13.69,streaming,subscription,D_A0259,Hyderabad,,0
T010185,R003,2026-02-18 09:20:00,218.05,giftcards,gift_card,D_RING_1,Madurai,,1
T010186,A0375,2026-02-18 09:21:00,144.93,fuel,diesel,D_A0375,Hyderabad,,0
T010187,R003,2026-02-18 09:27:00,232.07,prepaid,prepaid_card,D_RING_3,Madurai,,1
T010188,R003,2026-02-18 09:34:00,133.72,digital_goods,game_credits,D_RING_1,Madurai,,1
T010189,A0142,2026-02-18 09:47:00,36.31,food,restaurant,D_A0142,Madurai,,0
T010190,R003,2026-02-18 09:50:00,289.48,transfer,p2p_transfer,D_RING_1,Madurai,PAYOUT_X,1
T010191,A0031,2026-02-18 10:04:00,65.59,pharmacy,medicine,D_OFF_2,Coimbatore,,0
T010192,A0306,2026-02-18 10:10:00,31.27,pharmacy,medicine,D_A0306,Hyderabad,,0
T010193,A0469,2026-02-18 10:10:00,15.61,streaming,subscription,D_A0469,Delhi,,0
T010194,A0423,2026-02-18 10:13:00,30.8,food,delivery,D_A0423,Coimbatore,,0
T010195,A0206,2026-02-18 10:17:00,363.63,travel,train_ticket,D_A0206,Kochi,,0
T010196,A0259,2026-02-18 10:18:00,190.94,travel,bus_ticket,D_A0259,Hyderabad,,0
T010197,A0085,2026-02-18 10:22:00,32.17,food,delivery,D_A0085,Delhi,,0
T010198,A0463,2026-02-18 10:31:00,23.31,streaming,subscription,D_A0463,Bengaluru,,0
T010199,A0096,2026-02-18 10:37:00,170.15,clothing,shoes,D_A0096,Kochi,,0
T010200,A0061,2026-02-18 10:38:00,22.35,pharmacy,medicine,D_A0061,Madurai,,0
T010201,A0287,2026-02-18 10:44:00,41.38,grocery,vegetables,D_FAM_13,Mumbai,,0
T010202,A0342,2026-02-18 10:46:00,227.63,travel,bus_ticket,D_A0342,Hyderabad,,0
T010203,A0111,2026-02-18 10:47:00,18.73,streaming,subscription,D_A0111,Chennai,,0
T010204,A0160,2026-02-18 10:50:00,117.57,clothing,shoes,D_OFF_1,Delhi,,0
T010205,A0394,2026-02-18 10:54:00,45.72,grocery,vegetables,D_A0394,Coimbatore,,0
T010206,A0054,2026-02-18 10:55:00,81.87,travel,train_ticket,D_A0054,Chennai,,0
T010207,A0387,2026-02-18 10:57:00,49.38,fuel,petrol,D_A0387,Madurai,,0
T010208,A0090,2026-02-18 11:02:00,58.32,grocery,vegetables,D_A0090,Chennai,,0
T010209,A0402,2026-02-18 11:04:00,396.09,travel,train_ticket,D_A0402,Madurai,,0
T010210,A0285,2026-02-18 11:04:00,523.93,travel,bus_ticket,D_A0285,Madurai,,0
T010211,A0406,2026-02-18 11:13:00,285.6,travel,bus_ticket,D_A0406,Coimbatore,,0
T010212,A0206,2026-02-18 11:14:00,99.47,pharmacy,medicine,D_A0206,Hyderabad,,0
T010213,A0222,2026-02-18 11:14:00,28.72,grocery,groceries,D_A0222,Madurai,,0
T010214,A0133,2026-02-18 11:15:00,32.44,food,restaurant,D_A0133,Bengaluru,,0
T010215,A0090,2026-02-18 11:27:00,112.72,travel,train_ticket,D_A0090,Chennai,,0
T010216,A0484,2026-02-18 11:27:00,80.58,fuel,petrol,D_A0484,Bengaluru,,0
T010217,A0081,2026-02-18 11:39:00,88.83,transfer,p2p_transfer,D_A0081,Coimbatore,PAYEE_A0081,0
T010218,A0451,2026-02-18 11:42:00,13.01,food,restaurant,D_FAM_12,Madurai,,0
T010219,A0229,2026-02-18 11:48:00,122.62,pharmacy,medicine,D_A0229,Bengaluru,,0
T010220,A0327,2026-02-18 11:50:00,32.59,pharmacy,medicine,D_A0327,Coimbatore,,0
T010221,A0351,2026-02-18 11:51:00,232.09,travel,bus_ticket,D_A0351,Chennai,,0
T010222,A0227,2026-02-18 12:00:00,116.35,fuel,petrol,D_A0227,Madurai,,0
T010223,A0158,2026-02-18 12:00:00,12.23,food,restaurant,D_A0158,Mumbai,,0
T010224,A0378,2026-02-18 12:08:00,36.08,streaming,subscription,D_A0378,Hyderabad,,0
T010225,A0376,2026-02-18 12:09:00,318.43,travel,train_ticket,D_A0376,Hyderabad,,0
T010226,A0242,2026-02-18 12:11:00,250.79,fuel,diesel,D_A0242,Bengaluru,,0
T010227,A0470,2026-02-18 12:16:00,104.94,travel,train_ticket,D_A0470,Mumbai,,0
T010228,A0434,2026-02-18 12:17:00,19.53,pharmacy,medicine,D_A0434,Delhi,,0
T010229,A0209,2026-02-18 12:19:00,11.58,streaming,subscription,D_A0209,Kochi,,0
T010230,A0252,2026-02-18 12:20:00,18.2,food,delivery,D_A0252,Delhi,,0
T010231,A0140,2026-02-18 12:29:00,208.61,clothing,clothes,D_A0140,Madurai,,0
T010232,A0239,2026-02-18 12:35:00,67.59,clothing,clothes,D_A0239,Coimbatore,,0
T010233,A0347,2026-02-18 12:36:00,37.81,pharmacy,medicine,D_A0347,Chennai,,0
T010234,A0044,2026-02-18 12:37:00,53.96,transfer,p2p_transfer,D_A0044,Bengaluru,PAYEE_A0044,0
T010235,A0033,2026-02-18 12:42:00,132.18,travel,bus_ticket,D_A0033,Coimbatore,,0
T010236,A0367,2026-02-18 12:43:00,206.07,clothing,clothes,D_A0367,Mumbai,,0
T010237,A0421,2026-02-18 12:47:00,46.84,clothing,shoes,D_A0421,Chennai,,0
T010238,A0015,2026-02-18 12:48:00,94.5,clothing,clothes,D_FAM_14,Kochi,,0
T010239,A0433,2026-02-18 12:54:00,93.51,fuel,diesel,D_A0433,Hyderabad,,0
T010240,A0128,2026-02-18 12:54:00,189.81,clothing,clothes,D_A0128,Madurai,,0
T010241,A0007,2026-02-18 12:57:00,15.49,food,restaurant,D_A0007,Bengaluru,,0
T010242,A0226,2026-02-18 13:05:00,40.98,pharmacy,medicine,D_A0226,Kochi,,0
T010243,A0366,2026-02-18 13:06:00,62.88,clothing,shoes,D_FAM_5,Delhi,,0
T010244,A0423,2026-02-18 13:06:00,24.9,grocery,vegetables,D_A0423,Coimbatore,,0
T010245,A0092,2026-02-18 13:07:00,67.61,pharmacy,medicine,D_A0092,Chennai,,0
T010246,A0191,2026-02-18 13:08:00,60.48,travel,bus_ticket,D_A0191,Mumbai,,0
T010247,A0185,2026-02-18 13:14:00,284.7,grocery,vegetables,D_A0185,Bengaluru,,0
T010248,A0482,2026-02-18 13:17:00,50.02,grocery,groceries,D_A0482,Kochi,,0
T010249,A0090,2026-02-18 13:21:00,62.29,fuel,petrol,D_A0090,Chennai,,0
T010250,A0125,2026-02-18 13:23:00,39.47,food,restaurant,D_A0125,Kochi,,0
T010251,A0150,2026-02-18 13:26:00,67.74,clothing,clothes,D_A0150,Mumbai,,0
T010252,A0391,2026-02-18 13:26:00,25.92,pharmacy,medicine,D_A0391,Kochi,,0
T010253,A0252,2026-02-18 13:26:00,77.87,travel,train_ticket,D_A0252,Delhi,,0
T010254,A0357,2026-02-18 13:33:00,14.98,streaming,subscription,D_A0357,Kochi,,0
T010255,A0144,2026-02-18 13:34:00,61.92,grocery,groceries,D_A0144,Madurai,,0
T010256,A0053,2026-02-18 13:36:00,154.75,travel,train_ticket,D_A0053,Bengaluru,,0
T010257,A0279,2026-02-18 13:50:00,157.28,clothing,shoes,D_OFF_0,Hyderabad,,0
T010258,A0010,2026-02-18 13:51:00,3.82,streaming,subscription,D_A0010,Delhi,,0
T010259,A0046,2026-02-18 13:53:00,50.01,pharmacy,medicine,D_A0046,Kochi,,0
T010260,A0106,2026-02-18 13:54:00,25.61,streaming,subscription,D_A0106,Bengaluru,,0
T010261,A0470,2026-02-18 13:59:00,125.69,travel,bus_ticket,D_A0470,Mumbai,,0
T010262,A0140,2026-02-18 14:03:00,433.12,travel,train_ticket,D_A0140,Madurai,,0
T010263,A0425,2026-02-18 14:03:00,30.75,grocery,groceries,D_A0425,Mumbai,,0
T010264,A0126,2026-02-18 14:06:00,70.25,streaming,subscription,D_A0126,Chennai,,0
T010265,A0051,2026-02-18 14:11:00,122.73,fuel,petrol,D_A0051,Coimbatore,,0
T010266,A0441,2026-02-18 14:12:00,53.35,food,delivery,D_A0441,Hyderabad,,0
T010267,A0320,2026-02-18 14:19:00,119.4,travel,train_ticket,D_FAM_4,Madurai,,0
T010268,A0346,2026-02-18 14:19:00,172.25,fuel,petrol,D_A0346,Mumbai,,0
T010269,A0248,2026-02-18 14:20:00,6.25,streaming,subscription,D_A0248,Coimbatore,,0
T010270,A0133,2026-02-18 14:21:00,106.15,clothing,shoes,D_A0133,Bengaluru,,0
T010271,A0269,2026-02-18 14:30:00,30.7,streaming,subscription,D_A0269,Coimbatore,,0
T010272,A0402,2026-02-18 14:43:00,11.66,streaming,subscription,D_A0402,Madurai,,0
T010273,A0455,2026-02-18 14:44:00,157.76,travel,bus_ticket,D_A0455,Chennai,,0
T010274,A0014,2026-02-18 14:47:00,34.63,pharmacy,medicine,D_FAM_2,Coimbatore,,0
T010275,A0159,2026-02-18 14:47:00,53.36,grocery,vegetables,D_A0159,Delhi,,0
T010276,A0218,2026-02-18 14:48:00,42.54,grocery,groceries,D_A0218,Kochi,,0
T010277,A0201,2026-02-18 14:52:00,153.56,travel,train_ticket,D_A0201,Coimbatore,,0
T010278,A0181,2026-02-18 14:55:00,60.59,grocery,groceries,D_A0181,Hyderabad,,0
T010279,A0329,2026-02-18 14:57:00,128.4,clothing,clothes,D_A0329,Chennai,,0
T010280,A0423,2026-02-18 14:57:00,20.74,food,restaurant,D_A0423,Coimbatore,,0
T010281,A0206,2026-02-18 14:58:00,579.63,travel,train_ticket,D_A0206,Hyderabad,,0
T010282,A0235,2026-02-18 15:01:00,60.58,pharmacy,medicine,D_A0235,Delhi,,0
T010283,A0110,2026-02-18 15:01:00,157.01,clothing,shoes,D_FAM_11,Delhi,,0
T010284,A0076,2026-02-18 15:03:00,57.4,clothing,shoes,D_A0076,Madurai,,0
T010285,A0076,2026-02-18 15:09:00,18.68,streaming,subscription,D_A0076,Madurai,,0
T010286,A0298,2026-02-18 15:10:00,29.19,streaming,subscription,D_A0298,Chennai,,0
T010287,A0055,2026-02-18 15:14:00,42.27,pharmacy,medicine,D_A0055,Bengaluru,,0
T010288,A0027,2026-02-18 15:19:00,170.62,clothing,clothes,D_A0027,Mumbai,,0
T010289,A0445,2026-02-18 15:20:00,75.66,pharmacy,medicine,D_A0445,Coimbatore,,0
T010290,A0348,2026-02-18 15:22:00,45.46,food,delivery,D_A0348,Coimbatore,,0
T010291,A0340,2026-02-18 15:24:00,132.62,fuel,diesel,D_A0340,Madurai,,0
T010292,A0133,2026-02-18 15:25:00,85.28,clothing,shoes,D_A0133,Bengaluru,,0
T010293,A0279,2026-02-18 15:34:00,143.65,clothing,clothes,D_OFF_0,Hyderabad,,0
T010294,A0426,2026-02-18 15:35:00,63.79,pharmacy,medicine,D_A0426,Hyderabad,,0
T010295,A0485,2026-02-18 15:39:00,184.79,clothing,clothes,D_A0485,Coimbatore,,0
T010296,A0229,2026-02-18 15:39:00,108.58,food,delivery,D_A0229,Bengaluru,,0
T010297,A0175,2026-02-18 15:51:00,99.99,grocery,vegetables,D_A0175,Chennai,,0
T010298,A0096,2026-02-18 15:53:00,299.37,travel,train_ticket,D_A0096,Hyderabad,,0
T010299,A0370,2026-02-18 16:03:00,130.63,transfer,p2p_transfer,D_A0370,Coimbatore,PAYEE_A0370,0
T010300,A0293,2026-02-18 16:04:00,212.97,travel,train_ticket,D_A0293,Mumbai,,0
T010301,A0431,2026-02-18 16:08:00,339.25,travel,train_ticket,D_FAM_11,Hyderabad,,0
T010302,A0353,2026-02-18 16:15:00,205.93,travel,train_ticket,D_A0353,Kochi,,0
T010303,A0220,2026-02-18 16:25:00,46.68,grocery,groceries,D_A0220,Coimbatore,,0
T010304,A0032,2026-02-18 16:27:00,31.66,pharmacy,medicine,D_A0032,Delhi,,0
T010305,A0195,2026-02-18 16:29:00,4.03,streaming,subscription,D_FAM_11,Kochi,,0
T010306,A0380,2026-02-18 16:29:00,57.4,streaming,subscription,D_A0380,Madurai,,0
T010307,A0411,2026-02-18 16:30:00,58.36,pharmacy,medicine,D_A0411,Chennai,,0
T010308,A0467,2026-02-18 16:31:00,87.26,travel,train_ticket,D_OFF_1,Delhi,,0
T010309,A0118,2026-02-18 16:32:00,86.64,transfer,p2p_transfer,D_A0118,Hyderabad,PAYEE_A0118,0
T010310,A0200,2026-02-18 16:34:00,339.74,clothing,shoes,D_A0200,Coimbatore,,0
T010311,A0332,2026-02-18 16:35:00,38.22,food,restaurant,D_A0332,Delhi,,0
T010312,A0295,2026-02-18 16:39:00,11.67,streaming,subscription,D_A0295,Madurai,,0
T010313,A0447,2026-02-18 16:40:00,71.59,grocery,vegetables,D_A0447,Hyderabad,,0
T010314,A0159,2026-02-18 16:41:00,52.24,grocery,groceries,D_A0159,Delhi,,0
T010315,A0170,2026-02-18 16:55:00,58.86,grocery,groceries,D_A0170,Kochi,,0
T010316,A0321,2026-02-18 16:58:00,25.02,streaming,subscription,D_A0321,Mumbai,,0
T010317,A0074,2026-02-18 17:01:00,33.01,food,delivery,D_A0074,Hyderabad,,0
T010318,A0475,2026-02-18 17:04:00,59.57,grocery,groceries,D_A0475,Hyderabad,,0
T010319,A0491,2026-02-18 17:16:00,47.39,clothing,clothes,D_FAM_2,Hyderabad,,0
T010320,A0392,2026-02-18 17:22:00,51.04,pharmacy,medicine,D_A0392,Bengaluru,,0
T010321,A0394,2026-02-18 17:28:00,104.0,grocery,groceries,D_A0394,Coimbatore,,0
T010322,A0319,2026-02-18 17:34:00,160.01,fuel,diesel,D_A0319,Madurai,,0
T010323,A0010,2026-02-18 17:57:00,50.29,travel,train_ticket,D_A0010,Delhi,,0
T010324,A0299,2026-02-18 18:03:00,86.37,clothing,clothes,D_A0299,Chennai,,0
T010325,A0415,2026-02-18 18:04:00,17.11,streaming,subscription,D_A0415,Hyderabad,,0
T010326,A0225,2026-02-18 18:07:00,101.1,travel,train_ticket,D_A0225,Bengaluru,,0
T010327,A0030,2026-02-18 18:27:00,68.14,grocery,vegetables,D_A0030,Hyderabad,,0
T010328,A0179,2026-02-18 18:29:00,7.89,streaming,subscription,D_A0179,Madurai,,0
T010329,A0320,2026-02-18 18:31:00,152.3,travel,train_ticket,D_A0320,Madurai,,0
T010330,A0281,2026-02-18 18:40:00,149.65,fuel,petrol,D_A0281,Coimbatore,,0
T010331,A0315,2026-02-18 18:45:00,19.29,streaming,subscription,D_A0315,Madurai,,0
T010332,A0413,2026-02-18 18:48:00,130.93,grocery,vegetables,D_A0413,Mumbai,,0
T010333,A0005,2026-02-18 19:07:00,104.71,pharmacy,medicine,D_A0005,Coimbatore,,0
T010334,A0013,2026-02-18 19:19:00,154.4,travel,bus_ticket,D_A0013,Madurai,,0
T010335,A0376,2026-02-18 19:39:00,123.72,food,delivery,D_A0376,Hyderabad,,0
T010336,A0009,2026-02-18 19:52:00,43.65,fuel,diesel,D_A0009,Mumbai,,0
T010337,A0317,2026-02-18 19:55:00,47.67,pharmacy,medicine,D_OFF_0,Hyderabad,,0
T010338,A0247,2026-02-18 19:59:00,28.41,streaming,subscription,D_A0247,Coimbatore,,0
T010339,A0167,2026-02-18 20:09:00,167.1,transfer,p2p_transfer,D_A0167,Chennai,PAYEE_A0167,0
T010340,A0077,2026-02-18 20:17:00,273.21,travel,bus_ticket,D_A0077,Madurai,,0
T010341,A0261,2026-02-18 20:24:00,53.89,grocery,vegetables,D_A0261,Delhi,,0
T010342,A0168,2026-02-18 20:46:00,85.62,food,restaurant,D_A0168,Madurai,,0
T010343,A0467,2026-02-18 20:55:00,12.95,streaming,subscription,D_OFF_1,Delhi,,0
T010344,A0264,2026-02-18 20:58:00,148.87,clothing,shoes,D_A0264,Delhi,,0
T010345,A0208,2026-02-18 21:14:00,65.73,fuel,diesel,D_A0208,Hyderabad,,0
T010346,A0123,2026-02-18 21:16:00,35.32,pharmacy,medicine,D_A0123,Bengaluru,,0
T010347,A0015,2026-02-18 21:36:00,30.1,food,delivery,D_FAM_14,Kochi,,0
T010348,A0454,2026-02-18 21:55:00,48.91,grocery,vegetables,D_A0454,Kochi,,0
T010349,A0049,2026-02-18 22:19:00,49.98,fuel,petrol,D_FAM_8,Kochi,,0
T010350,A0073,2026-02-18 22:35:00,57.92,fuel,diesel,D_A0073,Bengaluru,,0
T010351,A0343,2026-02-19 07:01:00,19.99,grocery,groceries,D_A0343,Kochi,,0
T010352,A0487,2026-02-19 07:07:00,395.04,travel,bus_ticket,D_A0487,Mumbai,,0
T010353,A0134,2026-02-19 07:12:00,29.27,food,restaurant,D_A0134,Coimbatore,,0
T010354,A0057,2026-02-19 07:22:00,28.23,streaming,subscription,D_OFF_0,Mumbai,,0
T010355,A0248,2026-02-19 07:22:00,46.88,clothing,clothes,D_A0248,Mumbai,,0
T010356,A0053,2026-02-19 07:25:00,44.8,pharmacy,medicine,D_A0053,Bengaluru,,0
T010357,A0191,2026-02-19 07:28:00,34.83,fuel,petrol,D_A0191,Bengaluru,,0
T010358,A0386,2026-02-19 07:38:00,26.92,grocery,groceries,D_A0386,Coimbatore,,0
T010359,A0179,2026-02-19 07:45:00,38.56,grocery,vegetables,D_A0179,Mumbai,,0
T010360,A0496,2026-02-19 07:56:00,198.31,transfer,p2p_transfer,D_A0496,Mumbai,PAYEE_A0496,0
T010361,A0288,2026-02-19 08:17:00,85.76,clothing,shoes,D_A0288,Coimbatore,,0
T010362,A0388,2026-02-19 08:19:00,37.7,transfer,p2p_transfer,D_A0388,Delhi,PAYEE_A0388,0
T010363,A0144,2026-02-19 08:30:00,112.51,grocery,groceries,D_A0144,Madurai,,0
T010364,A0464,2026-02-19 08:33:00,118.39,travel,bus_ticket,D_A0464,Hyderabad,,0
T010365,A0388,2026-02-19 08:37:00,27.61,grocery,groceries,D_A0388,Delhi,,0
T010366,A0394,2026-02-19 08:46:00,21.58,streaming,subscription,D_A0394,Coimbatore,,0
T010367,A0051,2026-02-19 08:50:00,55.64,food,restaurant,D_A0051,Mumbai,,0
T010368,A0049,2026-02-19 08:53:00,102.1,fuel,petrol,D_FAM_8,Coimbatore,,0
T010369,A0252,2026-02-19 08:55:00,9.51,fuel,petrol,D_A0252,Delhi,,0
T010370,A0277,2026-02-19 09:02:00,30.28,streaming,subscription,D_A0277,Madurai,,0
T010371,A0057,2026-02-19 09:04:00,181.56,fuel,diesel,D_A0057,Mumbai,,0
T010372,A0330,2026-02-19 09:05:00,19.14,grocery,groceries,D_A0330,Coimbatore,,0
T010373,A0310,2026-02-19 09:24:00,183.82,clothing,shoes,D_A0310,Chennai,,0
T010374,A0190,2026-02-19 09:52:00,228.14,clothing,shoes,D_FAM_13,Madurai,,0
T010375,A0001,2026-02-19 09:55:00,166.01,transfer,p2p_transfer,D_A0001,Kochi,PAYEE_A0001,0
T010376,A0120,2026-02-19 09:57:00,102.84,grocery,vegetables,D_A0120,Hyderabad,,0
T010377,A0135,2026-02-19 10:05:00,374.03,travel,train_ticket,D_A0135,Delhi,,0
T010378,A0462,2026-02-19 10:08:00,34.26,food,delivery,D_A0462,Coimbatore,,0
T010379,A0205,2026-02-19 10:09:00,38.1,food,restaurant,D_A0205,Hyderabad,,0
T010380,A0362,2026-02-19 10:10:00,12.17,pharmacy,medicine,D_A0362,Delhi,,0
T010381,A0299,2026-02-19 10:17:00,20.11,food,restaurant,D_A0299,Chennai,,0
T010382,A0116,2026-02-19 10:28:00,18.18,streaming,subscription,D_A0116,Madurai,,0
T010383,A0089,2026-02-19 10:29:00,430.6,travel,train_ticket,D_A0089,Madurai,,0
T010384,A0130,2026-02-19 10:30:00,24.27,food,delivery,D_A0130,Kochi,,0
T010385,A0395,2026-02-19 10:43:00,21.41,giftcards,gift_card,D_A0395,Chennai,,0
T010386,A0473,2026-02-19 10:48:00,30.05,pharmacy,medicine,D_A0473,Mumbai,,0
T010387,A0107,2026-02-19 10:56:00,76.06,clothing,shoes,D_A0107,Madurai,,0
T010388,A0000,2026-02-19 11:06:00,1169.17,electronics,phone,D_A0000,Madurai,,0
T010389,A0192,2026-02-19 11:10:00,117.75,grocery,groceries,D_A0192,Madurai,,0
T010390,A0300,2026-02-19 11:12:00,12.13,streaming,subscription,D_FAM_12,Kochi,,0
T010391,A0030,2026-02-19 11:12:00,42.99,pharmacy,medicine,D_A0030,Hyderabad,,0
T010392,A0215,2026-02-19 11:14:00,106.28,clothing,clothes,D_A0215,Madurai,,0
T010393,A0418,2026-02-19 11:16:00,44.2,pharmacy,medicine,D_A0418,Coimbatore,,0
T010394,A0429,2026-02-19 11:18:00,257.3,travel,bus_ticket,D_A0429,Kochi,,0
T010395,A0387,2026-02-19 11:21:00,156.4,travel,bus_ticket,D_A0387,Madurai,,0
T010396,A0112,2026-02-19 11:24:00,127.47,clothing,shoes,D_A0112,Delhi,,0
T010397,A0456,2026-02-19 11:33:00,20.32,streaming,subscription,D_A0456,Delhi,,0
T010398,A0298,2026-02-19 11:34:00,177.29,transfer,p2p_transfer,D_A0298,Delhi,PAYEE_A0298,0
T010399,A0011,2026-02-19 11:34:00,31.17,streaming,subscription,D_A0011,Delhi,,0
T010400,A0111,2026-02-19 11:38:00,23.94,streaming,subscription,D_A0111,Chennai,,0
T010401,A0046,2026-02-19 11:39:00,30.62,pharmacy,medicine,D_A0046,Kochi,,0
T010402,A0111,2026-02-19 11:41:00,191.11,travel,train_ticket,D_A0111,Chennai,,0
T010403,A0165,2026-02-19 11:47:00,33.57,pharmacy,medicine,D_A0165,Madurai,,0
T010404,A0336,2026-02-19 11:48:00,281.68,travel,bus_ticket,D_A0336,Bengaluru,,0
T010405,A0269,2026-02-19 11:48:00,42.16,streaming,subscription,D_A0269,Coimbatore,,0
T010406,A0380,2026-02-19 11:54:00,415.27,travel,train_ticket,D_A0380,Mumbai,,0
T010407,A0469,2026-02-19 11:59:00,198.52,travel,train_ticket,D_A0469,Delhi,,0
T010408,A0028,2026-02-19 11:59:00,33.82,pharmacy,medicine,D_A0028,Bengaluru,,0
T010409,A0200,2026-02-19 12:00:00,41.28,streaming,subscription,D_A0200,Coimbatore,,0
T010410,A0000,2026-02-19 12:03:00,104.37,fuel,diesel,D_A0000,Madurai,,0
T010411,A0148,2026-02-19 12:09:00,150.64,fuel,petrol,D_A0148,Delhi,,0
T010412,A0216,2026-02-19 12:11:00,13.78,streaming,subscription,D_A0216,Delhi,,0
T010413,A0434,2026-02-19 12:11:00,120.46,travel,train_ticket,D_A0434,Delhi,,0
T010414,A0131,2026-02-19 12:14:00,100.75,pharmacy,medicine,D_A0131,Bengaluru,,0
T010415,A0392,2026-02-19 12:17:00,244.73,travel,train_ticket,D_A0392,Bengaluru,,0
T010416,A0394,2026-02-19 12:18:00,70.03,grocery,vegetables,D_A0394,Coimbatore,,0
T010417,A0301,2026-02-19 12:21:00,24.74,streaming,subscription,D_A0301,Hyderabad,,0
T010418,A0225,2026-02-19 12:24:00,28.1,grocery,vegetables,D_A0225,Bengaluru,,0
T010419,A0330,2026-02-19 12:26:00,48.27,fuel,diesel,D_A0330,Coimbatore,,0
T010420,A0101,2026-02-19 12:28:00,164.04,transfer,p2p_transfer,D_A0101,Kochi,PAYEE_A0101,0
T010421,A0118,2026-02-19 12:29:00,60.76,pharmacy,medicine,D_A0118,Hyderabad,,0
T010422,A0089,2026-02-19 12:30:00,136.65,pharmacy,medicine,D_A0089,Hyderabad,,0
T010423,A0059,2026-02-19 12:31:00,112.27,pharmacy,medicine,D_A0059,Bengaluru,,0
T010424,A0369,2026-02-19 12:35:00,128.55,transfer,p2p_transfer,D_A0369,Mumbai,PAYEE_A0369,0
T010425,A0257,2026-02-19 12:35:00,68.6,clothing,shoes,D_A0257,Coimbatore,,0
T010426,A0256,2026-02-19 12:39:00,247.81,travel,train_ticket,D_A0256,Bengaluru,,0
T010427,A0395,2026-02-19 12:39:00,38.06,pharmacy,medicine,D_A0395,Chennai,,0
T010428,A0230,2026-02-19 12:40:00,26.77,food,delivery,D_A0230,Madurai,,0
T010429,A0315,2026-02-19 12:50:00,93.75,grocery,groceries,D_A0315,Madurai,,0
T010430,A0426,2026-02-19 12:51:00,49.06,food,delivery,D_A0426,Hyderabad,,0
T010431,A0203,2026-02-19 12:51:00,9.9,fuel,diesel,D_A0203,Mumbai,,0
T010432,A0376,2026-02-19 12:57:00,135.68,food,restaurant,D_A0376,Hyderabad,,0
T010433,A0488,2026-02-19 13:00:00,59.0,food,delivery,D_A0488,Chennai,,0
T010434,A0291,2026-02-19 13:02:00,72.18,clothing,shoes,D_A0291,Mumbai,,0
T010435,A0226,2026-02-19 13:08:00,27.12,grocery,groceries,D_A0226,Chennai,,0
T010436,A0084,2026-02-19 13:08:00,19.67,grocery,groceries,D_A0084,Hyderabad,,0
T010437,A0073,2026-02-19 13:15:00,81.3,fuel,petrol,D_A0073,Bengaluru,,0
T010438,A0496,2026-02-19 13:20:00,314.74,travel,bus_ticket,D_A0496,Mumbai,,0
T010439,A0083,2026-02-19 13:23:00,163.84,fuel,diesel,D_A0083,Madurai,,0
T010440,A0190,2026-02-19 13:27:00,89.03,pharmacy,medicine,D_A0190,Madurai,,0
T010441,A0126,2026-02-19 13:29:00,82.51,streaming,subscription,D_A0126,Chennai,,0
T010442,A0008,2026-02-19 13:31:00,21.82,food,restaurant,D_A0008,Delhi,,0
T010443,A0087,2026-02-19 13:35:00,219.13,pharmacy,medicine,D_A0087,Madurai,,0
T010444,A0361,2026-02-19 13:40:00,17.72,streaming,subscription,D_A0361,Chennai,,0
T010445,A0419,2026-02-19 13:45:00,27.5,pharmacy,medicine,D_A0419,Delhi,,0
T010446,A0296,2026-02-19 13:46:00,104.43,grocery,groceries,D_A0296,Hyderabad,,0
T010447,A0402,2026-02-19 13:51:00,18.56,streaming,subscription,D_A0402,Madurai,,0
T010448,A0092,2026-02-19 13:53:00,90.64,grocery,groceries,D_A0092,Chennai,,0
T010449,A0145,2026-02-19 13:54:00,82.5,food,delivery,D_A0145,Coimbatore,,0
T010450,A0475,2026-02-19 13:55:00,73.01,pharmacy,medicine,D_A0475,Hyderabad,,0
T010451,A0110,2026-02-19 14:02:00,77.69,grocery,vegetables,D_A0110,Delhi,,0
T010452,A0079,2026-02-19 14:02:00,68.29,transfer,p2p_transfer,D_A0079,Hyderabad,PAYEE_A0079,0
T010453,A0292,2026-02-19 14:04:00,158.29,clothing,clothes,D_A0292,Kochi,,0
T010454,A0310,2026-02-19 14:07:00,277.57,travel,bus_ticket,D_A0310,Mumbai,,0
T010455,A0211,2026-02-19 14:12:00,75.36,pharmacy,medicine,D_A0211,Bengaluru,,0
T010456,A0159,2026-02-19 14:12:00,63.85,pharmacy,medicine,D_A0159,Delhi,,0
T010457,A0459,2026-02-19 14:14:00,58.07,fuel,diesel,D_A0459,Delhi,,0
T010458,A0377,2026-02-19 14:15:00,37.63,fuel,petrol,D_A0377,Bengaluru,,0
T010459,A0103,2026-02-19 14:15:00,40.9,pharmacy,medicine,D_A0103,Delhi,,0
T010460,A0342,2026-02-19 14:24:00,91.96,clothing,shoes,D_A0342,Hyderabad,,0
T010461,A0380,2026-02-19 14:26:00,46.94,streaming,subscription,D_A0380,Mumbai,,0
T010462,A0119,2026-02-19 14:28:00,249.76,travel,train_ticket,D_A0119,Madurai,,0
T010463,A0329,2026-02-19 14:30:00,256.55,travel,train_ticket,D_A0329,Kochi,,0
T010464,A0132,2026-02-19 14:31:00,533.42,travel,train_ticket,D_A0132,Delhi,,0
T010465,A0494,2026-02-19 14:33:00,23.81,streaming,subscription,D_A0494,Delhi,,0
T010466,A0009,2026-02-19 14:34:00,93.26,fuel,petrol,D_A0009,Mumbai,,0
T010467,A0221,2026-02-19 14:42:00,105.18,clothing,clothes,D_A0221,Bengaluru,,0
T010468,A0227,2026-02-19 14:46:00,20.29,streaming,subscription,D_A0227,Madurai,,0
T010469,A0086,2026-02-19 14:47:00,75.23,pharmacy,medicine,D_A0086,Chennai,,0
T010470,A0376,2026-02-19 14:50:00,167.27,food,delivery,D_A0376,Hyderabad,,0
T010471,A0025,2026-02-19 14:55:00,42.75,food,delivery,D_A0025,Delhi,,0
T010472,A0335,2026-02-19 14:58:00,69.3,grocery,vegetables,D_A0335,Mumbai,,0
T010473,A0299,2026-02-19 15:01:00,146.79,clothing,shoes,D_A0299,Chennai,,0
T010474,A0132,2026-02-19 15:02:00,396.62,clothing,shoes,D_A0132,Delhi,,0
T010475,A0374,2026-02-19 15:02:00,112.45,grocery,groceries,D_A0374,Kochi,,0
T010476,A0082,2026-02-19 15:04:00,16.86,streaming,subscription,D_A0082,Bengaluru,,0
T010477,A0107,2026-02-19 15:09:00,95.16,clothing,clothes,D_A0107,Madurai,,0
T010478,A0232,2026-02-19 15:18:00,71.62,transfer,p2p_transfer,D_A0232,Coimbatore,PAYEE_A0232,0
T010479,A0297,2026-02-19 15:21:00,28.6,food,restaurant,D_A0297,Hyderabad,,0
T010480,A0463,2026-02-19 15:25:00,391.63,travel,train_ticket,D_A0463,Bengaluru,,0
T010481,A0284,2026-02-19 15:32:00,118.48,transfer,p2p_transfer,D_A0284,Coimbatore,PAYEE_A0284,0
T010482,A0420,2026-02-19 15:33:00,316.41,travel,train_ticket,D_OFF_0,Madurai,,0
T010483,A0184,2026-02-19 15:34:00,28.82,food,restaurant,D_A0184,Coimbatore,,0
T010484,A0120,2026-02-19 15:40:00,121.17,grocery,groceries,D_A0120,Hyderabad,,0
T010485,A0124,2026-02-19 15:42:00,113.62,grocery,vegetables,D_A0124,Hyderabad,,0
T010486,A0404,2026-02-19 15:46:00,5.6,pharmacy,medicine,D_A0404,Chennai,,0
T010487,A0385,2026-02-19 15:46:00,29.0,food,delivery,D_A0385,Kochi,,0
T010488,A0260,2026-02-19 15:49:00,79.76,food,restaurant,D_A0260,Hyderabad,,0
T010489,A0290,2026-02-19 15:50:00,308.94,travel,bus_ticket,D_OFF_2,Bengaluru,,0
T010490,A0128,2026-02-19 15:50:00,167.29,clothing,shoes,D_A0128,Madurai,,0
T010491,A0462,2026-02-19 15:50:00,20.39,food,restaurant,D_A0462,Coimbatore,,0
T010492,A0292,2026-02-19 15:54:00,115.08,clothing,shoes,D_A0292,Kochi,,0
T010493,A0351,2026-02-19 15:56:00,371.56,travel,bus_ticket,D_A0351,Chennai,,0
T010494,A0121,2026-02-19 16:08:00,224.23,travel,bus_ticket,D_A0121,Hyderabad,,0
T010495,A0434,2026-02-19 16:16:00,26.45,food,delivery,D_A0434,Delhi,,0
T010496,A0203,2026-02-19 16:16:00,44.03,transfer,p2p_transfer,D_A0203,Mumbai,PAYEE_A0203,0
T010497,A0397,2026-02-19 16:16:00,207.32,clothing,clothes,D_A0397,Chennai,,0
T010498,A0383,2026-02-19 16:16:00,64.86,clothing,clothes,D_A0383,Bengaluru,,0
T010499,A0252,2026-02-19 16:17:00,17.26,food,delivery,D_A0252,Delhi,,0
T010500,A0385,2026-02-19 16:20:00,41.84,fuel,diesel,D_A0385,Kochi,,0
T010501,A0317,2026-02-19 16:23:00,90.75,fuel,diesel,D_OFF_0,Hyderabad,,0
T010502,A0370,2026-02-19 16:24:00,24.52,streaming,subscription,D_A0370,Coimbatore,,0
T010503,A0019,2026-02-19 16:29:00,56.49,fuel,diesel,D_A0019,Mumbai,,0
T010504,A0114,2026-02-19 16:32:00,82.56,food,restaurant,D_A0114,Mumbai,,0
T010505,A0470,2026-02-19 16:33:00,11.49,streaming,subscription,D_A0470,Mumbai,,0
T010506,A0334,2026-02-19 16:38:00,490.51,travel,bus_ticket,D_A0334,Bengaluru,,0
T010507,A0024,2026-02-19 16:40:00,143.22,food,restaurant,D_A0024,Hyderabad,,0
T010508,A0085,2026-02-19 16:40:00,73.1,food,restaurant,D_A0085,Delhi,,0
T010509,A0219,2026-02-19 16:52:00,20.41,streaming,subscription,D_A0219,Hyderabad,,0
T010510,A0250,2026-02-19 16:55:00,78.62,grocery,groceries,D_A0250,Hyderabad,,0
T010511,A0414,2026-02-19 16:58:00,100.22,transfer,p2p_transfer,D_A0414,Mumbai,PAYEE_A0414,0
T010512,A0115,2026-02-19 17:18:00,501.78,travel,train_ticket,D_A0115,Kochi,,0
T010513,A0294,2026-02-19 17:20:00,49.33,travel,bus_ticket,D_A0294,Chennai,,0
T010514,A0215,2026-02-19 17:20:00,64.89,fuel,petrol,D_A0215,Madurai,,0
T010515,A0285,2026-02-19 17:23:00,285.94,travel,train_ticket,D_A0285,Madurai,,0
T010516,A0318,2026-02-19 17:32:00,7.46,streaming,subscription,D_A0318,Bengaluru,,0
T010517,A0475,2026-02-19 17:39:00,260.95,fuel,petrol,D_A0475,Hyderabad,,0
T010518,A0347,2026-02-19 17:41:00,129.05,clothing,shoes,D_A0347,Chennai,,0
T010519,A0054,2026-02-19 17:42:00,59.46,clothing,shoes,D_A0054,Mumbai,,0
T010520,A0355,2026-02-19 17:45:00,47.12,pharmacy,medicine,D_A0355,Kochi,,0
T010521,A0479,2026-02-19 17:45:00,82.41,transfer,p2p_transfer,D_A0479,Chennai,PAYEE_A0479,0
T010522,A0208,2026-02-19 17:50:00,63.68,fuel,diesel,D_A0208,Hyderabad,,0
T010523,A0463,2026-02-19 18:21:00,242.74,fuel,diesel,D_A0463,Bengaluru,,0
T010524,A0173,2026-02-19 18:24:00,62.17,grocery,vegetables,D_A0173,Bengaluru,,0
T010525,A0332,2026-02-19 18:27:00,66.76,transfer,p2p_transfer,D_A0332,Delhi,PAYEE_A0332,0
T010526,A0225,2026-02-19 18:28:00,72.95,travel,bus_ticket,D_A0225,Bengaluru,,0
T010527,A0444,2026-02-19 18:28:00,270.65,travel,train_ticket,D_A0444,Kochi,,0
T010528,A0326,2026-02-19 18:28:00,22.28,streaming,subscription,D_A0326,Bengaluru,,0
T010529,A0028,2026-02-19 18:31:00,44.09,pharmacy,medicine,D_A0028,Bengaluru,,0
T010530,A0481,2026-02-19 18:34:00,145.13,grocery,vegetables,D_A0481,Coimbatore,,0
T010531,A0347,2026-02-19 18:35:00,226.47,travel,train_ticket,D_A0347,Chennai,,0
T010532,A0453,2026-02-19 18:39:00,46.19,streaming,subscription,D_A0453,Bengaluru,,0
T010533,A0206,2026-02-19 18:44:00,1235.91,travel,train_ticket,D_A0206,Kochi,,0
T010534,A0371,2026-02-19 18:49:00,32.29,food,restaurant,D_A0371,Madurai,,0
T010535,A0264,2026-02-19 18:50:00,57.38,grocery,vegetables,D_A0264,Delhi,,0
T010536,A0214,2026-02-19 18:53:00,32.43,travel,bus_ticket,D_A0214,Chennai,,0
T010537,A0438,2026-02-19 18:54:00,88.67,food,restaurant,D_A0438,Bengaluru,,0
T010538,A0363,2026-02-19 19:07:00,67.3,transfer,p2p_transfer,D_A0363,Coimbatore,PAYEE_A0363,0
T010539,A0121,2026-02-19 19:10:00,54.56,pharmacy,medicine,D_A0121,Hyderabad,,0
T010540,A0077,2026-02-19 19:14:00,59.67,pharmacy,medicine,D_A0077,Madurai,,0
T010541,A0334,2026-02-19 19:26:00,89.88,grocery,vegetables,D_A0334,Madurai,,0
T010542,A0101,2026-02-19 19:27:00,112.85,fuel,diesel,D_A0101,Kochi,,0
T010543,A0196,2026-02-19 19:49:00,92.86,food,restaurant,D_A0196,Coimbatore,,0
T010544,A0125,2026-02-19 19:51:00,34.62,food,restaurant,D_A0125,Kochi,,0
T010545,A0278,2026-02-19 19:59:00,385.99,fuel,petrol,D_A0278,Madurai,,0
T010546,A0125,2026-02-19 20:05:00,27.36,food,delivery,D_A0125,Kochi,,0
T010547,A0368,2026-02-19 20:17:00,103.84,food,restaurant,D_A0368,Coimbatore,,0
T010548,A0104,2026-02-19 20:51:00,148.47,fuel,diesel,D_A0104,Hyderabad,,0
T010549,A0492,2026-02-19 22:29:00,176.26,transfer,p2p_transfer,D_A0492,Kochi,PAYEE_A0492,0
T010550,A0232,2026-02-20 01:03:00,985.61,electronics,flight_ticket,D_STOLEN_4,Delhi,,1
T010551,A0232,2026-02-20 01:15:00,1074.39,giftcards,gift_card,D_STOLEN_4,Delhi,,1
T010552,A0232,2026-02-20 01:27:00,581.57,travel,gift_card,D_STOLEN_4,Delhi,,1
T010553,A0426,2026-02-20 07:03:00,44.69,food,delivery,D_A0426,Mumbai,,0
T010554,A0308,2026-02-20 07:03:00,12.8,streaming,subscription,D_A0308,Bengaluru,,0
T010555,A0463,2026-02-20 07:12:00,126.89,transfer,p2p_transfer,D_A0463,Bengaluru,PAYEE_A0463,0
T010556,A0361,2026-02-20 07:13:00,78.85,clothing,clothes,D_A0361,Chennai,,0
T010557,A0483,2026-02-20 07:13:00,70.38,transfer,p2p_transfer,D_A0483,Coimbatore,PAYEE_A0483,0
T010558,A0231,2026-02-20 07:16:00,189.2,travel,bus_ticket,D_A0231,Delhi,,0
T010559,A0327,2026-02-20 07:19:00,38.98,food,restaurant,D_A0327,Coimbatore,,0
T010560,A0343,2026-02-20 07:25:00,58.71,clothing,clothes,D_A0343,Kochi,,0
T010561,A0211,2026-02-20 07:30:00,282.47,travel,train_ticket,D_A0211,Bengaluru,,0
T010562,A0233,2026-02-20 07:39:00,122.26,grocery,vegetables,D_A0233,Coimbatore,,0
T010563,A0193,2026-02-20 07:40:00,472.76,travel,train_ticket,D_A0193,Delhi,,0
T010564,A0185,2026-02-20 07:53:00,227.7,grocery,vegetables,D_A0185,Bengaluru,,0
T010565,A0189,2026-02-20 07:57:00,52.95,grocery,vegetables,D_A0189,Delhi,,0
T010566,A0362,2026-02-20 07:57:00,54.72,pharmacy,medicine,D_A0362,Delhi,,0
T010567,A0177,2026-02-20 08:00:00,112.44,pharmacy,medicine,D_A0177,Delhi,,0
T010568,A0326,2026-02-20 08:06:00,35.02,streaming,subscription,D_A0326,Bengaluru,,0
T010569,A0298,2026-02-20 08:06:00,139.7,clothing,clothes,D_A0298,Chennai,,0
T010570,A0448,2026-02-20 08:07:00,218.28,clothing,clothes,D_A0448,Madurai,,0
T010571,A0277,2026-02-20 08:08:00,118.7,clothing,shoes,D_A0277,Delhi,,0
T010572,A0170,2026-02-20 08:13:00,163.09,travel,bus_ticket,D_A0170,Kochi,,0
T010573,A0418,2026-02-20 08:20:00,65.95,grocery,groceries,D_A0418,Coimbatore,,0
T010574,A0445,2026-02-20 08:24:00,169.82,travel,bus_ticket,D_A0445,Coimbatore,,0
T010575,A0366,2026-02-20 08:26:00,29.1,fuel,diesel,D_FAM_5,Delhi,,0
T010576,A0107,2026-02-20 08:31:00,15.09,streaming,subscription,D_A0107,Coimbatore,,0
T010577,A0012,2026-02-20 08:51:00,103.3,fuel,diesel,D_A0012,Chennai,,0
T010578,A0019,2026-02-20 08:55:00,282.72,clothing,clothes,D_A0019,Mumbai,,0
T010579,A0064,2026-02-20 08:55:00,103.27,clothing,shoes,D_A0064,Bengaluru,,0
T010580,A0413,2026-02-20 09:05:00,57.71,food,delivery,D_A0413,Delhi,,0
T010581,A0286,2026-02-20 09:10:00,26.24,pharmacy,medicine,D_FAM_10,Hyderabad,,0
T010582,A0428,2026-02-20 09:14:00,78.68,grocery,vegetables,D_A0428,Coimbatore,,0
T010583,A0231,2026-02-20 09:22:00,39.12,pharmacy,medicine,D_A0231,Delhi,,0
T010584,A0232,2026-02-20 09:30:00,35.59,grocery,groceries,D_A0232,Coimbatore,,0
T010585,A0396,2026-02-20 09:38:00,88.35,food,restaurant,D_FAM_3,Coimbatore,,0
T010586,A0254,2026-02-20 09:38:00,11.58,streaming,subscription,D_A0254,Coimbatore,,0
T010587,A0128,2026-02-20 09:41:00,127.74,clothing,shoes,D_A0128,Madurai,,0
T010588,A0455,2026-02-20 09:47:00,109.99,travel,bus_ticket,D_A0455,Chennai,,0
T010589,A0234,2026-02-20 09:48:00,70.35,fuel,petrol,D_A0234,Coimbatore,,0
T010590,A0320,2026-02-20 10:00:00,60.49,transfer,p2p_transfer,D_A0320,Madurai,PAYEE_A0320,0
T010591,A0086,2026-02-20 10:01:00,59.73,pharmacy,medicine,D_A0086,Chennai,,0
T010592,A0336,2026-02-20 10:02:00,71.82,pharmacy,medicine,D_A0336,Delhi,,0
T010593,A0212,2026-02-20 10:02:00,551.34,travel,train_ticket,D_OFF_1,Kochi,,0
T010594,A0265,2026-02-20 10:07:00,13.38,streaming,subscription,D_A0265,Madurai,,0
T010595,A0343,2026-02-20 10:14:00,48.87,transfer,p2p_transfer,D_A0343,Kochi,PAYEE_A0343,0
T010596,A0317,2026-02-20 10:15:00,80.38,pharmacy,medicine,D_OFF_0,Hyderabad,,0
T010597,A0157,2026-02-20 10:21:00,151.32,fuel,diesel,D_A0157,Hyderabad,,0
T010598,A0406,2026-02-20 10:27:00,67.79,pharmacy,medicine,D_A0406,Coimbatore,,0
T010599,A0164,2026-02-20 10:28:00,23.16,food,delivery,D_A0164,Madurai,,0
T010600,A0001,2026-02-20 10:31:00,188.52,travel,bus_ticket,D_A0001,Kochi,,0
T010601,A0136,2026-02-20 10:50:00,59.93,food,delivery,D_FAM_0,Chennai,,0
T010602,A0184,2026-02-20 10:51:00,90.4,transfer,p2p_transfer,D_A0184,Coimbatore,PAYEE_A0184,0
T010603,A0476,2026-02-20 11:01:00,118.18,food,delivery,D_A0476,Chennai,,0
T010604,A0366,2026-02-20 11:02:00,65.04,clothing,clothes,D_FAM_5,Delhi,,0
T010605,A0471,2026-02-20 11:02:00,26.71,streaming,subscription,D_A0471,Delhi,,0
T010606,A0038,2026-02-20 11:05:00,66.3,grocery,vegetables,D_A0038,Madurai,,0
T010607,A0211,2026-02-20 11:12:00,117.82,fuel,diesel,D_A0211,Bengaluru,,0
T010608,A0468,2026-02-20 11:14:00,205.34,travel,bus_ticket,D_A0468,Chennai,,0
T010609,A0252,2026-02-20 11:15:00,13.65,food,restaurant,D_A0252,Delhi,,0
T010610,A0022,2026-02-20 11:25:00,10.0,food,restaurant,D_FAM_5,Madurai,,0
T010611,A0253,2026-02-20 11:25:00,31.16,food,delivery,D_A0253,Mumbai,,0
T010612,A0047,2026-02-20 11:27:00,15.16,food,restaurant,D_A0047,Coimbatore,,0
T010613,A0116,2026-02-20 11:32:00,120.37,clothing,clothes,D_A0116,Madurai,,0
T010614,A0457,2026-02-20 11:34:00,179.77,travel,train_ticket,D_A0457,Hyderabad,,0
T010615,A0039,2026-02-20 11:39:00,22.02,food,restaurant,D_A0039,Madurai,,0
T010616,A0343,2026-02-20 11:40:00,24.15,fuel,diesel,D_A0343,Kochi,,0
T010617,A0193,2026-02-20 11:43:00,141.27,pharmacy,medicine,D_A0193,Delhi,,0
T010618,A0020,2026-02-20 11:46:00,35.44,streaming,subscription,D_A0020,Bengaluru,,0
T010619,A0250,2026-02-20 11:49:00,69.67,fuel,petrol,D_A0250,Hyderabad,,0
T010620,A0325,2026-02-20 11:49:00,71.99,clothing,clothes,D_OFF_2,Bengaluru,,0
T010621,A0218,2026-02-20 11:54:00,92.82,clothing,shoes,D_A0218,Kochi,,0
T010622,A0317,2026-02-20 11:55:00,227.94,fuel,diesel,D_OFF_0,Hyderabad,,0
T010623,A0170,2026-02-20 11:55:00,195.74,travel,bus_ticket,D_A0170,Kochi,,0
T010624,A0228,2026-02-20 11:58:00,149.08,grocery,vegetables,D_A0228,Mumbai,,0
T010625,A0069,2026-02-20 11:58:00,115.46,clothing,shoes,D_A0069,Chennai,,0
T010626,A0424,2026-02-20 11:59:00,39.24,fuel,petrol,D_A0424,Mumbai,,0
T010627,A0115,2026-02-20 12:01:00,43.64,streaming,subscription,D_A0115,Kochi,,0
T010628,A0010,2026-02-20 12:05:00,12.54,food,delivery,D_A0010,Bengaluru,,0
T010629,A0155,2026-02-20 12:07:00,230.14,travel,bus_ticket,D_A0155,Coimbatore,,0
T010630,A0476,2026-02-20 12:07:00,55.38,streaming,subscription,D_A0476,Chennai,,0
T010631,A0143,2026-02-20 12:08:00,68.14,clothing,shoes,D_A0143,Kochi,,0
T010632,A0005,2026-02-20 12:09:00,41.28,food,restaurant,D_A0005,Coimbatore,,0
T010633,A0489,2026-02-20 12:09:00,38.72,fuel,diesel,D_A0489,Madurai,,0
T010634,A0225,2026-02-20 12:09:00,80.93,travel,train_ticket,D_A0225,Bengaluru,,0
T010635,A0186,2026-02-20 12:12:00,19.14,food,restaurant,D_A0186,Kochi,,0
T010636,A0357,2026-02-20 12:13:00,46.38,food,delivery,D_A0357,Kochi,,0
T010637,A0030,2026-02-20 12:19:00,78.85,pharmacy,medicine,D_A0030,Hyderabad,,0
T010638,A0201,2026-02-20 12:20:00,18.62,streaming,subscription,D_A0201,Coimbatore,,0
T010639,A0392,2026-02-20 12:21:00,28.87,food,delivery,D_A0392,Chennai,,0
T010640,A0028,2026-02-20 12:22:00,156.99,travel,train_ticket,D_A0028,Bengaluru,,0
T010641,A0083,2026-02-20 12:23:00,146.68,fuel,diesel,D_A0083,Madurai,,0
T010642,A0289,2026-02-20 12:26:00,64.89,pharmacy,medicine,D_A0289,Bengaluru,,0
T010643,A0315,2026-02-20 12:28:00,142.15,travel,bus_ticket,D_A0315,Madurai,,0
T010644,A0305,2026-02-20 12:29:00,70.54,fuel,diesel,D_A0305,Mumbai,,0
T010645,A0455,2026-02-20 12:32:00,124.91,travel,bus_ticket,D_A0455,Chennai,,0
T010646,A0409,2026-02-20 12:32:00,188.61,travel,train_ticket,D_A0409,Chennai,,0
T010647,A0230,2026-02-20 12:32:00,15.04,streaming,subscription,D_A0230,Madurai,,0
T010648,A0135,2026-02-20 12:33:00,640.47,travel,bus_ticket,D_A0135,Delhi,,0
T010649,A0143,2026-02-20 12:34:00,54.24,transfer,p2p_transfer,D_A0143,Kochi,PAYEE_A0143,0
T010650,A0431,2026-02-20 12:36:00,55.12,food,restaurant,D_FAM_11,Hyderabad,,0
T010651,A0479,2026-02-20 12:39:00,62.96,grocery,vegetables,D_A0479,Chennai,,0
T010652,A0266,2026-02-20 12:40:00,116.07,pharmacy,medicine,D_A0266,Hyderabad,,0
T010653,A0226,2026-02-20 12:43:00,43.1,grocery,groceries,D_A0226,Chennai,,0
T010654,A0312,2026-02-20 12:46:00,75.95,grocery,groceries,D_A0312,Madurai,,0
T010655,A0482,2026-02-20 12:47:00,174.84,travel,bus_ticket,D_A0482,Kochi,,0
T010656,A0063,2026-02-20 12:49:00,73.28,grocery,groceries,D_A0063,Coimbatore,,0
T010657,A0087,2026-02-20 12:51:00,144.95,pharmacy,medicine,D_A0087,Madurai,,0
T010658,A0263,2026-02-20 12:54:00,218.68,clothing,shoes,D_A0263,Coimbatore,,0
T010659,A0483,2026-02-20 12:57:00,51.17,fuel,diesel,D_A0483,Delhi,,0
T010660,A0215,2026-02-20 13:00:00,16.53,streaming,subscription,D_A0215,Madurai,,0
T010661,A0027,2026-02-20 13:03:00,32.13,streaming,subscription,D_A0027,Mumbai,,0
T010662,A0293,2026-02-20 13:03:00,65.5,pharmacy,medicine,D_A0293,Mumbai,,0
T010663,A0320,2026-02-20 13:03:00,20.06,pharmacy,medicine,D_FAM_4,Madurai,,0
T010664,A0265,2026-02-20 13:06:00,34.02,streaming,subscription,D_A0265,Mumbai,,0
T010665,A0249,2026-02-20 13:06:00,22.13,food,restaurant,D_A0249,Kochi,,0
T010666,A0371,2026-02-20 13:06:00,46.02,pharmacy,medicine,D_A0371,Kochi,,0
T010667,A0484,2026-02-20 13:07:00,44.68,fuel,diesel,D_A0484,Bengaluru,,0
T010668,A0461,2026-02-20 13:09:00,51.65,food,delivery,D_FAM_0,Madurai,,0
T010669,A0003,2026-02-20 13:13:00,156.28,clothing,shoes,D_A0003,Chennai,,0
T010670,A0345,2026-02-20 13:14:00,30.48,grocery,vegetables,D_A0345,Bengaluru,,0
T010671,A0041,2026-02-20 13:20:00,82.28,transfer,p2p_transfer,D_FAM_6,Hyderabad,PAYEE_A0041,0
T010672,A0200,2026-02-20 13:22:00,41.81,streaming,subscription,D_A0200,Coimbatore,,0
T010673,A0314,2026-02-20 13:25:00,93.79,grocery,vegetables,D_FAM_10,Mumbai,,0
T010674,A0462,2026-02-20 13:30:00,27.72,food,restaurant,D_A0462,Coimbatore,,0
T010675,A0180,2026-02-20 13:32:00,54.63,grocery,groceries,D_A0180,Chennai,,0
T010676,A0496,2026-02-20 13:40:00,329.68,travel,bus_ticket,D_A0496,Mumbai,,0
T010677,A0405,2026-02-20 13:45:00,57.21,fuel,diesel,D_A0405,Kochi,,0
T010678,A0051,2026-02-20 13:46:00,48.11,food,restaurant,D_A0051,Mumbai,,0
T010679,A0258,2026-02-20 13:47:00,85.67,fuel,diesel,D_A0258,Bengaluru,,0
T010680,A0382,2026-02-20 13:49:00,131.47,clothing,clothes,D_A0382,Bengaluru,,0
T010681,A0066,2026-02-20 13:50:00,76.06,grocery,groceries,D_A0066,Bengaluru,,0
T010682,A0027,2026-02-20 13:53:00,98.78,grocery,vegetables,D_A0027,Mumbai,,0
T010683,A0222,2026-02-20 13:54:00,36.38,transfer,p2p_transfer,D_A0222,Madurai,PAYEE_A0222,0
T010684,A0211,2026-02-20 13:59:00,97.81,fuel,petrol,D_A0211,Kochi,,0
T010685,A0364,2026-02-20 14:00:00,71.5,grocery,groceries,D_A0364,Kochi,,0
T010686,A0314,2026-02-20 14:00:00,92.07,grocery,vegetables,D_FAM_10,Mumbai,,0
T010687,A0263,2026-02-20 14:00:00,150.29,pharmacy,medicine,D_A0263,Coimbatore,,0
T010688,A0438,2026-02-20 14:04:00,246.68,clothing,clothes,D_A0438,Bengaluru,,0
T010689,A0428,2026-02-20 14:04:00,33.79,giftcards,gift_card,D_A0428,Coimbatore,,0
T010690,A0132,2026-02-20 14:07:00,413.19,travel,train_ticket,D_A0132,Delhi,,0
T010691,A0485,2026-02-20 14:12:00,63.0,pharmacy,medicine,D_A0485,Madurai,,0
T010692,A0013,2026-02-20 14:12:00,122.3,travel,bus_ticket,D_A0013,Madurai,,0
T010693,A0451,2026-02-20 14:18:00,17.08,grocery,groceries,D_FAM_12,Madurai,,0
T010694,A0023,2026-02-20 14:19:00,103.19,grocery,vegetables,D_OFF_0,Hyderabad,,0
T010695,A0261,2026-02-20 14:24:00,69.95,transfer,p2p_transfer,D_A0261,Delhi,PAYEE_A0261,0
T010696,A0258,2026-02-20 14:35:00,58.76,pharmacy,medicine,D_A0258,Bengaluru,,0
T010697,A0292,2026-02-20 14:36:00,63.37,grocery,vegetables,D_A0292,Kochi,,0
T010698,A0469,2026-02-20 14:37:00,26.74,streaming,subscription,D_A0469,Delhi,,0
T010699,A0465,2026-02-20 14:38:00,108.68,pharmacy,medicine,D_A0465,Hyderabad,,0
T010700,A0225,2026-02-20 14:45:00,93.19,travel,bus_ticket,D_A0225,Bengaluru,,0
T010701,A0186,2026-02-20 14:48:00,32.54,food,delivery,D_A0186,Kochi,,0
T010702,A0009,2026-02-20 14:52:00,158.05,clothing,shoes,D_A0009,Mumbai,,0
T010703,A0151,2026-02-20 14:53:00,67.39,clothing,shoes,D_A0151,Coimbatore,,0
T010704,A0312,2026-02-20 14:55:00,59.18,pharmacy,medicine,D_A0312,Madurai,,0
T010705,A0340,2026-02-20 15:01:00,61.15,pharmacy,medicine,D_A0340,Madurai,,0
T010706,A0215,2026-02-20 15:06:00,6.72,streaming,subscription,D_A0215,Coimbatore,,0
T010707,A0097,2026-02-20 15:07:00,144.34,travel,bus_ticket,D_FAM_1,Delhi,,0
T010708,A0370,2026-02-20 15:13:00,24.61,streaming,subscription,D_A0370,Coimbatore,,0
T010709,A0343,2026-02-20 15:17:00,23.3,clothing,shoes,D_A0343,Kochi,,0
T010710,A0221,2026-02-20 15:21:00,42.0,clothing,clothes,D_A0221,Mumbai,,0
T010711,A0350,2026-02-20 15:21:00,117.24,food,delivery,D_A0350,Kochi,,0
T010712,A0385,2026-02-20 15:24:00,22.57,food,delivery,D_A0385,Kochi,,0
T010713,A0421,2026-02-20 15:26:00,89.17,clothing,shoes,D_A0421,Kochi,,0
T010714,A0089,2026-02-20 15:26:00,548.85,travel,train_ticket,D_A0089,Hyderabad,,0
T010715,A0234,2026-02-20 15:27:00,78.11,fuel,diesel,D_A0234,Coimbatore,,0
T010716,A0352,2026-02-20 15:33:00,49.51,clothing,clothes,D_A0352,Bengaluru,,0
T010717,A0356,2026-02-20 15:33:00,51.63,clothing,clothes,D_A0356,Bengaluru,,0
T010718,A0143,2026-02-20 15:34:00,6.98,streaming,subscription,D_A0143,Kochi,,0
T010719,A0306,2026-02-20 15:35:00,54.61,clothing,clothes,D_A0306,Chennai,,0
T010720,A0203,2026-02-20 15:40:00,19.2,fuel,diesel,D_A0203,Mumbai,,0
T010721,A0231,2026-02-20 15:55:00,186.94,travel,bus_ticket,D_A0231,Delhi,,0
T010722,A0474,2026-02-20 15:55:00,91.43,clothing,shoes,D_A0474,Kochi,,0
T010723,A0156,2026-02-20 15:56:00,75.3,travel,bus_ticket,D_A0156,Delhi,,0
T010724,A0180,2026-02-20 15:59:00,52.7,grocery,vegetables,D_A0180,Chennai,,0
T010725,A0169,2026-02-20 16:01:00,6.58,streaming,subscription,D_A0169,Bengaluru,,0
T010726,A0119,2026-02-20 16:02:00,30.83,streaming,subscription,D_A0119,Madurai,,0
T010727,A0445,2026-02-20 16:03:00,131.11,clothing,clothes,D_A0445,Coimbatore,,0
T010728,A0048,2026-02-20 16:04:00,28.83,food,delivery,D_A0048,Mumbai,,0
T010729,A0213,2026-02-20 16:04:00,203.08,clothing,clothes,D_A0213,Bengaluru,,0
T010730,A0117,2026-02-20 16:09:00,44.67,food,delivery,D_A0117,Bengaluru,,0
T010731,A0201,2026-02-20 16:12:00,124.18,travel,bus_ticket,D_A0201,Coimbatore,,0
T010732,A0199,2026-02-20 16:27:00,129.95,clothing,clothes,D_A0199,Madurai,,0
T010733,A0349,2026-02-20 16:28:00,52.71,food,delivery,D_A0349,Bengaluru,,0
T010734,A0333,2026-02-20 16:33:00,230.45,fuel,petrol,D_FAM_9,Bengaluru,,0
T010735,A0110,2026-02-20 16:43:00,51.31,grocery,groceries,D_FAM_11,Delhi,,0
T010736,A0225,2026-02-20 16:44:00,122.46,travel,train_ticket,D_A0225,Bengaluru,,0
T010737,A0405,2026-02-20 16:50:00,52.81,pharmacy,medicine,D_A0405,Chennai,,0
T010738,A0295,2026-02-20 16:54:00,49.68,clothing,clothes,D_A0295,Madurai,,0
T010739,A0315,2026-02-20 16:58:00,87.84,transfer,p2p_transfer,D_A0315,Madurai,PAYEE_A0315,0
T010740,A0347,2026-02-20 17:02:00,61.54,pharmacy,medicine,D_A0347,Chennai,,0
T010741,A0117,2026-02-20 17:06:00,30.33,streaming,subscription,D_A0117,Bengaluru,,0
T010742,A0226,2026-02-20 17:09:00,49.97,grocery,groceries,D_A0226,Chennai,,0
T010743,A0471,2026-02-20 17:12:00,60.26,streaming,subscription,D_A0471,Delhi,,0
T010744,A0029,2026-02-20 17:14:00,11.64,streaming,subscription,D_A0029,Hyderabad,,0
T010745,A0398,2026-02-20 17:19:00,620.8,travel,train_ticket,D_OFF_1,Kochi,,0
T010746,A0473,2026-02-20 17:20:00,99.02,travel,bus_ticket,D_A0473,Mumbai,,0
T010747,A0495,2026-02-20 17:24:00,16.78,streaming,subscription,D_A0495,Chennai,,0
T010748,A0184,2026-02-20 17:24:00,173.38,travel,train_ticket,D_A0184,Coimbatore,,0
T010749,A0458,2026-02-20 17:31:00,99.86,travel,bus_ticket,D_FAM_9,Mumbai,,0
T010750,A0433,2026-02-20 17:36:00,17.35,streaming,subscription,D_A0433,Coimbatore,,0
T010751,A0256,2026-02-20 17:45:00,105.84,fuel,petrol,D_A0256,Bengaluru,,0
T010752,A0026,2026-02-20 17:52:00,14.01,streaming,subscription,D_A0026,Chennai,,0
T010753,A0433,2026-02-20 17:56:00,46.4,pharmacy,medicine,D_A0433,Hyderabad,,0
T010754,A0445,2026-02-20 17:59:00,96.61,pharmacy,medicine,D_A0445,Coimbatore,,0
T010755,A0299,2026-02-20 18:12:00,13.94,food,delivery,D_A0299,Chennai,,0
T010756,A0272,2026-02-20 18:15:00,29.99,streaming,subscription,D_FAM_14,Delhi,,0
T010757,A0354,2026-02-20 18:22:00,38.04,giftcards,gift_card,D_A0354,Hyderabad,,0
T010758,A0280,2026-02-20 18:23:00,326.19,clothing,shoes,D_A0280,Coimbatore,,0
T010759,A0499,2026-02-20 18:24:00,49.58,pharmacy,medicine,D_A0499,Hyderabad,,0
T010760,A0248,2026-02-20 18:36:00,56.56,clothing,shoes,D_A0248,Mumbai,,0
T010761,A0458,2026-02-20 18:36:00,31.01,grocery,vegetables,D_FAM_9,Mumbai,,0
T010762,A0490,2026-02-20 18:38:00,50.31,fuel,diesel,D_A0490,Hyderabad,,0
T010763,A0052,2026-02-20 18:38:00,142.49,travel,train_ticket,D_A0052,Bengaluru,,0
T010764,A0086,2026-02-20 18:41:00,82.4,pharmacy,medicine,D_A0086,Chennai,,0
T010765,A0477,2026-02-20 18:50:00,276.62,clothing,shoes,D_A0477,Mumbai,,0
T010766,A0444,2026-02-20 18:51:00,122.87,grocery,groceries,D_A0444,Mumbai,,0
T010767,A0374,2026-02-20 18:52:00,50.62,food,delivery,D_A0374,Kochi,,0
T010768,A0114,2026-02-20 18:54:00,200.82,clothing,shoes,D_A0114,Mumbai,,0
T010769,A0177,2026-02-20 18:55:00,159.21,fuel,diesel,D_A0177,Mumbai,,0
T010770,A0142,2026-02-20 19:19:00,28.45,food,restaurant,D_A0142,Madurai,,0
T010771,A0414,2026-02-20 19:24:00,28.14,streaming,subscription,D_A0414,Mumbai,,0
T010772,A0056,2026-02-20 19:38:00,36.48,grocery,groceries,D_A0056,Coimbatore,,0
T010773,A0200,2026-02-20 19:45:00,83.63,food,delivery,D_A0200,Coimbatore,,0
T010774,A0360,2026-02-20 20:13:00,90.22,fuel,diesel,D_A0360,Mumbai,,0
T010775,A0190,2026-02-20 20:23:00,192.0,clothing,clothes,D_FAM_13,Kochi,,0
T010776,A0205,2026-02-20 20:26:00,31.88,food,restaurant,D_A0205,Hyderabad,,0
T010777,A0424,2026-02-20 21:02:00,70.78,pharmacy,medicine,D_A0424,Mumbai,,0
T010778,A0454,2026-02-20 21:07:00,51.06,grocery,groceries,D_A0454,Kochi,,0
T010779,A0054,2026-02-20 21:31:00,77.63,clothing,shoes,D_A0054,Chennai,,0
T010780,A0249,2026-02-20 21:49:00,19.79,pharmacy,medicine,D_A0249,Kochi,,0
T010781,A0170,2026-02-20 21:54:00,18.87,grocery,vegetables,D_A0170,Kochi,,0
T010782,A0100,2026-02-20 22:35:00,358.97,clothing,shoes,D_A0100,Kochi,,0
T010783,A0324,2026-02-20 23:11:00,63.27,grocery,vegetables,D_A0324,Mumbai,,0
T010784,A0428,2026-02-20 23:40:00,44.57,food,restaurant,D_A0428,Coimbatore,,0
T010785,A0088,2026-02-20 23:52:00,29.06,streaming,subscription,D_A0088,Chennai,,0
T010786,A0462,2026-02-21 03:31:00,505.44,travel,phone,D_STOLEN_23,Hyderabad,,1
T010787,A0462,2026-02-21 03:43:00,421.69,travel,flight_ticket,D_STOLEN_23,Hyderabad,,1
T010788,A0295,2026-02-21 07:03:00,10.29,streaming,subscription,D_A0295,Madurai,,0
T010789,A0479,2026-02-21 07:23:00,201.59,travel,train_ticket,D_A0479,Chennai,,0
T010790,A0001,2026-02-21 07:24:00,175.22,transfer,p2p_transfer,D_A0001,Kochi,PAYEE_A0001,0
T010791,A0410,2026-02-21 07:25:00,210.78,travel,bus_ticket,D_A0410,Mumbai,,0
T010792,A0276,2026-02-21 07:25:00,25.98,food,restaurant,D_A0276,Delhi,,0
T010793,A0351,2026-02-21 07:40:00,56.74,transfer,p2p_transfer,D_A0351,Chennai,PAYEE_A0351,0
T010794,A0070,2026-02-21 07:46:00,60.07,food,delivery,D_A0070,Mumbai,,0
T010795,A0144,2026-02-21 07:52:00,60.58,grocery,groceries,D_A0144,Madurai,,0
T010796,A0056,2026-02-21 07:55:00,48.04,grocery,vegetables,D_A0056,Coimbatore,,0
T010797,A0438,2026-02-21 07:59:00,32.07,food,delivery,D_A0438,Madurai,,0
T010798,A0381,2026-02-21 08:12:00,241.99,clothing,clothes,D_A0381,Chennai,,0
T010799,A0422,2026-02-21 08:22:00,58.07,grocery,vegetables,D_A0422,Delhi,,0
T010800,A0492,2026-02-21 08:25:00,244.56,clothing,clothes,D_A0492,Kochi,,0
T010801,A0007,2026-02-21 08:25:00,65.57,clothing,clothes,D_A0007,Bengaluru,,0
T010802,A0246,2026-02-21 08:27:00,27.01,pharmacy,medicine,D_A0246,Coimbatore,,0
T010803,A0471,2026-02-21 08:31:00,26.79,streaming,subscription,D_A0471,Delhi,,0
T010804,A0067,2026-02-21 08:35:00,17.43,food,delivery,D_A0067,Madurai,,0
T010805,A0064,2026-02-21 08:54:00,39.27,pharmacy,medicine,D_A0064,Bengaluru,,0
T010806,A0476,2026-02-21 09:06:00,49.84,streaming,subscription,D_A0476,Chennai,,0
T010807,A0099,2026-02-21 09:07:00,29.55,streaming,subscription,D_A0099,Kochi,,0
T010808,A0473,2026-02-21 09:23:00,29.03,fuel,diesel,D_A0473,Mumbai,,0
T010809,A0429,2026-02-21 09:29:00,134.82,clothing,clothes,D_A0429,Madurai,,0
T010810,A0444,2026-02-21 09:29:00,269.39,travel,train_ticket,D_A0444,Kochi,,0
T010811,A0354,2026-02-21 09:35:00,72.4,clothing,clothes,D_A0354,Hyderabad,,0
T010812,A0144,2026-02-21 09:42:00,90.29,transfer,p2p_transfer,D_A0144,Madurai,PAYEE_A0144,0
T010813,A0493,2026-02-21 09:44:00,515.55,travel,train_ticket,D_A0493,Coimbatore,,0
T010814,A0085,2026-02-21 09:45:00,55.27,fuel,petrol,D_A0085,Delhi,,0
T010815,A0118,2026-02-21 09:45:00,105.0,fuel,diesel,D_A0118,Hyderabad,,0
T010816,A0469,2026-02-21 09:52:00,218.75,travel,bus_ticket,D_A0469,Delhi,,0
T010817,A0125,2026-02-21 09:54:00,35.01,food,delivery,D_A0125,Kochi,,0
T010818,A0250,2026-02-21 10:07:00,91.22,fuel,petrol,D_A0250,Hyderabad,,0
T010819,A0234,2026-02-21 10:10:00,17.11,streaming,subscription,D_A0234,Coimbatore,,0
T010820,A0470,2026-02-21 10:11:00,35.15,food,restaurant,D_A0470,Mumbai,,0
T010821,A0475,2026-02-21 10:11:00,232.0,travel,train_ticket,D_A0475,Madurai,,0
T010822,A0389,2026-02-21 10:13:00,38.66,food,restaurant,D_A0389,Coimbatore,,0
T010823,A0381,2026-02-21 10:18:00,233.91,clothing,clothes,D_A0381,Chennai,,0
T010824,A0367,2026-02-21 10:24:00,70.04,food,delivery,D_A0367,Mumbai,,0
T010825,A0420,2026-02-21 10:25:00,77.47,food,restaurant,D_OFF_0,Coimbatore,,0
T010826,A0480,2026-02-21 10:28:00,106.93,grocery,vegetables,D_A0480,Kochi,,0
T010827,A0361,2026-02-21 10:28:00,27.81,streaming,subscription,D_A0361,Chennai,,0
T010828,A0464,2026-02-21 10:33:00,20.79,pharmacy,medicine,D_A0464,Hyderabad,,0
T010829,A0300,2026-02-21 10:40:00,57.28,fuel,petrol,D_FAM_12,Delhi,,0
T010830,A0460,2026-02-21 10:42:00,35.06,clothing,shoes,D_A0460,Hyderabad,,0
T010831,A0047,2026-02-21 10:42:00,19.33,pharmacy,medicine,D_A0047,Coimbatore,,0
T010832,A0074,2026-02-21 10:46:00,38.74,grocery,groceries,D_A0074,Hyderabad,,0
T010833,A0094,2026-02-21 10:50:00,71.2,travel,bus_ticket,D_A0094,Bengaluru,,0
T010834,A0364,2026-02-21 10:53:00,142.41,clothing,shoes,D_A0364,Kochi,,0
T010835,R002,2026-02-21 10:53:00,170.75,giftcards,gift_card,D_RING_1,Bengaluru,,1
T010836,A0194,2026-02-21 10:55:00,140.03,pharmacy,medicine,D_FAM_2,Bengaluru,,0
T010837,R002,2026-02-21 11:00:00,193.23,prepaid,prepaid_card,D_RING_3,Bengaluru,,1
T010838,A0137,2026-02-21 11:06:00,86.3,pharmacy,medicine,D_FAM_13,Hyderabad,,0
T010839,R002,2026-02-21 11:07:00,148.47,digital_goods,game_credits,D_RING_1,Bengaluru,,1
T010840,A0071,2026-02-21 11:11:00,108.19,grocery,vegetables,D_A0071,Kochi,,0
T010841,A0463,2026-02-21 11:12:00,120.16,fuel,diesel,D_A0463,Bengaluru,,0
T010842,A0372,2026-02-21 11:12:00,87.76,grocery,vegetables,D_A0372,Coimbatore,,0
T010843,A0169,2026-02-21 11:18:00,10.91,streaming,subscription,D_A0169,Bengaluru,,0
T010844,R002,2026-02-21 11:23:00,362.28,transfer,p2p_transfer,D_RING_1,Bengaluru,PAYOUT_X,1
T010845,A0240,2026-02-21 11:24:00,112.53,fuel,diesel,D_FAM_11,Chennai,,0
T010846,A0331,2026-02-21 11:29:00,80.12,clothing,clothes,D_A0331,Bengaluru,,0
T010847,A0059,2026-02-21 11:29:00,141.9,pharmacy,medicine,D_A0059,Bengaluru,,0
T010848,A0041,2026-02-21 11:32:00,9.38,streaming,subscription,D_FAM_6,Hyderabad,,0
T010849,A0484,2026-02-21 11:35:00,15.72,streaming,subscription,D_A0484,Madurai,,0
T010850,A0328,2026-02-21 11:35:00,153.09,travel,bus_ticket,D_A0328,Kochi,,0
T010851,A0456,2026-02-21 11:39:00,77.01,travel,bus_ticket,D_A0456,Mumbai,,0
T010852,A0247,2026-02-21 11:41:00,37.63,pharmacy,medicine,D_A0247,Coimbatore,,0
T010853,A0205,2026-02-21 11:41:00,172.56,travel,bus_ticket,D_A0205,Hyderabad,,0
T010854,A0062,2026-02-21 11:46:00,23.41,streaming,subscription,D_A0062,Madurai,,0
T010855,A0418,2026-02-21 11:57:00,72.84,fuel,diesel,D_A0418,Coimbatore,,0
T010856,A0241,2026-02-21 12:13:00,26.59,grocery,groceries,D_A0241,Hyderabad,,0
T010857,A0107,2026-02-21 12:21:00,7.04,streaming,subscription,D_A0107,Madurai,,0
T010858,A0122,2026-02-21 12:26:00,63.27,pharmacy,medicine,D_A0122,Chennai,,0
T010859,A0363,2026-02-21 12:27:00,66.6,clothing,shoes,D_A0363,Coimbatore,,0
T010860,A0423,2026-02-21 12:33:00,19.85,food,delivery,D_A0423,Coimbatore,,0
T010861,A0280,2026-02-21 12:39:00,64.24,food,restaurant,D_A0280,Coimbatore,,0
T010862,A0139,2026-02-21 12:41:00,88.39,clothing,shoes,D_FAM_7,Hyderabad,,0
T010863,A0006,2026-02-21 12:45:00,61.31,pharmacy,medicine,D_FAM_7,Coimbatore,,0
T010864,A0471,2026-02-21 12:53:00,31.64,streaming,subscription,D_A0471,Delhi,,0
T010865,A0228,2026-02-21 12:54:00,188.81,clothing,shoes,D_A0228,Mumbai,,0
T010866,A0348,2026-02-21 12:56:00,45.81,food,delivery,D_A0348,Hyderabad,,0
T010867,A0040,2026-02-21 12:56:00,18.27,food,restaurant,D_A0040,Coimbatore,,0
T010868,A0366,2026-02-21 12:59:00,36.61,fuel,diesel,D_FAM_5,Delhi,,0
T010869,A0101,2026-02-21 13:01:00,56.75,pharmacy,medicine,D_A0101,Kochi,,0
T010870,A0157,2026-02-21 13:01:00,155.78,fuel,petrol,D_A0157,Hyderabad,,0
T010871,A0277,2026-02-21 13:02:00,265.55,clothing,clothes,D_A0277,Madurai,,0
T010872,A0416,2026-02-21 13:02:00,64.8,fuel,petrol,D_A0416,Hyderabad,,0
T010873,A0306,2026-02-21 13:03:00,55.63,transfer,p2p_transfer,D_A0306,Chennai,PAYEE_A0306,0
T010874,A0001,2026-02-21 13:06:00,69.96,food,delivery,D_A0001,Kochi,,0
T010875,A0167,2026-02-21 13:08:00,36.92,streaming,subscription,D_A0167,Chennai,,0
T010876,A0402,2026-02-21 13:11:00,68.25,fuel,petrol,D_A0402,Madurai,,0
T010877,A0377,2026-02-21 13:17:00,20.6,pharmacy,medicine,D_A0377,Mumbai,,0
T010878,A0170,2026-02-21 13:20:00,193.38,travel,bus_ticket,D_A0170,Kochi,,0
T010879,A0132,2026-02-21 13:23:00,204.84,travel,bus_ticket,D_A0132,Delhi,,0
T010880,A0380,2026-02-21 13:23:00,283.72,travel,bus_ticket,D_A0380,Mumbai,,0
T010881,A0252,2026-02-21 13:25:00,12.91,food,restaurant,D_A0252,Delhi,,0
T010882,A0254,2026-02-21 13:26:00,9.99,streaming,subscription,D_A0254,Delhi,,0
T010883,A0190,2026-02-21 13:27:00,102.2,pharmacy,medicine,D_FAM_13,Madurai,,0
T010884,A0320,2026-02-21 13:28:00,13.5,streaming,subscription,D_FAM_4,Madurai,,0
T010885,A0066,2026-02-21 13:29:00,67.55,food,restaurant,D_A0066,Bengaluru,,0
T010886,A0377,2026-02-21 13:31:00,22.05,pharmacy,medicine,D_A0377,Bengaluru,,0
T010887,A0336,2026-02-21 13:33:00,291.71,travel,train_ticket,D_A0336,Bengaluru,,0
T010888,A0094,2026-02-21 13:38:00,77.9,travel,train_ticket,D_A0094,Bengaluru,,0
T010889,A0053,2026-02-21 13:45:00,47.29,pharmacy,medicine,D_A0053,Bengaluru,,0
T010890,A0479,2026-02-21 13:45:00,61.35,grocery,groceries,D_A0479,Chennai,,0
T010891,A0434,2026-02-21 13:46:00,129.96,travel,bus_ticket,D_A0434,Delhi,,0
T010892,A0034,2026-02-21 13:56:00,65.07,travel,bus_ticket,D_FAM_10,Bengaluru,,0
T010893,A0131,2026-02-21 13:59:00,86.06,pharmacy,medicine,D_A0131,Madurai,,0
T010894,A0076,2026-02-21 14:05:00,16.95,streaming,subscription,D_A0076,Madurai,,0
T010895,A0021,2026-02-21 14:10:00,24.11,food,restaurant,D_A0021,Kochi,,0
T010896,A0313,2026-02-21 14:14:00,24.92,food,delivery,D_A0313,Chennai,,0
T010897,A0463,2026-02-21 14:17:00,41.82,streaming,subscription,D_A0463,Bengaluru,,0
T010898,A0034,2026-02-21 14:21:00,84.08,travel,train_ticket,D_FAM_10,Bengaluru,,0
T010899,A0146,2026-02-21 14:21:00,34.45,grocery,vegetables,D_A0146,Mumbai,,0
T010900,A0015,2026-02-21 14:36:00,28.42,food,delivery,D_FAM_14,Kochi,,0
T010901,A0097,2026-02-21 14:39:00,31.75,fuel,petrol,D_FAM_1,Delhi,,0
T010902,A0243,2026-02-21 14:46:00,489.18,travel,train_ticket,D_A0243,Delhi,,0
T010903,A0393,2026-02-21 14:48:00,69.45,grocery,groceries,D_A0393,Bengaluru,,0
T010904,A0399,2026-02-21 14:50:00,109.87,fuel,petrol,D_A0399,Hyderabad,,0
T010905,A0243,2026-02-21 14:55:00,77.33,food,delivery,D_A0243,Delhi,,0
T010906,A0419,2026-02-21 14:58:00,248.98,travel,bus_ticket,D_A0419,Delhi,,0
T010907,A0445,2026-02-21 14:59:00,59.97,pharmacy,medicine,D_A0445,Coimbatore,,0
T010908,A0241,2026-02-21 15:00:00,24.24,grocery,vegetables,D_A0241,Hyderabad,,0
T010909,A0236,2026-02-21 15:00:00,40.74,pharmacy,medicine,D_A0236,Chennai,,0
T010910,A0104,2026-02-21 15:01:00,371.33,travel,train_ticket,D_A0104,Hyderabad,,0
T010911,A0096,2026-02-21 15:03:00,173.86,clothing,clothes,D_A0096,Hyderabad,,0
T010912,A0487,2026-02-21 15:04:00,331.7,travel,train_ticket,D_A0487,Mumbai,,0
T010913,A0308,2026-02-21 15:05:00,16.77,streaming,subscription,D_A0308,Bengaluru,,0
T010914,A0162,2026-02-21 15:10:00,62.35,food,restaurant,D_A0162,Coimbatore,,0
T010915,A0484,2026-02-21 15:13:00,15.61,streaming,subscription,D_A0484,Bengaluru,,0
T010916,A0361,2026-02-21 15:14:00,40.7,pharmacy,medicine,D_A0361,Chennai,,0
T010917,A0105,2026-02-21 15:15:00,69.7,fuel,diesel,D_OFF_2,Chennai,,0
T010918,A0217,2026-02-21 15:27:00,218.46,fuel,diesel,D_A0217,Chennai,,0
T010919,A0016,2026-02-21 15:32:00,197.57,grocery,groceries,D_FAM_12,Chennai,,0
T010920,A0247,2026-02-21 15:32:00,75.98,pharmacy,medicine,D_A0247,Coimbatore,,0
T010921,A0462,2026-02-21 15:33:00,87.45,transfer,p2p_transfer,D_A0462,Mumbai,PAYEE_A0462,0
T010922,A0183,2026-02-21 15:33:00,21.22,grocery,groceries,D_A0183,Mumbai,,0
T010923,A0069,2026-02-21 15:42:00,40.4,food,delivery,D_A0069,Chennai,,0
T010924,A0434,2026-02-21 15:46:00,25.72,food,restaurant,D_A0434,Delhi,,0
T010925,A0272,2026-02-21 15:50:00,17.92,streaming,subscription,D_FAM_14,Delhi,,0
T010926,A0371,2026-02-21 15:51:00,74.96,fuel,diesel,D_A0371,Madurai,,0
T010927,A0016,2026-02-21 15:52:00,43.18,streaming,subscription,D_FAM_12,Chennai,,0
T010928,A0467,2026-02-21 15:54:00,13.09,streaming,subscription,D_A0467,Delhi,,0
T010929,A0307,2026-02-21 15:54:00,245.87,travel,bus_ticket,D_A0307,Mumbai,,0
T010930,A0316,2026-02-21 15:54:00,322.86,travel,bus_ticket,D_FAM_14,Madurai,,0
T010931,A0038,2026-02-21 16:10:00,65.58,fuel,diesel,D_A0038,Madurai,,0
T010932,A0318,2026-02-21 16:15:00,7.21,streaming,subscription,D_A0318,Bengaluru,,0
T010933,A0098,2026-02-21 16:18:00,19.6,streaming,subscription,D_A0098,Mumbai,,0
T010934,A0222,2026-02-21 16:27:00,78.71,travel,train_ticket,D_A0222,Delhi,,0
T010935,A0405,2026-02-21 16:31:00,73.16,fuel,petrol,D_A0405,Kochi,,0
T010936,A0205,2026-02-21 16:33:00,40.31,food,restaurant,D_A0205,Hyderabad,,0
T010937,A0010,2026-02-21 16:34:00,9.02,streaming,subscription,D_A0010,Delhi,,0
T010938,A0221,2026-02-21 16:39:00,13.85,streaming,subscription,D_A0221,Mumbai,,0
T010939,A0135,2026-02-21 16:40:00,775.13,travel,train_ticket,D_A0135,Delhi,,0
T010940,A0011,2026-02-21 16:41:00,97.85,transfer,p2p_transfer,D_A0011,Delhi,PAYEE_A0011,0
T010941,A0423,2026-02-21 17:06:00,48.42,food,delivery,D_A0423,Kochi,,0
T010942,A0438,2026-02-21 17:08:00,603.99,travel,train_ticket,D_A0438,Madurai,,0
T010943,A0171,2026-02-21 17:11:00,7.87,streaming,subscription,D_A0171,Madurai,,0
T010944,A0001,2026-02-21 17:14:00,292.29,travel,bus_ticket,D_A0001,Kochi,,0
T010945,A0115,2026-02-21 17:19:00,322.25,travel,train_ticket,D_A0115,Kochi,,0
T010946,A0360,2026-02-21 17:20:00,41.11,fuel,petrol,D_A0360,Mumbai,,0
T010947,A0257,2026-02-21 17:26:00,41.98,food,delivery,D_A0257,Coimbatore,,0
T010948,A0254,2026-02-21 17:42:00,122.49,clothing,clothes,D_A0254,Delhi,,0
T010949,A0392,2026-02-21 17:44:00,81.97,pharmacy,medicine,D_A0392,Bengaluru,,0
T010950,A0207,2026-02-21 17:46:00,20.64,streaming,subscription,D_A0207,Bengaluru,,0
T010951,A0320,2026-02-21 17:49:00,9.22,streaming,subscription,D_A0320,Madurai,,0
T010952,A0455,2026-02-21 17:50:00,91.62,travel,bus_ticket,D_A0455,Delhi,,0
T010953,A0377,2026-02-21 17:51:00,25.92,pharmacy,medicine,D_A0377,Mumbai,,0
T010954,A0325,2026-02-21 17:52:00,40.58,food,restaurant,D_OFF_2,Kochi,,0
T010955,A0146,2026-02-21 17:57:00,20.06,grocery,vegetables,D_A0146,Mumbai,,0
T010956,A0157,2026-02-21 18:02:00,378.62,travel,bus_ticket,D_A0157,Hyderabad,,0
T010957,A0419,2026-02-21 18:05:00,82.76,clothing,shoes,D_A0419,Delhi,,0
T010958,A0369,2026-02-21 18:05:00,365.57,travel,train_ticket,D_A0369,Mumbai,,0
T010959,A0289,2026-02-21 18:10:00,31.45,pharmacy,medicine,D_A0289,Hyderabad,,0
T010960,A0023,2026-02-21 18:13:00,50.33,grocery,groceries,D_OFF_0,Hyderabad,,0
T010961,A0283,2026-02-21 18:15:00,8.83,streaming,subscription,D_A0283,Kochi,,0
T010962,A0499,2026-02-21 18:19:00,143.6,clothing,shoes,D_A0499,Hyderabad,,0
T010963,A0455,2026-02-21 18:19:00,99.07,clothing,clothes,D_A0455,Chennai,,0
T010964,A0207,2026-02-21 18:34:00,64.85,grocery,vegetables,D_A0207,Bengaluru,,0
T010965,A0342,2026-02-21 18:36:00,249.03,travel,train_ticket,D_A0342,Hyderabad,,0
T010966,A0342,2026-02-21 18:36:00,39.86,grocery,groceries,D_A0342,Hyderabad,,0
T010967,A0300,2026-02-21 18:43:00,28.72,giftcards,gift_card,D_FAM_12,Delhi,,0
T010968,A0060,2026-02-21 18:45:00,114.39,fuel,petrol,D_A0060,Madurai,,0
T010969,A0207,2026-02-21 18:50:00,70.29,grocery,groceries,D_A0207,Delhi,,0
T010970,A0028,2026-02-21 18:50:00,67.7,transfer,p2p_transfer,D_A0028,Bengaluru,PAYEE_A0028,0
T010971,A0194,2026-02-21 18:53:00,224.24,clothing,clothes,D_FAM_2,Bengaluru,,0
T010972,A0378,2026-02-21 19:17:00,49.49,pharmacy,medicine,D_A0378,Mumbai,,0
T010973,A0042,2026-02-21 19:27:00,25.81,streaming,subscription,D_A0042,Kochi,,0
T010974,A0001,2026-02-21 19:40:00,23.52,food,delivery,D_A0001,Kochi,,0
T010975,A0364,2026-02-21 19:44:00,150.33,clothing,clothes,D_A0364,Coimbatore,,0
T010976,A0455,2026-02-21 19:45:00,88.55,clothing,shoes,D_A0455,Chennai,,0
T010977,A0153,2026-02-21 19:52:00,1779.19,electronics,laptop,D_A0153,Madurai,,0
T010978,A0023,2026-02-21 19:56:00,89.46,grocery,vegetables,D_OFF_0,Hyderabad,,0
T010979,A0482,2026-02-21 20:00:00,183.8,travel,bus_ticket,D_A0482,Kochi,,0
T010980,A0225,2026-02-21 20:12:00,37.77,grocery,vegetables,D_A0225,Bengaluru,,0
T010981,A0300,2026-02-21 20:18:00,57.71,fuel,petrol,D_FAM_12,Delhi,,0
T010982,A0166,2026-02-21 20:18:00,99.72,grocery,vegetables,D_A0166,Bengaluru,,0
T010983,A0010,2026-02-21 20:19:00,35.65,travel,bus_ticket,D_A0010,Delhi,,0
T010984,A0346,2026-02-21 20:22:00,316.42,fuel,diesel,D_A0346,Mumbai,,0
T010985,A0407,2026-02-21 20:41:00,141.72,clothing,shoes,D_A0407,Bengaluru,,0
T010986,A0457,2026-02-21 20:52:00,50.84,fuel,diesel,D_A0457,Hyderabad,,0
T010987,A0417,2026-02-21 20:54:00,201.04,travel,bus_ticket,D_A0417,Madurai,,0
T010988,A0035,2026-02-21 21:11:00,156.93,pharmacy,medicine,D_FAM_9,Delhi,,0
T010989,A0111,2026-02-21 21:14:00,143.81,travel,bus_ticket,D_A0111,Chennai,,0
T010990,A0030,2026-02-21 21:54:00,84.59,grocery,vegetables,D_A0030,Hyderabad,,0
T010991,A0031,2026-02-21 22:44:00,149.87,clothing,shoes,D_OFF_2,Coimbatore,,0
T010992,A0196,2026-02-21 23:01:00,45.24,food,restaurant,D_A0196,Coimbatore,,0
T010993,A0249,2026-02-21 23:11:00,19.07,food,restaurant,D_A0249,Kochi,,0
T010994,A0097,2026-02-21 23:15:00,71.05,fuel,diesel,D_FAM_1,Delhi,,0
T010995,A0057,2026-02-22 07:22:00,42.46,streaming,subscription,D_OFF_0,Mumbai,,0
T010996,A0284,2026-02-22 07:28:00,66.75,transfer,p2p_transfer,D_A0284,Coimbatore,PAYEE_A0284,0
T010997,A0319,2026-02-22 07:28:00,210.67,fuel,petrol,D_A0319,Madurai,,0
T010998,A0201,2026-02-22 07:35:00,22.72,food,delivery,D_A0201,Bengaluru,,0
T010999,A0350,2026-02-22 07:36:00,129.78,food,delivery,D_A0350,Kochi,,0
T011000,A0337,2026-02-22 07:37:00,154.97,fuel,petrol,D_A0337,Coimbatore,,0
T011001,A0401,2026-02-22 07:46:00,123.49,clothing,clothes,D_A0401,Madurai,,0
T011002,A0239,2026-02-22 07:53:00,55.37,fuel,diesel,D_A0239,Coimbatore,,0
T011003,A0057,2026-02-22 07:57:00,29.03,streaming,subscription,D_OFF_0,Mumbai,,0
T011004,A0273,2026-02-22 07:57:00,116.82,clothing,clothes,D_A0273,Bengaluru,,0
T011005,A0298,2026-02-22 07:59:00,354.16,clothing,shoes,D_A0298,Chennai,,0
T011006,A0161,2026-02-22 08:04:00,141.73,fuel,diesel,D_A0161,Bengaluru,,0
T011007,A0242,2026-02-22 08:05:00,211.41,food,restaurant,D_A0242,Bengaluru,,0
T011008,A0097,2026-02-22 08:07:00,26.69,grocery,groceries,D_FAM_1,Delhi,,0
T011009,A0062,2026-02-22 08:10:00,137.11,clothing,shoes,D_A0062,Delhi,,0
T011010,A0043,2026-02-22 08:26:00,25.53,food,delivery,D_A0043,Delhi,,0
T011011,A0450,2026-02-22 08:29:00,42.62,grocery,vegetables,D_A0450,Hyderabad,,0
T011012,A0358,2026-02-22 08:56:00,35.25,food,delivery,D_A0358,Madurai,,0
T011013,A0360,2026-02-22 09:02:00,53.75,pharmacy,medicine,D_A0360,Mumbai,,0
T011014,A0355,2026-02-22 09:15:00,149.87,travel,bus_ticket,D_A0355,Kochi,,0
T011015,A0234,2026-02-22 09:24:00,20.14,streaming,subscription,D_A0234,Coimbatore,,0
T011016,A0278,2026-02-22 09:27:00,38.87,food,restaurant,D_A0278,Madurai,,0
T011017,A0457,2026-02-22 09:32:00,82.18,fuel,diesel,D_A0457,Hyderabad,,0
T011018,A0212,2026-02-22 09:42:00,31.27,streaming,subscription,D_OFF_1,Kochi,,0
T011019,A0286,2026-02-22 09:50:00,217.54,travel,bus_ticket,D_FAM_10,Hyderabad,,0
T011020,A0037,2026-02-22 09:54:00,61.68,food,restaurant,D_A0037,Madurai,,0
T011021,A0149,2026-02-22 09:58:00,240.42,clothing,shoes,D_A0149,Madurai,,0
T011022,A0255,2026-02-22 10:01:00,141.43,travel,bus_ticket,D_A0255,Mumbai,,0
T011023,A0262,2026-02-22 10:11:00,199.16,clothing,shoes,D_A0262,Chennai,,0
T011024,A0402,2026-02-22 10:13:00,175.52,travel,bus_ticket,D_A0402,Madurai,,0
T011025,R008,2026-02-22 10:19:00,106.0,giftcards,gift_card,D_RING_1,Coimbatore,,1
T011026,R008,2026-02-22 10:26:00,153.62,prepaid,prepaid_card,D_RING_2,Coimbatore,,1
T011027,A0449,2026-02-22 10:32:00,135.72,pharmacy,medicine,D_FAM_0,Delhi,,0
T011028,R008,2026-02-22 10:33:00,163.23,digital_goods,game_credits,D_RING_1,Coimbatore,,1
T011029,A0459,2026-02-22 10:39:00,127.92,travel,train_ticket,D_A0459,Delhi,,0
T011030,A0423,2026-02-22 10:45:00,32.08,grocery,groceries,D_A0423,Coimbatore,,0
T011031,A0344,2026-02-22 10:47:00,61.7,fuel,petrol,D_A0344,Kochi,,0
T011032,R008,2026-02-22 10:49:00,183.32,transfer,p2p_transfer,D_RING_2,Coimbatore,PAYOUT_X,1
T011033,A0164,2026-02-22 10:50:00,44.56,food,delivery,D_A0164,Madurai,,0
T011034,A0146,2026-02-22 10:54:00,29.61,grocery,groceries,D_A0146,Bengaluru,,0
T011035,A0236,2026-02-22 10:58:00,100.35,travel,bus_ticket,D_A0236,Chennai,,0
T011036,A0116,2026-02-22 11:04:00,20.08,streaming,subscription,D_A0116,Madurai,,0
T011037,A0066,2026-02-22 11:11:00,103.28,grocery,vegetables,D_A0066,Bengaluru,,0
T011038,A0316,2026-02-22 11:11:00,28.48,food,restaurant,D_FAM_14,Madurai,,0
T011039,A0120,2026-02-22 11:13:00,30.26,giftcards,gift_card,D_A0120,Hyderabad,,0
T011040,A0388,2026-02-22 11:24:00,36.74,grocery,groceries,D_A0388,Delhi,,0
T011041,A0372,2026-02-22 11:25:00,2220.62,electronics,television,D_A0372,Coimbatore,,0
T011042,A0421,2026-02-22 11:26:00,78.8,clothing,clothes,D_A0421,Chennai,,0
T011043,A0135,2026-02-22 11:26:00,251.85,fuel,diesel,D_A0135,Delhi,,0
T011044,A0478,2026-02-22 11:28:00,89.71,grocery,vegetables,D_A0478,Hyderabad,,0
T011045,A0059,2026-02-22 11:36:00,94.96,streaming,subscription,D_A0059,Bengaluru,,0
T011046,A0091,2026-02-22 11:44:00,86.98,food,restaurant,D_A0091,Delhi,,0
T011047,A0177,2026-02-22 11:44:00,87.63,fuel,petrol,D_A0177,Mumbai,,0
T011048,A0272,2026-02-22 11:49:00,39.18,food,restaurant,D_FAM_14,Delhi,,0
T011049,A0397,2026-02-22 11:51:00,192.71,clothing,clothes,D_A0397,Mumbai,,0
T011050,A0204,2026-02-22 11:54:00,16.91,food,restaurant,D_A0204,Kochi,,0
T011051,A0285,2026-02-22 11:55:00,93.27,fuel,petrol,D_A0285,Madurai,,0
T011052,A0233,2026-02-22 11:58:00,50.25,streaming,subscription,D_A0233,Coimbatore,,0
T011053,A0248,2026-02-22 11:59:00,75.96,clothing,shoes,D_A0248,Mumbai,,0
T011054,A0054,2026-02-22 11:59:00,129.44,travel,train_ticket,D_A0054,Chennai,,0
T011055,A0495,2026-02-22 12:03:00,14.52,streaming,subscription,D_A0495,Chennai,,0
T011056,A0123,2026-02-22 12:07:00,178.72,travel,bus_ticket,D_A0123,Bengaluru,,0
T011057,A0400,2026-02-22 12:10:00,79.13,food,delivery,D_A0400,Coimbatore,,0
T011058,A0280,2026-02-22 12:12:00,109.3,pharmacy,medicine,D_A0280,Coimbatore,,0
T011059,A0451,2026-02-22 12:17:00,16.51,pharmacy,medicine,D_FAM_12,Hyderabad,,0
T011060,A0202,2026-02-22 12:28:00,30.56,streaming,subscription,D_A0202,Madurai,,0
T011061,A0384,2026-02-22 12:28:00,42.2,food,delivery,D_A0384,Kochi,,0
T011062,A0107,2026-02-22 12:29:00,60.61,clothing,shoes,D_A0107,Madurai,,0
T011063,A0283,2026-02-22 12:30:00,66.01,travel,train_ticket,D_A0283,Kochi,,0
T011064,A0238,2026-02-22 12:31:00,74.25,fuel,diesel,D_A0238,Madurai,,0
T011065,A0197,2026-02-22 12:36:00,45.4,pharmacy,medicine,D_A0197,Bengaluru,,0
T011066,A0497,2026-02-22 12:37:00,75.14,grocery,groceries,D_A0497,Chennai,,0
T011067,A0287,2026-02-22 12:37:00,38.39,fuel,petrol,D_FAM_13,Mumbai,,0
T011068,A0212,2026-02-22 12:38:00,34.42,streaming,subscription,D_OFF_1,Kochi,,0
T011069,A0056,2026-02-22 12:39:00,97.21,transfer,p2p_transfer,D_A0056,Coimbatore,PAYEE_A0056,0
T011070,A0361,2026-02-22 12:41:00,26.27,streaming,subscription,D_A0361,Chennai,,0
T011071,A0296,2026-02-22 12:45:00,105.03,pharmacy,medicine,D_A0296,Hyderabad,,0
T011072,A0095,2026-02-22 12:45:00,98.43,pharmacy,medicine,D_A0095,Mumbai,,0
T011073,A0459,2026-02-22 12:47:00,162.18,travel,train_ticket,D_A0459,Delhi,,0
T011074,A0279,2026-02-22 12:47:00,68.82,fuel,petrol,D_OFF_0,Hyderabad,,0
T011075,A0105,2026-02-22 12:49:00,58.55,fuel,petrol,D_OFF_2,Chennai,,0
T011076,A0173,2026-02-22 12:50:00,69.92,grocery,vegetables,D_A0173,Bengaluru,,0
T011077,A0031,2026-02-22 12:54:00,149.46,clothing,clothes,D_OFF_2,Coimbatore,,0
T011078,A0402,2026-02-22 12:55:00,22.27,streaming,subscription,D_A0402,Madurai,,0
T011079,A0166,2026-02-22 12:59:00,257.46,travel,train_ticket,D_A0166,Bengaluru,,0
T011080,A0124,2026-02-22 13:08:00,139.92,fuel,petrol,D_A0124,Hyderabad,,0
T011081,A0177,2026-02-22 13:08:00,387.93,travel,bus_ticket,D_A0177,Delhi,,0
T011082,A0145,2026-02-22 13:10:00,17.81,streaming,subscription,D_A0145,Coimbatore,,0
T011083,A0242,2026-02-22 13:13:00,443.82,fuel,diesel,D_A0242,Bengaluru,,0
T011084,A0234,2026-02-22 13:16:00,15.84,streaming,subscription,D_A0234,Delhi,,0
T011085,A0124,2026-02-22 13:18:00,206.28,fuel,diesel,D_A0124,Hyderabad,,0
T011086,A0249,2026-02-22 13:23:00,80.98,travel,train_ticket,D_A0249,Kochi,,0
T011087,A0131,2026-02-22 13:31:00,96.37,pharmacy,medicine,D_A0131,Bengaluru,,0
T011088,A0343,2026-02-22 13:36:00,17.37,grocery,vegetables,D_A0343,Kochi,,0
T011089,A0131,2026-02-22 13:38:00,29.54,streaming,subscription,D_A0131,Bengaluru,,0
T011090,A0331,2026-02-22 13:39:00,70.74,transfer,p2p_transfer,D_A0331,Bengaluru,PAYEE_A0331,0
T011091,A0234,2026-02-22 13:42:00,31.5,giftcards,gift_card,D_A0234,Coimbatore,,0
T011092,A0088,2026-02-22 13:48:00,54.52,grocery,vegetables,D_A0088,Chennai,,0
T011093,A0351,2026-02-22 13:49:00,175.68,travel,train_ticket,D_A0351,Chennai,,0
T011094,A0120,2026-02-22 13:53:00,125.29,grocery,groceries,D_A0120,Hyderabad,,0
T011095,A0316,2026-02-22 13:53:00,282.44,travel,bus_ticket,D_FAM_14,Chennai,,0
T011096,A0318,2026-02-22 13:54:00,9.39,streaming,subscription,D_A0318,Bengaluru,,0
T011097,A0477,2026-02-22 13:54:00,246.17,transfer,p2p_transfer,D_A0477,Hyderabad,PAYEE_A0477,0
T011098,A0441,2026-02-22 13:56:00,169.56,fuel,petrol,D_A0441,Hyderabad,,0
T011099,A0375,2026-02-22 13:58:00,1518.09,electronics,television,D_A0375,Hyderabad,,0
T011100,A0209,2026-02-22 14:00:00,35.71,pharmacy,medicine,D_A0209,Kochi,,0
T011101,A0392,2026-02-22 14:00:00,34.73,food,delivery,D_A0392,Bengaluru,,0
T011102,A0457,2026-02-22 14:02:00,173.13,travel,train_ticket,D_A0457,Hyderabad,,0
T011103,A0279,2026-02-22 14:04:00,65.2,grocery,vegetables,D_OFF_0,Hyderabad,,0
T011104,A0164,2026-02-22 14:08:00,56.43,food,restaurant,D_A0164,Madurai,,0
T011105,A0332,2026-02-22 14:11:00,9.64,streaming,subscription,D_A0332,Delhi,,0
T011106,A0034,2026-02-22 14:12:00,41.58,travel,train_ticket,D_FAM_10,Chennai,,0
T011107,A0345,2026-02-22 14:14:00,30.25,streaming,subscription,D_A0345,Bengaluru,,0
T011108,A0286,2026-02-22 14:15:00,87.03,travel,bus_ticket,D_FAM_10,Hyderabad,,0
T011109,A0077,2026-02-22 14:16:00,183.88,travel,train_ticket,D_A0077,Madurai,,0
T011110,A0356,2026-02-22 14:16:00,66.02,travel,train_ticket,D_A0356,Bengaluru,,0
T011111,A0223,2026-02-22 14:20:00,112.22,travel,train_ticket,D_A0223,Hyderabad,,0
T011112,A0189,2026-02-22 14:23:00,1138.84,electronics,phone,D_A0189,Chennai,,0
T011113,A0433,2026-02-22 14:29:00,12.19,streaming,subscription,D_A0433,Hyderabad,,0
T011114,A0121,2026-02-22 14:30:00,50.16,pharmacy,medicine,D_A0121,Hyderabad,,0
T011115,A0327,2026-02-22 14:31:00,30.23,pharmacy,medicine,D_A0327,Coimbatore,,0
T011116,A0232,2026-02-22 14:32:00,53.44,grocery,groceries,D_A0232,Coimbatore,,0
T011117,A0279,2026-02-22 14:34:00,65.83,grocery,vegetables,D_OFF_0,Hyderabad,,0
T011118,A0294,2026-02-22 14:35:00,28.47,pharmacy,medicine,D_A0294,Chennai,,0
T011119,A0332,2026-02-22 14:41:00,32.38,food,restaurant,D_A0332,Delhi,,0
T011120,A0395,2026-02-22 14:41:00,42.88,pharmacy,medicine,D_A0395,Chennai,,0
T011121,A0189,2026-02-22 14:42:00,133.41,travel,train_ticket,D_A0189,Chennai,,0
T011122,A0112,2026-02-22 14:44:00,94.5,fuel,diesel,D_A0112,Delhi,,0
T011123,A0073,2026-02-22 14:44:00,13.3,streaming,subscription,D_A0073,Bengaluru,,0
T011124,A0218,2026-02-22 14:46:00,21.78,food,restaurant,D_A0218,Kochi,,0
T011125,A0067,2026-02-22 14:47:00,28.2,fuel,petrol,D_A0067,Madurai,,0
T011126,A0169,2026-02-22 14:48:00,151.05,travel,bus_ticket,D_A0169,Bengaluru,,0
T011127,A0209,2026-02-22 14:51:00,28.51,pharmacy,medicine,D_A0209,Mumbai,,0
T011128,A0369,2026-02-22 14:56:00,287.28,travel,bus_ticket,D_A0369,Bengaluru,,0
T011129,A0194,2026-02-22 15:01:00,158.99,transfer,p2p_transfer,D_FAM_2,Bengaluru,PAYEE_A0194,0
T011130,A0157,2026-02-22 15:19:00,117.61,grocery,groceries,D_A0157,Hyderabad,,0
T011131,A0136,2026-02-22 15:19:00,96.45,pharmacy,medicine,D_A0136,Chennai,,0
T011132,A0248,2026-02-22 15:23:00,8.93,streaming,subscription,D_A0248,Mumbai,,0
T011133,A0231,2026-02-22 15:24:00,113.3,travel,train_ticket,D_A0231,Delhi,,0
T011134,A0361,2026-02-22 15:32:00,59.05,food,restaurant,D_A0361,Mumbai,,0
T011135,A0238,2026-02-22 15:32:00,42.17,food,delivery,D_A0238,Madurai,,0
T011136,A0144,2026-02-22 15:36:00,123.9,transfer,p2p_transfer,D_A0144,Madurai,PAYEE_A0144,0
T011137,A0012,2026-02-22 15:37:00,62.54,food,restaurant,D_A0012,Coimbatore,,0
T011138,A0131,2026-02-22 15:45:00,48.49,pharmacy,medicine,D_A0131,Bengaluru,,0
T011139,A0052,2026-02-22 15:47:00,55.4,fuel,diesel,D_A0052,Bengaluru,,0
T011140,A0127,2026-02-22 15:51:00,104.57,clothing,shoes,D_A0127,Delhi,,0
T011141,A0120,2026-02-22 15:52:00,73.36,grocery,vegetables,D_A0120,Hyderabad,,0
T011142,A0457,2026-02-22 15:53:00,65.2,transfer,p2p_transfer,D_A0457,Hyderabad,PAYEE_A0457,0
T011143,A0378,2026-02-22 15:53:00,49.17,pharmacy,medicine,D_A0378,Hyderabad,,0
T011144,A0251,2026-02-22 15:53:00,53.51,fuel,petrol,D_A0251,Chennai,,0
T011145,A0383,2026-02-22 15:53:00,154.08,travel,train_ticket,D_A0383,Bengaluru,,0
T011146,A0497,2026-02-22 15:54:00,91.73,fuel,petrol,D_A0497,Chennai,,0
T011147,A0397,2026-02-22 15:54:00,52.09,fuel,petrol,D_A0397,Chennai,,0
T011148,A0485,2026-02-22 15:56:00,36.43,pharmacy,medicine,D_A0485,Madurai,,0
T011149,A0282,2026-02-22 15:56:00,225.52,clothing,clothes,D_A0282,Hyderabad,,0
T011150,A0081,2026-02-22 15:57:00,69.31,transfer,p2p_transfer,D_A0081,Coimbatore,PAYEE_A0081,0
T011151,A0129,2026-02-22 16:00:00,38.74,pharmacy,medicine,D_OFF_2,Delhi,,0
T011152,A0162,2026-02-22 16:03:00,141.98,clothing,shoes,D_A0162,Coimbatore,,0
T011153,A0386,2026-02-22 16:10:00,8.02,streaming,subscription,D_A0386,Coimbatore,,0
T011154,A0079,2026-02-22 16:17:00,34.91,food,delivery,D_A0079,Hyderabad,,0
T011155,A0169,2026-02-22 16:30:00,7.76,streaming,subscription,D_A0169,Bengaluru,,0
T011156,A0348,2026-02-22 16:33:00,32.91,food,restaurant,D_A0348,Coimbatore,,0
T011157,A0205,2026-02-22 16:37:00,25.0,food,restaurant,D_A0205,Hyderabad,,0
T011158,A0011,2026-02-22 16:48:00,113.3,fuel,diesel,D_A0011,Kochi,,0
T011159,A0302,2026-02-22 16:51:00,16.28,food,restaurant,D_A0302,Kochi,,0
T011160,A0392,2026-02-22 16:57:00,267.93,travel,train_ticket,D_A0392,Bengaluru,,0
T011161,A0409,2026-02-22 16:59:00,40.99,grocery,groceries,D_A0409,Chennai,,0
T011162,A0002,2026-02-22 17:01:00,35.63,pharmacy,medicine,D_A0002,Kochi,,0
T011163,A0496,2026-02-22 17:06:00,153.64,clothing,clothes,D_A0496,Mumbai,,0
T011164,A0210,2026-02-22 17:10:00,67.04,grocery,vegetables,D_A0210,Bengaluru,,0
T011165,A0387,2026-02-22 17:16:00,22.89,fuel,petrol,D_A0387,Madurai,,0
T011166,A0234,2026-02-22 17:19:00,83.62,fuel,petrol,D_A0234,Coimbatore,,0
T011167,A0213,2026-02-22 17:20:00,158.21,clothing,clothes,D_A0213,Coimbatore,,0
T011168,A0374,2026-02-22 17:23:00,77.8,grocery,groceries,D_A0374,Kochi,,0
T011169,A0283,2026-02-22 17:32:00,4.96,streaming,subscription,D_A0283,Kochi,,0
T011170,A0406,2026-02-22 17:33:00,35.95,pharmacy,medicine,D_A0406,Coimbatore,,0
T011171,A0138,2026-02-22 17:34:00,11.07,streaming,subscription,D_A0138,Kochi,,0
T011172,A0324,2026-02-22 17:37:00,223.58,travel,train_ticket,D_A0324,Mumbai,,0
T011173,A0372,2026-02-22 17:38:00,56.64,pharmacy,medicine,D_A0372,Coimbatore,,0
T011174,A0305,2026-02-22 17:38:00,48.78,fuel,petrol,D_A0305,Mumbai,,0
T011175,A0441,2026-02-22 17:46:00,134.26,fuel,petrol,D_A0441,Hyderabad,,0
T011176,A0032,2026-02-22 17:49:00,41.11,pharmacy,medicine,D_A0032,Delhi,,0
T011177,A0044,2026-02-22 17:51:00,44.9,grocery,vegetables,D_A0044,Bengaluru,,0
T011178,A0363,2026-02-22 18:00:00,50.07,food,restaurant,D_A0363,Coimbatore,,0
T011179,A0006,2026-02-22 18:02:00,36.03,streaming,subscription,D_FAM_7,Coimbatore,,0
T011180,A0271,2026-02-22 18:11:00,76.75,grocery,groceries,D_A0271,Chennai,,0
T011181,A0212,2026-02-22 18:15:00,393.5,travel,train_ticket,D_OFF_1,Kochi,,0
T011182,A0425,2026-02-22 18:16:00,52.16,pharmacy,medicine,D_A0425,Madurai,,0
T011183,A0030,2026-02-22 18:23:00,84.02,grocery,vegetables,D_A0030,Hyderabad,,0
T011184,A0043,2026-02-22 18:23:00,75.59,transfer,p2p_transfer,D_A0043,Delhi,PAYEE_A0043,0
T011185,A0437,2026-02-22 18:49:00,280.79,travel,bus_ticket,D_FAM_3,Kochi,,0
T011186,A0243,2026-02-22 18:51:00,309.47,clothing,shoes,D_A0243,Delhi,,0
T011187,A0194,2026-02-22 18:54:00,55.02,pharmacy,medicine,D_FAM_2,Bengaluru,,0
T011188,A0195,2026-02-22 18:57:00,6.73,fuel,diesel,D_FAM_11,Kochi,,0
T011189,A0130,2026-02-22 19:03:00,32.37,food,restaurant,D_A0130,Mumbai,,0
T011190,A0240,2026-02-22 19:21:00,43.46,grocery,vegetables,D_FAM_11,Bengaluru,,0
T011191,A0107,2026-02-22 19:26:00,56.52,fuel,diesel,D_A0107,Madurai,,0
T011192,A0357,2026-02-22 19:35:00,93.37,grocery,vegetables,D_A0357,Kochi,,0
T011193,A0202,2026-02-22 19:47:00,29.16,streaming,subscription,D_A0202,Madurai,,0
T011194,A0093,2026-02-22 19:55:00,95.11,clothing,shoes,D_A0093,Kochi,,0
T011195,A0411,2026-02-22 19:59:00,80.46,pharmacy,medicine,D_A0411,Kochi,,0
T011196,A0076,2026-02-22 20:30:00,69.28,clothing,shoes,D_A0076,Madurai,,0
T011197,A0302,2026-02-22 20:45:00,10.05,grocery,groceries,D_A0302,Kochi,,0
T011198,A0099,2026-02-22 20:47:00,49.75,fuel,petrol,D_A0099,Kochi,,0
T011199,A0480,2026-02-22 21:04:00,686.98,travel,bus_ticket,D_FAM_6,Kochi,,0
T011200,A0129,2026-02-22 21:16:00,102.76,clothing,clothes,D_OFF_2,Delhi,,0
T011201,A0073,2026-02-22 22:03:00,48.22,fuel,petrol,D_A0073,Bengaluru,,0
T011202,A0385,2026-02-22 23:29:00,88.49,travel,train_ticket,D_A0385,Kochi,,0
T011203,A0340,2026-02-23 07:01:00,114.6,pharmacy,medicine,D_A0340,Madurai,,0
T011204,A0455,2026-02-23 07:03:00,60.84,travel,train_ticket,D_A0455,Chennai,,0
T011205,A0101,2026-02-23 07:05:00,254.71,travel,train_ticket,D_A0101,Kochi,,0
T011206,A0286,2026-02-23 07:14:00,66.41,pharmacy,medicine,D_FAM_10,Hyderabad,,0
T011207,A0406,2026-02-23 07:18:00,175.56,travel,bus_ticket,D_A0406,Coimbatore,,0
T011208,A0117,2026-02-23 07:36:00,41.64,food,restaurant,D_A0117,Madurai,,0
T011209,A0434,2026-02-23 07:39:00,29.2,pharmacy,medicine,D_A0434,Delhi,,0
T011210,A0318,2026-02-23 07:39:00,10.95,food,delivery,D_A0318,Bengaluru,,0
T011211,A0010,2026-02-23 07:43:00,13.05,food,restaurant,D_A0010,Delhi,,0
T011212,A0094,2026-02-23 08:05:00,54.23,travel,bus_ticket,D_A0094,Bengaluru,,0
T011213,A0186,2026-02-23 08:20:00,33.31,food,delivery,D_A0186,Kochi,,0
T011214,A0412,2026-02-23 08:22:00,226.53,travel,bus_ticket,D_A0412,Kochi,,0
T011215,A0103,2026-02-23 08:59:00,119.71,pharmacy,medicine,D_A0103,Delhi,,0
T011216,A0162,2026-02-23 09:01:00,68.25,pharmacy,medicine,D_A0162,Mumbai,,0
T011217,A0021,2026-02-23 09:02:00,66.63,clothing,clothes,D_A0021,Coimbatore,,0
T011218,A0367,2026-02-23 09:03:00,28.36,streaming,subscription,D_A0367,Hyderabad,,0
T011219,A0268,2026-02-23 09:07:00,62.06,grocery,groceries,D_A0268,Chennai,,0
T011220,A0151,2026-02-23 09:20:00,146.54,travel,bus_ticket,D_A0151,Coimbatore,,0
T011221,A0313,2026-02-23 09:28:00,12.34,streaming,subscription,D_A0313,Chennai,,0
T011222,A0498,2026-02-23 09:45:00,90.81,fuel,diesel,D_A0498,Coimbatore,,0
T011223,A0279,2026-02-23 09:53:00,66.77,fuel,diesel,D_OFF_0,Hyderabad,,0
T011224,A0164,2026-02-23 09:57:00,24.61,streaming,subscription,D_A0164,Madurai,,0
T011225,A0062,2026-02-23 09:57:00,33.18,streaming,subscription,D_A0062,Madurai,,0
T011226,A0481,2026-02-23 10:06:00,166.8,grocery,vegetables,D_A0481,Coimbatore,,0
T011227,A0338,2026-02-23 10:06:00,90.51,travel,train_ticket,D_A0338,Kochi,,0
T011228,A0159,2026-02-23 10:07:00,35.99,food,delivery,D_A0159,Delhi,,0
T011229,A0453,2026-02-23 10:13:00,14.17,streaming,subscription,D_A0453,Bengaluru,,0
T011230,A0019,2026-02-23 10:20:00,71.56,grocery,groceries,D_A0019,Bengaluru,,0
T011231,A0197,2026-02-23 10:22:00,81.24,transfer,p2p_transfer,D_A0197,Bengaluru,PAYEE_A0197,0
T011232,A0186,2026-02-23 10:26:00,50.35,fuel,diesel,D_A0186,Kochi,,0
T011233,A0198,2026-02-23 10:35:00,25.93,food,restaurant,D_A0198,Chennai,,0
T011234,A0203,2026-02-23 10:42:00,53.47,clothing,clothes,D_A0203,Mumbai,,0
T011235,A0079,2026-02-23 10:44:00,91.42,clothing,shoes,D_A0079,Hyderabad,,0
T011236,A0105,2026-02-23 10:50:00,12.85,streaming,subscription,D_OFF_2,Delhi,,0
T011237,A0386,2026-02-23 11:02:00,14.61,streaming,subscription,D_A0386,Coimbatore,,0
T011238,A0428,2026-02-23 11:05:00,84.42,grocery,vegetables,D_A0428,Coimbatore,,0
T011239,A0338,2026-02-23 11:05:00,83.5,travel,bus_ticket,D_A0338,Kochi,,0
T011240,A0193,2026-02-23 11:06:00,165.77,fuel,petrol,D_A0193,Kochi,,0
T011241,A0316,2026-02-23 11:07:00,27.27,food,delivery,D_FAM_14,Madurai,,0
T011242,A0275,2026-02-23 11:12:00,20.43,streaming,subscription,D_FAM_5,Bengaluru,,0
T011243,A0063,2026-02-23 11:14:00,50.86,grocery,groceries,D_A0063,Coimbatore,,0
T011244,A0056,2026-02-23 11:15:00,95.63,grocery,vegetables,D_A0056,Coimbatore,,0
T011245,A0253,2026-02-23 11:18:00,66.15,fuel,diesel,D_A0253,Mumbai,,0
T011246,A0373,2026-02-23 11:20:00,13.89,food,restaurant,D_A0373,Coimbatore,,0
T011247,A0080,2026-02-23 11:27:00,27.87,grocery,groceries,D_A0080,Chennai,,0
T011248,A0365,2026-02-23 11:28:00,140.69,travel,bus_ticket,D_A0365,Chennai,,0
T011249,A0356,2026-02-23 11:30:00,35.55,giftcards,gift_card,D_A0356,Mumbai,,0
T011250,A0305,2026-02-23 11:30:00,26.09,streaming,subscription,D_A0305,Mumbai,,0
T011251,A0453,2026-02-23 11:32:00,26.65,streaming,subscription,D_A0453,Coimbatore,,0
T011252,A0260,2026-02-23 11:39:00,125.3,food,restaurant,D_A0260,Hyderabad,,0
T011253,A0087,2026-02-23 11:41:00,419.66,clothing,shoes,D_A0087,Madurai,,0
T011254,A0464,2026-02-23 11:53:00,55.71,fuel,diesel,D_A0464,Hyderabad,,0
T011255,A0039,2026-02-23 11:56:00,45.48,grocery,vegetables,D_A0039,Madurai,,0
T011256,A0097,2026-02-23 11:57:00,25.83,grocery,groceries,D_FAM_1,Delhi,,0
T011257,A0155,2026-02-23 11:58:00,86.26,fuel,petrol,D_A0155,Coimbatore,,0
T011258,A0356,2026-02-23 12:04:00,55.03,travel,bus_ticket,D_A0356,Bengaluru,,0
T011259,A0218,2026-02-23 12:05:00,59.96,clothing,clothes,D_A0218,Kochi,,0
T011260,A0066,2026-02-23 12:07:00,38.68,giftcards,gift_card,D_A0066,Bengaluru,,0
T011261,A0049,2026-02-23 12:08:00,183.44,transfer,p2p_transfer,D_FAM_8,Coimbatore,PAYEE_A0049,0
T011262,A0201,2026-02-23 12:19:00,34.01,pharmacy,medicine,D_A0201,Coimbatore,,0
T011263,A0239,2026-02-23 12:22:00,23.91,food,restaurant,D_A0239,Coimbatore,,0
T011264,A0395,2026-02-23 12:25:00,125.49,pharmacy,medicine,D_A0395,Chennai,,0
T011265,A0373,2026-02-23 12:27:00,11.52,streaming,subscription,D_A0373,Coimbatore,,0
T011266,A0027,2026-02-23 12:29:00,70.19,grocery,vegetables,D_A0027,Mumbai,,0
T011267,A0316,2026-02-23 12:32:00,67.63,food,restaurant,D_FAM_14,Madurai,,0
T011268,A0325,2026-02-23 12:33:00,28.27,food,delivery,D_OFF_2,Bengaluru,,0
T011269,A0342,2026-02-23 12:39:00,141.42,travel,bus_ticket,D_A0342,Hyderabad,,0
T011270,A0007,2026-02-23 12:40:00,36.58,transfer,p2p_transfer,D_A0007,Bengaluru,PAYEE_A0007,0
T011271,A0033,2026-02-23 12:42:00,119.29,clothing,shoes,D_A0033,Coimbatore,,0
T011272,A0272,2026-02-23 12:44:00,18.32,streaming,subscription,D_FAM_14,Mumbai,,0
T011273,A0154,2026-02-23 12:45:00,103.76,fuel,diesel,D_A0154,Chennai,,0
T011274,A0050,2026-02-23 12:46:00,64.26,pharmacy,medicine,D_A0050,Hyderabad,,0
T011275,A0049,2026-02-23 12:49:00,88.72,fuel,petrol,D_FAM_8,Kochi,,0
T011276,A0256,2026-02-23 12:50:00,71.11,grocery,groceries,D_A0256,Bengaluru,,0
T011277,A0295,2026-02-23 12:51:00,48.38,fuel,diesel,D_A0295,Madurai,,0
T011278,A0470,2026-02-23 12:54:00,57.15,giftcards,gift_card,D_A0470,Mumbai,,0
T011279,A0428,2026-02-23 12:54:00,57.18,food,restaurant,D_A0428,Coimbatore,,0
T011280,A0415,2026-02-23 12:54:00,11.94,streaming,subscription,D_A0415,Kochi,,0
T011281,A0081,2026-02-23 12:57:00,19.86,streaming,subscription,D_A0081,Coimbatore,,0
T011282,A0079,2026-02-23 12:57:00,136.11,clothing,clothes,D_A0079,Hyderabad,,0
T011283,A0024,2026-02-23 13:03:00,76.87,fuel,diesel,D_A0024,Hyderabad,,0
T011284,A0215,2026-02-23 13:04:00,91.54,clothing,shoes,D_A0215,Madurai,,0
T011285,A0241,2026-02-23 13:04:00,51.82,transfer,p2p_transfer,D_A0241,Hyderabad,PAYEE_A0241,0
T011286,A0039,2026-02-23 13:05:00,16.38,streaming,subscription,D_A0039,Madurai,,0
T011287,A0461,2026-02-23 13:06:00,24.99,food,restaurant,D_FAM_0,Madurai,,0
T011288,A0303,2026-02-23 13:10:00,82.05,fuel,petrol,D_FAM_4,Madurai,,0
T011289,A0050,2026-02-23 13:11:00,78.14,grocery,groceries,D_A0050,Hyderabad,,0
T011290,A0262,2026-02-23 13:14:00,57.74,pharmacy,medicine,D_A0262,Coimbatore,,0
T011291,A0031,2026-02-23 13:16:00,145.25,clothing,shoes,D_OFF_2,Coimbatore,,0
T011292,A0087,2026-02-23 13:21:00,167.19,pharmacy,medicine,D_A0087,Madurai,,0
T011293,A0355,2026-02-23 13:22:00,17.24,streaming,subscription,D_A0355,Kochi,,0
T011294,A0423,2026-02-23 13:22:00,11.35,food,delivery,D_A0423,Coimbatore,,0
T011295,A0387,2026-02-23 13:25:00,106.18,travel,bus_ticket,D_A0387,Madurai,,0
T011296,A0081,2026-02-23 13:37:00,62.29,fuel,diesel,D_A0081,Coimbatore,,0
T011297,A0333,2026-02-23 13:39:00,127.81,grocery,groceries,D_A0333,Bengaluru,,0
T011298,A0283,2026-02-23 13:44:00,10.66,streaming,subscription,D_A0283,Kochi,,0
T011299,A0110,2026-02-23 13:46:00,126.53,clothing,clothes,D_FAM_11,Delhi,,0
T011300,A0191,2026-02-23 13:54:00,30.85,fuel,diesel,D_A0191,Bengaluru,,0
T011301,A0332,2026-02-23 13:56:00,21.07,streaming,subscription,D_A0332,Delhi,,0
T011302,A0456,2026-02-23 13:57:00,14.03,streaming,subscription,D_A0456,Mumbai,,0
T011303,A0323,2026-02-23 14:07:00,63.61,fuel,diesel,D_A0323,Madurai,,0
T011304,A0177,2026-02-23 14:16:00,353.99,travel,train_ticket,D_A0177,Delhi,,0
T011305,A0475,2026-02-23 14:20:00,77.93,transfer,p2p_transfer,D_A0475,Hyderabad,PAYEE_A0475,0
T011306,A0367,2026-02-23 14:22:00,47.45,food,delivery,D_A0367,Mumbai,,0
T011307,A0062,2026-02-23 14:27:00,82.3,pharmacy,medicine,D_A0062,Madurai,,0
T011308,A0412,2026-02-23 14:38:00,40.51,pharmacy,medicine,D_A0412,Kochi,,0
T011309,A0178,2026-02-23 14:41:00,65.91,pharmacy,medicine,D_A0178,Mumbai,,0
T011310,A0312,2026-02-23 14:43:00,85.91,grocery,groceries,D_A0312,Madurai,,0
T011311,A0150,2026-02-23 14:45:00,17.59,grocery,vegetables,D_A0150,Mumbai,,0
T011312,A0245,2026-02-23 14:57:00,171.54,clothing,clothes,D_A0245,Hyderabad,,0
T011313,A0027,2026-02-23 14:59:00,128.57,clothing,clothes,D_A0027,Mumbai,,0
T011314,A0456,2026-02-23 15:07:00,194.85,travel,bus_ticket,D_A0456,Mumbai,,0
T011315,A0177,2026-02-23 15:08:00,106.74,pharmacy,medicine,D_A0177,Delhi,,0
T011316,A0468,2026-02-23 15:09:00,28.39,food,delivery,D_A0468,Chennai,,0
T011317,A0417,2026-02-23 15:14:00,337.81,travel,train_ticket,D_A0417,Madurai,,0
T011318,A0033,2026-02-23 15:15:00,216.18,travel,bus_ticket,D_A0033,Coimbatore,,0
T011319,A0287,2026-02-23 15:16:00,23.88,food,delivery,D_FAM_13,Mumbai,,0
T011320,A0316,2026-02-23 15:28:00,62.61,food,delivery,D_FAM_14,Chennai,,0
T011321,A0491,2026-02-23 15:30:00,61.92,clothing,shoes,D_FAM_2,Hyderabad,,0
T011322,A0175,2026-02-23 15:31:00,72.24,clothing,clothes,D_A0175,Chennai,,0
T011323,A0176,2026-02-23 15:32:00,24.3,fuel,petrol,D_A0176,Coimbatore,,0
T011324,A0121,2026-02-23 15:38:00,131.81,clothing,clothes,D_A0121,Coimbatore,,0
T011325,A0389,2026-02-23 15:41:00,59.21,grocery,vegetables,D_A0389,Coimbatore,,0
T011326,A0277,2026-02-23 15:42:00,27.06,streaming,subscription,D_A0277,Madurai,,0
T011327,A0011,2026-02-23 15:48:00,77.7,pharmacy,medicine,D_A0011,Delhi,,0
T011328,A0428,2026-02-23 15:50:00,45.92,food,delivery,D_A0428,Mumbai,,0
T011329,A0453,2026-02-23 15:53:00,390.55,travel,train_ticket,D_A0453,Bengaluru,,0
T011330,A0056,2026-02-23 15:54:00,55.45,grocery,vegetables,D_A0056,Coimbatore,,0
T011331,A0091,2026-02-23 16:02:00,258.28,transfer,p2p_transfer,D_A0091,Coimbatore,PAYEE_A0091,0
T011332,A0094,2026-02-23 16:05:00,68.05,clothing,clothes,D_A0094,Bengaluru,,0
T011333,A0303,2026-02-23 16:12:00,67.25,clothing,shoes,D_FAM_4,Madurai,,0
T011334,A0098,2026-02-23 16:13:00,5.02,streaming,subscription,D_A0098,Mumbai,,0
T011335,A0104,2026-02-23 16:21:00,510.16,travel,train_ticket,D_A0104,Hyderabad,,0
T011336,A0214,2026-02-23 16:23:00,44.96,travel,bus_ticket,D_A0214,Chennai,,0
T011337,A0474,2026-02-23 16:31:00,158.34,clothing,shoes,D_A0474,Kochi,,0
T011338,A0139,2026-02-23 16:34:00,55.9,fuel,petrol,D_FAM_7,Hyderabad,,0
T011339,A0065,2026-02-23 16:36:00,42.64,fuel,diesel,D_A0065,Chennai,,0
T011340,A0186,2026-02-23 16:38:00,61.21,fuel,petrol,D_A0186,Kochi,,0
T011341,A0362,2026-02-23 16:40:00,21.61,food,restaurant,D_A0362,Chennai,,0
T011342,A0484,2026-02-23 16:55:00,63.74,fuel,diesel,D_A0484,Bengaluru,,0
T011343,A0238,2026-02-23 16:56:00,230.95,travel,bus_ticket,D_A0238,Madurai,,0
T011344,A0266,2026-02-23 16:59:00,94.21,pharmacy,medicine,D_A0266,Hyderabad,,0
T011345,A0468,2026-02-23 17:09:00,156.7,travel,train_ticket,D_A0468,Chennai,,0
T011346,A0120,2026-02-23 17:11:00,18.54,streaming,subscription,D_A0120,Hyderabad,,0
T011347,A0261,2026-02-23 17:20:00,92.88,clothing,shoes,D_A0261,Delhi,,0
T011348,A0319,2026-02-23 17:20:00,148.66,fuel,diesel,D_A0319,Madurai,,0
T011349,A0191,2026-02-23 17:25:00,106.52,travel,bus_ticket,D_A0191,Mumbai,,0
T011350,A0427,2026-02-23 17:30:00,32.08,food,delivery,D_A0427,Coimbatore,,0
T011351,A0242,2026-02-23 17:31:00,68.07,food,delivery,D_A0242,Bengaluru,,0
T011352,A0153,2026-02-23 17:56:00,17.64,food,delivery,D_A0153,Madurai,,0
T011353,A0049,2026-02-23 17:57:00,65.35,fuel,petrol,D_A0049,Kochi,,0
T011354,A0456,2026-02-23 18:02:00,94.73,travel,train_ticket,D_A0456,Mumbai,,0
T011355,A0318,2026-02-23 18:43:00,8.23,food,restaurant,D_A0318,Bengaluru,,0
T011356,A0108,2026-02-23 18:47:00,162.82,fuel,petrol,D_A0108,Coimbatore,,0
T011357,A0238,2026-02-23 18:48:00,148.1,clothing,shoes,D_A0238,Madurai,,0
T011358,A0428,2026-02-23 18:48:00,69.4,food,delivery,D_A0428,Coimbatore,,0
T011359,A0106,2026-02-23 18:54:00,92.23,pharmacy,medicine,D_A0106,Bengaluru,,0
T011360,A0182,2026-02-23 18:59:00,18.56,streaming,subscription,D_FAM_8,Kochi,,0
T011361,A0206,2026-02-23 19:15:00,648.54,travel,train_ticket,D_A0206,Hyderabad,,0
T011362,A0396,2026-02-23 19:30:00,48.71,food,delivery,D_FAM_3,Coimbatore,,0
T011363,A0037,2026-02-23 19:38:00,35.14,streaming,subscription,D_A0037,Madurai,,0
T011364,A0089,2026-02-23 19:39:00,173.52,grocery,vegetables,D_A0089,Hyderabad,,0
T011365,A0459,2026-02-23 19:45:00,199.89,travel,bus_ticket,D_A0459,Delhi,,0
T011366,A0373,2026-02-23 20:01:00,49.76,giftcards,gift_card,D_A0373,Coimbatore,,0
T011367,A0059,2026-02-23 20:38:00,76.43,streaming,subscription,D_A0059,Bengaluru,,0
T011368,A0190,2026-02-23 21:07:00,187.55,clothing,shoes,D_FAM_13,Madurai,,0
T011369,A0355,2026-02-23 21:29:00,12.16,streaming,subscription,D_A0355,Kochi,,0
T011370,A0490,2026-02-23 21:46:00,14.28,streaming,subscription,D_A0490,Hyderabad,,0
T011371,A0244,2026-02-23 21:52:00,54.87,grocery,groceries,D_A0244,Coimbatore,,0
T011372,A0194,2026-02-23 21:55:00,224.63,clothing,shoes,D_FAM_2,Bengaluru,,0
T011373,A0267,2026-02-23 22:36:00,26.39,food,delivery,D_A0267,Delhi,,0
T011374,A0252,2026-02-23 23:52:00,66.0,travel,train_ticket,D_A0252,Delhi,,0
T011375,A0082,2026-02-24 02:22:00,1213.86,giftcards,gift_card,D_STOLEN_39,Kochi,,1
T011376,A0082,2026-02-24 02:34:00,1641.15,giftcards,phone,D_STOLEN_39,Kochi,,1
T011377,A0382,2026-02-24 07:04:00,94.96,fuel,petrol,D_A0382,Bengaluru,,0
T011378,A0335,2026-02-24 07:06:00,63.38,grocery,groceries,D_A0335,Mumbai,,0
T011379,A0207,2026-02-24 07:07:00,24.75,streaming,subscription,D_A0207,Bengaluru,,0
T011380,A0141,2026-02-24 07:08:00,30.39,streaming,subscription,D_FAM_2,Kochi,,0
T011381,A0467,2026-02-24 07:11:00,11.06,streaming,subscription,D_A0467,Delhi,,0
T011382,A0440,2026-02-24 07:14:00,39.5,pharmacy,medicine,D_A0440,Madurai,,0
T011383,A0167,2026-02-24 07:16:00,77.71,food,delivery,D_A0167,Chennai,,0
T011384,A0093,2026-02-24 07:16:00,119.5,clothing,clothes,D_A0093,Delhi,,0
T011385,A0304,2026-02-24 07:29:00,185.04,travel,bus_ticket,D_A0304,Hyderabad,,0
T011386,A0448,2026-02-24 07:33:00,129.59,fuel,petrol,D_A0448,Madurai,,0
T011387,A0066,2026-02-24 07:51:00,54.74,food,delivery,D_A0066,Bengaluru,,0
T011388,A0008,2026-02-24 07:56:00,31.06,grocery,groceries,D_A0008,Coimbatore,,0
T011389,A0169,2026-02-24 07:56:00,8.84,streaming,subscription,D_A0169,Bengaluru,,0
T011390,A0078,2026-02-24 07:57:00,26.94,grocery,groceries,D_A0078,Hyderabad,,0
T011391,A0162,2026-02-24 08:06:00,69.66,pharmacy,medicine,D_A0162,Coimbatore,,0
T011392,A0255,2026-02-24 08:06:00,228.86,clothing,shoes,D_A0255,Mumbai,,0
T011393,A0199,2026-02-24 08:12:00,48.64,grocery,groceries,D_A0199,Madurai,,0
T011394,A0116,2026-02-24 08:17:00,14.32,streaming,subscription,D_A0116,Madurai,,0
T011395,A0095,2026-02-24 08:18:00,260.57,clothing,clothes,D_A0095,Mumbai,,0
T011396,A0463,2026-02-24 08:19:00,799.51,travel,train_ticket,D_A0463,Bengaluru,,0
T011397,A0210,2026-02-24 08:37:00,91.66,grocery,vegetables,D_A0210,Bengaluru,,0
T011398,A0382,2026-02-24 08:38:00,76.57,fuel,diesel,D_A0382,Bengaluru,,0
T011399,A0138,2026-02-24 08:48:00,37.22,pharmacy,medicine,D_A0138,Mumbai,,0
T011400,A0126,2026-02-24 08:50:00,211.64,grocery,vegetables,D_A0126,Hyderabad,,0
T011401,R006,2026-02-24 09:00:00,113.33,giftcards,gift_card,D_RING_2,Bengaluru,,1
T011402,A0031,2026-02-24 09:01:00,197.36,clothing,clothes,D_OFF_2,Coimbatore,,0
T011403,A0138,2026-02-24 09:03:00,57.74,fuel,diesel,D_A0138,Kochi,,0
T011404,A0118,2026-02-24 09:04:00,60.36,pharmacy,medicine,D_A0118,Hyderabad,,0
T011405,A0460,2026-02-24 09:06:00,31.92,streaming,subscription,D_A0460,Hyderabad,,0
T011406,R006,2026-02-24 09:07:00,219.44,prepaid,prepaid_card,D_RING_2,Bengaluru,,1
T011407,A0413,2026-02-24 09:11:00,107.41,grocery,groceries,D_A0413,Mumbai,,0
T011408,R006,2026-02-24 09:14:00,149.12,digital_goods,game_credits,D_RING_2,Bengaluru,,1
T011409,A0406,2026-02-24 09:17:00,30.7,pharmacy,medicine,D_A0406,Coimbatore,,0
T011410,A0013,2026-02-24 09:24:00,43.99,food,restaurant,D_A0013,Madurai,,0
T011411,A0030,2026-02-24 09:26:00,23.25,pharmacy,medicine,D_A0030,Hyderabad,,0
T011412,R006,2026-02-24 09:30:00,373.82,transfer,p2p_transfer,D_RING_1,Bengaluru,PAYOUT_X,1
T011413,A0432,2026-02-24 09:42:00,56.64,fuel,petrol,D_FAM_14,Delhi,,0
T011414,A0492,2026-02-24 09:49:00,254.07,transfer,p2p_transfer,D_A0492,Kochi,PAYEE_A0492,0
T011415,A0310,2026-02-24 10:03:00,134.34,clothing,clothes,D_A0310,Chennai,,0
T011416,A0484,2026-02-24 10:13:00,46.42,fuel,diesel,D_A0484,Bengaluru,,0
T011417,A0099,2026-02-24 10:16:00,18.59,streaming,subscription,D_A0099,Kochi,,0
T011418,A0329,2026-02-24 10:17:00,83.89,transfer,p2p_transfer,D_A0329,Kochi,PAYEE_A0329,0
T011419,A0480,2026-02-24 10:18:00,161.49,grocery,groceries,D_FAM_6,Kochi,,0
T011420,A0271,2026-02-24 10:19:00,23.31,streaming,subscription,D_A0271,Chennai,,0
T011421,A0388,2026-02-24 10:24:00,33.79,grocery,vegetables,D_A0388,Delhi,,0
T011422,A0018,2026-02-24 10:28:00,373.39,clothing,clothes,D_A0018,Coimbatore,,0
T011423,A0411,2026-02-24 10:28:00,102.27,transfer,p2p_transfer,D_A0411,Kochi,PAYEE_A0411,0
T011424,A0335,2026-02-24 10:36:00,42.76,food,restaurant,D_A0335,Madurai,,0
T011425,A0204,2026-02-24 10:37:00,43.52,grocery,vegetables,D_A0204,Kochi,,0
T011426,A0246,2026-02-24 10:39:00,135.23,clothing,clothes,D_A0246,Kochi,,0
T011427,A0243,2026-02-24 10:41:00,244.94,clothing,clothes,D_A0243,Delhi,,0
T011428,A0386,2026-02-24 10:49:00,63.15,fuel,diesel,D_A0386,Coimbatore,,0
T011429,A0449,2026-02-24 10:51:00,332.5,fuel,petrol,D_FAM_0,Mumbai,,0
T011430,A0376,2026-02-24 10:53:00,157.25,pharmacy,medicine,D_A0376,Mumbai,,0
T011431,A0197,2026-02-24 10:57:00,42.78,food,delivery,D_A0197,Bengaluru,,0
T011432,A0281,2026-02-24 10:58:00,170.61,clothing,clothes,D_A0281,Coimbatore,,0
T011433,A0290,2026-02-24 11:07:00,237.72,travel,bus_ticket,D_OFF_2,Bengaluru,,0
T011434,A0057,2026-02-24 11:08:00,197.39,fuel,diesel,D_OFF_0,Mumbai,,0
T011435,A0425,2026-02-24 11:17:00,33.04,pharmacy,medicine,D_A0425,Madurai,,0
T011436,A0046,2026-02-24 11:21:00,41.06,pharmacy,medicine,D_A0046,Kochi,,0
T011437,A0177,2026-02-24 11:23:00,300.49,travel,train_ticket,D_A0177,Delhi,,0
T011438,A0412,2026-02-24 11:27:00,57.97,pharmacy,medicine,D_A0412,Kochi,,0
T011439,A0286,2026-02-24 11:28:00,233.88,travel,bus_ticket,D_FAM_10,Hyderabad,,0
T011440,A0416,2026-02-24 11:36:00,34.0,grocery,vegetables,D_A0416,Hyderabad,,0
T011441,A0297,2026-02-24 11:36:00,121.57,clothing,shoes,D_A0297,Hyderabad,,0
T011442,A0186,2026-02-24 11:43:00,17.91,food,restaurant,D_A0186,Hyderabad,,0
T011443,A0129,2026-02-24 11:44:00,43.06,pharmacy,medicine,D_OFF_2,Delhi,,0
T011444,A0163,2026-02-24 11:51:00,42.8,food,restaurant,D_FAM_5,Chennai,,0
T011445,A0251,2026-02-24 11:53:00,25.63,food,delivery,D_A0251,Chennai,,0
T011446,A0053,2026-02-24 11:57:00,54.19,pharmacy,medicine,D_A0053,Bengaluru,,0
T011447,A0343,2026-02-24 11:59:00,40.72,clothing,clothes,D_A0343,Kochi,,0
T011448,A0195,2026-02-24 12:02:00,11.81,fuel,diesel,D_FAM_11,Kochi,,0
T011449,A0320,2026-02-24 12:04:00,89.67,clothing,shoes,D_FAM_4,Madurai,,0
T011450,A0362,2026-02-24 12:04:00,17.94,food,restaurant,D_A0362,Delhi,,0
T011451,A0099,2026-02-24 12:05:00,11.82,streaming,subscription,D_A0099,Kochi,,0
T011452,A0006,2026-02-24 12:07:00,103.63,fuel,petrol,D_FAM_7,Coimbatore,,0
T011453,A0037,2026-02-24 12:18:00,26.23,streaming,subscription,D_A0037,Madurai,,0
T011454,A0075,2026-02-24 12:18:00,333.68,fuel,diesel,D_A0075,Kochi,,0
T011455,A0440,2026-02-24 12:20:00,22.57,streaming,subscription,D_OFF_2,Chennai,,0
T011456,A0288,2026-02-24 12:20:00,69.25,food,restaurant,D_A0288,Coimbatore,,0
T011457,A0116,2026-02-24 12:32:00,35.69,streaming,subscription,D_A0116,Madurai,,0
T011458,A0109,2026-02-24 12:37:00,11.4,streaming,subscription,D_FAM_13,Mumbai,,0
T011459,A0467,2026-02-24 12:37:00,12.41,streaming,subscription,D_OFF_1,Delhi,,0
T011460,A0274,2026-02-24 12:40:00,60.52,food,restaurant,D_A0274,Madurai,,0
T011461,A0058,2026-02-24 12:40:00,62.74,fuel,diesel,D_A0058,Delhi,,0
T011462,A0128,2026-02-24 12:41:00,202.42,clothing,shoes,D_A0128,Madurai,,0
T011463,A0488,2026-02-24 12:48:00,30.09,streaming,subscription,D_A0488,Kochi,,0
T011464,A0145,2026-02-24 12:49:00,231.24,travel,bus_ticket,D_A0145,Coimbatore,,0
T011465,A0407,2026-02-24 13:01:00,250.96,clothing,shoes,D_A0407,Bengaluru,,0
T011466,A0039,2026-02-24 13:03:00,34.85,food,restaurant,D_A0039,Madurai,,0
T011467,A0295,2026-02-24 13:16:00,46.46,grocery,vegetables,D_A0295,Madurai,,0
T011468,A0075,2026-02-24 13:26:00,184.07,fuel,diesel,D_A0075,Kochi,,0
T011469,A0263,2026-02-24 13:26:00,131.71,pharmacy,medicine,D_A0263,Coimbatore,,0
T011470,A0257,2026-02-24 13:28:00,98.02,clothing,shoes,D_A0257,Coimbatore,,0
T011471,A0452,2026-02-24 13:28:00,167.1,travel,bus_ticket,D_A0452,Madurai,,0
T011472,A0004,2026-02-24 13:33:00,21.25,pharmacy,medicine,D_A0004,Chennai,,0
T011473,A0202,2026-02-24 13:35:00,39.3,streaming,subscription,D_A0202,Madurai,,0
T011474,A0051,2026-02-24 13:36:00,103.98,fuel,diesel,D_A0051,Mumbai,,0
T011475,A0215,2026-02-24 13:38:00,53.77,grocery,vegetables,D_A0215,Madurai,,0
T011476,A0447,2026-02-24 13:38:00,57.21,grocery,groceries,D_A0447,Madurai,,0
T011477,A0311,2026-02-24 13:40:00,53.64,grocery,vegetables,D_A0311,Chennai,,0
T011478,A0330,2026-02-24 13:41:00,55.35,grocery,vegetables,D_A0330,Bengaluru,,0
T011479,A0246,2026-02-24 13:44:00,22.89,food,delivery,D_A0246,Kochi,,0
T011480,A0291,2026-02-24 13:45:00,124.15,travel,train_ticket,D_A0291,Mumbai,,0
T011481,A0248,2026-02-24 13:46:00,10.66,streaming,subscription,D_A0248,Mumbai,,0
T011482,A0442,2026-02-24 13:51:00,109.81,fuel,diesel,D_A0442,Kochi,,0
T011483,A0031,2026-02-24 13:52:00,106.64,grocery,groceries,D_OFF_2,Coimbatore,,0
T011484,A0380,2026-02-24 13:52:00,407.94,travel,bus_ticket,D_A0380,Mumbai,,0
T011485,A0336,2026-02-24 14:04:00,60.83,pharmacy,medicine,D_A0336,Bengaluru,,0
T011486,A0444,2026-02-24 14:10:00,282.32,clothing,clothes,D_A0444,Mumbai,,0
T011487,A0251,2026-02-24 14:11:00,49.31,fuel,diesel,D_A0251,Chennai,,0
T011488,A0337,2026-02-24 14:13:00,124.3,fuel,petrol,D_A0337,Coimbatore,,0
T011489,A0192,2026-02-24 14:13:00,136.42,grocery,groceries,D_A0192,Madurai,,0
T011490,R001,2026-02-24 14:14:00,164.2,giftcards,gift_card,D_RING_1,Delhi,,1
T011491,A0090,2026-02-24 14:19:00,47.47,grocery,groceries,D_A0090,Chennai,,0
T011492,A0125,2026-02-24 14:20:00,37.99,food,delivery,D_A0125,Kochi,,0
T011493,R001,2026-02-24 14:21:00,162.62,prepaid,prepaid_card,D_RING_1,Delhi,,1
T011494,A0146,2026-02-24 14:27:00,41.22,grocery,groceries,D_A0146,Bengaluru,,0
T011495,A0380,2026-02-24 14:27:00,362.7,travel,train_ticket,D_A0380,Mumbai,,0
T011496,R001,2026-02-24 14:28:00,183.66,digital_goods,game_credits,D_RING_1,Delhi,,1
T011497,A0364,2026-02-24 14:28:00,114.02,clothing,shoes,D_A0364,Kochi,,0
T011498,A0408,2026-02-24 14:29:00,77.36,clothing,clothes,D_A0408,Kochi,,0
T011499,A0209,2026-02-24 14:30:00,11.19,streaming,subscription,D_A0209,Kochi,,0
T011500,A0428,2026-02-24 14:32:00,178.9,transfer,p2p_transfer,D_A0428,Coimbatore,PAYEE_A0428,0
T011501,R001,2026-02-24 14:44:00,293.31,transfer,p2p_transfer,D_RING_3,Delhi,PAYOUT_X,1
T011502,A0397,2026-02-24 14:44:00,110.6,clothing,shoes,D_A0397,Chennai,,0
T011503,A0172,2026-02-24 14:44:00,30.42,streaming,subscription,D_A0172,Hyderabad,,0
T011504,A0465,2026-02-24 14:46:00,285.34,travel,train_ticket,D_A0465,Hyderabad,,0
T011505,A0050,2026-02-24 14:48:00,66.97,fuel,diesel,D_A0050,Hyderabad,,0
T011506,A0176,2026-02-24 14:50:00,152.9,travel,train_ticket,D_A0176,Mumbai,,0
T011507,A0147,2026-02-24 14:54:00,262.14,travel,bus_ticket,D_A0147,Delhi,,0
T011508,A0010,2026-02-24 14:54:00,90.6,travel,train_ticket,D_A0010,Delhi,,0
T011509,A0259,2026-02-24 14:56:00,17.67,streaming,subscription,D_A0259,Hyderabad,,0
T011510,A0158,2026-02-24 14:58:00,25.62,food,restaurant,D_A0158,Mumbai,,0
T011511,A0021,2026-02-24 15:06:00,38.23,food,restaurant,D_A0021,Kochi,,0
T011512,A0452,2026-02-24 15:07:00,175.79,travel,train_ticket,D_A0452,Madurai,,0
T011513,A0236,2026-02-24 15:09:00,23.64,pharmacy,medicine,D_A0236,Chennai,,0
T011514,A0370,2026-02-24 15:12:00,97.73,fuel,diesel,D_A0370,Coimbatore,,0
T011515,A0401,2026-02-24 15:20:00,92.88,clothing,clothes,D_A0401,Madurai,,0
T011516,A0287,2026-02-24 15:23:00,53.82,fuel,diesel,D_FAM_13,Kochi,,0
T011517,A0302,2026-02-24 15:23:00,13.23,food,restaurant,D_A0302,Kochi,,0
T011518,A0165,2026-02-24 15:26:00,14.37,streaming,subscription,D_A0165,Madurai,,0
T011519,A0311,2026-02-24 15:26:00,36.97,pharmacy,medicine,D_A0311,Chennai,,0
T011520,A0150,2026-02-24 15:27:00,64.99,travel,train_ticket,D_A0150,Mumbai,,0
T011521,A0026,2026-02-24 15:28:00,15.93,streaming,subscription,D_A0026,Chennai,,0
T011522,A0028,2026-02-24 15:30:00,114.13,travel,bus_ticket,D_A0028,Bengaluru,,0
T011523,A0462,2026-02-24 15:34:00,20.65,food,delivery,D_A0462,Coimbatore,,0
T011524,A0472,2026-02-24 15:36:00,72.63,food,delivery,D_A0472,Madurai,,0
T011525,A0097,2026-02-24 15:48:00,57.11,fuel,petrol,D_FAM_1,Delhi,,0
T011526,A0441,2026-02-24 15:50:00,42.92,food,restaurant,D_A0441,Hyderabad,,0
T011527,A0138,2026-02-24 15:57:00,59.32,fuel,diesel,D_A0138,Kochi,,0
T011528,A0023,2026-02-24 16:14:00,121.88,clothing,clothes,D_OFF_0,Hyderabad,,0
T011529,A0240,2026-02-24 16:18:00,32.47,grocery,vegetables,D_FAM_11,Bengaluru,,0
T011530,A0183,2026-02-24 16:24:00,41.11,giftcards,gift_card,D_A0183,Mumbai,,0
T011531,A0256,2026-02-24 16:26:00,308.94,travel,bus_ticket,D_A0256,Bengaluru,,0
T011532,A0455,2026-02-24 16:36:00,129.43,travel,train_ticket,D_A0455,Chennai,,0
T011533,A0457,2026-02-24 16:56:00,155.71,travel,bus_ticket,D_A0457,Hyderabad,,0
T011534,A0274,2026-02-24 17:01:00,2889.29,electronics,television,D_A0274,Madurai,,0
T011535,A0136,2026-02-24 17:07:00,61.38,food,restaurant,D_FAM_0,Chennai,,0
T011536,A0455,2026-02-24 17:15:00,102.76,travel,train_ticket,D_A0455,Chennai,,0
T011537,A0462,2026-02-24 17:15:00,60.65,clothing,shoes,D_A0462,Coimbatore,,0
T011538,A0136,2026-02-24 17:19:00,62.1,food,restaurant,D_FAM_0,Chennai,,0
T011539,A0316,2026-02-24 17:19:00,92.64,fuel,diesel,D_FAM_14,Madurai,,0
T011540,A0086,2026-02-24 17:20:00,114.1,grocery,vegetables,D_A0086,Chennai,,0
T011541,A0167,2026-02-24 17:20:00,156.14,food,delivery,D_A0167,Chennai,,0
T011542,A0358,2026-02-24 17:27:00,46.23,food,delivery,D_A0358,Madurai,,0
T011543,A0169,2026-02-24 17:28:00,135.95,travel,bus_ticket,D_A0169,Bengaluru,,0
T011544,A0399,2026-02-24 17:33:00,131.72,fuel,diesel,D_A0399,Hyderabad,,0
T011545,A0087,2026-02-24 17:33:00,444.96,transfer,p2p_transfer,D_A0087,Madurai,PAYEE_A0087,0
T011546,A0309,2026-02-24 17:43:00,9.55,streaming,subscription,D_A0309,Delhi,,0
T011547,A0262,2026-02-24 18:10:00,104.26,clothing,shoes,D_A0262,Chennai,,0
T011548,A0247,2026-02-24 18:10:00,53.89,pharmacy,medicine,D_A0247,Coimbatore,,0
T011549,A0493,2026-02-24 18:19:00,32.6,streaming,subscription,D_A0493,Coimbatore,,0
T011550,A0231,2026-02-24 18:20:00,55.68,pharmacy,medicine,D_A0231,Delhi,,0
T011551,A0491,2026-02-24 18:36:00,10.53,streaming,subscription,D_FAM_2,Hyderabad,,0
T011552,A0412,2026-02-24 18:36:00,279.78,travel,bus_ticket,D_A0412,Kochi,,0
T011553,A0366,2026-02-24 18:55:00,27.65,clothing,clothes,D_FAM_5,Delhi,,0
T011554,A0116,2026-02-24 19:02:00,14.11,streaming,subscription,D_A0116,Madurai,,0
T011555,A0242,2026-02-24 19:10:00,182.1,fuel,petrol,D_A0242,Bengaluru,,0
T011556,A0495,2026-02-24 19:11:00,145.91,travel,bus_ticket,D_A0495,Chennai,,0
T011557,A0262,2026-02-24 19:12:00,111.46,clothing,clothes,D_A0262,Coimbatore,,0
T011558,A0205,2026-02-24 19:19:00,21.91,food,delivery,D_A0205,Hyderabad,,0
T011559,A0126,2026-02-24 19:22:00,173.23,grocery,vegetables,D_A0126,Chennai,,0
T011560,A0236,2026-02-24 19:36:00,155.64,travel,bus_ticket,D_A0236,Chennai,,0
T011561,A0303,2026-02-24 19:38:00,13.28,food,delivery,D_FAM_4,Madurai,,0
T011562,A0331,2026-02-24 19:40:00,36.51,fuel,petrol,D_A0331,Bengaluru,,0
T011563,A0245,2026-02-24 19:47:00,113.88,fuel,diesel,D_A0245,Hyderabad,,0
T011564,A0054,2026-02-24 20:06:00,7.22,streaming,subscription,D_A0054,Mumbai,,0
T011565,A0348,2026-02-24 20:14:00,267.76,travel,train_ticket,D_A0348,Coimbatore,,0
T011566,A0260,2026-02-24 20:15:00,147.76,grocery,groceries,D_A0260,Hyderabad,,0
T011567,A0441,2026-02-24 20:48:00,135.33,fuel,diesel,D_A0441,Hyderabad,,0
T011568,A0101,2026-02-24 20:51:00,294.4,travel,train_ticket,D_A0101,Kochi,,0
T011569,A0422,2026-02-24 21:03:00,199.51,travel,bus_ticket,D_A0422,Delhi,,0
T011570,A0483,2026-02-24 21:32:00,13.43,streaming,subscription,D_A0483,Delhi,,0
T011571,A0366,2026-02-24 21:33:00,50.68,fuel,diesel,D_FAM_5,Delhi,,0
T011572,A0466,2026-02-24 23:24:00,44.09,grocery,vegetables,D_A0466,Hyderabad,,0
T011573,A0099,2026-02-25 07:00:00,81.28,fuel,diesel,D_A0099,Kochi,,0
T011574,A0435,2026-02-25 07:04:00,16.62,food,delivery,D_A0435,Coimbatore,,0
T011575,A0085,2026-02-25 07:06:00,58.16,fuel,diesel,D_A0085,Delhi,,0
T011576,A0247,2026-02-25 07:09:00,29.31,streaming,subscription,D_A0247,Coimbatore,,0
T011577,A0059,2026-02-25 07:10:00,94.01,streaming,subscription,D_A0059,Bengaluru,,0
T011578,A0403,2026-02-25 07:24:00,11.24,streaming,subscription,D_A0403,Bengaluru,,0
T011579,A0447,2026-02-25 07:28:00,161.21,clothing,shoes,D_A0447,Madurai,,0
T011580,A0440,2026-02-25 07:29:00,31.24,streaming,subscription,D_OFF_2,Madurai,,0
T011581,A0362,2026-02-25 07:30:00,14.51,food,delivery,D_A0362,Chennai,,0
T011582,A0169,2026-02-25 07:33:00,99.19,travel,train_ticket,D_A0169,Bengaluru,,0
T011583,A0375,2026-02-25 07:37:00,182.73,clothing,shoes,D_A0375,Hyderabad,,0
T011584,A0071,2026-02-25 07:41:00,64.82,pharmacy,medicine,D_A0071,Kochi,,0
T011585,A0001,2026-02-25 07:42:00,101.48,transfer,p2p_transfer,D_A0001,Kochi,PAYEE_A0001,0
T011586,A0308,2026-02-25 07:45:00,129.94,travel,bus_ticket,D_A0308,Bengaluru,,0
T011587,A0178,2026-02-25 07:47:00,36.59,pharmacy,medicine,D_A0178,Mumbai,,0
T011588,A0152,2026-02-25 07:52:00,47.84,food,restaurant,D_A0152,Hyderabad,,0
T011589,A0048,2026-02-25 07:53:00,38.38,food,delivery,D_A0048,Mumbai,,0
T011590,A0044,2026-02-25 08:01:00,49.02,grocery,groceries,D_A0044,Bengaluru,,0
T011591,A0339,2026-02-25 08:05:00,90.05,fuel,petrol,D_A0339,Coimbatore,,0
T011592,A0205,2026-02-25 08:25:00,82.18,transfer,p2p_transfer,D_A0205,Hyderabad,PAYEE_A0205,0
T011593,A0382,2026-02-25 08:28:00,71.81,grocery,groceries,D_A0382,Delhi,,0
T011594,A0402,2026-02-25 08:28:00,35.19,pharmacy,medicine,D_A0402,Madurai,,0
T011595,A0314,2026-02-25 08:49:00,120.66,grocery,vegetables,D_FAM_10,Mumbai,,0
T011596,A0039,2026-02-25 09:02:00,52.07,grocery,vegetables,D_A0039,Madurai,,0
T011597,A0415,2026-02-25 09:06:00,57.21,pharmacy,medicine,D_A0415,Kochi,,0
T011598,A0311,2026-02-25 09:11:00,39.68,grocery,groceries,D_A0311,Chennai,,0
T011599,A0029,2026-02-25 09:11:00,8.47,grocery,groceries,D_A0029,Hyderabad,,0
T011600,A0157,2026-02-25 09:11:00,83.18,grocery,groceries,D_A0157,Delhi,,0
T011601,A0331,2026-02-25 09:24:00,66.11,clothing,clothes,D_A0331,Bengaluru,,0
T011602,A0081,2026-02-25 09:30:00,15.6,streaming,subscription,D_A0081,Coimbatore,,0
T011603,A0453,2026-02-25 09:37:00,54.88,giftcards,gift_card,D_A0453,Bengaluru,,0
T011604,A0134,2026-02-25 09:40:00,74.63,food,delivery,D_A0134,Coimbatore,,0
T011605,A0205,2026-02-25 09:44:00,84.18,transfer,p2p_transfer,D_A0205,Hyderabad,PAYEE_A0205,0
T011606,A0011,2026-02-25 09:48:00,100.33,transfer,p2p_transfer,D_A0011,Delhi,PAYEE_A0011,0
T011607,A0094,2026-02-25 09:49:00,62.52,travel,train_ticket,D_A0094,Bengaluru,,0
T011608,A0075,2026-02-25 09:50:00,209.46,pharmacy,medicine,D_A0075,Kochi,,0
T011609,A0070,2026-02-25 09:50:00,60.37,food,restaurant,D_A0070,Chennai,,0
T011610,A0089,2026-02-25 09:55:00,585.17,travel,bus_ticket,D_A0089,Hyderabad,,0
T011611,A0321,2026-02-25 09:59:00,150.27,travel,train_ticket,D_A0321,Mumbai,,0
T011612,A0051,2026-02-25 10:05:00,350.07,fuel,diesel,D_A0051,Coimbatore,,0
T011613,A0291,2026-02-25 10:09:00,83.64,clothing,clothes,D_A0291,Mumbai,,0
T011614,A0150,2026-02-25 10:15:00,63.6,clothing,shoes,D_A0150,Mumbai,,0
T011615,A0313,2026-02-25 10:15:00,18.61,streaming,subscription,D_A0313,Chennai,,0
T011616,A0387,2026-02-25 10:15:00,116.11,travel,bus_ticket,D_A0387,Madurai,,0
T011617,A0257,2026-02-25 10:17:00,63.95,clothing,shoes,D_A0257,Coimbatore,,0
T011618,A0452,2026-02-25 10:30:00,62.02,grocery,groceries,D_A0452,Madurai,,0
T011619,A0498,2026-02-25 10:32:00,47.71,pharmacy,medicine,D_A0498,Coimbatore,,0
T011620,A0254,2026-02-25 10:36:00,29.48,fuel,diesel,D_A0254,Delhi,,0
T011621,A0200,2026-02-25 10:36:00,351.39,clothing,shoes,D_A0200,Coimbatore,,0
T011622,A0128,2026-02-25 10:45:00,258.6,clothing,shoes,D_A0128,Delhi,,0
T011623,A0404,2026-02-25 10:48:00,15.29,fuel,petrol,D_A0404,Chennai,,0
T011624,A0205,2026-02-25 10:49:00,169.86,travel,train_ticket,D_A0205,Delhi,,0
T011625,A0338,2026-02-25 10:51:00,33.65,fuel,diesel,D_A0338,Kochi,,0
T011626,A0082,2026-02-25 10:52:00,14.64,streaming,subscription,D_A0082,Delhi,,0
T011627,A0472,2026-02-25 10:53:00,71.3,food,delivery,D_A0472,Madurai,,0
T011628,A0300,2026-02-25 10:55:00,17.43,streaming,subscription,D_FAM_12,Delhi,,0
T011629,A0086,2026-02-25 10:57:00,87.15,grocery,vegetables,D_A0086,Chennai,,0
T011630,A0324,2026-02-25 11:01:00,86.09,grocery,vegetables,D_A0324,Mumbai,,0
T011631,A0311,2026-02-25 11:07:00,43.21,pharmacy,medicine,D_A0311,Delhi,,0
T011632,A0046,2026-02-25 11:08:00,28.96,pharmacy,medicine,D_A0046,Bengaluru,,0
T011633,A0163,2026-02-25 11:14:00,72.51,grocery,groceries,D_FAM_5,Chennai,,0
T011634,A0307,2026-02-25 11:14:00,60.26,clothing,shoes,D_A0307,Mumbai,,0
T011635,A0060,2026-02-25 11:15:00,28.78,streaming,subscription,D_A0060,Delhi,,0
T011636,A0343,2026-02-25 11:23:00,17.65,grocery,groceries,D_A0343,Kochi,,0
T011637,A0379,2026-02-25 11:24:00,14.35,streaming,subscription,D_A0379,Chennai,,0
T011638,A0448,2026-02-25 11:24:00,34.21,streaming,subscription,D_A0448,Madurai,,0
T011639,A0073,2026-02-25 11:37:00,40.84,grocery,vegetables,D_A0073,Bengaluru,,0
T011640,A0469,2026-02-25 11:41:00,25.56,food,delivery,D_A0469,Delhi,,0
T011641,A0059,2026-02-25 11:42:00,93.57,streaming,subscription,D_A0059,Bengaluru,,0
T011642,A0162,2026-02-25 12:14:00,210.58,clothing,clothes,D_A0162,Coimbatore,,0
T011643,A0100,2026-02-25 12:18:00,52.24,grocery,vegetables,D_A0100,Kochi,,0
T011644,A0498,2026-02-25 12:19:00,134.91,clothing,shoes,D_A0498,Coimbatore,,0
T011645,A0348,2026-02-25 12:21:00,146.9,travel,bus_ticket,D_A0348,Coimbatore,,0
T011646,A0259,2026-02-25 12:26:00,55.57,pharmacy,medicine,D_A0259,Hyderabad,,0
T011647,A0351,2026-02-25 12:28:00,11.41,streaming,subscription,D_A0351,Chennai,,0
T011648,A0105,2026-02-25 12:29:00,87.42,fuel,diesel,D_OFF_2,Chennai,,0
T011649,A0369,2026-02-25 12:33:00,170.66,clothing,clothes,D_A0369,Mumbai,,0
T011650,A0281,2026-02-25 12:38:00,64.05,grocery,groceries,D_A0281,Coimbatore,,0
T011651,A0357,2026-02-25 12:41:00,16.08,streaming,subscription,D_A0357,Mumbai,,0
T011652,A0259,2026-02-25 12:43:00,206.19,travel,train_ticket,D_A0259,Hyderabad,,0
T011653,A0255,2026-02-25 12:47:00,225.83,travel,train_ticket,D_A0255,Mumbai,,0
T011654,A0036,2026-02-25 12:49:00,55.53,fuel,diesel,D_A0036,Madurai,,0
T011655,A0245,2026-02-25 12:49:00,255.97,clothing,shoes,D_A0245,Hyderabad,,0
T011656,A0448,2026-02-25 12:53:00,62.86,food,restaurant,D_A0448,Madurai,,0
T011657,A0222,2026-02-25 12:58:00,73.21,grocery,vegetables,D_A0222,Madurai,,0
T011658,A0254,2026-02-25 12:59:00,9.12,streaming,subscription,D_A0254,Delhi,,0
T011659,A0152,2026-02-25 13:00:00,58.41,giftcards,gift_card,D_A0152,Mumbai,,0
T011660,R005,2026-02-25 13:06:00,189.97,giftcards,gift_card,D_RING_2,Chennai,,1
T011661,R005,2026-02-25 13:13:00,133.49,prepaid,prepaid_card,D_RING_2,Chennai,,1
T011662,A0074,2026-02-25 13:15:00,98.08,grocery,groceries,D_A0074,Hyderabad,,0
T011663,R005,2026-02-25 13:20:00,121.95,digital_goods,game_credits,D_RING_3,Chennai,,1
T011664,A0262,2026-02-25 13:21:00,107.29,clothing,clothes,D_A0262,Coimbatore,,0
T011665,A0407,2026-02-25 13:29:00,58.24,grocery,groceries,D_A0407,Bengaluru,,0
T011666,A0237,2026-02-25 13:30:00,61.48,grocery,groceries,D_FAM_3,Madurai,,0
T011667,A0446,2026-02-25 13:30:00,121.27,fuel,petrol,D_A0446,Madurai,,0
T011668,A0156,2026-02-25 13:31:00,58.16,clothing,shoes,D_A0156,Coimbatore,,0
T011669,A0062,2026-02-25 13:33:00,55.14,pharmacy,medicine,D_A0062,Madurai,,0
T011670,A0046,2026-02-25 13:34:00,37.48,pharmacy,medicine,D_A0046,Kochi,,0
T011671,R005,2026-02-25 13:36:00,302.93,transfer,p2p_transfer,D_RING_2,Chennai,PAYOUT_X,1
T011672,A0362,2026-02-25 13:37:00,13.66,pharmacy,medicine,D_A0362,Delhi,,0
T011673,A0447,2026-02-25 13:37:00,25.29,giftcards,gift_card,D_A0447,Hyderabad,,0
T011674,A0172,2026-02-25 13:38:00,37.75,pharmacy,medicine,D_A0172,Hyderabad,,0
T011675,A0131,2026-02-25 13:42:00,52.11,pharmacy,medicine,D_A0131,Bengaluru,,0
T011676,A0392,2026-02-25 13:43:00,39.05,pharmacy,medicine,D_A0392,Bengaluru,,0
T011677,A0398,2026-02-25 13:52:00,24.85,streaming,subscription,D_OFF_1,Kochi,,0
T011678,A0038,2026-02-25 13:52:00,13.49,fuel,diesel,D_A0038,Madurai,,0
T011679,A0288,2026-02-25 13:55:00,66.57,fuel,diesel,D_A0288,Coimbatore,,0
T011680,A0028,2026-02-25 14:00:00,13.95,streaming,subscription,D_A0028,Bengaluru,,0
T011681,A0259,2026-02-25 14:07:00,139.3,travel,train_ticket,D_A0259,Hyderabad,,0
T011682,A0457,2026-02-25 14:08:00,215.64,travel,train_ticket,D_A0457,Hyderabad,,0
T011683,A0301,2026-02-25 14:13:00,22.17,streaming,subscription,D_A0301,Hyderabad,,0
T011684,A0245,2026-02-25 14:21:00,63.84,pharmacy,medicine,D_A0245,Mumbai,,0
T011685,A0023,2026-02-25 14:29:00,734.68,clothing,clothes,D_OFF_0,Hyderabad,,0
T011686,A0365,2026-02-25 14:39:00,20.38,grocery,vegetables,D_A0365,Bengaluru,,0
T011687,A0026,2026-02-25 14:39:00,10.74,streaming,subscription,D_A0026,Chennai,,0
T011688,A0223,2026-02-25 14:41:00,280.06,travel,train_ticket,D_A0223,Hyderabad,,0
T011689,A0031,2026-02-25 14:44:00,44.41,pharmacy,medicine,D_OFF_2,Coimbatore,,0
T011690,A0308,2026-02-25 14:45:00,11.89,streaming,subscription,D_A0308,Bengaluru,,0
T011691,A0017,2026-02-25 14:52:00,46.28,travel,bus_ticket,D_A0017,Mumbai,,0
T011692,A0475,2026-02-25 14:52:00,55.57,pharmacy,medicine,D_A0475,Hyderabad,,0
T011693,A0255,2026-02-25 14:56:00,218.88,travel,bus_ticket,D_A0255,Mumbai,,0
T011694,A0175,2026-02-25 15:00:00,261.81,travel,train_ticket,D_FAM_7,Coimbatore,,0
T011695,A0171,2026-02-25 15:00:00,8.72,streaming,subscription,D_A0171,Madurai,,0
T011696,A0060,2026-02-25 15:00:00,56.64,clothing,clothes,D_A0060,Delhi,,0
T011697,A0059,2026-02-25 15:08:00,175.64,pharmacy,medicine,D_A0059,Bengaluru,,0
T011698,A0308,2026-02-25 15:08:00,131.11,travel,bus_ticket,D_A0308,Bengaluru,,0
T011699,A0308,2026-02-25 15:09:00,10.93,food,restaurant,D_A0308,Bengaluru,,0
T011700,A0296,2026-02-25 15:18:00,301.0,travel,train_ticket,D_A0296,Hyderabad,,0
T011701,A0085,2026-02-25 15:23:00,42.37,fuel,petrol,D_A0085,Delhi,,0
T011702,A0038,2026-02-25 15:25:00,35.56,grocery,vegetables,D_A0038,Madurai,,0
T011703,A0400,2026-02-25 15:25:00,45.35,food,delivery,D_A0400,Coimbatore,,0
T011704,A0084,2026-02-25 15:26:00,9.03,streaming,subscription,D_A0084,Hyderabad,,0
T011705,A0315,2026-02-25 15:26:00,66.46,transfer,p2p_transfer,D_A0315,Madurai,PAYEE_A0315,0
T011706,A0167,2026-02-25 15:27:00,126.57,food,delivery,D_A0167,Chennai,,0
T011707,A0085,2026-02-25 15:29:00,32.17,pharmacy,medicine,D_A0085,Delhi,,0
T011708,A0090,2026-02-25 15:29:00,34.15,grocery,groceries,D_A0090,Madurai,,0
T011709,A0120,2026-02-25 15:33:00,33.83,streaming,subscription,D_A0120,Hyderabad,,0
T011710,A0203,2026-02-25 15:35:00,70.31,clothing,clothes,D_A0203,Mumbai,,0
T011711,A0121,2026-02-25 15:38:00,44.83,giftcards,gift_card,D_A0121,Coimbatore,,0
T011712,A0400,2026-02-25 15:38:00,101.07,pharmacy,medicine,D_A0400,Coimbatore,,0
T011713,A0324,2026-02-25 15:39:00,53.55,grocery,vegetables,D_A0324,Mumbai,,0
T011714,A0232,2026-02-25 15:41:00,48.64,grocery,vegetables,D_A0232,Coimbatore,,0
T011715,A0468,2026-02-25 15:47:00,30.56,food,delivery,D_A0468,Chennai,,0
T011716,A0154,2026-02-25 15:48:00,46.13,fuel,diesel,D_A0154,Chennai,,0
T011717,A0491,2026-02-25 16:05:00,9.48,streaming,subscription,D_FAM_2,Hyderabad,,0
T011718,A0271,2026-02-25 16:09:00,66.62,grocery,groceries,D_A0271,Chennai,,0
T011719,A0418,2026-02-25 16:18:00,82.45,pharmacy,medicine,D_A0418,Delhi,,0
T011720,A0275,2026-02-25 16:23:00,17.08,streaming,subscription,D_FAM_5,Chennai,,0
T011721,A0080,2026-02-25 16:27:00,29.2,grocery,groceries,D_A0080,Chennai,,0
T011722,A0097,2026-02-25 16:29:00,69.07,fuel,diesel,D_FAM_1,Delhi,,0
T011723,A0062,2026-02-25 16:31:00,75.55,pharmacy,medicine,D_A0062,Madurai,,0
T011724,A0307,2026-02-25 16:34:00,128.17,clothing,clothes,D_A0307,Bengaluru,,0
T011725,A0100,2026-02-25 16:38:00,163.52,clothing,shoes,D_A0100,Hyderabad,,0
T011726,A0284,2026-02-25 16:41:00,171.0,clothing,clothes,D_A0284,Coimbatore,,0
T011727,A0216,2026-02-25 16:46:00,18.41,streaming,subscription,D_A0216,Delhi,,0
T011728,A0205,2026-02-25 16:50:00,153.49,travel,train_ticket,D_A0205,Hyderabad,,0
T011729,A0381,2026-02-25 16:51:00,135.6,fuel,diesel,D_A0381,Chennai,,0
T011730,A0305,2026-02-25 16:54:00,20.45,streaming,subscription,D_A0305,Mumbai,,0
T011731,A0395,2026-02-25 17:15:00,53.67,pharmacy,medicine,D_A0395,Coimbatore,,0
T011732,A0150,2026-02-25 17:29:00,25.17,transfer,p2p_transfer,D_A0150,Mumbai,PAYEE_A0150,0
T011733,A0154,2026-02-25 17:38:00,359.66,clothing,shoes,D_A0154,Chennai,,0
T011734,A0213,2026-02-25 17:46:00,69.27,food,restaurant,D_A0213,Coimbatore,,0
T011735,A0106,2026-02-25 17:52:00,378.64,travel,train_ticket,D_A0106,Bengaluru,,0
T011736,A0258,2026-02-25 17:55:00,90.3,fuel,diesel,D_A0258,Bengaluru,,0
T011737,A0381,2026-02-25 17:57:00,63.73,food,delivery,D_A0381,Chennai,,0
T011738,A0181,2026-02-25 18:05:00,214.36,travel,train_ticket,D_A0181,Chennai,,0
T011739,A0241,2026-02-25 18:06:00,67.57,clothing,clothes,D_A0241,Hyderabad,,0
T011740,A0002,2026-02-25 18:18:00,37.52,pharmacy,medicine,D_A0002,Kochi,,0
T011741,A0205,2026-02-25 18:31:00,50.85,food,restaurant,D_A0205,Hyderabad,,0
T011742,A0251,2026-02-25 18:34:00,18.19,food,restaurant,D_A0251,Chennai,,0
T011743,A0210,2026-02-25 18:35:00,155.95,clothing,clothes,D_A0210,Bengaluru,,0
T011744,A0325,2026-02-25 18:45:00,102.56,travel,bus_ticket,D_OFF_2,Bengaluru,,0
T011745,A0457,2026-02-25 18:45:00,269.42,travel,train_ticket,D_A0457,Hyderabad,,0
T011746,A0298,2026-02-25 18:46:00,387.6,travel,bus_ticket,D_A0298,Chennai,,0
T011747,A0087,2026-02-25 18:50:00,155.37,pharmacy,medicine,D_A0087,Madurai,,0
T011748,A0230,2026-02-25 18:51:00,12.56,streaming,subscription,D_A0230,Madurai,,0
T011749,A0325,2026-02-25 18:52:00,185.86,travel,train_ticket,D_OFF_2,Bengaluru,,0
T011750,A0368,2026-02-25 19:05:00,234.63,clothing,clothes,D_A0368,Coimbatore,,0
T011751,A0469,2026-02-25 19:05:00,27.31,streaming,subscription,D_A0469,Delhi,,0
T011752,A0438,2026-02-25 19:06:00,357.87,travel,train_ticket,D_A0438,Bengaluru,,0
T011753,A0365,2026-02-25 19:08:00,95.7,travel,bus_ticket,D_A0365,Bengaluru,,0
T011754,A0196,2026-02-25 19:47:00,73.01,food,restaurant,D_A0196,Coimbatore,,0
T011755,A0312,2026-02-25 19:50:00,47.97,grocery,groceries,D_A0312,Madurai,,0
T011756,A0124,2026-02-25 19:53:00,155.75,grocery,vegetables,D_A0124,Hyderabad,,0
T011757,A0347,2026-02-25 19:58:00,240.64,travel,bus_ticket,D_A0347,Chennai,,0
T011758,A0063,2026-02-25 19:59:00,103.91,grocery,vegetables,D_A0063,Coimbatore,,0
T011759,A0064,2026-02-25 20:01:00,81.62,clothing,clothes,D_A0064,Hyderabad,,0
T011760,A0431,2026-02-25 20:07:00,21.95,streaming,subscription,D_FAM_11,Hyderabad,,0
T011761,A0293,2026-02-25 20:17:00,126.75,travel,train_ticket,D_A0293,Mumbai,,0
T011762,A0006,2026-02-25 20:31:00,36.77,streaming,subscription,D_FAM_7,Coimbatore,,0
T011763,A0092,2026-02-25 20:43:00,98.29,grocery,vegetables,D_A0092,Chennai,,0
T011764,A0409,2026-02-25 20:54:00,250.29,travel,bus_ticket,D_A0409,Chennai,,0
T011765,A0040,2026-02-25 20:59:00,56.59,clothing,shoes,D_A0040,Coimbatore,,0
T011766,A0456,2026-02-25 21:14:00,87.67,fuel,petrol,D_A0456,Mumbai,,0
T011767,A0058,2026-02-25 21:24:00,133.6,clothing,clothes,D_A0058,Delhi,,0
T011768,A0276,2026-02-25 21:40:00,70.26,transfer,p2p_transfer,D_A0276,Delhi,PAYEE_A0276,0
T011769,A0140,2026-02-25 22:33:00,311.36,clothing,clothes,D_A0140,Madurai,,0
T011770,A0297,2026-02-25 23:06:00,70.79,fuel,petrol,D_A0297,Hyderabad,,0
T011771,A0210,2026-02-25 23:06:00,46.26,food,restaurant,D_A0210,Bengaluru,,0
T011772,A0337,2026-02-26 03:13:00,1802.25,giftcards,phone,D_STOLEN_31,Hyderabad,,1
T011773,A0190,2026-02-26 07:00:00,56.58,pharmacy,medicine,D_FAM_13,Madurai,,0
T011774,A0006,2026-02-26 07:01:00,31.27,streaming,subscription,D_FAM_7,Coimbatore,,0
T011775,A0220,2026-02-26 07:03:00,80.05,clothing,clothes,D_A0220,Delhi,,0
T011776,A0235,2026-02-26 07:03:00,84.19,transfer,p2p_transfer,D_A0235,Delhi,PAYEE_A0235,0
T011777,A0152,2026-02-26 07:09:00,69.76,pharmacy,medicine,D_A0152,Hyderabad,,0
T011778,A0358,2026-02-26 07:11:00,18.82,streaming,subscription,D_A0358,Madurai,,0
T011779,A0010,2026-02-26 07:13:00,66.4,travel,bus_ticket,D_A0010,Delhi,,0
T011780,A0441,2026-02-26 07:16:00,117.26,fuel,petrol,D_A0441,Hyderabad,,0
T011781,A0170,2026-02-26 07:17:00,125.34,transfer,p2p_transfer,D_A0170,Kochi,PAYEE_A0170,0
T011782,A0180,2026-02-26 07:18:00,194.31,travel,bus_ticket,D_A0180,Chennai,,0
T011783,A0092,2026-02-26 07:25:00,79.93,transfer,p2p_transfer,D_A0092,Chennai,PAYEE_A0092,0
T011784,A0005,2026-02-26 07:26:00,284.87,travel,bus_ticket,D_A0005,Coimbatore,,0
T011785,A0316,2026-02-26 07:35:00,31.97,streaming,subscription,D_FAM_14,Madurai,,0
T011786,A0021,2026-02-26 07:38:00,50.79,fuel,diesel,D_A0021,Kochi,,0
T011787,A0304,2026-02-26 07:43:00,42.39,pharmacy,medicine,D_A0304,Hyderabad,,0
T011788,A0218,2026-02-26 07:43:00,109.93,clothing,shoes,D_A0218,Kochi,,0
T011789,A0073,2026-02-26 07:49:00,70.04,grocery,groceries,D_A0073,Bengaluru,,0
T011790,A0073,2026-02-26 07:57:00,5.04,streaming,subscription,D_A0073,Bengaluru,,0
T011791,A0428,2026-02-26 07:59:00,44.06,food,restaurant,D_A0428,Coimbatore,,0
T011792,A0077,2026-02-26 08:40:00,200.66,travel,bus_ticket,D_A0077,Madurai,,0
T011793,A0043,2026-02-26 08:47:00,117.73,clothing,shoes,D_OFF_1,Delhi,,0
T011794,A0461,2026-02-26 08:51:00,46.73,food,delivery,D_FAM_0,Madurai,,0
T011795,A0403,2026-02-26 08:51:00,19.38,streaming,subscription,D_A0403,Bengaluru,,0
T011796,A0345,2026-02-26 09:06:00,67.9,fuel,petrol,D_A0345,Hyderabad,,0
T011797,A0379,2026-02-26 09:11:00,106.9,clothing,clothes,D_A0379,Chennai,,0
T011798,A0128,2026-02-26 09:38:00,164.58,clothing,clothes,D_A0128,Delhi,,0
T011799,A0081,2026-02-26 09:52:00,70.64,fuel,petrol,D_A0081,Coimbatore,,0
T011800,A0365,2026-02-26 09:54:00,127.73,travel,train_ticket,D_A0365,Bengaluru,,0
T011801,A0204,2026-02-26 09:58:00,32.61,food,delivery,D_A0204,Kochi,,0
T011802,A0443,2026-02-26 10:01:00,297.73,fuel,diesel,D_A0443,Chennai,,0
T011803,A0383,2026-02-26 10:05:00,122.43,clothing,clothes,D_A0383,Bengaluru,,0
T011804,A0224,2026-02-26 10:11:00,88.53,fuel,diesel,D_A0224,Coimbatore,,0
T011805,A0356,2026-02-26 10:12:00,99.28,travel,train_ticket,D_A0356,Bengaluru,,0
T011806,A0267,2026-02-26 10:14:00,30.83,food,restaurant,D_OFF_1,Delhi,,0
T011807,A0085,2026-02-26 10:16:00,46.58,pharmacy,medicine,D_A0085,Hyderabad,,0
T011808,A0263,2026-02-26 10:18:00,427.66,transfer,p2p_transfer,D_A0263,Mumbai,PAYEE_A0263,0
T011809,A0412,2026-02-26 10:25:00,105.15,pharmacy,medicine,D_A0412,Kochi,,0
T011810,A0408,2026-02-26 10:26:00,43.12,grocery,groceries,D_A0408,Delhi,,0
T011811,A0325,2026-02-26 10:33:00,28.23,food,restaurant,D_OFF_2,Bengaluru,,0
T011812,A0108,2026-02-26 10:47:00,26.89,streaming,subscription,D_A0108,Coimbatore,,0
T011813,A0290,2026-02-26 10:57:00,47.0,food,restaurant,D_OFF_2,Bengaluru,,0
T011814,A0201,2026-02-26 10:58:00,86.7,travel,bus_ticket,D_A0201,Coimbatore,,0
T011815,A0051,2026-02-26 11:11:00,97.96,food,delivery,D_A0051,Mumbai,,0
T011816,A0333,2026-02-26 11:25:00,111.67,pharmacy,medicine,D_FAM_9,Bengaluru,,0
T011817,A0082,2026-02-26 11:28:00,110.06,travel,train_ticket,D_A0082,Delhi,,0
T011818,A0239,2026-02-26 11:39:00,22.45,food,restaurant,D_A0239,Coimbatore,,0
T011819,A0400,2026-02-26 11:41:00,51.41,food,restaurant,D_A0400,Coimbatore,,0
T011820,A0411,2026-02-26 11:50:00,132.84,clothing,shoes,D_A0411,Kochi,,0
T011821,A0132,2026-02-26 11:52:00,207.62,clothing,clothes,D_A0132,Delhi,,0
T011822,A0195,2026-02-26 12:02:00,15.49,fuel,petrol,D_FAM_11,Kochi,,0
T011823,A0464,2026-02-26 12:04:00,101.76,travel,train_ticket,D_A0464,Hyderabad,,0
T011824,A0462,2026-02-26 12:06:00,108.61,clothing,shoes,D_A0462,Coimbatore,,0
T011825,A0340,2026-02-26 12:08:00,189.24,transfer,p2p_transfer,D_A0340,Madurai,PAYEE_A0340,0
T011826,A0417,2026-02-26 12:12:00,73.9,food,delivery,D_A0417,Madurai,,0
T011827,A0039,2026-02-26 12:20:00,48.11,fuel,diesel,D_A0039,Madurai,,0
T011828,A0305,2026-02-26 12:22:00,49.32,fuel,petrol,D_A0305,Mumbai,,0
T011829,A0004,2026-02-26 12:22:00,75.07,travel,bus_ticket,D_A0004,Chennai,,0
T011830,A0483,2026-02-26 12:24:00,34.57,grocery,groceries,D_A0483,Delhi,,0
T011831,A0443,2026-02-26 12:25:00,60.32,food,restaurant,D_A0443,Chennai,,0
T011832,A0088,2026-02-26 12:29:00,60.33,pharmacy,medicine,D_A0088,Chennai,,0
T011833,A0256,2026-02-26 12:34:00,309.64,travel,bus_ticket,D_A0256,Bengaluru,,0
T011834,A0446,2026-02-26 12:34:00,258.27,travel,bus_ticket,D_A0446,Madurai,,0
T011835,A0360,2026-02-26 12:36:00,76.84,grocery,vegetables,D_A0360,Mumbai,,0
T011836,A0131,2026-02-26 12:37:00,78.61,pharmacy,medicine,D_A0131,Bengaluru,,0
T011837,A0159,2026-02-26 12:37:00,142.9,grocery,vegetables,D_A0159,Delhi,,0
T011838,A0266,2026-02-26 12:38:00,73.21,pharmacy,medicine,D_A0266,Hyderabad,,0
T011839,A0342,2026-02-26 12:44:00,97.92,grocery,vegetables,D_A0342,Hyderabad,,0
T011840,A0075,2026-02-26 12:45:00,311.86,fuel,diesel,D_A0075,Kochi,,0
T011841,A0033,2026-02-26 12:50:00,129.65,clothing,clothes,D_A0033,Coimbatore,,0
T011842,A0239,2026-02-26 12:52:00,75.56,clothing,clothes,D_A0239,Coimbatore,,0
T011843,A0402,2026-02-26 12:53:00,45.59,pharmacy,medicine,D_A0402,Madurai,,0
T011844,A0328,2026-02-26 12:59:00,70.73,food,restaurant,D_A0328,Kochi,,0
T011845,A0398,2026-02-26 13:07:00,41.34,streaming,subscription,D_OFF_1,Kochi,,0
T011846,A0140,2026-02-26 13:10:00,252.64,clothing,clothes,D_A0140,Madurai,,0
T011847,A0467,2026-02-26 13:14:00,6.99,streaming,subscription,D_OFF_1,Delhi,,0
T011848,A0476,2026-02-26 13:17:00,532.86,travel,bus_ticket,D_A0476,Chennai,,0
T011849,A0137,2026-02-26 13:18:00,328.19,travel,bus_ticket,D_A0137,Hyderabad,,0
T011850,A0269,2026-02-26 13:20:00,111.65,fuel,petrol,D_A0269,Coimbatore,,0
T011851,A0407,2026-02-26 13:20:00,36.77,food,restaurant,D_A0407,Bengaluru,,0
T011852,A0454,2026-02-26 13:20:00,28.31,grocery,vegetables,D_A0454,Kochi,,0
T011853,A0123,2026-02-26 13:28:00,97.0,clothing,clothes,D_A0123,Delhi,,0
T011854,A0342,2026-02-26 13:29:00,123.21,travel,bus_ticket,D_A0342,Hyderabad,,0
T011855,A0327,2026-02-26 13:29:00,44.2,food,delivery,D_A0327,Coimbatore,,0
T011856,A0280,2026-02-26 13:30:00,197.72,clothing,clothes,D_A0280,Coimbatore,,0
T011857,A0480,2026-02-26 13:36:00,104.4,grocery,vegetables,D_FAM_6,Kochi,,0
T011858,A0105,2026-02-26 13:37:00,21.16,streaming,subscription,D_OFF_2,Chennai,,0
T011859,A0286,2026-02-26 13:39:00,49.28,pharmacy,medicine,D_FAM_10,Hyderabad,,0
T011860,A0483,2026-02-26 13:39:00,189.58,travel,bus_ticket,D_A0483,Delhi,,0
T011861,A0200,2026-02-26 13:42:00,142.31,transfer,p2p_transfer,D_A0200,Coimbatore,PAYEE_A0200,0
T011862,A0282,2026-02-26 13:44:00,42.83,streaming,subscription,D_A0282,Hyderabad,,0
T011863,A0065,2026-02-26 13:45:00,33.42,grocery,vegetables,D_A0065,Chennai,,0
T011864,A0486,2026-02-26 13:47:00,69.02,food,delivery,D_A0486,Mumbai,,0
T011865,A0433,2026-02-26 13:47:00,90.06,pharmacy,medicine,D_A0433,Hyderabad,,0
T011866,A0461,2026-02-26 13:48:00,112.31,pharmacy,medicine,D_FAM_0,Delhi,,0
T011867,A0167,2026-02-26 13:53:00,262.85,transfer,p2p_transfer,D_A0167,Delhi,PAYEE_A0167,0
T011868,A0178,2026-02-26 14:06:00,26.77,pharmacy,medicine,D_A0178,Mumbai,,0
T011869,A0344,2026-02-26 14:08:00,32.47,fuel,petrol,D_A0344,Kochi,,0
T011870,A0393,2026-02-26 14:17:00,42.43,grocery,groceries,D_A0393,Bengaluru,,0
T011871,A0334,2026-02-26 14:18:00,296.65,transfer,p2p_transfer,D_A0334,Madurai,PAYEE_A0334,0
T011872,A0359,2026-02-26 14:26:00,57.18,fuel,petrol,D_A0359,Madurai,,0
T011873,A0187,2026-02-26 14:27:00,27.2,food,restaurant,D_A0187,Bengaluru,,0
T011874,A0355,2026-02-26 14:30:00,88.41,clothing,shoes,D_A0355,Kochi,,0
T011875,A0494,2026-02-26 14:32:00,110.14,fuel,petrol,D_A0494,Delhi,,0
T011876,A0283,2026-02-26 14:33:00,76.06,travel,train_ticket,D_A0283,Kochi,,0
T011877,A0152,2026-02-26 14:33:00,19.05,food,delivery,D_A0152,Hyderabad,,0
T011878,A0310,2026-02-26 14:37:00,308.92,clothing,clothes,D_A0310,Mumbai,,0
T011879,A0445,2026-02-26 14:41:00,131.16,clothing,shoes,D_A0445,Coimbatore,,0
T011880,A0439,2026-02-26 14:43:00,13.23,streaming,subscription,D_A0439,Chennai,,0
T011881,A0402,2026-02-26 14:44:00,64.97,fuel,diesel,D_A0402,Madurai,,0
T011882,R004,2026-02-26 14:47:00,107.76,giftcards,gift_card,D_RING_2,Hyderabad,,1
T011883,A0060,2026-02-26 14:52:00,125.34,clothing,clothes,D_A0060,Madurai,,0
T011884,R004,2026-02-26 14:54:00,59.07,prepaid,prepaid_card,D_RING_2,Hyderabad,,1
T011885,A0059,2026-02-26 14:58:00,65.27,streaming,subscription,D_A0059,Madurai,,0
T011886,A0324,2026-02-26 14:59:00,50.96,grocery,vegetables,D_A0324,Mumbai,,0
T011887,R004,2026-02-26 15:01:00,106.71,digital_goods,game_credits,D_RING_1,Hyderabad,,1
T011888,A0059,2026-02-26 15:01:00,172.14,pharmacy,medicine,D_A0059,Bengaluru,,0
T011889,A0278,2026-02-26 15:04:00,113.02,fuel,diesel,D_A0278,Madurai,,0
T011890,A0216,2026-02-26 15:06:00,19.99,streaming,subscription,D_A0216,Delhi,,0
T011891,A0131,2026-02-26 15:08:00,25.33,streaming,subscription,D_A0131,Bengaluru,,0
T011892,R004,2026-02-26 15:17:00,161.16,transfer,p2p_transfer,D_RING_1,Hyderabad,PAYOUT_X,1
T011893,A0081,2026-02-26 15:18:00,145.88,travel,bus_ticket,D_A0081,Coimbatore,,0
T011894,A0121,2026-02-26 15:28:00,220.23,travel,bus_ticket,D_A0121,Hyderabad,,0
T011895,A0163,2026-02-26 15:28:00,62.28,pharmacy,medicine,D_FAM_5,Chennai,,0
T011896,A0046,2026-02-26 15:29:00,31.48,pharmacy,medicine,D_A0046,Kochi,,0
T011897,A0421,2026-02-26 15:29:00,145.13,fuel,petrol,D_A0421,Chennai,,0
T011898,A0352,2026-02-26 15:30:00,68.0,travel,bus_ticket,D_A0352,Bengaluru,,0
T011899,A0394,2026-02-26 15:33:00,60.17,grocery,groceries,D_A0394,Bengaluru,,0
T011900,A0328,2026-02-26 15:35:00,526.08,travel,bus_ticket,D_A0328,Coimbatore,,0
T011901,A0145,2026-02-26 15:37:00,391.09,travel,train_ticket,D_A0145,Coimbatore,,0
T011902,A0328,2026-02-26 15:38:00,72.25,food,restaurant,D_A0328,Kochi,,0
T011903,A0282,2026-02-26 15:41:00,40.0,streaming,subscription,D_A0282,Hyderabad,,0
T011904,A0329,2026-02-26 15:41:00,148.65,travel,train_ticket,D_A0329,Kochi,,0
T011905,A0345,2026-02-26 15:46:00,94.98,fuel,diesel,D_A0345,Bengaluru,,0
T011906,A0241,2026-02-26 15:47:00,51.06,clothing,shoes,D_A0241,Hyderabad,,0
T011907,A0011,2026-02-26 15:48:00,58.01,pharmacy,medicine,D_A0011,Delhi,,0
T011908,A0373,2026-02-26 15:59:00,13.18,streaming,subscription,D_A0373,Bengaluru,,0
T011909,A0004,2026-02-26 16:00:00,16.92,pharmacy,medicine,D_A0004,Kochi,,0
T011910,A0326,2026-02-26 16:01:00,76.16,grocery,vegetables,D_A0326,Bengaluru,,0
T011911,A0102,2026-02-26 16:07:00,109.14,clothing,shoes,D_FAM_7,Chennai,,0
T011912,A0477,2026-02-26 16:09:00,137.67,pharmacy,medicine,D_A0477,Hyderabad,,0
T011913,A0377,2026-02-26 16:11:00,27.69,fuel,petrol,D_A0377,Mumbai,,0
T011914,A0005,2026-02-26 16:12:00,37.3,pharmacy,medicine,D_A0005,Coimbatore,,0
T011915,A0335,2026-02-26 16:12:00,59.32,grocery,vegetables,D_A0335,Mumbai,,0
T011916,A0223,2026-02-26 16:15:00,59.62,grocery,vegetables,D_A0223,Hyderabad,,0
T011917,A0053,2026-02-26 16:15:00,211.88,travel,train_ticket,D_A0053,Bengaluru,,0
T011918,A0008,2026-02-26 16:22:00,29.71,grocery,groceries,D_A0008,Coimbatore,,0
T011919,A0456,2026-02-26 16:25:00,149.03,travel,train_ticket,D_A0456,Mumbai,,0
T011920,A0098,2026-02-26 16:27:00,41.6,grocery,vegetables,D_A0098,Mumbai,,0
T011921,A0215,2026-02-26 16:30:00,66.11,fuel,diesel,D_A0215,Madurai,,0
T011922,A0051,2026-02-26 16:31:00,46.75,food,delivery,D_A0051,Mumbai,,0
T011923,A0180,2026-02-26 16:31:00,103.79,clothing,shoes,D_A0180,Chennai,,0
T011924,A0099,2026-02-26 16:31:00,9.62,streaming,subscription,D_A0099,Kochi,,0
T011925,A0212,2026-02-26 16:39:00,21.79,streaming,subscription,D_OFF_1,Kochi,,0
T011926,A0339,2026-02-26 16:40:00,122.31,transfer,p2p_transfer,D_A0339,Coimbatore,PAYEE_A0339,0
T011927,A0211,2026-02-26 16:46:00,232.64,travel,train_ticket,D_A0211,Bengaluru,,0
T011928,A0346,2026-02-26 16:50:00,103.12,grocery,groceries,D_A0346,Mumbai,,0
T011929,A0040,2026-02-26 16:51:00,116.34,clothing,clothes,D_A0040,Coimbatore,,0
T011930,A0391,2026-02-26 16:51:00,27.2,grocery,groceries,D_A0391,Kochi,,0
T011931,A0063,2026-02-26 16:58:00,96.98,grocery,groceries,D_A0063,Coimbatore,,0
T011932,A0105,2026-02-26 17:08:00,19.22,streaming,subscription,D_OFF_2,Chennai,,0
T011933,A0417,2026-02-26 17:16:00,57.71,food,delivery,D_A0417,Madurai,,0
T011934,A0178,2026-02-26 17:16:00,32.46,pharmacy,medicine,D_A0178,Mumbai,,0
T011935,A0102,2026-02-26 17:18:00,35.49,pharmacy,medicine,D_FAM_7,Madurai,,0
T011936,A0439,2026-02-26 17:20:00,10.17,streaming,subscription,D_A0439,Chennai,,0
T011937,A0149,2026-02-26 17:20:00,232.08,clothing,clothes,D_A0149,Madurai,,0
T011938,A0067,2026-02-26 17:21:00,17.94,pharmacy,medicine,D_A0067,Madurai,,0
T011939,A0403,2026-02-26 17:28:00,8.15,streaming,subscription,D_A0403,Bengaluru,,0
T011940,A0192,2026-02-26 17:29:00,158.79,pharmacy,medicine,D_A0192,Madurai,,0
T011941,A0212,2026-02-26 17:41:00,317.34,travel,bus_ticket,D_OFF_1,Kochi,,0
T011942,A0195,2026-02-26 17:46:00,3.86,streaming,subscription,D_FAM_11,Kochi,,0
T011943,A0191,2026-02-26 17:47:00,24.74,transfer,p2p_transfer,D_A0191,Mumbai,PAYEE_A0191,0
T011944,A0377,2026-02-26 17:54:00,58.52,travel,bus_ticket,D_A0377,Mumbai,,0
T011945,A0496,2026-02-26 17:56:00,252.33,travel,train_ticket,D_A0496,Mumbai,,0
T011946,A0377,2026-02-26 18:14:00,30.94,fuel,petrol,D_A0377,Bengaluru,,0
T011947,A0331,2026-02-26 18:31:00,32.51,fuel,petrol,D_A0331,Bengaluru,,0
T011948,A0172,2026-02-26 18:34:00,90.59,pharmacy,medicine,D_A0172,Hyderabad,,0
T011949,A0267,2026-02-26 18:43:00,10.97,streaming,subscription,D_OFF_1,Delhi,,0
T011950,A0114,2026-02-26 18:56:00,196.08,clothing,clothes,D_A0114,Mumbai,,0
T011951,A0104,2026-02-26 18:58:00,137.89,fuel,diesel,D_A0104,Hyderabad,,0
T011952,A0368,2026-02-26 19:40:00,35.7,streaming,subscription,D_A0368,Coimbatore,,0
T011953,A0380,2026-02-26 19:41:00,324.9,travel,bus_ticket,D_A0380,Mumbai,,0
T011954,A0117,2026-02-26 20:35:00,27.61,streaming,subscription,D_A0117,Bengaluru,,0
T011955,A0132,2026-02-26 20:37:00,565.38,travel,train_ticket,D_A0132,Delhi,,0
T011956,A0149,2026-02-26 20:46:00,464.23,travel,train_ticket,D_A0149,Kochi,,0
T011957,A0344,2026-02-26 21:27:00,49.88,fuel,petrol,D_A0344,Kochi,,0
T011958,A0417,2026-02-26 21:30:00,55.92,food,restaurant,D_A0417,Madurai,,0
T011959,A0128,2026-02-26 21:48:00,168.07,clothing,clothes,D_A0128,Madurai,,0
T011960,A0230,2026-02-26 22:14:00,10.29,streaming,subscription,D_A0230,Madurai,,0
T011961,A0130,2026-02-26 22:38:00,29.39,food,restaurant,D_A0130,Mumbai,,0
T011962,A0496,2026-02-26 22:51:00,183.2,clothing,shoes,D_A0496,Mumbai,,0
T011963,A0343,2026-02-27 07:04:00,45.78,fuel,petrol,D_A0343,Kochi,,0
T011964,A0149,2026-02-27 07:08:00,114.08,food,restaurant,D_A0149,Madurai,,0
T011965,A0037,2026-02-27 07:13:00,389.47,travel,bus_ticket,D_A0037,Madurai,,0
T011966,A0389,2026-02-27 07:18:00,58.01,food,delivery,D_A0389,Chennai,,0
T011967,A0299,2026-02-27 07:20:00,170.49,travel,bus_ticket,D_A0299,Chennai,,0
T011968,A0165,2026-02-27 07:29:00,36.16,pharmacy,medicine,D_A0165,Madurai,,0
T011969,A0099,2026-02-27 07:29:00,13.49,streaming,subscription,D_A0099,Kochi,,0
T011970,A0446,2026-02-27 07:29:00,506.82,travel,bus_ticket,D_A0446,Kochi,,0
T011971,A0158,2026-02-27 07:30:00,47.49,clothing,clothes,D_A0158,Mumbai,,0
T011972,A0460,2026-02-27 07:33:00,31.53,streaming,subscription,D_A0460,Hyderabad,,0
T011973,A0154,2026-02-27 07:35:00,38.12,food,delivery,D_A0154,Chennai,,0
T011974,A0202,2026-02-27 07:45:00,47.0,streaming,subscription,D_A0202,Madurai,,0
T011975,A0343,2026-02-27 07:55:00,23.39,fuel,diesel,D_A0343,Kochi,,0
T011976,A0349,2026-02-27 07:56:00,43.55,food,delivery,D_A0349,Bengaluru,,0
T011977,A0330,2026-02-27 07:56:00,10.68,streaming,subscription,D_A0330,Coimbatore,,0
T011978,A0251,2026-02-27 07:56:00,11.98,streaming,subscription,D_A0251,Chennai,,0
T011979,A0486,2026-02-27 07:57:00,42.99,streaming,subscription,D_A0486,Mumbai,,0
T011980,A0362,2026-02-27 08:07:00,13.06,food,restaurant,D_A0362,Delhi,,0
T011981,A0497,2026-02-27 08:10:00,57.82,food,restaurant,D_A0497,Chennai,,0
T011982,A0404,2026-02-27 08:23:00,12.34,fuel,petrol,D_A0404,Chennai,,0
T011983,A0283,2026-02-27 08:27:00,81.48,travel,train_ticket,D_A0283,Kochi,,0
T011984,A0371,2026-02-27 08:34:00,45.56,pharmacy,medicine,D_A0371,Madurai,,0
T011985,A0283,2026-02-27 08:35:00,20.82,grocery,groceries,D_A0283,Coimbatore,,0
T011986,A0030,2026-02-27 08:38:00,75.21,pharmacy,medicine,D_A0030,Hyderabad,,0
T011987,A0396,2026-02-27 08:41:00,48.48,giftcards,gift_card,D_FAM_3,Coimbatore,,0
T011988,A0076,2026-02-27 08:42:00,50.77,fuel,petrol,D_A0076,Madurai,,0
T011989,A0158,2026-02-27 09:00:00,25.95,food,restaurant,D_A0158,Mumbai,,0
T011990,A0037,2026-02-27 09:02:00,30.98,streaming,subscription,D_A0037,Madurai,,0
T011991,A0043,2026-02-27 09:15:00,27.13,food,delivery,D_OFF_1,Delhi,,0
T011992,A0351,2026-02-27 09:15:00,376.91,travel,train_ticket,D_A0351,Chennai,,0
T011993,A0166,2026-02-27 09:25:00,73.59,pharmacy,medicine,D_A0166,Bengaluru,,0
T011994,A0318,2026-02-27 09:32:00,12.58,food,restaurant,D_A0318,Bengaluru,,0
T011995,A0462,2026-02-27 09:32:00,80.6,clothing,clothes,D_A0462,Coimbatore,,0
T011996,A0366,2026-02-27 09:37:00,63.32,clothing,clothes,D_FAM_5,Delhi,,0
T011997,A0400,2026-02-27 09:55:00,117.23,grocery,vegetables,D_A0400,Coimbatore,,0
T011998,A0257,2026-02-27 09:55:00,54.66,food,restaurant,D_A0257,Coimbatore,,0
T011999,A0213,2026-02-27 10:00:00,125.84,grocery,vegetables,D_A0213,Coimbatore,,0
T012000,A0210,2026-02-27 10:24:00,65.15,grocery,groceries,D_A0210,Bengaluru,,0
T012001,A0174,2026-02-27 10:25:00,14.3,streaming,subscription,D_A0174,Bengaluru,,0
T012002,A0343,2026-02-27 10:27:00,42.56,clothing,clothes,D_A0343,Kochi,,0
T012003,A0262,2026-02-27 10:39:00,167.15,travel,train_ticket,D_A0262,Chennai,,0
T012004,A0453,2026-02-27 10:42:00,136.76,fuel,diesel,D_A0453,Bengaluru,,0
T012005,A0148,2026-02-27 10:50:00,20.08,giftcards,gift_card,D_A0148,Delhi,,0
T012006,A0255,2026-02-27 10:58:00,226.83,clothing,clothes,D_A0255,Mumbai,,0
T012007,A0487,2026-02-27 11:02:00,82.04,grocery,vegetables,D_A0487,Mumbai,,0
T012008,A0148,2026-02-27 11:12:00,223.12,transfer,p2p_transfer,D_A0148,Delhi,PAYEE_A0148,0
T012009,A0360,2026-02-27 11:20:00,36.16,pharmacy,medicine,D_A0360,Mumbai,,0
T012010,A0325,2026-02-27 11:21:00,187.75,travel,bus_ticket,D_OFF_2,Bengaluru,,0
T012011,A0476,2026-02-27 11:28:00,135.52,food,delivery,D_A0476,Chennai,,0
T012012,A0058,2026-02-27 11:30:00,16.86,streaming,subscription,D_A0058,Delhi,,0
T012013,A0224,2026-02-27 11:33:00,17.84,streaming,subscription,D_A0224,Coimbatore,,0
T012014,A0392,2026-02-27 11:36:00,122.97,transfer,p2p_transfer,D_A0392,Bengaluru,PAYEE_A0392,0
T012015,A0159,2026-02-27 11:40:00,75.83,clothing,shoes,D_A0159,Delhi,,0
T012016,A0476,2026-02-27 11:49:00,667.3,travel,bus_ticket,D_A0476,Chennai,,0
T012017,A0043,2026-02-27 11:49:00,188.49,travel,bus_ticket,D_OFF_1,Kochi,,0
T012018,A0343,2026-02-27 11:59:00,35.55,fuel,diesel,D_A0343,Kochi,,0
T012019,A0351,2026-02-27 12:02:00,54.87,fuel,diesel,D_A0351,Chennai,,0
T012020,A0164,2026-02-27 12:06:00,24.1,streaming,subscription,D_A0164,Madurai,,0
T012021,A0135,2026-02-27 12:08:00,229.24,fuel,petrol,D_A0135,Delhi,,0
T012022,A0163,2026-02-27 12:17:00,43.33,grocery,vegetables,D_FAM_5,Chennai,,0
T012023,A0400,2026-02-27 12:20:00,84.05,food,restaurant,D_A0400,Coimbatore,,0
T012024,A0314,2026-02-27 12:22:00,156.12,clothing,clothes,D_FAM_10,Mumbai,,0
T012025,A0360,2026-02-27 12:30:00,22.37,pharmacy,medicine,D_A0360,Mumbai,,0
T012026,A0209,2026-02-27 12:30:00,6.75,streaming,subscription,D_A0209,Mumbai,,0
T012027,A0495,2026-02-27 12:39:00,82.05,grocery,vegetables,D_A0495,Chennai,,0
T012028,A0427,2026-02-27 12:49:00,89.04,clothing,clothes,D_A0427,Coimbatore,,0
T012029,A0070,2026-02-27 12:59:00,30.72,giftcards,gift_card,D_A0070,Chennai,,0
T012030,A0260,2026-02-27 13:01:00,568.13,clothing,shoes,D_A0260,Hyderabad,,0
T012031,A0378,2026-02-27 13:02:00,32.44,streaming,subscription,D_A0378,Hyderabad,,0
T012032,A0228,2026-02-27 13:03:00,241.08,clothing,clothes,D_A0228,Mumbai,,0
T012033,A0498,2026-02-27 13:04:00,90.68,fuel,petrol,D_A0498,Coimbatore,,0
T012034,A0252,2026-02-27 13:08:00,28.79,travel,train_ticket,D_A0252,Delhi,,0
T012035,A0182,2026-02-27 13:08:00,13.6,streaming,subscription,D_FAM_8,Chennai,,0
T012036,A0096,2026-02-27 13:12:00,141.37,clothing,clothes,D_A0096,Hyderabad,,0
T012037,A0290,2026-02-27 13:15:00,156.83,travel,train_ticket,D_OFF_2,Bengaluru,,0
T012038,A0326,2026-02-27 13:16:00,33.97,streaming,subscription,D_A0326,Bengaluru,,0
T012039,A0098,2026-02-27 13:17:00,17.88,streaming,subscription,D_A0098,Bengaluru,,0
T012040,A0392,2026-02-27 13:23:00,57.12,pharmacy,medicine,D_A0392,Bengaluru,,0
T012041,A0108,2026-02-27 13:29:00,127.36,fuel,diesel,D_A0108,Coimbatore,,0
T012042,A0464,2026-02-27 13:31:00,55.29,fuel,diesel,D_A0464,Hyderabad,,0
T012043,A0198,2026-02-27 13:33:00,37.92,food,restaurant,D_A0198,Coimbatore,,0
T012044,A0245,2026-02-27 13:38:00,57.08,grocery,vegetables,D_A0245,Mumbai,,0
T012045,A0226,2026-02-27 13:46:00,76.72,fuel,diesel,D_A0226,Chennai,,0
T012046,A0438,2026-02-27 13:49:00,107.79,food,delivery,D_A0438,Bengaluru,,0
T012047,A0255,2026-02-27 13:54:00,364.09,travel,bus_ticket,D_A0255,Mumbai,,0
T012048,A0025,2026-02-27 13:56:00,76.93,clothing,clothes,D_A0025,Hyderabad,,0
T012049,A0465,2026-02-27 14:00:00,40.87,pharmacy,medicine,D_A0465,Delhi,,0
T012050,A0206,2026-02-27 14:02:00,200.74,transfer,p2p_transfer,D_A0206,Hyderabad,PAYEE_A0206,0
T012051,A0384,2026-02-27 14:04:00,27.23,grocery,vegetables,D_A0384,Kochi,,0
T012052,A0399,2026-02-27 14:06:00,83.33,fuel,diesel,D_A0399,Hyderabad,,0
T012053,A0292,2026-02-27 14:12:00,45.33,grocery,vegetables,D_A0292,Kochi,,0
T012054,A0166,2026-02-27 14:14:00,77.49,transfer,p2p_transfer,D_A0166,Bengaluru,PAYEE_A0166,0
T012055,A0205,2026-02-27 14:20:00,156.84,travel,bus_ticket,D_A0205,Hyderabad,,0
T012056,A0453,2026-02-27 14:26:00,156.21,fuel,petrol,D_A0453,Bengaluru,,0
T012057,A0129,2026-02-27 14:26:00,34.15,pharmacy,medicine,D_OFF_2,Delhi,,0
T012058,A0374,2026-02-27 14:27:00,101.08,grocery,vegetables,D_A0374,Bengaluru,,0
T012059,A0326,2026-02-27 14:32:00,57.87,food,delivery,D_A0326,Bengaluru,,0
T012060,A0278,2026-02-27 14:32:00,46.52,fuel,petrol,D_A0278,Madurai,,0
T012061,A0012,2026-02-27 14:32:00,112.26,clothing,clothes,D_A0012,Chennai,,0
T012062,A0489,2026-02-27 14:35:00,43.61,fuel,diesel,D_A0489,Madurai,,0
T012063,A0484,2026-02-27 14:38:00,1576.82,electronics,phone,D_A0484,Bengaluru,,0
T012064,A0272,2026-02-27 14:40:00,33.98,food,delivery,D_FAM_14,Delhi,,0
T012065,A0349,2026-02-27 14:55:00,96.51,grocery,vegetables,D_A0349,Bengaluru,,0
T012066,A0277,2026-02-27 14:57:00,138.68,clothing,clothes,D_A0277,Madurai,,0
T012067,A0371,2026-02-27 15:01:00,103.79,fuel,diesel,D_A0371,Madurai,,0
T012068,A0332,2026-02-27 15:08:00,50.35,food,delivery,D_A0332,Delhi,,0
T012069,A0039,2026-02-27 15:11:00,25.71,food,restaurant,D_A0039,Madurai,,0
T012070,A0066,2026-02-27 15:12:00,54.82,grocery,vegetables,D_A0066,Bengaluru,,0
T012071,A0168,2026-02-27 15:14:00,23.63,streaming,subscription,D_A0168,Madurai,,0
T012072,A0377,2026-02-27 15:17:00,592.76,electronics,television,D_A0377,Mumbai,,0
T012073,A0293,2026-02-27 15:19:00,53.22,pharmacy,medicine,D_A0293,Delhi,,0
T012074,A0199,2026-02-27 15:20:00,42.64,grocery,vegetables,D_A0199,Madurai,,0
T012075,A0219,2026-02-27 15:21:00,69.28,pharmacy,medicine,D_A0219,Hyderabad,,0
T012076,A0425,2026-02-27 15:26:00,10.02,grocery,groceries,D_A0425,Madurai,,0
T012077,A0301,2026-02-27 15:28:00,22.16,streaming,subscription,D_A0301,Hyderabad,,0
T012078,A0496,2026-02-27 15:28:00,215.73,clothing,clothes,D_A0496,Mumbai,,0
T012079,A0444,2026-02-27 15:33:00,239.78,clothing,clothes,D_A0444,Kochi,,0
T012080,A0145,2026-02-27 15:33:00,77.11,grocery,groceries,D_A0145,Coimbatore,,0
T012081,A0231,2026-02-27 15:35:00,160.15,travel,train_ticket,D_A0231,Delhi,,0
T012082,A0328,2026-02-27 15:35:00,212.7,travel,bus_ticket,D_A0328,Coimbatore,,0
T012083,A0390,2026-02-27 15:40:00,34.34,pharmacy,medicine,D_A0390,Chennai,,0
T012084,A0404,2026-02-27 16:00:00,7.57,food,delivery,D_A0404,Chennai,,0
T012085,A0342,2026-02-27 16:11:00,95.14,clothing,clothes,D_A0342,Hyderabad,,0
T012086,A0151,2026-02-27 16:17:00,65.52,clothing,shoes,D_A0151,Coimbatore,,0
T012087,A0054,2026-02-27 16:22:00,4.01,streaming,subscription,D_A0054,Chennai,,0
T012088,A0178,2026-02-27 16:25:00,64.2,grocery,groceries,D_A0178,Mumbai,,0
T012089,A0044,2026-02-27 16:28:00,61.47,clothing,shoes,D_A0044,Bengaluru,,0
T012090,A0438,2026-02-27 16:32:00,54.72,giftcards,gift_card,D_A0438,Bengaluru,,0
T012091,A0155,2026-02-27 16:49:00,42.87,food,restaurant,D_A0155,Coimbatore,,0
T012092,A0030,2026-02-27 16:54:00,41.52,grocery,vegetables,D_A0030,Hyderabad,,0
T012093,A0108,2026-02-27 16:57:00,161.29,fuel,diesel,D_A0108,Coimbatore,,0
T012094,A0290,2026-02-27 17:01:00,109.83,grocery,vegetables,D_OFF_2,Bengaluru,,0
T012095,A0424,2026-02-27 17:03:00,66.01,fuel,petrol,D_A0424,Mumbai,,0
T012096,A0417,2026-02-27 17:19:00,261.15,travel,bus_ticket,D_A0417,Madurai,,0
T012097,A0086,2026-02-27 17:19:00,64.4,pharmacy,medicine,D_A0086,Chennai,,0
T012098,A0170,2026-02-27 17:24:00,144.46,travel,bus_ticket,D_A0170,Kochi,,0
T012099,A0241,2026-02-27 17:25:00,9.44,food,delivery,D_A0241,Hyderabad,,0
T012100,A0354,2026-02-27 17:26:00,28.91,pharmacy,medicine,D_A0354,Hyderabad,,0
T012101,A0001,2026-02-27 17:29:00,186.01,travel,train_ticket,D_A0001,Kochi,,0
T012102,A0413,2026-02-27 17:30:00,66.41,food,delivery,D_A0413,Mumbai,,0
T012103,A0161,2026-02-27 17:30:00,116.6,grocery,vegetables,D_A0161,Bengaluru,,0
T012104,A0429,2026-02-27 17:43:00,28.27,streaming,subscription,D_A0429,Madurai,,0
T012105,A0471,2026-02-27 17:51:00,19.99,streaming,subscription,D_A0471,Delhi,,0
T012106,A0318,2026-02-27 17:53:00,21.66,food,delivery,D_A0318,Bengaluru,,0
T012107,A0089,2026-02-27 17:54:00,600.21,travel,train_ticket,D_A0089,Hyderabad,,0
T012108,A0097,2026-02-27 18:20:00,50.14,fuel,diesel,D_FAM_1,Delhi,,0
T012109,A0283,2026-02-27 18:24:00,82.16,travel,bus_ticket,D_A0283,Kochi,,0
T012110,A0145,2026-02-27 18:24:00,257.11,travel,bus_ticket,D_A0145,Coimbatore,,0
T012111,A0081,2026-02-27 18:24:00,54.65,fuel,petrol,D_A0081,Coimbatore,,0
T012112,A0001,2026-02-27 18:38:00,59.1,food,restaurant,D_A0001,Kochi,,0
T012113,A0331,2026-02-27 18:46:00,75.75,clothing,clothes,D_A0331,Bengaluru,,0
T012114,A0345,2026-02-27 19:04:00,18.73,streaming,subscription,D_A0345,Bengaluru,,0
T012115,A0093,2026-02-27 19:09:00,187.48,clothing,shoes,D_A0093,Kochi,,0
T012116,A0115,2026-02-27 19:13:00,265.26,transfer,p2p_transfer,D_A0115,Kochi,PAYEE_A0115,0
T012117,A0070,2026-02-27 19:27:00,74.34,grocery,vegetables,D_A0070,Chennai,,0
T012118,A0381,2026-02-27 19:37:00,100.52,fuel,diesel,D_A0381,Chennai,,0
T012119,A0209,2026-02-27 19:44:00,10.61,streaming,subscription,D_A0209,Kochi,,0
T012120,A0379,2026-02-27 19:46:00,16.99,streaming,subscription,D_A0379,Madurai,,0
T012121,A0492,2026-02-27 20:01:00,146.55,pharmacy,medicine,D_A0492,Kochi,,0
T012122,A0077,2026-02-27 20:04:00,33.69,pharmacy,medicine,D_A0077,Delhi,,0
T012123,A0321,2026-02-27 20:35:00,598.02,travel,bus_ticket,D_A0321,Mumbai,,0
T012124,A0182,2026-02-27 20:50:00,47.81,food,delivery,D_FAM_8,Chennai,,0
T012125,A0470,2026-02-27 20:56:00,228.57,travel,bus_ticket,D_A0470,Mumbai,,0
T012126,A0218,2026-02-27 21:13:00,32.68,grocery,vegetables,D_A0218,Kochi,,0
T012127,A0447,2026-02-27 21:33:00,21.59,streaming,subscription,D_A0447,Hyderabad,,0
T012128,A0359,2026-02-27 21:46:00,33.79,fuel,diesel,D_A0359,Bengaluru,,0
T012129,A0076,2026-02-27 21:50:00,100.21,clothing,clothes,D_A0076,Madurai,,0
T012130,A0443,2026-02-27 22:19:00,100.84,food,delivery,D_A0443,Chennai,,0
T012131,A0413,2026-02-27 22:22:00,99.28,grocery,vegetables,D_A0413,Mumbai,,0
T012132,A0354,2026-02-28 02:19:00,889.39,giftcards,phone,D_STOLEN_32,Coimbatore,,1
T012133,A0354,2026-02-28 02:31:00,589.15,travel,flight_ticket,D_STOLEN_32,Coimbatore,,1
T012134,A0438,2026-02-28 03:32:00,2637.41,travel,gift_card,D_STOLEN_9,Delhi,,1
T012135,A0438,2026-02-28 03:44:00,1735.37,electronics,phone,D_STOLEN_9,Delhi,,1
T012136,A0438,2026-02-28 03:56:00,1414.26,electronics,gift_card,D_STOLEN_9,Delhi,,1
T012137,A0117,2026-02-28 07:01:00,95.5,transfer,p2p_transfer,D_A0117,Madurai,PAYEE_A0117,0
T012138,A0414,2026-02-28 07:03:00,70.56,streaming,subscription,D_A0414,Mumbai,,0
T012139,A0378,2026-02-28 07:17:00,33.46,streaming,subscription,D_A0378,Hyderabad,,0
T012140,A0228,2026-02-28 07:21:00,171.23,fuel,diesel,D_A0228,Mumbai,,0
T012141,A0393,2026-02-28 07:31:00,93.1,clothing,shoes,D_A0393,Bengaluru,,0
T012142,A0165,2026-02-28 07:37:00,9.95,streaming,subscription,D_A0165,Bengaluru,,0
T012143,A0154,2026-02-28 07:41:00,152.86,transfer,p2p_transfer,D_A0154,Chennai,PAYEE_A0154,0
T012144,A0086,2026-02-28 07:43:00,71.79,grocery,groceries,D_A0086,Chennai,,0
T012145,A0203,2026-02-28 07:53:00,48.35,clothing,clothes,D_A0203,Mumbai,,0
T012146,A0004,2026-02-28 07:57:00,70.38,travel,bus_ticket,D_A0004,Chennai,,0
T012147,A0479,2026-02-28 08:01:00,200.41,travel,bus_ticket,D_A0479,Chennai,,0
T012148,A0273,2026-02-28 08:04:00,16.07,streaming,subscription,D_A0273,Bengaluru,,0
T012149,A0249,2026-02-28 08:04:00,21.49,pharmacy,medicine,D_A0249,Kochi,,0
T012150,A0293,2026-02-28 08:17:00,72.69,transfer,p2p_transfer,D_A0293,Mumbai,PAYEE_A0293,0
T012151,A0255,2026-02-28 08:20:00,198.64,transfer,p2p_transfer,D_A0255,Mumbai,PAYEE_A0255,0
T012152,A0055,2026-02-28 08:24:00,27.65,grocery,vegetables,D_A0055,Bengaluru,,0
T012153,A0420,2026-02-28 08:27:00,189.89,fuel,diesel,D_OFF_0,Madurai,,0
T012154,A0355,2026-02-28 08:28:00,69.86,transfer,p2p_transfer,D_A0355,Madurai,PAYEE_A0355,0
T012155,A0302,2026-02-28 08:31:00,8.37,streaming,subscription,D_A0302,Kochi,,0
T012156,A0085,2026-02-28 08:46:00,22.45,food,delivery,D_A0085,Delhi,,0
T012157,A0367,2026-02-28 08:48:00,146.46,clothing,shoes,D_A0367,Mumbai,,0
T012158,A0286,2026-02-28 08:51:00,38.26,pharmacy,medicine,D_FAM_10,Hyderabad,,0
T012159,A0075,2026-02-28 08:55:00,688.97,fuel,petrol,D_A0075,Kochi,,0
T012160,A0322,2026-02-28 09:00:00,38.83,food,delivery,D_A0322,Madurai,,0
T012161,A0443,2026-02-28 09:02:00,109.03,food,restaurant,D_A0443,Chennai,,0
T012162,A0305,2026-02-28 09:04:00,16.22,streaming,subscription,D_A0305,Mumbai,,0
T012163,A0269,2026-02-28 09:05:00,38.72,streaming,subscription,D_A0269,Coimbatore,,0
T012164,A0422,2026-02-28 09:12:00,70.42,fuel,diesel,D_A0422,Delhi,,0
T012165,A0290,2026-02-28 09:12:00,302.88,travel,train_ticket,D_OFF_2,Bengaluru,,0
T012166,A0233,2026-02-28 09:15:00,139.56,grocery,vegetables,D_A0233,Coimbatore,,0
T012167,A0121,2026-02-28 09:33:00,53.75,pharmacy,medicine,D_A0121,Hyderabad,,0
T012168,A0199,2026-02-28 09:37:00,51.75,pharmacy,medicine,D_A0199,Madurai,,0
T012169,A0245,2026-02-28 09:40:00,62.7,grocery,vegetables,D_A0245,Mumbai,,0
T012170,A0257,2026-02-28 09:45:00,39.78,food,restaurant,D_A0257,Coimbatore,,0
T012171,A0226,2026-02-28 09:45:00,31.62,grocery,vegetables,D_A0226,Kochi,,0
T012172,A0090,2026-02-28 09:48:00,176.42,travel,bus_ticket,D_A0090,Chennai,,0
T012173,A0206,2026-02-28 09:51:00,181.87,transfer,p2p_transfer,D_A0206,Hyderabad,PAYEE_A0206,0
T012174,A0238,2026-02-28 09:56:00,185.22,travel,train_ticket,D_A0238,Madurai,,0
T012175,A0421,2026-02-28 10:00:00,137.77,travel,train_ticket,D_A0421,Chennai,,0
T012176,A0097,2026-02-28 10:05:00,42.97,grocery,groceries,D_FAM_1,Delhi,,0
T012177,A0154,2026-02-28 10:12:00,168.8,travel,train_ticket,D_A0154,Chennai,,0
T012178,A0474,2026-02-28 10:13:00,77.63,grocery,groceries,D_A0474,Kochi,,0
T012179,A0359,2026-02-28 10:16:00,57.41,fuel,petrol,D_A0359,Madurai,,0
T012180,A0206,2026-02-28 10:39:00,138.29,pharmacy,medicine,D_A0206,Hyderabad,,0
T012181,A0116,2026-02-28 10:46:00,144.65,transfer,p2p_transfer,D_A0116,Madurai,PAYEE_A0116,0
T012182,A0285,2026-02-28 10:47:00,116.63,fuel,petrol,D_A0285,Madurai,,0
T012183,A0352,2026-02-28 10:49:00,27.62,fuel,diesel,D_A0352,Bengaluru,,0
T012184,A0315,2026-02-28 10:52:00,129.34,clothing,clothes,D_A0315,Madurai,,0
T012185,A0076,2026-02-28 10:55:00,51.84,fuel,diesel,D_A0076,Madurai,,0
T012186,A0299,2026-02-28 10:57:00,81.66,clothing,shoes,D_A0299,Chennai,,0
T012187,A0397,2026-02-28 10:58:00,129.14,clothing,shoes,D_A0397,Mumbai,,0
T012188,A0400,2026-02-28 10:58:00,96.42,food,restaurant,D_A0400,Coimbatore,,0
T012189,A0309,2026-02-28 10:59:00,26.85,grocery,vegetables,D_A0309,Delhi,,0
T012190,A0280,2026-02-28 11:00:00,37.33,food,restaurant,D_A0280,Coimbatore,,0
T012191,A0422,2026-02-28 11:02:00,21.22,streaming,subscription,D_A0422,Delhi,,0
T012192,A0370,2026-02-28 11:08:00,127.22,fuel,diesel,D_A0370,Delhi,,0
T012193,A0041,2026-02-28 11:09:00,18.91,food,delivery,D_FAM_6,Hyderabad,,0
T012194,A0038,2026-02-28 11:11:00,52.97,fuel,diesel,D_A0038,Madurai,,0
T012195,A0485,2026-02-28 11:11:00,160.97,clothing,shoes,D_A0485,Madurai,,0
T012196,A0177,2026-02-28 11:12:00,389.95,travel,bus_ticket,D_A0177,Delhi,,0
T012197,A0140,2026-02-28 11:14:00,597.71,travel,bus_ticket,D_A0140,Madurai,,0
T012198,A0386,2026-02-28 11:15:00,31.06,grocery,vegetables,D_A0386,Coimbatore,,0
T012199,A0463,2026-02-28 11:30:00,46.53,streaming,subscription,D_A0463,Bengaluru,,0
T012200,A0280,2026-02-28 11:38:00,62.29,food,delivery,D_A0280,Coimbatore,,0
T012201,A0100,2026-02-28 11:40:00,172.08,clothing,clothes,D_A0100,Kochi,,0
T012202,A0206,2026-02-28 11:47:00,112.68,pharmacy,medicine,D_A0206,Hyderabad,,0
T012203,A0006,2026-02-28 11:49:00,29.56,streaming,subscription,D_FAM_7,Coimbatore,,0
T012204,A0304,2026-02-28 11:57:00,69.9,grocery,vegetables,D_A0304,Hyderabad,,0
T012205,A0164,2026-02-28 12:07:00,17.3,streaming,subscription,D_A0164,Madurai,,0
T012206,A0372,2026-02-28 12:09:00,58.37,grocery,groceries,D_A0372,Coimbatore,,0
T012207,A0419,2026-02-28 12:14:00,29.44,pharmacy,medicine,D_A0419,Delhi,,0
T012208,A0481,2026-02-28 12:22:00,42.76,grocery,groceries,D_A0481,Coimbatore,,0
T012209,A0451,2026-02-28 12:26:00,26.4,fuel,petrol,D_A0451,Madurai,,0
T012210,A0274,2026-02-28 12:29:00,20.98,streaming,subscription,D_A0274,Coimbatore,,0
T012211,A0483,2026-02-28 12:36:00,42.36,grocery,vegetables,D_A0483,Delhi,,0
T012212,A0199,2026-02-28 12:45:00,42.56,food,delivery,D_A0199,Madurai,,0
T012213,A0426,2026-02-28 12:46:00,10.01,pharmacy,medicine,D_A0426,Hyderabad,,0
T012214,A0398,2026-02-28 12:49:00,308.4,travel,bus_ticket,D_OFF_1,Kochi,,0
T012215,A0144,2026-02-28 12:50:00,59.25,grocery,groceries,D_A0144,Madurai,,0
T012216,A0262,2026-02-28 12:52:00,145.69,clothing,clothes,D_A0262,Coimbatore,,0
T012217,A0405,2026-02-28 12:54:00,51.25,fuel,diesel,D_A0405,Kochi,,0
T012218,A0168,2026-02-28 12:55:00,40.53,streaming,subscription,D_A0168,Delhi,,0
T012219,A0352,2026-02-28 12:56:00,20.36,food,restaurant,D_A0352,Bengaluru,,0
T012220,A0187,2026-02-28 13:05:00,55.37,transfer,p2p_transfer,D_A0187,Bengaluru,PAYEE_A0187,0
T012221,A0090,2026-02-28 13:06:00,47.18,grocery,vegetables,D_A0090,Chennai,,0
T012222,A0480,2026-02-28 13:10:00,164.82,grocery,vegetables,D_FAM_6,Kochi,,0
T012223,A0423,2026-02-28 13:13:00,19.81,food,delivery,D_A0423,Coimbatore,,0
T012224,A0161,2026-02-28 13:13:00,103.98,fuel,diesel,D_A0161,Coimbatore,,0
T012225,A0020,2026-02-28 13:14:00,38.33,streaming,subscription,D_A0020,Bengaluru,,0
T012226,A0371,2026-02-28 13:16:00,33.1,giftcards,gift_card,D_A0371,Madurai,,0
T012227,A0320,2026-02-28 13:17:00,78.81,clothing,shoes,D_FAM_4,Madurai,,0
T012228,A0190,2026-02-28 13:18:00,565.68,clothing,shoes,D_A0190,Madurai,,0
T012229,A0059,2026-02-28 13:18:00,80.43,streaming,subscription,D_A0059,Bengaluru,,0
T012230,A0426,2026-02-28 13:18:00,88.38,fuel,petrol,D_A0426,Hyderabad,,0
T012231,A0364,2026-02-28 13:21:00,79.3,grocery,vegetables,D_A0364,Coimbatore,,0
T012232,A0395,2026-02-28 13:27:00,125.31,pharmacy,medicine,D_A0395,Chennai,,0
T012233,A0241,2026-02-28 13:29:00,24.31,food,restaurant,D_A0241,Hyderabad,,0
T012234,A0395,2026-02-28 13:29:00,40.03,pharmacy,medicine,D_A0395,Chennai,,0
T012235,A0153,2026-02-28 13:32:00,32.59,food,restaurant,D_A0153,Madurai,,0
T012236,A0375,2026-02-28 13:32:00,204.04,clothing,clothes,D_A0375,Chennai,,0
T012237,A0375,2026-02-28 13:33:00,219.12,clothing,clothes,D_A0375,Chennai,,0
T012238,A0229,2026-02-28 13:35:00,96.81,pharmacy,medicine,D_A0229,Bengaluru,,0
T012239,A0460,2026-02-28 13:37:00,81.99,grocery,vegetables,D_A0460,Hyderabad,,0
T012240,A0061,2026-02-28 13:37:00,173.42,travel,bus_ticket,D_A0061,Madurai,,0
T012241,A0326,2026-02-28 13:38:00,64.56,food,restaurant,D_A0326,Bengaluru,,0
T012242,A0442,2026-02-28 13:38:00,176.69,fuel,diesel,D_A0442,Kochi,,0
T012243,A0212,2026-02-28 13:38:00,313.04,travel,train_ticket,D_OFF_1,Kochi,,0
T012244,A0124,2026-02-28 13:40:00,89.69,grocery,groceries,D_A0124,Hyderabad,,0
T012245,A0486,2026-02-28 13:42:00,71.51,food,delivery,D_A0486,Mumbai,,0
T012246,A0430,2026-02-28 13:42:00,72.71,pharmacy,medicine,D_A0430,Kochi,,0
T012247,A0333,2026-02-28 13:45:00,107.07,grocery,vegetables,D_FAM_9,Bengaluru,,0
T012248,A0283,2026-02-28 13:54:00,29.07,grocery,groceries,D_A0283,Kochi,,0
T012249,A0483,2026-02-28 14:01:00,10.28,streaming,subscription,D_A0483,Delhi,,0
T012250,A0316,2026-02-28 14:02:00,22.98,streaming,subscription,D_FAM_14,Madurai,,0
T012251,A0154,2026-02-28 14:03:00,131.46,clothing,clothes,D_A0154,Chennai,,0
T012252,A0165,2026-02-28 14:06:00,36.22,pharmacy,medicine,D_A0165,Madurai,,0
T012253,A0491,2026-02-28 14:07:00,46.34,clothing,clothes,D_FAM_2,Mumbai,,0
T012254,A0435,2026-02-28 14:09:00,20.03,streaming,subscription,D_A0435,Coimbatore,,0
T012255,A0130,2026-02-28 14:11:00,32.93,pharmacy,medicine,D_A0130,Mumbai,,0
T012256,A0242,2026-02-28 14:14:00,224.47,food,delivery,D_A0242,Bengaluru,,0
T012257,A0396,2026-02-28 14:17:00,49.48,food,restaurant,D_FAM_3,Coimbatore,,0
T012258,A0097,2026-02-28 14:19:00,57.85,fuel,diesel,D_FAM_1,Delhi,,0
T012259,A0425,2026-02-28 14:20:00,24.62,grocery,vegetables,D_A0425,Mumbai,,0
T012260,A0332,2026-02-28 14:26:00,41.44,food,delivery,D_A0332,Delhi,,0
T012261,A0180,2026-02-28 14:30:00,15.56,streaming,subscription,D_A0180,Chennai,,0
T012262,A0458,2026-02-28 14:35:00,113.25,travel,bus_ticket,D_FAM_9,Mumbai,,0
T012263,A0275,2026-02-28 14:40:00,24.14,streaming,subscription,D_FAM_5,Chennai,,0
T012264,A0273,2026-02-28 14:41:00,11.7,streaming,subscription,D_A0273,Bengaluru,,0
T012265,A0229,2026-02-28 14:43:00,122.11,grocery,groceries,D_A0229,Bengaluru,,0
T012266,A0113,2026-02-28 14:44:00,295.43,clothing,clothes,D_FAM_3,Hyderabad,,0
T012267,A0443,2026-02-28 14:46:00,46.12,food,restaurant,D_A0443,Chennai,,0
T012268,A0064,2026-02-28 14:49:00,292.82,clothing,shoes,D_A0064,Bengaluru,,0
T012269,A0290,2026-02-28 14:51:00,254.56,travel,bus_ticket,D_OFF_2,Bengaluru,,0
T012270,A0232,2026-02-28 14:54:00,99.24,fuel,petrol,D_A0232,Coimbatore,,0
T012271,A0497,2026-02-28 15:00:00,85.0,grocery,groceries,D_A0497,Coimbatore,,0
T012272,A0074,2026-02-28 15:08:00,45.1,food,restaurant,D_A0074,Hyderabad,,0
T012273,A0066,2026-02-28 15:09:00,63.82,food,delivery,D_A0066,Bengaluru,,0
T012274,A0066,2026-02-28 15:13:00,85.98,grocery,groceries,D_A0066,Bengaluru,,0
T012275,A0071,2026-02-28 15:13:00,222.18,travel,train_ticket,D_A0071,Kochi,,0
T012276,A0351,2026-02-28 15:13:00,15.59,streaming,subscription,D_A0351,Mumbai,,0
T012277,A0133,2026-02-28 15:14:00,24.77,food,delivery,D_A0133,Bengaluru,,0
T012278,A0448,2026-02-28 15:16:00,68.49,food,restaurant,D_A0448,Madurai,,0
T012279,A0207,2026-02-28 15:24:00,21.77,streaming,subscription,D_A0207,Delhi,,0
T012280,A0074,2026-02-28 15:24:00,34.94,giftcards,gift_card,D_A0074,Hyderabad,,0
T012281,A0394,2026-02-28 15:27:00,78.67,streaming,subscription,D_A0394,Coimbatore,,0
T012282,A0495,2026-02-28 15:34:00,125.87,clothing,shoes,D_A0495,Chennai,,0
T012283,A0354,2026-02-28 15:35:00,16.33,pharmacy,medicine,D_A0354,Hyderabad,,0
T012284,A0383,2026-02-28 15:37:00,71.56,travel,bus_ticket,D_A0383,Bengaluru,,0
T012285,A0250,2026-02-28 15:41:00,93.11,fuel,diesel,D_A0250,Hyderabad,,0
T012286,A0083,2026-02-28 15:46:00,142.39,pharmacy,medicine,D_A0083,Madurai,,0
T012287,A0451,2026-02-28 15:49:00,26.41,fuel,petrol,D_A0451,Madurai,,0
T012288,A0383,2026-02-28 15:50:00,172.45,travel,train_ticket,D_A0383,Bengaluru,,0
T012289,A0382,2026-02-28 15:50:00,68.41,grocery,vegetables,D_A0382,Bengaluru,,0
T012290,A0398,2026-02-28 15:51:00,2837.45,electronics,television,D_OFF_1,Kochi,,0
T012291,A0186,2026-02-28 15:51:00,27.01,food,restaurant,D_A0186,Kochi,,0
T012292,A0261,2026-02-28 15:53:00,162.22,travel,train_ticket,D_A0261,Delhi,,0
T012293,A0432,2026-02-28 15:54:00,85.23,travel,bus_ticket,D_FAM_14,Kochi,,0
T012294,A0137,2026-02-28 15:54:00,71.79,pharmacy,medicine,D_FAM_13,Hyderabad,,0
T012295,A0426,2026-02-28 15:57:00,51.81,pharmacy,medicine,D_A0426,Hyderabad,,0
T012296,A0333,2026-02-28 15:57:00,179.98,grocery,vegetables,D_FAM_9,Chennai,,0
T012297,A0033,2026-02-28 15:59:00,125.95,clothing,clothes,D_A0033,Coimbatore,,0
T012298,A0029,2026-02-28 16:00:00,153.03,travel,bus_ticket,D_A0029,Hyderabad,,0
T012299,A0017,2026-02-28 16:00:00,145.44,travel,bus_ticket,D_A0017,Madurai,,0
T012300,A0070,2026-02-28 16:00:00,43.3,food,delivery,D_A0070,Chennai,,0
T012301,A0053,2026-02-28 16:13:00,32.17,pharmacy,medicine,D_A0053,Bengaluru,,0
T012302,A0102,2026-02-28 16:14:00,10.01,streaming,subscription,D_FAM_7,Madurai,,0
T012303,A0175,2026-02-28 16:18:00,59.94,grocery,groceries,D_FAM_7,Chennai,,0
T012304,A0335,2026-02-28 16:21:00,86.67,grocery,vegetables,D_A0335,Mumbai,,0
T012305,A0201,2026-02-28 16:23:00,172.29,travel,bus_ticket,D_A0201,Coimbatore,,0
T012306,A0281,2026-02-28 16:26:00,55.79,giftcards,gift_card,D_A0281,Coimbatore,,0
T012307,A0094,2026-02-28 16:28:00,14.63,streaming,subscription,D_A0094,Bengaluru,,0
T012308,A0219,2026-02-28 16:30:00,42.52,pharmacy,medicine,D_A0219,Hyderabad,,0
T012309,A0152,2026-02-28 16:33:00,169.88,clothing,shoes,D_A0152,Mumbai,,0
T012310,A0350,2026-02-28 16:34:00,134.79,food,restaurant,D_A0350,Kochi,,0
T012311,A0168,2026-02-28 16:39:00,65.46,food,delivery,D_A0168,Madurai,,0
T012312,A0140,2026-02-28 16:39:00,453.51,clothing,clothes,D_A0140,Madurai,,0
T012313,A0274,2026-02-28 16:40:00,52.39,food,delivery,D_A0274,Madurai,,0
T012314,A0103,2026-02-28 16:40:00,115.0,transfer,p2p_transfer,D_A0103,Delhi,PAYEE_A0103,0
T012315,A0253,2026-02-28 16:41:00,40.54,transfer,p2p_transfer,D_A0253,Mumbai,PAYEE_A0253,0
T012316,A0431,2026-02-28 16:46:00,38.02,food,delivery,D_FAM_11,Hyderabad,,0
T012317,A0357,2026-02-28 16:52:00,21.19,streaming,subscription,D_A0357,Kochi,,0
T012318,A0453,2026-02-28 16:58:00,109.71,fuel,petrol,D_A0453,Bengaluru,,0
T012319,A0037,2026-02-28 17:02:00,40.67,streaming,subscription,D_A0037,Madurai,,0
T012320,A0479,2026-02-28 17:05:00,55.3,grocery,vegetables,D_A0479,Chennai,,0
T012321,A0138,2026-02-28 17:06:00,54.68,clothing,clothes,D_A0138,Kochi,,0
T012322,A0113,2026-02-28 17:06:00,192.16,clothing,shoes,D_FAM_3,Hyderabad,,0
T012323,A0143,2026-02-28 17:20:00,11.7,streaming,subscription,D_A0143,Kochi,,0
T012324,A0030,2026-02-28 17:21:00,64.62,pharmacy,medicine,D_A0030,Hyderabad,,0
T012325,A0252,2026-02-28 17:21:00,37.95,clothing,clothes,D_A0252,Delhi,,0
T012326,A0435,2026-02-28 17:21:00,14.22,streaming,subscription,D_A0435,Coimbatore,,0
T012327,A0109,2026-02-28 17:26:00,67.22,pharmacy,medicine,D_FAM_13,Mumbai,,0
T012328,A0108,2026-02-28 17:29:00,27.67,streaming,subscription,D_A0108,Coimbatore,,0
T012329,A0034,2026-02-28 17:34:00,10.66,pharmacy,medicine,D_FAM_10,Bengaluru,,0
T012330,A0407,2026-02-28 17:40:00,175.44,transfer,p2p_transfer,D_A0407,Bengaluru,PAYEE_A0407,0
T012331,A0117,2026-02-28 17:42:00,45.4,food,restaurant,D_A0117,Bengaluru,,0
T012332,A0086,2026-02-28 17:44:00,40.27,pharmacy,medicine,D_A0086,Chennai,,0
T012333,A0354,2026-02-28 17:44:00,62.27,grocery,groceries,D_A0354,Hyderabad,,0
T012334,A0411,2026-02-28 17:46:00,52.43,pharmacy,medicine,D_A0411,Chennai,,0
T012335,A0387,2026-02-28 17:56:00,66.57,travel,bus_ticket,D_A0387,Madurai,,0
T012336,A0078,2026-02-28 18:06:00,58.56,fuel,petrol,D_A0078,Madurai,,0
T012337,A0115,2026-02-28 18:06:00,382.09,travel,bus_ticket,D_A0115,Kochi,,0
T012338,A0222,2026-02-28 18:20:00,77.87,travel,bus_ticket,D_A0222,Madurai,,0
T012339,A0447,2026-02-28 18:20:00,26.85,streaming,subscription,D_A0447,Hyderabad,,0
T012340,A0392,2026-02-28 18:32:00,298.88,travel,train_ticket,D_A0392,Bengaluru,,0
T012341,A0487,2026-02-28 19:06:00,223.76,travel,train_ticket,D_A0487,Mumbai,,0
T012342,A0202,2026-02-28 19:19:00,43.44,streaming,subscription,D_A0202,Madurai,,0
T012343,A0237,2026-02-28 19:20:00,67.64,fuel,diesel,D_A0237,Madurai,,0
T012344,A0369,2026-02-28 19:46:00,198.5,clothing,clothes,D_A0369,Mumbai,,0
T012345,A0228,2026-02-28 19:50:00,91.51,grocery,vegetables,D_A0228,Mumbai,,0
T012346,A0112,2026-02-28 20:14:00,93.07,fuel,petrol,D_A0112,Delhi,,0
T012347,A0306,2026-02-28 20:15:00,36.04,pharmacy,medicine,D_A0306,Chennai,,0
T012348,A0075,2026-02-28 20:47:00,187.07,fuel,diesel,D_A0075,Mumbai,,0
T012349,A0141,2026-02-28 20:53:00,30.25,streaming,subscription,D_FAM_2,Kochi,,0
T012350,A0181,2026-02-28 20:57:00,197.29,travel,train_ticket,D_A0181,Hyderabad,,0
T012351,A0344,2026-02-28 21:04:00,181.59,travel,train_ticket,D_A0344,Kochi,,0
T012352,A0263,2026-02-28 21:10:00,144.42,pharmacy,medicine,D_A0263,Coimbatore,,0
T012353,A0409,2026-02-28 21:59:00,96.59,clothing,shoes,D_A0409,Chennai,,0
T012354,A0332,2026-02-28 22:19:00,8.62,streaming,subscription,D_A0332,Delhi,,0
T012355,A0139,2026-02-28 22:38:00,64.46,fuel,diesel,D_FAM_7,Hyderabad,,0
T012356,A0183,2026-02-28 22:48:00,125.26,clothing,shoes,D_A0183,Mumbai,,0
T012357,A0339,2026-02-28 23:39:00,51.55,pharmacy,medicine,D_A0339,Coimbatore,,0
T012358,A0048,2026-02-28 23:47:00,56.99,food,restaurant,D_A0048,Mumbai,,0
T012359,A0123,2026-03-01 07:02:00,93.37,transfer,p2p_transfer,D_A0123,Bengaluru,PAYEE_A0123,0
T012360,A0296,2026-03-01 07:03:00,77.69,pharmacy,medicine,D_A0296,Hyderabad,,0
T012361,A0140,2026-03-01 07:09:00,280.63,transfer,p2p_transfer,D_A0140,Madurai,PAYEE_A0140,0
T012362,A0430,2026-03-01 07:13:00,79.7,pharmacy,medicine,D_A0430,Kochi,,0
T012363,A0123,2026-03-01 07:18:00,93.57,clothing,shoes,D_A0123,Bengaluru,,0
T012364,A0412,2026-03-01 07:21:00,47.27,pharmacy,medicine,D_A0412,Kochi,,0
T012365,A0048,2026-03-01 07:30:00,31.6,grocery,vegetables,D_A0048,Mumbai,,0
T012366,A0263,2026-03-01 07:30:00,419.81,travel,bus_ticket,D_A0263,Coimbatore,,0
T012367,A0442,2026-03-01 07:42:00,126.46,fuel,petrol,D_A0442,Kochi,,0
T012368,A0485,2026-03-01 07:46:00,51.52,grocery,vegetables,D_A0485,Madurai,,0
T012369,A0455,2026-03-01 07:49:00,241.85,travel,bus_ticket,D_A0455,Chennai,,0
T012370,A0346,2026-03-01 08:04:00,253.0,grocery,groceries,D_A0346,Mumbai,,0
T012371,A0411,2026-03-01 08:04:00,136.1,clothing,clothes,D_A0411,Kochi,,0
T012372,A0269,2026-03-01 08:10:00,171.29,fuel,petrol,D_A0269,Coimbatore,,0
T012373,A0203,2026-03-01 08:44:00,109.63,clothing,shoes,D_A0203,Mumbai,,0
T012374,A0329,2026-03-01 08:45:00,140.88,clothing,shoes,D_A0329,Kochi,,0
T012375,A0032,2026-03-01 09:05:00,40.98,grocery,vegetables,D_A0032,Delhi,,0
T012376,A0356,2026-03-01 09:09:00,16.2,streaming,subscription,D_A0356,Bengaluru,,0
T012377,A0478,2026-03-01 09:12:00,117.97,clothing,shoes,D_A0478,Hyderabad,,0
T012378,A0066,2026-03-01 09:20:00,74.39,food,restaurant,D_A0066,Bengaluru,,0
T012379,A0226,2026-03-01 09:21:00,33.11,grocery,groceries,D_A0226,Kochi,,0
T012380,A0161,2026-03-01 09:26:00,85.5,grocery,vegetables,D_A0161,Bengaluru,,0
T012381,A0016,2026-03-01 09:48:00,36.84,streaming,subscription,D_FAM_12,Madurai,,0
T012382,A0174,2026-03-01 09:51:00,57.53,clothing,clothes,D_A0174,Kochi,,0
T012383,A0198,2026-03-01 09:55:00,80.0,food,delivery,D_A0198,Coimbatore,,0
T012384,A0422,2026-03-01 09:55:00,78.91,grocery,vegetables,D_A0422,Delhi,,0
T012385,A0088,2026-03-01 10:01:00,35.09,streaming,subscription,D_A0088,Chennai,,0
T012386,A0148,2026-03-01 10:01:00,78.86,pharmacy,medicine,D_A0148,Delhi,,0
T012387,A0137,2026-03-01 10:05:00,226.88,travel,train_ticket,D_FAM_13,Hyderabad,,0
T012388,A0485,2026-03-01 10:06:00,38.39,pharmacy,medicine,D_A0485,Madurai,,0
T012389,A0291,2026-03-01 10:09:00,92.49,clothing,shoes,D_A0291,Mumbai,,0
T012390,A0185,2026-03-01 10:11:00,214.09,grocery,groceries,D_A0185,Bengaluru,,0
T012391,A0447,2026-03-01 10:24:00,63.64,grocery,vegetables,D_A0447,Hyderabad,,0
T012392,A0051,2026-03-01 10:25:00,52.0,food,restaurant,D_A0051,Mumbai,,0
T012393,A0147,2026-03-01 10:30:00,115.19,travel,train_ticket,D_A0147,Delhi,,0
T012394,A0466,2026-03-01 10:33:00,31.82,food,restaurant,D_A0466,Hyderabad,,0
T012395,A0005,2026-03-01 10:48:00,55.67,food,delivery,D_A0005,Coimbatore,,0
T012396,A0222,2026-03-01 10:53:00,93.96,travel,bus_ticket,D_A0222,Madurai,,0
T012397,A0066,2026-03-01 10:58:00,70.27,food,restaurant,D_A0066,Bengaluru,,0
T012398,A0269,2026-03-01 11:02:00,173.3,fuel,petrol,D_A0269,Coimbatore,,0
T012399,A0301,2026-03-01 11:02:00,69.72,grocery,vegetables,D_A0301,Hyderabad,,0
T012400,A0149,2026-03-01 11:05:00,89.58,grocery,groceries,D_A0149,Madurai,,0
T012401,A0241,2026-03-01 11:08:00,41.96,grocery,groceries,D_A0241,Hyderabad,,0
T012402,A0451,2026-03-01 11:13:00,11.53,food,restaurant,D_FAM_12,Madurai,,0
T012403,A0356,2026-03-01 11:18:00,23.18,food,restaurant,D_A0356,Bengaluru,,0
T012404,A0270,2026-03-01 11:19:00,66.69,pharmacy,medicine,D_A0270,Kochi,,0
T012405,A0217,2026-03-01 11:20:00,310.12,clothing,shoes,D_A0217,Chennai,,0
T012406,A0397,2026-03-01 11:24:00,115.14,clothing,shoes,D_A0397,Chennai,,0
T012407,A0211,2026-03-01 11:26:00,50.71,food,restaurant,D_A0211,Kochi,,0
T012408,A0343,2026-03-01 11:30:00,36.99,grocery,groceries,D_A0343,Kochi,,0
T012409,A0106,2026-03-01 11:33:00,37.84,streaming,subscription,D_A0106,Bengaluru,,0
T012410,A0086,2026-03-01 11:37:00,38.09,grocery,vegetables,D_A0086,Chennai,,0
T012411,A0156,2026-03-01 11:37:00,31.89,fuel,diesel,D_A0156,Delhi,,0
T012412,A0493,2026-03-01 11:39:00,49.31,streaming,subscription,D_A0493,Coimbatore,,0
T012413,A0239,2026-03-01 11:41:00,45.34,clothing,shoes,D_A0239,Coimbatore,,0
T012414,A0327,2026-03-01 11:44:00,88.2,transfer,p2p_transfer,D_A0327,Coimbatore,PAYEE_A0327,0
T012415,A0271,2026-03-01 11:45:00,115.79,fuel,petrol,D_A0271,Chennai,,0
T012416,A0416,2026-03-01 11:46:00,41.93,grocery,vegetables,D_A0416,Hyderabad,,0
T012417,A0438,2026-03-01 11:52:00,247.3,transfer,p2p_transfer,D_A0438,Bengaluru,PAYEE_A0438,0
T012418,A0032,2026-03-01 11:53:00,43.97,grocery,groceries,D_A0032,Delhi,,0
T012419,A0296,2026-03-01 11:56:00,77.43,pharmacy,medicine,D_A0296,Hyderabad,,0
T012420,A0123,2026-03-01 12:09:00,305.26,travel,bus_ticket,D_A0123,Delhi,,0
T012421,A0208,2026-03-01 12:12:00,47.42,fuel,petrol,D_A0208,Mumbai,,0
T012422,A0339,2026-03-01 12:13:00,84.16,fuel,diesel,D_A0339,Coimbatore,,0
T012423,A0391,2026-03-01 12:16:00,6.98,pharmacy,medicine,D_A0391,Kochi,,0
T012424,A0178,2026-03-01 12:19:00,59.12,grocery,groceries,D_A0178,Mumbai,,0
T012425,A0259,2026-03-01 12:24:00,21.13,streaming,subscription,D_A0259,Hyderabad,,0
T012426,A0302,2026-03-01 12:29:00,23.91,grocery,vegetables,D_A0302,Kochi,,0
T012427,A0186,2026-03-01 12:30:00,50.02,fuel,diesel,D_A0186,Kochi,,0
T012428,A0326,2026-03-01 12:41:00,102.28,food,restaurant,D_A0326,Bengaluru,,0
T012429,A0389,2026-03-01 12:59:00,59.62,grocery,groceries,D_A0389,Coimbatore,,0
T012430,A0235,2026-03-01 13:07:00,88.27,fuel,diesel,D_A0235,Chennai,,0
T012431,A0458,2026-03-01 13:11:00,10.28,streaming,subscription,D_FAM_9,Mumbai,,0
T012432,A0380,2026-03-01 13:16:00,453.58,travel,bus_ticket,D_A0380,Mumbai,,0
T012433,A0079,2026-03-01 13:20:00,40.31,food,delivery,D_A0079,Madurai,,0
T012434,A0253,2026-03-01 13:22:00,29.99,food,restaurant,D_A0253,Mumbai,,0
T012435,A0182,2026-03-01 13:27:00,131.36,fuel,petrol,D_A0182,Chennai,,0
T012436,A0084,2026-03-01 13:28:00,11.1,streaming,subscription,D_A0084,Hyderabad,,0
T012437,A0082,2026-03-01 13:29:00,64.96,pharmacy,medicine,D_A0082,Delhi,,0
T012438,A0059,2026-03-01 13:30:00,204.55,pharmacy,medicine,D_A0059,Bengaluru,,0
T012439,A0017,2026-03-01 13:30:00,19.82,food,restaurant,D_A0017,Madurai,,0
T012440,A0294,2026-03-01 13:31:00,56.04,fuel,diesel,D_A0294,Mumbai,,0
T012441,A0265,2026-03-01 13:31:00,39.33,food,delivery,D_A0265,Mumbai,,0
T012442,A0060,2026-03-01 13:32:00,22.32,streaming,subscription,D_A0060,Madurai,,0
T012443,A0155,2026-03-01 13:34:00,234.68,travel,train_ticket,D_A0155,Coimbatore,,0
T012444,A0380,2026-03-01 13:37:00,34.19,streaming,subscription,D_A0380,Mumbai,,0
T012445,A0466,2026-03-01 13:39:00,21.33,food,delivery,D_A0466,Hyderabad,,0
T012446,A0248,2026-03-01 13:43:00,3.46,streaming,subscription,D_A0248,Mumbai,,0
T012447,A0420,2026-03-01 13:43:00,50.5,food,delivery,D_OFF_0,Madurai,,0
T012448,A0244,2026-03-01 13:55:00,269.6,travel,train_ticket,D_A0244,Coimbatore,,0
T012449,A0293,2026-03-01 14:07:00,70.48,fuel,petrol,D_A0293,Mumbai,,0
T012450,A0461,2026-03-01 14:08:00,147.79,transfer,p2p_transfer,D_FAM_0,Madurai,PAYEE_A0461,0
T012451,A0124,2026-03-01 14:09:00,318.63,transfer,p2p_transfer,D_A0124,Hyderabad,PAYEE_A0124,0
T012452,A0372,2026-03-01 14:12:00,83.05,grocery,groceries,D_A0372,Mumbai,,0
T012453,A0442,2026-03-01 14:12:00,63.01,pharmacy,medicine,D_A0442,Kochi,,0
T012454,A0169,2026-03-01 14:13:00,62.97,clothing,clothes,D_A0169,Bengaluru,,0
T012455,A0451,2026-03-01 14:14:00,20.08,grocery,groceries,D_FAM_12,Madurai,,0
T012456,A0368,2026-03-01 14:15:00,345.01,transfer,p2p_transfer,D_A0368,Coimbatore,PAYEE_A0368,0
T012457,A0082,2026-03-01 14:16:00,298.89,travel,train_ticket,D_A0082,Delhi,,0
T012458,A0338,2026-03-01 14:19:00,9.92,streaming,subscription,D_A0338,Kochi,,0
T012459,A0258,2026-03-01 14:27:00,62.4,pharmacy,medicine,D_A0258,Mumbai,,0
T012460,A0131,2026-03-01 14:28:00,34.23,streaming,subscription,D_A0131,Bengaluru,,0
T012461,A0099,2026-03-01 14:28:00,43.46,giftcards,gift_card,D_A0099,Kochi,,0
T012462,A0390,2026-03-01 14:32:00,39.55,food,restaurant,D_A0390,Mumbai,,0
T012463,A0187,2026-03-01 14:34:00,8.51,streaming,subscription,D_A0187,Bengaluru,,0
T012464,A0249,2026-03-01 14:34:00,50.6,clothing,clothes,D_A0249,Kochi,,0
T012465,A0300,2026-03-01 14:38:00,18.12,streaming,subscription,D_FAM_12,Delhi,,0
T012466,A0223,2026-03-01 14:38:00,243.26,travel,bus_ticket,D_A0223,Hyderabad,,0
T012467,A0351,2026-03-01 14:39:00,15.93,streaming,subscription,D_A0351,Chennai,,0
T012468,A0196,2026-03-01 14:46:00,165.12,transfer,p2p_transfer,D_A0196,Coimbatore,PAYEE_A0196,0
T012469,A0059,2026-03-01 14:46:00,180.97,pharmacy,medicine,D_A0059,Bengaluru,,0
T012470,A0330,2026-03-01 14:46:00,45.72,pharmacy,medicine,D_A0330,Coimbatore,,0
T012471,A0146,2026-03-01 14:52:00,11.2,food,delivery,D_A0146,Mumbai,,0
T012472,A0409,2026-03-01 14:54:00,87.82,transfer,p2p_transfer,D_A0409,Chennai,PAYEE_A0409,0
T012473,A0030,2026-03-01 14:54:00,64.82,pharmacy,medicine,D_A0030,Hyderabad,,0
T012474,A0279,2026-03-01 14:54:00,68.76,grocery,groceries,D_OFF_0,Hyderabad,,0
T012475,A0302,2026-03-01 15:03:00,13.17,streaming,subscription,D_A0302,Kochi,,0
T012476,A0268,2026-03-01 15:04:00,118.91,travel,bus_ticket,D_A0268,Chennai,,0
T012477,A0177,2026-03-01 15:05:00,37.94,streaming,subscription,D_A0177,Delhi,,0
T012478,A0339,2026-03-01 15:06:00,40.19,grocery,groceries,D_A0339,Coimbatore,,0
T012479,A0495,2026-03-01 15:06:00,11.6,streaming,subscription,D_A0495,Chennai,,0
T012480,A0469,2026-03-01 15:09:00,247.43,travel,bus_ticket,D_A0469,Delhi,,0
T012481,A0329,2026-03-01 15:15:00,33.37,pharmacy,medicine,D_A0329,Kochi,,0
T012482,A0114,2026-03-01 15:16:00,66.5,food,delivery,D_A0114,Mumbai,,0
T012483,A0009,2026-03-01 15:17:00,71.92,pharmacy,medicine,D_A0009,Mumbai,,0
T012484,A0333,2026-03-01 15:18:00,87.82,pharmacy,medicine,D_FAM_9,Bengaluru,,0
T012485,A0214,2026-03-01 15:31:00,57.89,travel,train_ticket,D_A0214,Kochi,,0
T012486,A0308,2026-03-01 15:33:00,53.39,clothing,clothes,D_A0308,Bengaluru,,0
T012487,A0023,2026-03-01 15:38:00,259.71,clothing,shoes,D_OFF_0,Hyderabad,,0
T012488,A0195,2026-03-01 15:40:00,9.88,fuel,diesel,D_FAM_11,Kochi,,0
T012489,A0163,2026-03-01 15:40:00,27.54,grocery,vegetables,D_FAM_5,Chennai,,0
T012490,A0139,2026-03-01 15:45:00,24.6,food,restaurant,D_FAM_7,Hyderabad,,0
T012491,A0021,2026-03-01 15:50:00,62.03,fuel,petrol,D_A0021,Kochi,,0
T012492,A0100,2026-03-01 15:57:00,105.35,grocery,vegetables,D_A0100,Kochi,,0
T012493,A0241,2026-03-01 16:02:00,24.62,grocery,vegetables,D_A0241,Hyderabad,,0
T012494,A0065,2026-03-01 16:09:00,126.21,travel,train_ticket,D_A0065,Chennai,,0
T012495,A0215,2026-03-01 16:15:00,19.42,streaming,subscription,D_A0215,Madurai,,0
T012496,A0164,2026-03-01 16:17:00,21.63,streaming,subscription,D_A0164,Madurai,,0
T012497,A0489,2026-03-01 16:17:00,26.73,pharmacy,medicine,D_A0489,Madurai,,0
T012498,A0305,2026-03-01 16:26:00,106.92,fuel,petrol,D_A0305,Mumbai,,0
T012499,A0374,2026-03-01 16:27:00,73.7,food,delivery,D_A0374,Kochi,,0
T012500,A0221,2026-03-01 16:27:00,34.68,giftcards,gift_card,D_A0221,Mumbai,,0
T012501,A0479,2026-03-01 16:33:00,41.17,grocery,vegetables,D_A0479,Kochi,,0
T012502,A0066,2026-03-01 16:34:00,45.73,food,restaurant,D_A0066,Bengaluru,,0
T012503,A0496,2026-03-01 16:41:00,678.43,travel,bus_ticket,D_A0496,Mumbai,,0
T012504,A0316,2026-03-01 16:41:00,79.94,fuel,diesel,D_FAM_14,Madurai,,0
T012505,A0030,2026-03-01 16:50:00,64.75,grocery,vegetables,D_A0030,Hyderabad,,0
T012506,A0474,2026-03-01 16:55:00,74.76,grocery,groceries,D_A0474,Chennai,,0
T012507,A0336,2026-03-01 16:56:00,59.93,grocery,groceries,D_A0336,Bengaluru,,0
T012508,A0282,2026-03-01 17:01:00,33.18,streaming,subscription,D_A0282,Hyderabad,,0
T012509,A0126,2026-03-01 17:02:00,82.44,streaming,subscription,D_A0126,Chennai,,0
T012510,A0129,2026-03-01 17:04:00,22.97,streaming,subscription,D_OFF_2,Delhi,,0
T012511,A0413,2026-03-01 17:04:00,94.98,grocery,vegetables,D_A0413,Mumbai,,0
T012512,A0067,2026-03-01 17:07:00,38.21,fuel,petrol,D_A0067,Madurai,,0
T012513,A0110,2026-03-01 17:09:00,53.69,grocery,vegetables,D_FAM_11,Delhi,,0
T012514,A0472,2026-03-01 17:10:00,91.96,food,restaurant,D_A0472,Coimbatore,,0
T012515,A0377,2026-03-01 17:14:00,74.45,travel,bus_ticket,D_A0377,Bengaluru,,0
T012516,A0363,2026-03-01 17:16:00,38.1,pharmacy,medicine,D_A0363,Coimbatore,,0
T012517,A0253,2026-03-01 17:17:00,40.89,fuel,petrol,D_A0253,Mumbai,,0
T012518,A0282,2026-03-01 17:22:00,79.76,pharmacy,medicine,D_A0282,Hyderabad,,0
T012519,A0249,2026-03-01 17:29:00,28.16,food,restaurant,D_A0249,Kochi,,0
T012520,A0265,2026-03-01 17:29:00,25.85,food,delivery,D_A0265,Madurai,,0
T012521,A0404,2026-03-01 17:33:00,9.45,pharmacy,medicine,D_A0404,Chennai,,0
T012522,A0145,2026-03-01 17:34:00,14.47,streaming,subscription,D_A0145,Coimbatore,,0
T012523,A0486,2026-03-01 17:37:00,325.34,clothing,shoes,D_A0486,Mumbai,,0
T012524,A0301,2026-03-01 17:40:00,205.95,fuel,diesel,D_A0301,Hyderabad,,0
T012525,A0466,2026-03-01 17:47:00,64.66,fuel,petrol,D_A0466,Hyderabad,,0
T012526,A0401,2026-03-01 17:50:00,488.7,travel,train_ticket,D_A0401,Madurai,,0
T012527,A0194,2026-03-01 17:50:00,174.41,clothing,shoes,D_FAM_2,Bengaluru,,0
T012528,A0446,2026-03-01 17:51:00,89.45,clothing,clothes,D_A0446,Kochi,,0
T012529,A0047,2026-03-01 17:53:00,45.69,fuel,diesel,D_A0047,Coimbatore,,0
T012530,A0022,2026-03-01 17:57:00,11.91,food,delivery,D_FAM_5,Madurai,,0
T012531,A0254,2026-03-01 18:04:00,21.59,grocery,groceries,D_A0254,Delhi,,0
T012532,A0056,2026-03-01 18:05:00,182.31,travel,bus_ticket,D_A0056,Coimbatore,,0
T012533,A0313,2026-03-01 18:09:00,21.2,pharmacy,medicine,D_A0313,Chennai,,0
T012534,A0215,2026-03-01 18:16:00,60.12,grocery,groceries,D_A0215,Coimbatore,,0
T012535,A0060,2026-03-01 18:19:00,54.17,pharmacy,medicine,D_A0060,Madurai,,0
T012536,A0136,2026-03-01 18:22:00,95.93,food,delivery,D_FAM_0,Chennai,,0
T012537,A0209,2026-03-01 18:30:00,77.24,transfer,p2p_transfer,D_A0209,Kochi,PAYEE_A0209,0
T012538,A0044,2026-03-01 18:33:00,110.05,clothing,shoes,D_A0044,Mumbai,,0
T012539,A0408,2026-03-01 18:46:00,59.82,transfer,p2p_transfer,D_A0408,Delhi,PAYEE_A0408,0
T012540,A0278,2026-03-01 18:53:00,120.77,fuel,diesel,D_A0278,Madurai,,0
T012541,A0426,2026-03-01 19:02:00,72.05,fuel,petrol,D_A0426,Hyderabad,,0
T012542,A0127,2026-03-01 19:07:00,48.84,pharmacy,medicine,D_A0127,Delhi,,0
T012543,A0379,2026-03-01 19:11:00,111.45,clothing,clothes,D_A0379,Chennai,,0
T012544,A0200,2026-03-01 19:26:00,50.6,pharmacy,medicine,D_A0200,Coimbatore,,0
T012545,A0217,2026-03-01 19:30:00,74.13,food,delivery,D_A0217,Hyderabad,,0
T012546,A0320,2026-03-01 19:34:00,89.1,travel,bus_ticket,D_FAM_4,Madurai,,0
T012547,A0357,2026-03-01 19:36:00,20.11,streaming,subscription,D_A0357,Kochi,,0
T012548,A0358,2026-03-01 19:40:00,21.61,food,restaurant,D_A0358,Bengaluru,,0
T012549,A0180,2026-03-01 19:57:00,106.43,clothing,shoes,D_A0180,Chennai,,0
T012550,A0013,2026-03-01 20:04:00,21.94,food,restaurant,D_A0013,Madurai,,0
T012551,A0278,2026-03-01 20:07:00,25.74,giftcards,gift_card,D_A0278,Madurai,,0
T012552,A0227,2026-03-01 20:31:00,53.16,food,restaurant,D_A0227,Madurai,,0
T012553,A0191,2026-03-01 20:33:00,34.28,fuel,petrol,D_A0191,Mumbai,,0
T012554,A0270,2026-03-01 20:35:00,174.46,pharmacy,medicine,D_A0270,Kochi,,0
T012555,A0424,2026-03-01 20:47:00,38.61,giftcards,gift_card,D_A0424,Mumbai,,0
T012556,A0436,2026-03-01 21:02:00,53.46,grocery,groceries,D_A0436,Bengaluru,,0
T012557,A0069,2026-03-01 21:16:00,129.22,clothing,shoes,D_A0069,Chennai,,0
T012558,A0034,2026-03-01 21:22:00,14.98,pharmacy,medicine,D_FAM_10,Bengaluru,,0
T012559,A0114,2026-03-01 21:23:00,61.47,grocery,groceries,D_A0114,Mumbai,,0
T012560,A0226,2026-03-01 21:23:00,34.88,grocery,groceries,D_A0226,Chennai,,0
T012561,A0191,2026-03-01 21:36:00,122.67,travel,train_ticket,D_A0191,Mumbai,,0
T012562,A0253,2026-03-01 21:45:00,62.71,fuel,petrol,D_A0253,Mumbai,,0
T012563,A0445,2026-03-01 21:58:00,239.59,travel,bus_ticket,D_A0445,Coimbatore,,0
T012564,A0239,2026-03-01 22:01:00,44.97,fuel,petrol,D_A0239,Coimbatore,,0
T012565,A0119,2026-03-01 22:03:00,363.02,travel,bus_ticket,D_A0119,Madurai,,0
T012566,A0174,2026-03-01 22:14:00,111.28,travel,train_ticket,D_A0174,Kochi,,0
T012567,A0104,2026-03-01 22:20:00,431.79,travel,bus_ticket,D_A0104,Delhi,,0
T012568,A0025,2026-03-01 22:44:00,57.54,pharmacy,medicine,D_A0025,Hyderabad,,0
T012569,A0468,2026-03-01 23:09:00,220.07,travel,bus_ticket,D_A0468,Chennai,,0
T012570,A0438,2026-03-01 23:10:00,88.88,food,delivery,D_A0438,Bengaluru,,0
T012571,A0340,2026-03-01 23:10:00,20.51,streaming,subscription,D_A0340,Madurai,,0
T012572,A0028,2026-03-01 23:13:00,30.12,grocery,vegetables,D_A0028,Bengaluru,,0
T012573,A0409,2026-03-01 23:20:00,51.58,grocery,groceries,D_A0409,Chennai,,0
T012574,A0409,2026-03-01 23:25:00,43.75,grocery,groceries,D_A0409,Chennai,,0
