txn_id,account_id,timestamp,amount,device_id,payout_account,is_fraud,risk_score,flagged,reasons
T007180,A0418,2026-02-04 03:33:00,622.25,D_STOLEN_17,,1,0.9999771,True,unusual item (flight_ticket); unusual hour (03:00); unusual merchant (giftcards)
T011406,R006,2026-02-24 09:07:00,219.44,D_RING_2,,1,0.9999732,True,unusual item (prepaid_card); unusual merchant (prepaid); device shared by 7 accounts
T005838,R006,2026-01-28 17:27:00,240.84,D_RING_2,,1,0.9999721,True,unusual item (game_credits); unusual merchant (digital_goods); device shared by 7 accounts
T007178,A0261,2026-02-04 02:59:00,1011.56,D_STOLEN_2,,1,0.9999713,True,unusual item (flight_ticket); unusual hour (02:00); unusual merchant (giftcards)
T003402,A0247,2026-01-17 02:32:00,1791.22,D_STOLEN_19,,1,0.99997103,True,unusual item (flight_ticket); unusual hour (02:00); unusual merchant (giftcards)
T003678,R003,2026-01-18 10:51:00,238.52,D_RING_1,,1,0.9999709,True,unusual item (prepaid_card); unusual merchant (prepaid); device shared by 8 accounts
T003596,R002,2026-01-17 17:25:00,259.69,D_RING_1,,1,0.99997056,True,unusual item (prepaid_card); unusual merchant (prepaid); device shared by 8 accounts
T007181,A0418,2026-02-04 03:45:00,1169.9,D_STOLEN_17,,1,0.9999701,True,unusual item (gift_card); unusual hour (03:00); unusual merchant (giftcards)
T003599,R002,2026-01-17 17:32:00,272.57,D_RING_3,,1,0.9999691,True,unusual item (game_credits); unusual merchant (digital_goods); device shared by 5 accounts
T011028,R008,2026-02-22 10:33:00,163.23,D_RING_1,,1,0.9999683,True,unusual item (game_credits); unusual merchant (digital_goods); device shared by 8 accounts
T002305,A0135,2026-01-12 01:56:00,3706.2,D_STOLEN_37,,1,0.9999683,True,unusual item (gift_card); unusual hour (01:00); unusual merchant (giftcards)
T005872,A0404,2026-01-29 01:36:00,262.55,D_STOLEN_0,,1,0.9999683,True,unusual item (flight_ticket); unusual hour (01:00); unusual merchant (giftcards)
T008674,A0097,2026-02-11 04:10:00,452.55,D_STOLEN_21,,1,0.9999682,True,unusual item (flight_ticket); unusual hour (04:00); large amount (453)
T010787,A0462,2026-02-21 03:43:00,421.69,D_STOLEN_23,,1,0.9999682,True,unusual item (flight_ticket); unusual hour (03:00); large amount (422)
T011026,R008,2026-02-22 10:26:00,153.62,D_RING_2,,1,0.9999665,True,unusual item (prepaid_card); unusual merchant (prepaid); device shared by 7 accounts
T003679,R003,2026-01-18 10:58:00,191.58,D_RING_1,,1,0.9999665,True,unusual item (game_credits); unusual merchant (digital_goods); device shared by 8 accounts
T011408,R006,2026-02-24 09:14:00,149.12,D_RING_2,,1,0.9999628,True,unusual item (game_credits); unusual merchant (digital_goods); device shared by 7 accounts
T003400,A0222,2026-01-17 01:51:00,639.92,D_STOLEN_16,,1,0.9999615,True,unusual item (gift_card); unusual hour (01:00); unusual merchant (giftcards)
T004835,A0284,2026-01-24 01:32:00,1157.38,D_STOLEN_3,,1,0.9999615,True,unusual item (gift_card); unusual hour (01:00); unusual merchant (giftcards)
T002528,A0431,2026-01-13 03:38:00,1167.02,D_STOLEN_28,,1,0.99996066,True,unusual item (gift_card); unusual hour (03:00); unusual merchant (giftcards)
T009707,A0492,2026-02-16 02:11:00,3853.85,D_STOLEN_7,,1,0.9999596,True,unusual item (flight_ticket); unusual hour (02:00); 2 other transactions in the last hour
T009710,A0365,2026-02-16 04:55:00,774.38,D_STOLEN_18,,1,0.9999596,True,unusual item (flight_ticket); unusual hour (04:00); 2 other transactions in the last hour
T004838,A0262,2026-01-24 04:52:00,617.2,D_STOLEN_12,,1,0.9999596,True,unusual item (flight_ticket); unusual hour (04:00); unusual merchant (giftcards)
T005837,R006,2026-01-28 17:20:00,220.15,D_RING_2,,1,0.999959,True,unusual item (prepaid_card); unusual merchant (prepaid); device shared by 7 accounts
T006320,R008,2026-01-31 09:33:00,123.93,D_RING_2,,1,0.9999571,True,unusual item (prepaid_card); unusual merchant (prepaid); device shared by 7 accounts
T004655,A0246,2026-01-23 04:24:00,928.65,D_STOLEN_35,,1,0.9999565,True,unusual item (flight_ticket); unusual hour (04:00); 2 other transactions in the last hour
T007179,A0418,2026-02-04 03:21:00,1346.56,D_STOLEN_17,,1,0.99995434,True,unusual item (flight_ticket); unusual hour (03:00); unusual merchant (giftcards)
T010187,R003,2026-02-18 09:27:00,232.07,D_RING_3,,1,0.9999541,True,unusual item (prepaid_card); unusual merchant (prepaid); device shared by 5 accounts
T012133,A0354,2026-02-28 02:31:00,589.15,D_STOLEN_32,,1,0.9999522,True,unusual item (flight_ticket); unusual hour (02:00); large amount (589)
T002527,A0431,2026-01-13 03:26:00,1165.2,D_STOLEN_28,,1,0.9999522,True,unusual item (flight_ticket); unusual hour (03:00); large amount (1165)
T002306,A0135,2026-01-12 02:08:00,3726.78,D_STOLEN_37,,1,0.9999522,True,unusual item (flight_ticket); unusual hour (02:00); 2 other transactions in the last hour
T010837,R002,2026-02-21 11:00:00,193.23,D_RING_3,,1,0.999951,True,unusual item (prepaid_card); unusual merchant (prepaid); device shared by 5 accounts
T002304,A0135,2026-01-12 01:44:00,5474.67,D_STOLEN_37,,1,0.9999484,True,unusual item (gift_card); unusual hour (01:00); unusual merchant (giftcards)
T010551,A0232,2026-02-20 01:15:00,1074.39,D_STOLEN_4,,1,0.9999474,True,unusual item (gift_card); unusual hour (01:00); unusual merchant (giftcards)
T006281,A0256,2026-01-31 01:51:00,1239.65,D_STOLEN_5,,1,0.9999465,True,unusual item (flight_ticket); unusual hour (01:00); 1 other transactions in the last hour
T010839,R002,2026-02-21 11:07:00,148.47,D_RING_1,,1,0.99994457,True,unusual item (game_credits); unusual merchant (digital_goods); device shared by 8 accounts
T004836,A0284,2026-01-24 01:44:00,1082.68,D_STOLEN_3,,1,0.999944,True,unusual item (flight_ticket); unusual hour (01:00); 2 other transactions in the last hour
T007595,A0249,2026-02-06 01:29:00,506.8,D_STOLEN_6,,1,0.9999436,True,unusual item (gift_card); unusual hour (01:00); unusual merchant (giftcards)
T003638,A0049,2026-01-18 01:49:00,850.37,D_STOLEN_10,,1,0.99994266,True,unusual item (flight_ticket); unusual hour (01:00); large amount (850)
T006020,R008,2026-01-29 16:45:00,138.6,D_RING_2,,1,0.99994266,True,unusual item (prepaid_card); unusual merchant (prepaid); device shared by 7 accounts
T008901,R003,2026-02-12 09:45:00,148.63,D_RING_1,,1,0.9999397,True,unusual item (game_credits); unusual merchant (digital_goods); device shared by 8 accounts
T006280,A0256,2026-01-31 01:39:00,1344.07,D_STOLEN_5,,1,0.9999368,True,unusual item (flight_ticket); unusual hour (01:00); large amount (1344)
T010143,R009,2026-02-17 22:22:00,225.36,D_RING_2,,1,0.99993384,True,unusual item (prepaid_card); unusual merchant (prepaid); device shared by 7 accounts
T010188,R003,2026-02-18 09:34:00,133.72,D_RING_1,,1,0.9999329,True,unusual item (game_credits); unusual merchant (digital_goods); device shared by 8 accounts
T008786,R002,2026-02-11 14:18:00,131.37,D_RING_1,,1,0.999931,True,unusual item (game_credits); unusual merchant (digital_goods); device shared by 8 accounts
T006953,R006,2026-02-02 22:41:00,134.94,D_RING_1,,1,0.999931,True,unusual item (prepaid_card); unusual merchant (prepaid); device shared by 8 accounts
T011887,R004,2026-02-26 15:01:00,106.71,D_RING_1,,1,0.999931,True,unusual item (game_credits); unusual merchant (digital_goods); device shared by 8 accounts
T006956,R006,2026-02-02 22:48:00,132.55,D_RING_1,,1,0.999931,True,unusual item (game_credits); unusual merchant (digital_goods); device shared by 8 accounts
T009085,A0341,2026-02-13 01:44:00,909.97,D_STOLEN_33,,1,0.99993026,True,unusual item (gift_card); unusual hour (01:00); large amount (910)
T006511,A0041,2026-02-01 01:52:00,462.31,D_STOLEN_24,,1,0.9999298,True,unusual item (gift_card); unusual hour (01:00); unusual merchant (giftcards)
T002526,A0431,2026-01-13 03:14:00,1406.02,D_STOLEN_28,,1,0.99992955,True,unusual item (gift_card); unusual hour (03:00); unusual merchant (giftcards)
T006954,R009,2026-02-02 22:42:00,193.18,D_RING_2,,1,0.9999287,True,unusual item (game_credits); unusual merchant (digital_goods); device shared by 7 accounts
T006513,A0041,2026-02-01 02:16:00,449.33,D_STOLEN_24,,1,0.99992836,True,unusual item (gift_card); unusual hour (02:00); 2 other transactions in the last hour
T010552,A0232,2026-02-20 01:27:00,581.57,D_STOLEN_4,,1,0.99992704,True,unusual item (gift_card); unusual hour (01:00); 2 other transactions in the last hour
T007598,A0083,2026-02-06 01:41:00,1617.55,D_STOLEN_36,,1,0.99992704,True,unusual item (gift_card); unusual hour (01:00); 2 other transactions in the last hour
T004839,A0262,2026-01-24 05:04:00,1189.35,D_STOLEN_12,,1,0.99992704,True,unusual item (gift_card); unusual hour (05:00); 2 other transactions in the last hour
T008783,R002,2026-02-11 14:11:00,138.66,D_RING_3,,1,0.99992335,True,unusual item (prepaid_card); unusual merchant (prepaid); device shared by 5 accounts
T009084,A0341,2026-02-13 01:32:00,1887.15,D_STOLEN_33,,1,0.99992216,True,unusual item (gift_card); unusual hour (01:00); large amount (1887)
T011496,R001,2026-02-24 14:28:00,183.66,D_RING_1,,1,0.99992216,True,unusual item (game_credits); unusual merchant (digital_goods); device shared by 8 accounts
T011375,A0082,2026-02-24 02:22:00,1213.86,D_STOLEN_39,,1,0.9999219,True,unusual item (gift_card); unusual hour (02:00); unusual merchant (giftcards)
T011412,R006,2026-02-24 09:30:00,373.82,D_RING_1,PAYOUT_X,1,0.9999212,True,unusual item (p2p_transfer); 3 other transactions in the last hour; device shared by 8 accounts
T006329,R008,2026-01-31 09:56:00,265.7,D_RING_2,PAYOUT_X,1,0.9999169,True,unusual item (p2p_transfer); 3 other transactions in the last hour; device shared by 7 accounts
T003399,A0222,2026-01-17 01:39:00,336.84,D_STOLEN_16,,1,0.99991596,True,unusual item (gift_card); unusual hour (01:00); large amount (337)
T006323,R008,2026-01-31 09:40:00,80.15,D_RING_2,,1,0.99991596,True,unusual item (game_credits); unusual merchant (digital_goods); device shared by 7 accounts
T008896,R003,2026-02-12 09:38:00,113.98,D_RING_1,,1,0.99991524,True,unusual item (prepaid_card); unusual merchant (prepaid); device shared by 8 accounts
T010149,A0278,2026-02-18 03:41:00,1895.13,D_STOLEN_1,,1,0.999915,True,unusual item (gift_card); unusual hour (03:00); large amount (1895)
T007597,A0249,2026-02-06 01:41:00,471.23,D_STOLEN_6,,1,0.9999144,True,unusual item (phone); unusual hour (01:00); unusual merchant (giftcards)
T007176,A0261,2026-02-04 02:35:00,918.74,D_STOLEN_2,,1,0.9999138,True,unusual item (flight_ticket); unusual hour (02:00); large amount (919)
T005871,A0404,2026-01-29 01:24:00,231.04,D_STOLEN_0,,1,0.99991274,True,unusual item (gift_card); unusual hour (01:00); unusual merchant (giftcards)
T006707,R007,2026-02-01 19:26:00,152.37,D_RING_2,,1,0.99991226,True,unusual item (game_credits); unusual merchant (digital_goods); device shared by 7 accounts
T011493,R001,2026-02-24 14:21:00,162.62,D_RING_1,,1,0.9999107,True,unusual item (prepaid_card); unusual merchant (prepaid); device shared by 8 accounts
T007183,A0361,2026-02-04 04:08:00,913.8,D_STOLEN_11,,1,0.99990904,True,unusual item (gift_card); unusual hour (04:00); large amount (914)
T009499,R007,2026-02-14 22:15:00,151.77,D_RING_1,,1,0.9999089,True,unusual item (game_credits); unusual merchant (digital_goods); device shared by 8 accounts
T009187,R000,2026-02-13 14:16:00,160.61,D_RING_1,,1,0.99990726,True,unusual item (prepaid_card); unusual merchant (prepaid); device shared by 8 accounts
T010150,A0278,2026-02-18 03:53:00,2377.57,D_STOLEN_1,,1,0.99990666,True,unusual item (phone); unusual hour (03:00); unusual merchant (giftcards)
T007578,R001,2026-02-05 19:54:00,157.09,D_RING_3,,1,0.99990594,True,unusual item (game_credits); unusual merchant (digital_goods); device shared by 5 accounts
T009087,A0173,2026-02-13 03:48:00,1541.24,D_STOLEN_20,,1,0.9999058,True,unusual item (flight_ticket); unusual hour (03:00); 1 other transactions in the last hour
T005035,A0001,2026-01-25 02:13:00,861.79,D_STOLEN_27,,1,0.9999058,True,unusual item (flight_ticket); unusual hour (02:00); 1 other transactions in the last hour
T007576,R001,2026-02-05 19:47:00,167.03,D_RING_3,,1,0.9999045,True,unusual item (prepaid_card); unusual merchant (prepaid); device shared by 5 accounts
T009498,R007,2026-02-14 22:08:00,162.37,D_RING_1,,1,0.9999039,True,unusual item (prepaid_card); unusual merchant (prepaid); device shared by 8 accounts
T007743,R004,2026-02-06 15:15:00,76.9,D_RING_1,,1,0.9999014,True,unusual item (prepaid_card); unusual merchant (prepaid); device shared by 8 accounts
T005151,R004,2026-01-25 14:56:00,74.92,D_RING_2,,1,0.9999013,True,unusual item (prepaid_card); unusual merchant (prepaid); device shared by 7 accounts
T012136,A0438,2026-02-28 03:56:00,1414.26,D_STOLEN_9,,1,0.9999002,True,unusual item (gift_card); unusual hour (03:00); 2 other transactions in the last hour
T008463,R000,2026-02-09 21:54:00,147.35,D_RING_2,,1,0.9999,True,unusual item (game_credits); unusual merchant (digital_goods); device shared by 7 accounts
T010144,R009,2026-02-17 22:29:00,150.09,D_RING_2,,1,0.99989974,True,unusual item (game_credits); unusual merchant (digital_goods); device shared by 7 accounts
T003981,R009,2026-01-19 15:14:00,150.71,D_RING_3,,1,0.9998989,True,unusual item (game_credits); unusual merchant (digital_goods); device shared by 5 accounts
T004837,A0262,2026-01-24 04:40:00,521.11,D_STOLEN_12,,1,0.99989593,True,unusual item (flight_ticket); unusual hour (04:00); large amount (521)
T005835,R006,2026-01-28 17:13:00,243.47,D_RING_1,,1,0.9998951,True,unusual item (gift_card); device shared by 8 accounts; unusual merchant (giftcards)
T010151,A0045,2026-02-18 03:56:00,876.72,D_STOLEN_38,,1,0.999894,True,unusual item (gift_card); unusual hour (03:00); large amount (877)
T006952,R009,2026-02-02 22:35:00,158.99,D_RING_3,,1,0.9998934,True,unusual item (prepaid_card); unusual merchant (prepaid); device shared by 5 accounts
T008258,A0168,2026-02-09 04:12:00,1702.47,D_STOLEN_34,,1,0.99989307,True,unusual item (phone); unusual hour (04:00); unusual merchant (giftcards)
T003398,A0222,2026-01-17 01:27:00,566.57,D_STOLEN_16,,1,0.999892,True,unusual item (gift_card); unusual hour (01:00); large amount (567)
T007820,R005,2026-02-06 22:02:00,128.5,D_RING_2,,1,0.9998909,True,unusual item (prepaid_card); unusual merchant (prepaid); device shared by 7 accounts
T011661,R005,2026-02-25 13:13:00,133.49,D_RING_2,,1,0.9998909,True,unusual item (prepaid_card); unusual merchant (prepaid); device shared by 7 accounts
T003843,A0282,2026-01-19 04:57:00,2512.87,D_STOLEN_25,,1,0.9998884,True,unusual item (gift_card); unusual hour (04:00); unusual merchant (giftcards)
T003339,R007,2026-01-16 17:01:00,124.35,D_RING_2,,1,0.9998857,True,unusual item (game_credits); unusual merchant (digital_goods); device shared by 7 accounts
T003588,R002,2026-01-17 17:18:00,237.51,D_RING_1,,1,0.99988353,True,unusual item (gift_card); device shared by 8 accounts; unusual merchant (giftcards)
T010844,R002,2026-02-21 11:23:00,362.28,D_RING_1,PAYOUT_X,1,0.9998827,True,unusual item (p2p_transfer); 3 other transactions in the last hour; device shared by 8 accounts
T004509,R001,2026-01-22 13:08:00,127.49,D_RING_3,,1,0.999882,True,unusual item (game_credits); unusual merchant (digital_goods); device shared by 5 accounts
T005240,A0314,2026-01-26 02:43:00,1177.13,D_STOLEN_15,,1,0.9998816,True,unusual item (gift_card); unusual hour (02:00); unusual merchant (giftcards)
T007599,A0249,2026-02-06 01:53:00,309.53,D_STOLEN_6,,1,0.9998802,True,unusual item (phone); unusual hour (01:00); 2 other transactions in the last hour
T003844,A0282,2026-01-19 05:09:00,1042.22,D_STOLEN_25,,1,0.99987733,True,unusual item (gift_card); unusual hour (05:00); 1 other transactions in the last hour
T005153,R004,2026-01-25 15:03:00,64.28,D_RING_2,,1,0.9998739,True,unusual item (game_credits); unusual merchant (digital_goods); device shared by 7 accounts
T003677,R003,2026-01-18 10:44:00,173.62,D_RING_3,,1,0.9998733,True,unusual item (gift_card); unusual merchant (giftcards); device shared by 5 accounts
T005463,A0276,2026-01-27 04:10:00,689.91,D_STOLEN_26,,1,0.9998708,True,unusual item (gift_card); unusual hour (04:00); unusual merchant (giftcards)
T007821,R005,2026-02-06 22:09:00,114.49,D_RING_2,,1,0.9998692,True,unusual item (game_credits); unusual merchant (digital_goods); device shared by 7 accounts
T004506,R001,2026-01-22 13:01:00,112.53,D_RING_1,,1,0.999869,True,unusual item (prepaid_card); unusual merchant (prepaid); device shared by 8 accounts
T005841,R006,2026-01-28 17:43:00,312.43,D_RING_2,PAYOUT_X,1,0.99986875,True,unusual item (p2p_transfer); 3 other transactions in the last hour; device shared by 7 accounts
T006960,R006,2026-02-02 23:04:00,346.79,D_RING_1,PAYOUT_X,1,0.99986875,True,unusual item (p2p_transfer); 3 other transactions in the last hour; device shared by 8 accounts
T006025,R008,2026-01-29 16:52:00,94.64,D_RING_1,,1,0.9998678,True,unusual item (game_credits); unusual merchant (digital_goods); device shared by 8 accounts
T011376,A0082,2026-02-24 02:34:00,1641.15,D_STOLEN_39,,1,0.9998666,True,unusual item (phone); unusual hour (02:00); unusual merchant (giftcards)
T003603,R002,2026-01-17 17:48:00,420.91,D_RING_3,PAYOUT_X,1,0.999866,True,unusual item (p2p_transfer); 3 other transactions in the last hour; device shared by 5 accounts
T008793,R002,2026-02-11 14:34:00,503.56,D_RING_3,PAYOUT_X,1,0.999866,True,unusual item (p2p_transfer); 3 other transactions in the last hour; device shared by 5 accounts
T007749,R004,2026-02-06 15:38:00,227.55,D_RING_1,PAYOUT_X,1,0.9998627,True,unusual item (p2p_transfer); 3 other transactions in the last hour; device shared by 8 accounts
T005159,R004,2026-01-25 15:19:00,227.83,D_RING_2,PAYOUT_X,1,0.9998627,True,unusual item (p2p_transfer); 3 other transactions in the last hour; device shared by 7 accounts
T004605,R005,2026-01-22 17:06:00,107.63,D_RING_3,,1,0.9998603,True,unusual item (game_credits); unusual merchant (digital_goods); device shared by 5 accounts
T012134,A0438,2026-02-28 03:32:00,2637.41,D_STOLEN_9,,1,0.9998599,True,unusual item (gift_card); unusual hour (03:00); large amount (2637)
T006705,R007,2026-02-01 19:19:00,112.24,D_RING_2,,1,0.9998591,True,unusual item (prepaid_card); unusual merchant (prepaid); device shared by 7 accounts
T009191,R000,2026-02-13 14:23:00,108.58,D_RING_2,,1,0.99985874,True,unusual item (game_credits); unusual merchant (digital_goods); device shared by 7 accounts
T004654,A0246,2026-01-23 04:12:00,683.51,D_STOLEN_35,,1,0.99985754,True,unusual item (phone); unusual hour (04:00); 1 other transactions in the last hour
T011032,R008,2026-02-22 10:49:00,183.32,D_RING_2,PAYOUT_X,1,0.99985695,True,unusual item (p2p_transfer); 3 other transactions in the last hour; device shared by 7 accounts
T004235,A0069,2026-01-21 02:29:00,845.36,D_STOLEN_22,,1,0.9998535,True,unusual item (flight_ticket); unusual hour (02:00); large amount (845)
T010835,R002,2026-02-21 10:53:00,170.75,D_RING_1,,1,0.99985254,True,unusual item (gift_card); device shared by 8 accounts; unusual merchant (giftcards)
T011663,R005,2026-02-25 13:20:00,121.95,D_RING_3,,1,0.99985063,True,unusual item (game_credits); unusual merchant (digital_goods); device shared by 5 accounts
T006735,A0386,2026-02-02 02:12:00,400.21,D_STOLEN_8,,1,0.9998503,True,unusual item (gift_card); unusual hour (02:00); large amount (400)
T009706,A0492,2026-02-16 01:59:00,4373.36,D_STOLEN_7,,1,0.99984944,True,unusual item (phone); unusual hour (01:00); unusual merchant (giftcards)
T010190,R003,2026-02-18 09:50:00,289.48,D_RING_1,PAYOUT_X,1,0.99984586,True,unusual item (p2p_transfer); 3 other transactions in the last hour; device shared by 8 accounts
T006318,R008,2026-01-31 09:26:00,126.82,D_RING_1,,1,0.99984515,True,unusual item (gift_card); device shared by 8 accounts; unusual merchant (giftcards)
T004652,A0381,2026-01-23 01:50:00,1767.17,D_STOLEN_29,,1,0.99984396,True,unusual item (gift_card); unusual hour (01:00); large amount (1767)
T003978,R009,2026-01-19 15:07:00,112.21,D_RING_3,,1,0.9998437,True,unusual item (prepaid_card); unusual merchant (prepaid); device shared by 5 accounts
T006028,R008,2026-01-29 17:08:00,220.15,D_RING_1,PAYOUT_X,1,0.99984133,True,unusual item (p2p_transfer); 3 other transactions in the last hour; device shared by 8 accounts
T004602,R005,2026-01-22 16:59:00,102.55,D_RING_2,,1,0.99984,True,unusual item (prepaid_card); unusual merchant (prepaid); device shared by 7 accounts
T007182,A0361,2026-02-04 03:56:00,1565.99,D_STOLEN_11,,1,0.99983776,True,unusual item (gift_card); unusual hour (03:00); large amount (1566)
T008902,R003,2026-02-12 10:01:00,459.82,D_RING_3,PAYOUT_X,1,0.99983716,True,unusual item (p2p_transfer); 3 other transactions in the last hour; device shared by 5 accounts
T008894,R003,2026-02-12 09:31:00,207.38,D_RING_1,,1,0.9998292,True,unusual item (gift_card); device shared by 8 accounts; unusual merchant (giftcards)
T011772,A0337,2026-02-26 03:13:00,1802.25,D_STOLEN_31,,1,0.99982446,True,unusual item (phone); unusual hour (03:00); unusual merchant (giftcards)
T007177,A0261,2026-02-04 02:47:00,968.27,D_STOLEN_2,,1,0.99982196,True,unusual item (phone); unusual hour (02:00); 1 other transactions in the last hour
T004236,A0069,2026-01-21 02:41:00,1006.11,D_STOLEN_22,,1,0.99981993,True,unusual item (phone); unusual hour (02:00); 1 other transactions in the last hour
T010185,R003,2026-02-18 09:20:00,218.05,D_RING_1,,1,0.9998196,True,unusual item (gift_card); device shared by 8 accounts; unusual merchant (giftcards)
T011892,R004,2026-02-26 15:17:00,161.16,D_RING_1,PAYOUT_X,1,0.9998154,True,unusual item (p2p_transfer); 3 other transactions in the last hour; device shared by 8 accounts
T007581,R001,2026-02-05 20:10:00,359.69,D_RING_1,PAYOUT_X,1,0.9998047,True,unusual item (p2p_transfer); 3 other transactions in the last hour; device shared by 8 accounts
T004834,A0284,2026-01-24 01:20:00,1554.1,D_STOLEN_3,,1,0.9997991,True,unusual item (gift_card); unusual hour (01:00); large amount (1554)
T004598,R005,2026-01-22 16:52:00,196.9,D_RING_3,,1,0.99979526,True,unusual item (gift_card); unusual merchant (giftcards); device shared by 5 accounts
T005241,A0314,2026-01-26 02:55:00,1352.57,D_STOLEN_15,,1,0.99979156,True,unusual item (phone); unusual hour (02:00); unusual merchant (giftcards)
T005242,A0314,2026-01-26 03:07:00,1087.45,D_STOLEN_15,,1,0.99979156,True,unusual item (phone); unusual hour (03:00); unusual merchant (giftcards)
T007596,A0083,2026-02-06 01:29:00,1955.71,D_STOLEN_36,,1,0.9997913,True,unusual item (phone); unusual hour (01:00); 1 other transactions in the last hour
T010550,A0232,2026-02-20 01:03:00,985.61,D_STOLEN_4,,1,0.9997868,True,unusual item (flight_ticket); unusual hour (01:00); large amount (986)
T011501,R001,2026-02-24 14:44:00,293.31,D_RING_3,PAYOUT_X,1,0.9997862,True,unusual item (p2p_transfer); 3 other transactions in the last hour; device shared by 5 accounts
T010786,A0462,2026-02-21 03:31:00,505.44,D_STOLEN_23,,1,0.9997795,True,unusual hour (03:00); unusual item (phone); large amount (505)
T004518,R001,2026-01-22 13:24:00,237.55,D_RING_1,PAYOUT_X,1,0.999775,True,unusual item (p2p_transfer); 3 other transactions in the last hour; device shared by 8 accounts
T003684,R003,2026-01-18 11:14:00,429.37,D_RING_3,PAYOUT_X,1,0.9997701,True,unusual item (p2p_transfer); 3 other transactions in the last hour; device shared by 5 accounts
T008673,A0097,2026-02-11 03:58:00,407.54,D_STOLEN_21,,1,0.99976915,True,unusual hour (03:00); unusual item (phone); large amount (408)
T003337,R007,2026-01-16 16:54:00,84.01,D_RING_2,,1,0.9997688,True,unusual item (prepaid_card); unusual merchant (prepaid); device shared by 7 accounts
T004648,R000,2026-01-22 22:22:00,78.71,D_RING_1,,1,0.99976796,True,unusual item (prepaid_card); unusual merchant (prepaid); device shared by 8 accounts
T004649,R000,2026-01-22 22:29:00,93.93,D_RING_2,,1,0.99976796,True,unusual item (game_credits); unusual merchant (digital_goods); device shared by 7 accounts
T008462,R000,2026-02-09 21:47:00,98.33,D_RING_2,,1,0.99976796,True,unusual item (prepaid_card); unusual merchant (prepaid); device shared by 7 accounts
T009705,A0492,2026-02-16 01:47:00,3501.52,D_STOLEN_7,,1,0.99976724,True,unusual item (flight_ticket); unusual hour (01:00); large amount (3502)
T006951,R006,2026-02-02 22:34:00,190.37,D_RING_2,,1,0.9997645,True,unusual item (gift_card); device shared by 7 accounts; unusual merchant (giftcards)
T012132,A0354,2026-02-28 02:19:00,889.39,D_STOLEN_32,,1,0.9997603,True,unusual item (phone); unusual hour (02:00); unusual merchant (giftcards)
T011025,R008,2026-02-22 10:19:00,106.0,D_RING_1,,1,0.99975663,True,unusual item (gift_card); device shared by 8 accounts; unusual merchant (giftcards)
T009500,R007,2026-02-14 22:31:00,293.82,D_RING_1,PAYOUT_X,1,0.99975103,True,unusual item (p2p_transfer); 3 other transactions in the last hour; device shared by 8 accounts
T011671,R005,2026-02-25 13:36:00,302.93,D_RING_2,PAYOUT_X,1,0.99975103,True,unusual item (p2p_transfer); 3 other transactions in the last hour; device shared by 7 accounts
T003991,R009,2026-01-19 15:30:00,283.41,D_RING_2,PAYOUT_X,1,0.99975103,True,unusual item (p2p_transfer); 3 other transactions in the last hour; device shared by 7 accounts
T006709,R007,2026-02-01 19:42:00,359.76,D_RING_1,PAYOUT_X,1,0.99975103,True,unusual item (p2p_transfer); 3 other transactions in the last hour; device shared by 8 accounts
T004608,R005,2026-01-22 17:22:00,315.91,D_RING_2,PAYOUT_X,1,0.99975103,True,unusual item (p2p_transfer); 3 other transactions in the last hour; device shared by 7 accounts
T003345,R007,2026-01-16 17:17:00,325.36,D_RING_1,PAYOUT_X,1,0.99975103,True,unusual item (p2p_transfer); 3 other transactions in the last hour; device shared by 8 accounts
T006958,R009,2026-02-02 22:58:00,311.58,D_RING_2,PAYOUT_X,1,0.999749,True,unusual item (p2p_transfer); 3 other transactions in the last hour; device shared by 7 accounts
T007823,R005,2026-02-06 22:25:00,298.17,D_RING_3,PAYOUT_X,1,0.99974364,True,unusual item (p2p_transfer); 3 other transactions in the last hour; device shared by 5 accounts
T003401,A0247,2026-01-17 02:20:00,2162.34,D_STOLEN_19,,1,0.999739,True,unusual item (phone); unusual hour (02:00); unusual merchant (giftcards)
T010145,R009,2026-02-17 22:45:00,279.01,D_RING_3,PAYOUT_X,1,0.9997367,True,unusual item (p2p_transfer); 3 other transactions in the last hour; device shared by 5 accounts
T006512,A0041,2026-02-01 02:04:00,560.5,D_STOLEN_24,,1,0.9997187,True,unusual item (phone); unusual hour (02:00); 1 other transactions in the last hour
T009086,A0173,2026-02-13 03:36:00,1486.29,D_STOLEN_20,,1,0.999713,True,unusual item (gift_card); unusual hour (03:00); large amount (1486)
T011660,R005,2026-02-25 13:06:00,189.97,D_RING_2,,1,0.9997125,True,unusual item (gift_card); device shared by 7 accounts; unusual merchant (giftcards)
T007184,A0361,2026-02-04 04:20:00,1500.09,D_STOLEN_11,,1,0.9997111,True,unusual item (phone); unusual hour (04:00); 2 other transactions in the last hour
T006950,R009,2026-02-02 22:28:00,207.6,D_RING_3,,1,0.9996971,True,unusual item (gift_card); device shared by 5 accounts; unusual merchant (giftcards)
T005243,A0139,2026-01-26 03:21:00,1015.68,D_STOLEN_30,,1,0.9996911,True,unusual item (flight_ticket); unusual hour (03:00); large amount (1016)
T007818,R005,2026-02-06 21:55:00,183.39,D_RING_2,,1,0.9996896,True,unusual item (gift_card); device shared by 7 accounts; unusual merchant (giftcards)
T008464,R000,2026-02-09 22:10:00,197.35,D_RING_1,PAYOUT_X,1,0.99968505,True,unusual item (p2p_transfer); 3 other transactions in the last hour; device shared by 8 accounts
T009199,R000,2026-02-13 14:39:00,199.05,D_RING_1,PAYOUT_X,1,0.99967897,True,unusual item (p2p_transfer); 3 other transactions in the last hour; device shared by 8 accounts
T006703,R007,2026-02-01 19:12:00,174.48,D_RING_1,,1,0.9996766,True,unusual item (gift_card); device shared by 8 accounts; unusual merchant (giftcards)
T006017,R008,2026-01-29 16:38:00,123.98,D_RING_2,,1,0.99967325,True,unusual item (gift_card); device shared by 7 accounts; unusual merchant (giftcards)
T008782,R002,2026-02-11 14:04:00,153.65,D_RING_3,,1,0.9996679,True,unusual item (gift_card); device shared by 5 accounts; unusual merchant (giftcards)
T011882,R004,2026-02-26 14:47:00,107.76,D_RING_2,,1,0.9996455,True,unusual item (gift_card); device shared by 7 accounts; unusual merchant (giftcards)
T004650,R000,2026-01-22 22:45:00,183.79,D_RING_1,PAYOUT_X,1,0.9996381,True,unusual item (p2p_transfer); 3 other transactions in the last hour; device shared by 8 accounts
T008863,A0134,2026-02-12 04:15:00,1755.78,D_STOLEN_13,,1,0.9996203,True,unusual item (phone); unusual hour (04:00); unusual merchant (giftcards)
T007740,R004,2026-02-06 15:08:00,94.0,D_RING_1,,1,0.9995921,True,unusual item (gift_card); device shared by 8 accounts; unusual merchant (giftcards)
T009709,A0365,2026-02-16 04:43:00,515.06,D_STOLEN_18,,1,0.99957484,True,unusual item (phone); unusual hour (04:00); 1 other transactions in the last hour
T012135,A0438,2026-02-28 03:44:00,1735.37,D_STOLEN_9,,1,0.99957484,True,unusual item (phone); unusual hour (03:00); 1 other transactions in the last hour
T009708,A0365,2026-02-16 04:31:00,805.54,D_STOLEN_18,,1,0.9995633,True,unusual hour (04:00); unusual item (phone); large amount (806)
T004502,R001,2026-01-22 12:54:00,157.66,D_RING_3,,1,0.9995536,True,unusual item (gift_card); unusual merchant (giftcards); device shared by 5 accounts
T007594,A0083,2026-02-06 01:17:00,3149.96,D_STOLEN_36,,1,0.9995233,True,unusual hour (01:00); unusual item (phone); large amount (3150)
T003972,R009,2026-01-19 15:00:00,131.59,D_RING_3,,1,0.99949765,True,unusual item (gift_card); device shared by 5 accounts; unusual merchant (giftcards)
T005147,R004,2026-01-25 14:49:00,79.18,D_RING_2,,1,0.9994836,True,unusual item (gift_card); device shared by 7 accounts; unusual merchant (giftcards)
T003335,R007,2026-01-16 16:47:00,120.05,D_RING_2,,1,0.99944586,True,unusual item (gift_card); device shared by 7 accounts; unusual merchant (giftcards)
T009183,R000,2026-02-13 14:09:00,158.0,D_RING_1,,1,0.99943715,True,unusual item (gift_card); device shared by 8 accounts; unusual merchant (giftcards)
T011490,R001,2026-02-24 14:14:00,164.2,D_RING_1,,1,0.9994167,True,unusual item (gift_card); device shared by 8 accounts; unusual merchant (giftcards)
T004653,A0246,2026-01-23 04:00:00,940.47,D_STOLEN_35,,1,0.9994073,True,unusual item (phone); unusual hour (04:00); large amount (940)
T010142,R009,2026-02-17 22:15:00,129.86,D_RING_2,,1,0.99935144,True,unusual item (gift_card); device shared by 7 accounts; unusual merchant (giftcards)
T004647,R000,2026-01-22 22:15:00,110.21,D_RING_1,,1,0.99928504,True,unusual item (gift_card); device shared by 8 accounts; unusual merchant (giftcards)
T008257,A0168,2026-02-09 04:00:00,1911.07,D_STOLEN_34,,1,0.99920875,True,unusual item (phone); unusual hour (04:00); large amount (1911)
T007575,R001,2026-02-05 19:40:00,126.35,D_RING_3,,1,0.9991215,True,unusual item (gift_card); device shared by 5 accounts; unusual merchant (giftcards)
T007746,R004,2026-02-06 15:22:00,58.28,D_RING_1,,1,0.99907184,True,unusual item (game_credits); unusual merchant (digital_goods); device shared by 8 accounts
T005689,A0248,2026-01-28 04:41:00,398.65,D_STOLEN_14,,1,0.99903786,True,unusual item (phone); unusual hour (04:00); large amount (399)
T005034,A0001,2026-01-25 02:01:00,975.25,D_STOLEN_27,,1,0.9989164,True,unusual item (phone); unusual hour (02:00); large amount (975)
T011884,R004,2026-02-26 14:54:00,59.07,D_RING_2,,1,0.99871874,True,unusual item (prepaid_card); unusual merchant (prepaid); device shared by 7 accounts
T009497,R007,2026-02-14 22:01:00,97.93,D_RING_2,,1,0.9980446,True,unusual item (gift_card); device shared by 7 accounts; unusual merchant (giftcards)
T008460,R000,2026-02-09 21:40:00,83.61,D_RING_1,,1,0.9979527,True,unusual item (gift_card); device shared by 8 accounts; unusual merchant (giftcards)
T011401,R006,2026-02-24 09:00:00,113.33,D_RING_2,,1,0.99287695,True,unusual item (gift_card); device shared by 7 accounts; unusual merchant (giftcards)
T004209,A0109,2026-01-20 18:57:00,1755.47,D_FAM_13,,0,0.48692617,True,unusual item (phone); large amount (1755); payout account shared by 0 accounts
T012063,A0484,2026-02-27 14:38:00,1576.82,D_A0484,,0,0.4355815,True,unusual item (phone); large amount (1577); payout account shared by 0 accounts
T002358,A0455,2026-01-12 10:51:00,1011.02,D_A0455,,0,0.43281507,False,
T010388,A0000,2026-02-19 11:06:00,1169.17,D_A0000,,0,0.23522988,False,
T011112,A0189,2026-02-22 14:23:00,1138.84,D_A0189,,0,0.23275791,False,
T002172,A0171,2026-01-11 12:59:00,779.79,D_A0171,,0,0.20317689,False,
T007352,A0387,2026-02-04 18:34:00,752.05,D_A0387,,0,0.20299116,False,
T003250,A0105,2026-01-16 12:48:00,52.6,D_OFF_2,,0,0.107702516,False,
T002314,A0031,2026-01-12 07:22:00,141.63,D_OFF_2,PAYEE_A0031,0,0.09171306,False,
T000311,A0106,2026-01-02 13:56:00,59.28,D_A0106,,0,0.08170848,False,
T000359,A0213,2026-01-02 17:02:00,59.75,D_A0213,,0,0.06893585,False,
T008892,A0212,2026-02-12 09:15:00,51.79,D_OFF_1,,0,0.056866575,False,
T012008,A0148,2026-02-27 11:12:00,223.12,D_A0148,PAYEE_A0148,0,0.05513034,False,
T007623,A0029,2026-02-06 09:08:00,59.59,D_A0029,,0,0.05237351,False,
T002654,A0057,2026-01-13 15:13:00,276.01,D_OFF_0,PAYEE_A0057,0,0.050039154,False,
T007807,A0362,2026-02-06 19:23:00,59.38,D_A0362,,0,0.047967914,False,
T001748,A0317,2026-01-09 12:43:00,168.39,D_OFF_0,PAYEE_A0317,0,0.047740933,False,
T009415,A0233,2026-02-14 14:40:00,232.86,D_A0233,PAYEE_A0233,0,0.04434768,False,
T004579,A0279,2026-01-22 15:57:00,51.42,D_OFF_0,,0,0.041243646,False,
T004798,A0376,2026-01-23 17:26:00,215.9,D_A0376,PAYEE_A0376,0,0.037774336,False,
T003494,A0279,2026-01-17 12:56:00,115.12,D_OFF_0,PAYEE_A0279,0,0.022400424,False,
T012290,A0398,2026-02-28 15:51:00,2837.45,D_OFF_1,,0,0.022137333,False,
T005915,A0279,2026-01-29 10:27:00,96.5,D_OFF_0,PAYEE_A0279,0,0.021007784,False,
T001997,A0440,2026-01-10 14:32:00,49.06,D_OFF_2,,0,0.019955339,False,
T002343,A0075,2026-01-12 10:06:00,58.46,D_A0075,,0,0.015753826,False,
T003862,A0245,2026-01-19 08:02:00,67.08,D_A0245,PAYEE_A0245,0,0.0151472725,False,
T005281,A0105,2026-01-26 10:29:00,99.77,D_OFF_2,PAYEE_A0105,0,0.014469814,False,
T010170,A0479,2026-02-18 08:13:00,94.48,D_A0479,PAYEE_A0479,0,0.014415353,False,
T011091,A0234,2026-02-22 13:42:00,31.5,D_A0234,,0,0.014221858,False,
T002822,A0279,2026-01-14 13:19:00,74.72,D_OFF_0,PAYEE_A0279,0,0.0085675195,False,
T008611,A0440,2026-02-10 15:48:00,123.53,D_OFF_2,PAYEE_A0440,0,0.00847155,False,
T005999,A0279,2026-01-29 15:19:00,54.41,D_OFF_0,PAYEE_A0279,0,0.008282605,False,
T001482,A0468,2026-01-08 07:22:00,45.84,D_A0468,,0,0.007096583,False,
T012280,A0074,2026-02-28 15:24:00,34.94,D_A0074,,0,0.006771608,False,
T008277,A0023,2026-02-09 08:37:00,446.48,D_OFF_0,,0,0.0063323686,False,
T009524,A0057,2026-02-15 08:40:00,444.28,D_OFF_0,,0,0.0063323686,False,
T004659,A0057,2026-01-23 07:09:00,339.72,D_OFF_0,,0,0.0060398625,False,
T001292,A0212,2026-01-07 09:36:00,540.61,D_OFF_1,,0,0.00580647,False,
T005899,A0023,2026-01-29 09:31:00,386.87,D_OFF_0,,0,0.0057355464,False,
T006098,A0290,2026-01-30 08:22:00,326.26,D_OFF_2,,0,0.0054454026,False,
T006447,A0081,2026-01-31 16:38:00,45.96,D_A0081,,0,0.0054226522,False,
T001964,A0355,2026-01-10 13:11:00,40.33,D_A0355,,0,0.0053906185,False,
T011749,A0325,2026-02-25 18:52:00,185.86,D_OFF_2,,0,0.005129612,False,
T012165,A0290,2026-02-28 09:12:00,302.88,D_OFF_2,,0,0.0050736163,False,
T006753,A0398,2026-02-02 08:16:00,320.63,D_OFF_1,,0,0.004926172,False,
T001535,A0023,2026-01-08 11:42:00,383.31,D_OFF_0,,0,0.0049120276,False,
T002356,A0398,2026-01-12 10:50:00,310.58,D_OFF_1,,0,0.0046656583,False,
T001483,A0212,2026-01-08 07:23:00,389.91,D_OFF_1,,0,0.0045247166,False,
T004955,A0031,2026-01-24 14:49:00,60.62,D_OFF_2,PAYEE_A0031,0,0.0044386173,False,
T010593,A0212,2026-02-20 10:02:00,551.34,D_OFF_1,,0,0.004422059,False,
T005347,A0267,2026-01-26 13:20:00,64.72,D_OFF_1,PAYEE_A0267,0,0.0043126727,False,
T001917,A0023,2026-01-10 10:17:00,293.92,D_OFF_0,,0,0.0038893062,False,
T003873,A0290,2026-01-19 09:24:00,190.01,D_OFF_2,,0,0.0038844252,False,
T002353,A0057,2026-01-12 10:42:00,280.63,D_OFF_0,,0,0.0038172998,False,
T002331,A0212,2026-01-12 09:23:00,311.69,D_OFF_1,,0,0.0037062264,False,
T001476,A0043,2026-01-08 07:01:00,178.36,D_OFF_1,,0,0.0033264298,False,
T003822,A0057,2026-01-18 18:39:00,600.15,D_OFF_0,,0,0.003213518,False,
T006642,A0057,2026-02-01 15:38:00,477.31,D_OFF_0,,0,0.0031886145,False,
T009054,A0057,2026-02-12 18:28:00,425.22,D_OFF_0,,0,0.0031886145,False,
T002109,A0212,2026-01-11 09:19:00,420.03,D_OFF_1,,0,0.0031879873,False,
T010745,A0398,2026-02-20 17:19:00,620.8,D_OFF_1,,0,0.0031134083,False,
T002858,A0398,2026-01-14 14:31:00,864.49,D_OFF_1,,0,0.0031134083,False,
T001841,A0057,2026-01-09 17:35:00,370.02,D_OFF_0,,0,0.0030752777,False,
T009551,A0325,2026-02-15 10:39:00,149.76,D_OFF_2,,0,0.0029649297,False,
T009232,A0236,2026-02-13 16:31:00,71.28,D_A0236,PAYEE_A0236,0,0.0029294884,False,
T009023,A0467,2026-02-12 16:13:00,73.73,D_OFF_1,PAYEE_A0467,0,0.0029138194,False,
T011433,A0290,2026-02-24 11:07:00,237.72,D_OFF_2,,0,0.0028686915,False,
T005422,A0290,2026-01-26 17:05:00,372.72,D_OFF_2,,0,0.002740775,False,
T010489,A0290,2026-02-19 15:50:00,308.94,D_OFF_2,,0,0.002740775,False,
T010649,A0143,2026-02-20 12:34:00,54.24,D_A0143,PAYEE_A0143,0,0.0027255944,False,
T000866,A0327,2026-01-05 09:24:00,53.08,D_A0327,,0,0.0026909362,False,
T004922,A0290,2026-01-24 12:49:00,277.54,D_OFF_2,,0,0.0026721724,False,
T003659,A0109,2026-01-18 09:15:00,39.57,D_FAM_13,,0,0.0025578933,False,
T012214,A0398,2026-02-28 12:49:00,308.4,D_OFF_1,,0,0.002434551,False,
T011181,A0212,2026-02-22 18:15:00,393.5,D_OFF_1,,0,0.0024317675,False,
T004437,A0467,2026-01-22 08:14:00,142.76,D_OFF_1,,0,0.002416659,False,
T001369,A0212,2026-01-07 13:25:00,461.74,D_OFF_1,,0,0.0023906266,False,
T007375,A0398,2026-02-04 23:21:00,288.48,D_OFF_1,,0,0.0023906266,False,
T005802,A0212,2026-01-28 15:21:00,473.06,D_OFF_1,,0,0.0023906266,False,
T012269,A0290,2026-02-28 14:51:00,254.56,D_OFF_2,,0,0.0023703396,False,
T012010,A0325,2026-02-27 11:21:00,187.75,D_OFF_2,,0,0.0023137224,False,
T012017,A0043,2026-02-27 11:49:00,188.49,D_OFF_1,,0,0.002307505,False,
T003076,A0440,2026-01-15 14:39:00,59.62,D_OFF_2,PAYEE_A0440,0,0.0022190255,False,
T002489,A0023,2026-01-12 17:13:00,333.65,D_OFF_0,,0,0.0021966863,False,
T001468,A0057,2026-01-07 21:19:00,280.22,D_OFF_0,,0,0.0021559494,False,
T001284,A0420,2026-01-07 08:41:00,347.89,D_OFF_0,,0,0.002155816,False,
T008518,A0212,2026-02-10 11:11:00,365.02,D_OFF_1,,0,0.002140405,False,
T004494,A0043,2026-01-22 12:31:00,218.8,D_OFF_1,,0,0.0020947363,False,
T005508,A0467,2026-01-27 10:48:00,132.34,D_OFF_1,,0,0.0020780326,False,
T000058,A0057,2026-01-01 11:45:00,593.92,D_OFF_0,,0,0.0020608285,False,
T003898,A0212,2026-01-19 11:23:00,284.67,D_OFF_1,,0,0.002015539,False,
T006187,A0023,2026-01-30 14:08:00,266.15,D_OFF_0,,0,0.001990366,False,
T009172,A0023,2026-02-13 13:47:00,267.56,D_OFF_0,,0,0.0019551811,False,
T002080,A0400,2026-01-11 07:11:00,57.72,D_A0400,,0,0.0018016857,False,
T002320,A0325,2026-01-12 08:08:00,131.22,D_OFF_2,,0,0.0017736827,False,
T011941,A0212,2026-02-26 17:41:00,317.34,D_OFF_1,,0,0.0017729973,False,
T012243,A0212,2026-02-28 13:38:00,313.04,D_OFF_1,,0,0.0017729973,False,
T005318,A0055,2026-01-26 11:50:00,56.91,D_A0055,,0,0.0017655089,False,
T001078,A0049,2026-01-06 10:20:00,51.62,D_FAM_8,,0,0.0017337739,False,
T011659,A0152,2026-02-25 13:00:00,58.41,D_A0152,,0,0.0017258724,False,
T008074,A0451,2026-02-08 10:38:00,43.77,D_FAM_12,,0,0.0016958993,False,
T007340,A0290,2026-02-04 17:56:00,214.41,D_OFF_2,,0,0.0016302244,False,
T003884,A0067,2026-01-19 10:36:00,50.86,D_A0067,,0,0.0016239184,False,
T000274,A0024,2026-01-02 12:30:00,46.32,D_A0024,,0,0.0016092353,False,
T000650,A0440,2026-01-04 09:02:00,566.16,D_OFF_2,,0,0.0016082902,False,
T003205,A0031,2026-01-16 09:56:00,223.25,D_OFF_2,,0,0.001588663,False,
T004733,A0420,2026-01-23 13:30:00,890.53,D_OFF_0,,0,0.0015341612,False,
T006065,A0212,2026-01-29 20:22:00,269.35,D_OFF_1,,0,0.0015195177,False,
T006674,A0420,2026-02-01 17:19:00,471.73,D_OFF_0,,0,0.0014933455,False,
T009727,A0311,2026-02-16 08:19:00,55.46,D_A0311,,0,0.0014920485,False,
T008474,A0332,2026-02-10 07:15:00,33.14,D_A0332,,0,0.0014776475,False,
T001772,A0144,2026-01-09 13:40:00,68.28,D_A0144,PAYEE_A0144,0,0.0014455499,False,
T006273,A0440,2026-01-30 21:27:00,244.76,D_OFF_2,,0,0.0014349048,False,
T011003,A0057,2026-02-22 07:57:00,29.03,D_OFF_0,,0,0.0014152869,False,
T011685,A0023,2026-02-25 14:29:00,734.68,D_OFF_0,,0,0.0014004776,False,
T008275,A0102,2026-02-09 08:19:00,53.15,D_FAM_7,,0,0.0013627296,False,
T000738,A0325,2026-01-04 14:12:00,238.47,D_OFF_2,,0,0.0013187992,False,
T000056,A0281,2026-01-01 11:45:00,43.56,D_A0281,,0,0.0013081926,False,
T011402,A0031,2026-02-24 09:01:00,197.36,D_OFF_2,,0,0.0012790285,False,
T000955,A0158,2026-01-05 14:33:00,42.03,D_A0158,,0,0.0012721749,False,
T011366,A0373,2026-02-23 20:01:00,49.76,D_A0373,,0,0.0012474017,False,
T003223,A0440,2026-01-16 10:48:00,161.62,D_OFF_2,,0,0.0012055524,False,
T008183,A0496,2026-02-08 15:45:00,614.01,D_A0496,,0,0.0011971176,False,
T002637,A0428,2026-01-13 14:10:00,51.82,D_A0428,,0,0.0011965933,False,
T005061,A0467,2026-01-25 09:26:00,132.22,D_OFF_1,,0,0.0011925141,False,
T004248,A0164,2026-01-21 07:49:00,44.26,D_A0164,,0,0.001185036,False,
T003516,A0043,2026-01-17 13:54:00,186.95,D_OFF_1,,0,0.0011575315,False,
T012037,A0290,2026-02-27 13:15:00,156.83,D_OFF_2,,0,0.0011503575,False,
T008576,A0420,2026-02-10 14:04:00,379.63,D_OFF_0,,0,0.0011409688,False,
T007613,A0370,2026-02-06 07:54:00,50.81,D_A0370,,0,0.0011217309,False,
T009348,A0420,2026-02-14 11:32:00,241.72,D_OFF_0,,0,0.0011212053,False,
T003681,A0279,2026-01-18 11:02:00,243.17,D_OFF_0,,0,0.0010827394,False,
T000531,A0107,2026-01-03 15:23:00,24.51,D_A0107,,0,0.00105881,False,
T010482,A0420,2026-02-19 15:33:00,316.41,D_OFF_0,,0,0.0010481582,False,
T004220,A0420,2026-01-20 19:55:00,351.79,D_OFF_0,,0,0.0010481582,False,
T001499,A0497,2026-01-08 09:30:00,327.58,D_A0497,,0,0.00103168,False,
T006345,A0023,2026-01-31 10:56:00,245.6,D_OFF_0,,0,0.001030704,False,
T005533,A0206,2026-01-27 11:49:00,688.15,D_A0206,,0,0.000994983,False,
T010622,A0317,2026-02-20 11:55:00,227.94,D_OFF_0,,0,0.0009929617,False,
T002882,A0467,2026-01-14 15:48:00,157.8,D_OFF_1,,0,0.0009923319,False,
T001456,A0440,2026-01-07 19:26:00,240.71,D_OFF_2,,0,0.0009848248,False,
T008934,A0296,2026-02-12 11:52:00,297.96,D_A0296,,0,0.0009781258,False,
T000874,A0467,2026-01-05 09:55:00,142.96,D_OFF_1,,0,0.0009595055,False,
T000598,A0238,2026-01-03 19:09:00,63.22,D_A0238,PAYEE_A0238,0,0.0009559331,False,
T001166,A0440,2026-01-06 14:56:00,242.64,D_OFF_2,,0,0.00092858396,False,
T009279,A0279,2026-02-13 20:29:00,226.56,D_OFF_0,,0,0.00089976355,False,
T011495,A0380,2026-02-24 14:27:00,362.7,D_A0380,,0,0.00088918104,False,
T001816,A0005,2026-01-09 16:11:00,56.5,D_A0005,,0,0.0008849827,False,
T011530,A0183,2026-02-24 16:24:00,41.11,D_A0183,,0,0.0008829764,False,
T009248,A0043,2026-02-13 17:19:00,139.09,D_OFF_1,,0,0.00087579305,False,
T009474,A0043,2026-02-14 18:37:00,142.32,D_OFF_1,,0,0.00087579305,False,
T005806,A0402,2026-01-28 15:33:00,59.83,D_A0402,,0,0.0008713324,False,
T004472,A0057,2026-01-22 11:27:00,297.81,D_OFF_0,,0,0.00086037046,False,
T004698,A0470,2026-01-23 10:40:00,135.55,D_A0470,,0,0.00085882447,False,
T004678,A0424,2026-01-23 08:38:00,155.79,D_A0424,PAYEE_A0424,0,0.0008445804,False,
T008312,A0317,2026-02-09 11:17:00,190.23,D_OFF_0,,0,0.0008407523,False,
T000336,A0420,2026-01-02 15:47:00,359.36,D_OFF_0,,0,0.0008143205,False,
T007346,A0249,2026-02-04 18:22:00,36.39,D_A0249,,0,0.0008121805,False,
T008066,A0057,2026-02-08 10:04:00,158.63,D_OFF_0,,0,0.0007988164,False,
T003374,A0317,2026-01-16 19:08:00,208.33,D_OFF_0,,0,0.00078284554,False,
T000310,A0478,2026-01-02 13:48:00,51.69,D_A0478,,0,0.000770142,False,
T011117,A0279,2026-02-22 14:34:00,65.83,D_OFF_0,,0,0.0007628037,False,
T002030,A0118,2026-01-10 16:37:00,226.11,D_A0118,,0,0.0007589615,False,
T001710,A0057,2026-01-09 10:03:00,159.44,D_OFF_0,,0,0.000754776,False,
T011652,A0259,2026-02-25 12:43:00,206.19,D_A0259,,0,0.0007545696,False,
T009627,A0223,2026-02-15 15:26:00,229.77,D_A0223,,0,0.000738387,False,
T002659,A0057,2026-01-13 15:30:00,56.84,D_OFF_0,,0,0.00073065405,False,
T007420,A0470,2026-02-05 11:26:00,56.1,D_A0470,,0,0.00072808994,False,
T007684,A0342,2026-02-06 12:47:00,215.22,D_A0342,,0,0.00072536577,False,
T003737,A0363,2026-01-18 13:39:00,255.8,D_A0363,,0,0.00071736396,False,
T001172,R006,2026-01-06 15:09:00,353.94,D_R006,,0,0.0007172696,False,
T008682,A0045,2026-02-11 07:20:00,138.65,D_A0045,PAYEE_A0045,0,0.0007125288,False,
T004490,A0329,2026-01-22 12:23:00,307.45,D_A0329,,0,0.0007105972,False,
T004925,A0290,2026-01-24 12:59:00,39.59,D_OFF_2,,0,0.0007035003,False,
T008881,A0317,2026-02-12 07:43:00,105.33,D_OFF_0,,0,0.0006942158,False,
T003174,A0031,2026-01-16 07:19:00,119.04,D_OFF_2,,0,0.00069260213,False,
T003967,A0398,2026-01-19 14:51:00,81.26,D_OFF_1,,0,0.0006887288,False,
T007055,A0043,2026-02-03 13:20:00,119.24,D_OFF_1,,0,0.0006868587,False,
T011434,A0057,2026-02-24 11:08:00,197.39,D_OFF_0,,0,0.000680305,False,
T011808,A0263,2026-02-26 10:18:00,427.66,D_A0263,PAYEE_A0263,0,0.0006801426,False,
T002612,A0027,2026-01-13 12:47:00,2831.2,D_A0027,,0,0.0006749497,False,
T001582,A0048,2026-01-08 13:43:00,1066.98,D_A0048,,0,0.0006741767,False,
T012072,A0377,2026-02-27 15:17:00,592.76,D_A0377,,0,0.0006741767,False,
T012500,A0221,2026-03-01 16:27:00,34.68,D_A0221,,0,0.0006702004,False,
T006241,A0348,2026-01-30 16:32:00,261.49,D_A0348,,0,0.0006619466,False,
T004067,A0398,2026-01-20 08:58:00,132.84,D_OFF_1,,0,0.0006599646,False,
T010360,A0496,2026-02-19 07:56:00,198.31,D_A0496,PAYEE_A0496,0,0.00064692396,False,
T000202,A0037,2026-01-02 07:34:00,254.82,D_A0037,PAYEE_A0037,0,0.00064497336,False,
T010014,A0467,2026-02-17 12:56:00,77.02,D_OFF_1,,0,0.0006429177,False,
T004121,A0023,2026-01-20 13:03:00,306.08,D_OFF_0,,0,0.00063883787,False,
T003482,A0043,2026-01-17 12:23:00,118.84,D_OFF_1,,0,0.0006381302,False,
T007995,A0118,2026-02-07 18:06:00,1107.56,D_A0118,,0,0.00062098814,False,
T007149,A0450,2026-02-03 18:23:00,1634.24,D_A0450,,0,0.00062098814,False,
T011099,A0375,2026-02-22 13:58:00,1518.09,D_A0375,,0,0.00062098814,False,
T008173,A0475,2026-02-08 15:26:00,2446.41,D_A0475,,0,0.00062098814,False,
T004146,A0030,2026-01-20 14:26:00,1074.95,D_A0030,,0,0.00062098814,False,
T002261,A0096,2026-01-11 17:06:00,1667.26,D_A0096,,0,0.00062098814,False,
T003202,A0467,2026-01-16 09:33:00,95.6,D_OFF_1,,0,0.00061675464,False,
T012016,A0476,2026-02-27 11:49:00,667.3,D_A0476,,0,0.00061279634,False,
T011278,A0470,2026-02-23 12:54:00,57.15,D_A0470,,0,0.0006036559,False,
T006999,A0160,2026-02-03 10:11:00,175.98,D_OFF_1,,0,0.0006028828,False,
T011744,A0325,2026-02-25 18:45:00,102.56,D_OFF_2,,0,0.000602363,False,
T009558,A0160,2026-02-15 11:29:00,295.04,D_OFF_1,,0,0.0005971657,False,
T010354,A0057,2026-02-19 07:22:00,28.23,D_OFF_0,,0,0.0005969393,False,
T010995,A0057,2026-02-22 07:22:00,42.46,D_OFF_0,,0,0.0005969393,False,
T009852,A0331,2026-02-16 15:42:00,57.4,D_A0331,,0,0.00059554045,False,
T012487,A0023,2026-03-01 15:38:00,259.71,D_OFF_0,,0,0.0005945862,False,
T004702,A0398,2026-01-23 10:50:00,172.6,D_OFF_1,,0,0.00059295434,False,
T005430,A0057,2026-01-26 17:46:00,236.21,D_OFF_0,,0,0.00058498327,False,
T007604,A0126,2026-02-06 07:30:00,400.22,D_A0126,PAYEE_A0126,0,0.0005813448,False,
T011041,A0372,2026-02-22 11:25:00,2220.62,D_A0372,,0,0.00057691353,False,
T007068,A0304,2026-02-03 14:12:00,155.94,D_A0304,,0,0.00056901504,False,
T010173,A0167,2026-02-18 08:16:00,339.46,D_A0167,PAYEE_A0167,0,0.0005680954,False,
T001270,A0317,2026-01-07 07:52:00,84.42,D_OFF_0,,0,0.00056800933,False,
T006154,A0258,2026-01-30 12:34:00,209.02,D_A0258,,0,0.0005675999,False,
T012151,A0255,2026-02-28 08:20:00,198.64,D_A0255,PAYEE_A0255,0,0.00056065223,False,
T009310,A0476,2026-02-14 07:58:00,340.18,D_A0476,PAYEE_A0476,0,0.00055915717,False,
T005214,A0406,2026-01-25 18:30:00,189.43,D_A0406,,0,0.00055449206,False,
T003846,A0317,2026-01-19 07:04:00,60.73,D_OFF_0,,0,0.00055137184,False,
T001886,A0279,2026-01-10 07:02:00,64.15,D_OFF_0,,0,0.00055137184,False,
T012451,A0124,2026-03-01 14:09:00,318.63,D_A0124,PAYEE_A0124,0,0.000550604,False,
T007203,A0317,2026-02-04 07:55:00,88.13,D_OFF_0,,0,0.000549841,False,
T007232,A0242,2026-02-04 11:25:00,498.26,D_A0242,PAYEE_A0242,0,0.00053630426,False,
T007356,A0318,2026-02-04 19:03:00,699.47,D_A0318,,0,0.00053347443,False,
T002253,A0020,2026-01-11 16:52:00,2045.49,D_A0020,,0,0.00053347443,False,
T010067,A0052,2026-02-17 15:39:00,1017.16,D_A0052,,0,0.00053347443,False,
T004378,A0117,2026-01-21 16:53:00,2305.46,D_A0117,,0,0.00053347443,False,
T012461,A0099,2026-03-01 14:28:00,43.46,D_A0099,,0,0.00053285336,False,
T009093,A0049,2026-02-13 07:40:00,180.43,D_FAM_8,PAYEE_A0049,0,0.0005265471,False,
T003560,A0225,2026-01-17 15:55:00,38.99,D_A0225,,0,0.0005235838,False,
T000764,A0246,2026-01-04 15:31:00,35.14,D_A0246,,0,0.0005207135,False,
T004190,A0277,2026-01-20 16:52:00,318.16,D_A0277,,0,0.0005192791,False,
T008483,A0398,2026-02-10 07:46:00,71.29,D_OFF_1,,0,0.0005133971,False,
T007298,A0332,2026-02-04 15:20:00,50.26,D_A0332,,0,0.00051128323,False,
T005468,A0290,2026-01-27 07:34:00,82.45,D_OFF_2,,0,0.0005103435,False,
T004657,A0290,2026-01-23 07:03:00,98.24,D_OFF_2,,0,0.0005103435,False,
T001116,A0189,2026-01-06 12:36:00,34.44,D_A0189,,0,0.0005043713,False,
T006972,A0263,2026-02-03 07:42:00,464.01,D_A0263,,0,0.0005039438,False,
T008805,A0115,2026-02-11 15:18:00,326.53,D_A0115,,0,0.0005034848,False,
T009519,A0031,2026-02-15 07:56:00,90.02,D_OFF_2,,0,0.0005014603,False,
T004884,A0476,2026-01-24 10:48:00,295.31,D_A0476,PAYEE_A0476,0,0.00049994804,False,
T012457,A0082,2026-03-01 14:16:00,298.89,D_A0082,,0,0.000495578,False,
T002163,A0279,2026-01-11 12:42:00,141.29,D_OFF_0,,0,0.0004950591,False,
T001272,A0267,2026-01-07 07:55:00,47.92,D_OFF_1,,0,0.0004928424,False,
T004996,A0010,2026-01-24 17:22:00,42.3,D_A0010,,0,0.0004923154,False,
T003126,A0023,2026-01-15 17:34:00,200.6,D_OFF_0,,0,0.000490317,False,
T002005,A0057,2026-01-10 15:09:00,183.36,D_OFF_0,,0,0.0004902841,False,
T009469,A0365,2026-02-14 17:50:00,181.22,D_A0365,,0,0.0004876658,False,
T012173,A0206,2026-02-28 09:51:00,181.87,D_A0206,PAYEE_A0206,0,0.00048692216,False,
T007488,A0175,2026-02-05 14:39:00,301.39,D_FAM_7,,0,0.0004798545,False,
T008696,A0449,2026-02-11 08:34:00,363.17,D_FAM_0,PAYEE_A0449,0,0.00047968916,False,
T011414,A0492,2026-02-24 09:49:00,254.07,D_A0492,PAYEE_A0492,0,0.0004792187,False,
T012153,A0420,2026-02-28 08:27:00,189.89,D_OFF_0,,0,0.00047523217,False,
T002942,A0317,2026-01-14 23:05:00,184.1,D_OFF_0,,0,0.00047502108,False,
T004058,A0213,2026-01-20 07:55:00,150.8,D_A0213,PAYEE_A0213,0,0.0004735333,False,
T009303,A0206,2026-02-14 07:41:00,343.57,D_A0206,,0,0.0004721248,False,
T001062,A0103,2026-01-06 08:24:00,162.26,D_A0103,PAYEE_A0103,0,0.00047085673,False,
T009370,A0384,2026-02-14 12:44:00,49.87,D_A0384,,0,0.0004690047,False,
T009116,A0400,2026-02-13 10:32:00,155.1,D_A0400,PAYEE_A0400,0,0.00046266487,False,
T008799,A0043,2026-02-11 14:53:00,116.47,D_OFF_1,,0,0.0004549797,False,
T003363,A0252,2026-01-16 18:08:00,122.07,D_A0252,,0,0.00045364408,False,
T005276,A0031,2026-01-26 09:59:00,104.4,D_OFF_2,,0,0.00044543724,False,
T001026,A0467,2026-01-05 19:32:00,117.67,D_OFF_1,,0,0.00044490126,False,
T008261,A0121,2026-02-09 07:11:00,21.9,D_A0121,,0,0.0004438476,False,
T005504,A0018,2026-01-27 10:34:00,321.37,D_A0018,PAYEE_A0018,0,0.00044042547,False,
T004731,A0140,2026-01-23 13:23:00,706.63,D_A0140,,0,0.00043766262,False,
T009847,A0279,2026-02-16 15:21:00,156.96,D_OFF_0,,0,0.0004365374,False,
T003526,A0043,2026-01-17 14:12:00,83.96,D_OFF_1,,0,0.00043358808,False,
T003867,A0278,2026-01-19 08:27:00,256.83,D_A0278,PAYEE_A0278,0,0.0004331155,False,
T010257,A0279,2026-02-18 13:50:00,157.28,D_OFF_0,,0,0.00042785262,False,
T006102,A0057,2026-01-30 09:12:00,39.87,D_OFF_0,,0,0.0004200968,False,
T002840,A0317,2026-01-14 13:55:00,162.33,D_OFF_0,,0,0.00041645617,False,
T005590,A0160,2026-01-27 15:00:00,233.0,D_OFF_1,,0,0.0004151881,False,
T010825,A0420,2026-02-21 10:25:00,77.47,D_OFF_0,,0,0.00041437795,False,
T010790,A0001,2026-02-21 07:24:00,175.22,D_A0001,PAYEE_A0001,0,0.00041388147,False,
T007050,A0140,2026-02-03 13:07:00,595.03,D_A0140,,0,0.0004131339,False,
T011813,A0290,2026-02-26 10:57:00,47.0,D_OFF_2,,0,0.00040822814,False,
T011811,A0325,2026-02-26 10:33:00,28.23,D_OFF_2,,0,0.00040822814,False,
T011987,A0396,2026-02-27 08:41:00,48.48,D_FAM_3,,0,0.00040771827,False,
T007168,A0290,2026-02-03 20:59:00,146.23,D_OFF_2,,0,0.00040633618,False,
T005062,A0480,2026-01-25 09:30:00,198.05,D_FAM_6,PAYEE_A0480,0,0.00040595577,False,
T007399,A0317,2026-02-05 09:49:00,28.45,D_OFF_0,,0,0.0004012633,False,
T002160,A0377,2026-01-11 12:39:00,110.13,D_A0377,,0,0.00040008538,False,
T011698,A0308,2026-02-25 15:08:00,131.11,D_A0308,,0,0.00039940837,False,
T001034,A0438,2026-01-05 20:58:00,227.87,D_A0438,PAYEE_A0438,0,0.00039625718,False,
T002057,A0057,2026-01-10 18:09:00,130.42,D_OFF_0,,0,0.00039558765,False,
T005900,A0469,2026-01-29 09:32:00,35.34,D_A0469,,0,0.0003947626,False,
T008898,A0475,2026-02-12 09:42:00,28.74,D_A0475,,0,0.0003947626,False,
T004858,A0168,2026-01-24 08:29:00,200.62,D_A0168,PAYEE_A0168,0,0.00039442972,False,
T000498,A0480,2026-01-03 13:47:00,155.59,D_FAM_6,PAYEE_A0480,0,0.00039209283,False,
T010991,A0031,2026-02-21 22:44:00,149.87,D_OFF_2,,0,0.00039060312,False,
T000405,A0398,2026-01-03 07:00:00,32.71,D_OFF_1,,0,0.00039053257,False,
T006758,A0488,2026-02-02 08:49:00,109.57,D_A0488,PAYEE_A0488,0,0.00038895945,False,
T011223,A0279,2026-02-23 09:53:00,66.77,D_OFF_0,,0,0.00038694587,False,
T008677,A0105,2026-02-11 07:03:00,86.47,D_OFF_2,,0,0.00038681898,False,
T002610,A0043,2026-01-13 12:46:00,129.16,D_OFF_1,,0,0.00038511047,False,
T009167,A0481,2026-02-13 13:24:00,149.15,D_A0481,,0,0.00038376875,False,
T008968,A0043,2026-02-12 12:56:00,11.48,D_OFF_1,,0,0.00038297367,False,
T010596,A0317,2026-02-20 10:15:00,80.38,D_OFF_0,,0,0.0003805651,False,
T003196,A0199,2026-01-16 09:19:00,119.52,D_A0199,PAYEE_A0199,0,0.00038038718,False,
T005065,A0420,2026-01-25 09:37:00,169.08,D_OFF_0,,0,0.00037974896,False,
T005890,A0449,2026-01-29 08:23:00,148.11,D_FAM_0,,0,0.00037660936,False,
T007626,A0317,2026-02-06 09:19:00,65.66,D_OFF_0,,0,0.0003756099,False,
T008549,A0317,2026-02-10 12:38:00,132.32,D_OFF_0,,0,0.00037305232,False,
T003786,A0420,2026-01-18 16:25:00,151.92,D_OFF_0,,0,0.00036890287,False,
T005496,A0023,2026-01-27 10:03:00,95.39,D_OFF_0,,0,0.00036800787,False,
T000024,A0117,2026-01-01 09:42:00,101.35,D_A0117,PAYEE_A0117,0,0.00036782844,False,
T000901,A0233,2026-01-05 11:56:00,244.25,D_A0233,PAYEE_A0233,0,0.00036750265,False,
T003117,A0160,2026-01-15 16:58:00,188.22,D_OFF_1,,0,0.00036527403,False,
T002313,A0396,2026-01-12 07:20:00,399.88,D_FAM_3,,0,0.00036501852,False,
T008062,A0257,2026-02-08 09:43:00,159.08,D_A0257,,0,0.00036322372,False,
T011077,A0031,2026-02-22 12:54:00,149.46,D_OFF_2,,0,0.000363124,False,
T000373,A0137,2026-01-02 17:41:00,141.26,D_FAM_13,PAYEE_A0137,0,0.00036105735,False,
T010083,A0413,2026-02-17 16:15:00,218.26,D_A0413,PAYEE_A0413,0,0.0003604797,False,
T010191,A0031,2026-02-18 10:04:00,65.59,D_OFF_2,,0,0.00035754894,False,
T000973,A0486,2026-01-05 15:29:00,473.1,D_A0486,,0,0.0003565088,False,
T006198,A0131,2026-01-30 14:34:00,231.33,D_A0131,PAYEE_A0131,0,0.00035581578,False,
T012456,A0368,2026-03-01 14:15:00,345.01,D_A0368,PAYEE_A0368,0,0.00035417324,False,
T010293,A0279,2026-02-18 15:34:00,143.65,D_OFF_0,,0,0.00035295708,False,
T004197,A0317,2026-01-20 17:07:00,146.04,D_OFF_0,,0,0.00035295708,False,
T007201,A0197,2026-02-04 07:48:00,21.81,D_A0197,,0,0.00035119848,False,
T000592,A0238,2026-01-03 18:23:00,212.39,D_A0238,,0,0.0003498134,False,
T009372,A0110,2026-02-14 12:53:00,1282.15,D_FAM_11,,0,0.00034957737,False,
T008558,A0366,2026-02-10 12:59:00,788.96,D_FAM_5,,0,0.00034957737,False,
T003662,A0325,2026-01-18 09:35:00,47.44,D_OFF_2,,0,0.0003476557,False,
T003191,A0368,2026-01-16 08:55:00,177.32,D_A0368,PAYEE_A0368,0,0.00034541122,False,
T002102,A0296,2026-01-11 08:31:00,117.17,D_A0296,PAYEE_A0296,0,0.00034499657,False,
T003842,A0009,2026-01-18 23:45:00,267.03,D_A0009,,0,0.00034492288,False,
T001509,A0290,2026-01-08 10:14:00,90.1,D_OFF_2,,0,0.00034061924,False,
T010308,A0467,2026-02-18 16:31:00,87.26,D_OFF_1,,0,0.000337968,False,
T004892,A0267,2026-01-24 11:17:00,50.89,D_OFF_1,,0,0.00033702186,False,
T005873,A0267,2026-01-29 07:07:00,45.32,D_OFF_1,,0,0.00033660492,False,
T006182,A0113,2026-01-30 13:55:00,250.79,D_FAM_3,,0,0.00033516603,False,
T007202,A0376,2026-02-04 07:51:00,791.54,D_A0376,,0,0.00033498523,False,
T011291,A0031,2026-02-23 13:16:00,145.25,D_OFF_2,,0,0.000334749,False,
T010531,A0347,2026-02-19 18:35:00,226.47,D_A0347,,0,0.00033472726,False,
T012288,A0383,2026-02-28 15:50:00,172.45,D_A0383,,0,0.0003338375,False,
T010183,A0207,2026-02-18 08:52:00,43.52,D_A0207,,0,0.00033275684,False,
T009831,A0089,2026-02-16 14:34:00,295.52,D_A0089,PAYEE_A0089,0,0.00032913042,False,
T000196,A0484,2026-01-02 07:02:00,79.07,D_A0484,PAYEE_A0484,0,0.00032695313,False,
T007682,A0409,2026-02-06 12:42:00,204.64,D_A0409,,0,0.00032574747,False,
T002562,A0368,2026-01-13 10:27:00,195.93,D_A0368,PAYEE_A0368,0,0.00032540484,False,
T001890,A0328,2026-01-10 07:22:00,587.36,D_A0328,,0,0.00032452063,False,
T003180,A0487,2026-01-16 07:38:00,426.93,D_A0487,,0,0.00031868607,False,
T004049,A0496,2026-01-20 07:28:00,332.82,D_A0496,,0,0.00031620922,False,
T003170,A0417,2026-01-16 07:05:00,346.54,D_A0417,,0,0.00031620922,False,
T010352,A0487,2026-02-19 07:07:00,395.04,D_A0487,,0,0.00031620922,False,
T010555,A0463,2026-02-20 07:12:00,126.89,D_A0463,PAYEE_A0463,0,0.00031498796,False,
T007647,A0398,2026-02-06 10:46:00,92.56,D_OFF_1,,0,0.0003137941,False,
T005261,A0440,2026-01-26 09:03:00,147.52,D_OFF_2,,0,0.00031281737,False,
T011603,A0453,2026-02-25 09:37:00,54.88,D_A0453,,0,0.00031235753,False,
T011793,A0043,2026-02-26 08:47:00,117.73,D_OFF_1,,0,0.0003121938,False,
T008726,A0447,2026-02-11 11:01:00,131.65,D_A0447,PAYEE_A0447,0,0.0003121929,False,
T010375,A0001,2026-02-19 09:55:00,166.01,D_A0001,PAYEE_A0001,0,0.00031085344,False,
T007856,A0003,2026-02-07 10:15:00,50.32,D_A0003,,0,0.00030995498,False,
T004912,A0122,2026-01-24 12:30:00,49.91,D_A0122,,0,0.00030877846,False,
T001794,A0160,2026-01-09 14:57:00,152.7,D_OFF_1,,0,0.00030799257,False,
T008520,A0439,2026-02-10 11:13:00,537.44,D_A0439,,0,0.00030732498,False,
T004141,A0368,2026-01-20 14:18:00,325.14,D_A0368,PAYEE_A0368,0,0.00030704148,False,
T005262,A0355,2026-01-26 09:03:00,27.81,D_A0355,,0,0.00030669392,False,
T002733,A0267,2026-01-14 07:41:00,40.18,D_OFF_1,,0,0.0003066913,False,
T011097,A0477,2026-02-22 13:54:00,246.17,D_A0477,PAYEE_A0477,0,0.00030667434,False,
T006145,A0412,2026-01-30 12:06:00,151.71,D_A0412,,0,0.00030465046,False,
T012361,A0140,2026-03-01 07:09:00,280.63,D_A0140,PAYEE_A0140,0,0.00030417915,False,
T011018,A0212,2026-02-22 09:42:00,31.27,D_OFF_1,,0,0.00030062065,False,
T002419,A0206,2026-01-12 14:11:00,318.63,D_A0206,PAYEE_A0206,0,0.0003002669,False,
T008679,A0467,2026-02-11 07:12:00,8.28,D_OFF_1,,0,0.00029906412,False,
T008865,A0467,2026-02-12 07:02:00,16.55,D_OFF_1,,0,0.00029906412,False,
T003417,A0267,2026-01-17 07:48:00,6.89,D_OFF_1,,0,0.00029906412,False,
T006748,A0243,2026-02-02 07:44:00,175.49,D_A0243,PAYEE_A0243,0,0.00029789994,False,
T007479,A0456,2026-02-05 14:09:00,110.42,D_A0456,,0,0.00029712048,False,
T011854,A0342,2026-02-26 13:29:00,123.21,D_A0342,,0,0.00029398518,False,
T000456,A0317,2026-01-03 11:06:00,119.87,D_OFF_0,,0,0.00029113988,False,
T001304,A0141,2026-01-07 10:36:00,103.45,D_FAM_2,PAYEE_A0141,0,0.00029085967,False,
T004866,A0290,2026-01-24 09:20:00,262.72,D_A0290,,0,0.00028930895,False,
T002357,A0267,2026-01-12 10:50:00,51.67,D_OFF_1,,0,0.00028785982,False,
T011331,A0091,2026-02-23 16:02:00,258.28,D_A0091,PAYEE_A0091,0,0.00028726817,False,
T002128,A0391,2026-01-11 10:48:00,91.93,D_A0391,,0,0.0002853854,False,
T001776,A0034,2026-01-09 13:52:00,63.02,D_FAM_10,,0,0.00028294572,False,
T010065,A0279,2026-02-17 15:35:00,122.57,D_OFF_0,,0,0.00028292523,False,
T000044,A0020,2026-01-01 11:16:00,225.07,D_A0020,,0,0.00028127682,False,
T002494,A0280,2026-01-12 17:45:00,228.42,D_A0280,PAYEE_A0280,0,0.00028126073,False,
T009376,A0023,2026-02-14 12:59:00,112.83,D_OFF_0,,0,0.00028064143,False,
T003342,A0219,2026-01-16 17:09:00,139.52,D_A0219,PAYEE_A0219,0,0.00027980813,False,
T002081,A0453,2026-01-11 07:11:00,369.69,D_A0453,,0,0.00027972012,False,
T004705,A0279,2026-01-23 11:03:00,93.37,D_OFF_0,,0,0.00027887864,False,
T002956,A0324,2026-01-15 07:59:00,274.19,D_A0324,,0,0.00027750555,False,
T009664,A0025,2026-02-15 17:19:00,45.37,D_A0025,,0,0.00027746058,False,
T004561,A0465,2026-01-22 15:14:00,51.87,D_A0465,,0,0.00027746058,False,
T011528,A0023,2026-02-24 16:14:00,121.88,D_OFF_0,,0,0.00027665703,False,
T011784,A0005,2026-02-26 07:26:00,284.87,D_A0005,,0,0.00027621898,False,
T001961,A0326,2026-01-10 13:04:00,182.8,D_A0326,PAYEE_A0326,0,0.00027371515,False,
T008038,A0244,2026-02-08 07:20:00,123.74,D_A0244,PAYEE_A0244,0,0.00027340034,False,
T004662,A0494,2026-01-23 07:16:00,617.4,D_A0494,,0,0.00027291724,False,
T006523,A0296,2026-02-01 07:59:00,458.51,D_A0296,,0,0.00027291724,False,
T007616,A0420,2026-02-06 08:11:00,120.0,D_OFF_0,,0,0.0002714029,False,
T012330,A0407,2026-02-28 17:40:00,175.44,D_A0407,PAYEE_A0407,0,0.00027032525,False,
T006375,A0066,2026-01-31 13:08:00,173.79,D_A0066,PAYEE_A0066,0,0.00027032525,False,
T001682,A0205,2026-01-09 07:03:00,190.06,D_A0205,,0,0.00026997703,False,
T011781,A0170,2026-02-26 07:17:00,125.34,D_A0170,PAYEE_A0170,0,0.00026960354,False,
T006993,A0148,2026-02-03 09:50:00,120.02,D_A0148,PAYEE_A0148,0,0.00026958503,False,
T005086,A0290,2026-01-25 11:15:00,49.31,D_OFF_2,,0,0.00026956652,False,
T005046,A0440,2026-01-25 07:38:00,54.67,D_OFF_2,,0,0.00026906043,False,
T009202,A0441,2026-02-13 14:48:00,133.73,D_A0441,PAYEE_A0441,0,0.00026807742,False,
T005048,A0420,2026-01-25 07:48:00,73.96,D_OFF_0,,0,0.00026803475,False,
T010898,A0034,2026-02-21 14:21:00,84.08,D_FAM_10,,0,0.00026708576,False,
T004773,A0213,2026-01-23 15:25:00,233.92,D_A0213,PAYEE_A0213,0,0.00026622013,False,
T004496,A0290,2026-01-22 12:38:00,120.4,D_OFF_2,,0,0.0002656385,False,
T009131,A0279,2026-02-13 11:20:00,71.26,D_OFF_0,,0,0.00026535903,False,
T007877,A0317,2026-02-07 11:33:00,84.0,D_OFF_0,,0,0.00026535903,False,
T001617,A0026,2026-01-08 15:47:00,35.02,D_A0026,,0,0.00026497123,False,
T007386,A0208,2026-02-05 07:50:00,226.77,D_A0208,,0,0.00026474748,False,
T008621,A0023,2026-02-10 16:02:00,115.31,D_OFF_0,,0,0.0002641217,False,
T001364,A0001,2026-01-07 13:16:00,141.15,D_A0001,,0,0.000261903,False,
T010204,A0160,2026-02-18 10:50:00,117.57,D_OFF_1,,0,0.00026169384,False,
T008809,A0325,2026-02-11 15:39:00,107.14,D_OFF_2,,0,0.0002596363,False,
T011580,A0440,2026-02-25 07:29:00,31.24,D_OFF_2,,0,0.00025945838,False,
T010791,A0410,2026-02-21 07:25:00,210.78,D_A0410,,0,0.00025476364,False,
T006044,A0111,2026-01-29 18:18:00,1827.75,D_A0111,,0,0.00025449126,False,
T009386,A0012,2026-02-14 13:29:00,2262.97,D_A0012,,0,0.00025449126,False,
T004246,A0006,2026-01-21 07:47:00,269.64,D_FAM_7,,0,0.00025343025,False,
T004560,A0369,2026-01-22 15:14:00,287.44,D_A0369,PAYEE_A0369,0,0.00025337492,False,
T005049,A0493,2026-01-25 07:52:00,513.63,D_A0493,,0,0.00025289078,False,
T000839,A0243,2026-01-05 07:21:00,425.16,D_A0243,,0,0.00025289078,False,
T010098,A0357,2026-02-17 16:52:00,135.96,D_A0357,PAYEE_A0357,0,0.00025288956,False,
T007614,A0293,2026-02-06 07:59:00,212.84,D_A0293,,0,0.00025273263,False,
T001477,A0463,2026-01-08 07:04:00,460.35,D_A0463,,0,0.00025215716,False,
T001474,A0436,2026-01-07 23:26:00,164.07,D_A0436,PAYEE_A0436,0,0.00025153597,False,
T005140,A0031,2026-01-25 14:15:00,125.15,D_OFF_2,,0,0.00025148873,False,
T012094,A0290,2026-02-27 17:01:00,109.83,D_OFF_2,,0,0.00025115375,False,
T006664,A0290,2026-02-01 16:50:00,110.36,D_OFF_2,,0,0.00025115375,False,
T003932,A0225,2026-01-19 13:02:00,83.32,D_A0225,,0,0.00025087205,False,
T007108,A0336,2026-02-03 16:20:00,237.43,D_A0336,,0,0.00025068724,False,
T010561,A0211,2026-02-20 07:30:00,282.47,D_A0211,,0,0.00025019725,False,
T005775,A0403,2026-01-28 13:25:00,206.39,D_A0403,,0,0.00024960612,False,
T004174,A0436,2026-01-20 16:07:00,164.42,D_A0436,PAYEE_A0436,0,0.0002495809,False,
T011483,A0031,2026-02-24 13:52:00,106.64,D_OFF_2,,0,0.00024917242,False,
T011396,A0463,2026-02-24 08:19:00,799.51,D_A0463,,0,0.00024777232,False,
T006974,A0442,2026-02-03 07:52:00,352.04,D_A0442,,0,0.00024758434,False,
T002378,A0317,2026-01-12 12:27:00,67.88,D_OFF_0,,0,0.0002469923,False,
T007199,A0096,2026-02-04 07:38:00,86.28,D_A0096,PAYEE_A0096,0,0.00024586383,False,
T000122,A0113,2026-01-01 15:09:00,175.57,D_FAM_3,,0,0.00024582352,False,
T009296,A0442,2026-02-14 07:27:00,438.76,D_A0442,,0,0.00024565996,False,
T001271,A0353,2026-01-07 07:53:00,307.99,D_A0353,,0,0.00024565996,False,
T011970,A0446,2026-02-27 07:29:00,506.82,D_A0446,,0,0.00024565996,False,
T002787,A0290,2026-01-14 11:24:00,88.16,D_OFF_2,,0,0.00024560821,False,
T006559,A0166,2026-02-01 10:54:00,32.87,D_A0166,,0,0.00024524808,False,
T002318,A0446,2026-01-12 07:49:00,220.41,D_A0446,PAYEE_A0446,0,0.00024517422,False,
T008475,A0437,2026-02-10 07:18:00,272.34,D_FAM_3,,0,0.00024427054,False,
T009124,A0031,2026-02-13 11:09:00,51.45,D_OFF_2,,0,0.00024392376,False,
T001269,A0493,2026-01-07 07:42:00,475.01,D_A0493,,0,0.0002438768,False,
T005156,A0325,2026-01-25 15:17:00,25.63,D_OFF_2,,0,0.00024375775,False,
T004153,A0325,2026-01-20 14:52:00,22.67,D_OFF_2,,0,0.00024375775,False,
T007528,A0290,2026-02-05 16:35:00,72.79,D_OFF_2,,0,0.00024375775,False,
T008652,A0325,2026-02-10 19:02:00,31.99,D_OFF_2,,0,0.00024375775,False,
T008985,A0290,2026-02-12 13:57:00,34.25,D_OFF_2,,0,0.00024375775,False,
T007384,A0435,2026-02-05 07:33:00,253.12,D_A0435,,0,0.00024270122,False,
T010402,A0111,2026-02-19 11:41:00,191.11,D_A0111,,0,0.00024123485,False,
T000298,A0043,2026-01-02 13:18:00,58.74,D_OFF_1,,0,0.00024085476,False,
T004103,A0076,2026-01-20 12:08:00,1011.88,D_A0076,,0,0.00024022313,False,
T011534,A0274,2026-02-24 17:01:00,2889.29,D_A0274,,0,0.00023994753,False,
T010977,A0153,2026-02-21 19:52:00,1779.19,D_A0153,,0,0.00023994753,False,
T011806,A0267,2026-02-26 10:14:00,30.83,D_OFF_1,,0,0.00023988029,False,
T000161,A0057,2026-01-01 18:15:00,95.23,D_OFF_0,,0,0.00023790459,False,
T002224,A0057,2026-01-11 15:11:00,32.06,D_OFF_0,,0,0.00023790459,False,
T002677,A0057,2026-01-13 16:35:00,82.53,D_OFF_0,,0,0.00023790459,False,
T003176,A0307,2026-01-16 07:26:00,303.31,D_A0307,,0,0.0002369362,False,
T009295,A0453,2026-02-14 07:25:00,280.87,D_A0453,,0,0.00023679619,False,
T009536,A0157,2026-02-15 09:35:00,424.09,D_A0157,,0,0.00023572799,False,
T004867,A0399,2026-01-24 09:32:00,308.22,D_A0399,,0,0.00023572799,False,
T004732,A0492,2026-01-23 13:24:00,354.36,D_A0492,PAYEE_A0492,0,0.00023563339,False,
T005720,A0029,2026-01-28 10:00:00,322.36,D_A0029,,0,0.00023464335,False,
T008276,A0291,2026-02-09 08:23:00,249.19,D_A0291,,0,0.0002345541,False,
T012417,A0438,2026-03-01 11:52:00,247.3,D_A0438,PAYEE_A0438,0,0.0002327059,False,
T002753,A0106,2026-01-14 09:32:00,502.34,D_A0106,,0,0.00023258103,False,
T007156,A0200,2026-02-03 19:23:00,230.54,D_A0200,PAYEE_A0200,0,0.00023219593,False,
T011991,A0043,2026-02-27 09:15:00,27.13,D_OFF_1,,0,0.00023162104,False,
T010620,A0325,2026-02-20 11:49:00,71.99,D_OFF_2,,0,0.00023141575,False,
T001988,A0189,2026-01-10 14:14:00,140.94,D_A0189,,0,0.00023081638,False,
T011500,A0428,2026-02-24 14:32:00,178.9,D_A0428,PAYEE_A0428,0,0.00022836881,False,
T007243,A0317,2026-02-04 12:21:00,60.48,D_OFF_0,,0,0.00022749799,False,
T003353,A0398,2026-01-16 17:37:00,124.79,D_OFF_1,,0,0.00022747846,False,
T010337,A0317,2026-02-18 19:55:00,47.67,D_OFF_0,,0,0.00022723697,False,
T011074,A0279,2026-02-22 12:47:00,68.82,D_OFF_0,,0,0.0002266307,False,
T002248,A0279,2026-01-11 16:36:00,63.42,D_OFF_0,,0,0.00022637068,False,
T003360,A0337,2026-01-16 17:58:00,284.93,D_A0337,PAYEE_A0337,0,0.00022607496,False,
T006288,A0307,2026-01-31 07:18:00,339.21,D_A0307,,0,0.0002260349,False,
T012050,A0206,2026-02-27 14:02:00,200.74,D_A0206,PAYEE_A0206,0,0.00022537014,False,
T011610,A0089,2026-02-25 09:55:00,585.17,D_A0089,,0,0.00022425724,False,
T011268,A0325,2026-02-23 12:33:00,28.27,D_OFF_2,,0,0.00022347878,False,
T002660,A0325,2026-01-13 15:32:00,19.04,D_OFF_2,,0,0.00022322239,False,
T007959,A0290,2026-02-07 15:50:00,74.92,D_OFF_2,,0,0.00022322239,False,
T011205,A0101,2026-02-23 07:05:00,254.71,D_A0101,,0,0.00022254598,False,
T008781,A0426,2026-02-11 14:03:00,125.02,D_A0426,PAYEE_A0426,0,0.00022254299,False,
T004256,A0353,2026-01-21 09:33:00,316.07,D_A0353,,0,0.00022251412,False,
T006762,A0296,2026-02-02 09:00:00,314.83,D_A0296,,0,0.00022251412,False,
T005016,A0340,2026-01-24 20:00:00,54.96,D_A0340,,0,0.00022246428,False,
T000049,A0206,2026-01-01 11:32:00,207.62,D_A0206,,0,0.00022245092,False,
T012143,A0154,2026-02-28 07:41:00,152.86,D_A0154,PAYEE_A0154,0,0.00022155092,False,
T001754,A0260,2026-01-09 12:55:00,301.89,D_A0260,,0,0.00022126717,False,
T008033,A0469,2026-02-08 07:04:00,185.18,D_A0469,,0,0.00022096338,False,
T010694,A0023,2026-02-20 14:19:00,103.19,D_OFF_0,,0,0.00022035115,False,
T010050,A0023,2026-02-17 14:46:00,100.96,D_OFF_0,,0,0.00021973767,False,
T012474,A0279,2026-03-01 14:54:00,68.76,D_OFF_0,,0,0.00021973767,False,
T010960,A0023,2026-02-21 18:13:00,50.33,D_OFF_0,,0,0.00021973767,False,
T005680,A0023,2026-01-27 20:48:00,92.56,D_OFF_0,,0,0.00021973767,False,
T005481,A0413,2026-01-27 08:02:00,80.86,D_A0413,,0,0.00021971401,False,
T010501,A0317,2026-02-19 16:23:00,90.75,D_OFF_0,,0,0.00021912759,False,
T009454,A0111,2026-02-14 16:50:00,197.11,D_A0111,,0,0.00021899476,False,
T000159,A0286,2026-01-01 17:40:00,125.52,D_FAM_10,PAYEE_A0286,0,0.00021888391,False,
T006742,A0037,2026-02-02 07:19:00,537.46,D_A0037,,0,0.00021882067,False,
T002086,A0494,2026-01-11 07:22:00,251.35,D_A0494,,0,0.00021857732,False,
T001523,A0499,2026-01-08 11:12:00,135.19,D_A0499,PAYEE_A0499,0,0.00021806212,False,
T006816,A0245,2026-02-02 12:14:00,167.56,D_A0245,,0,0.00021804924,False,
T007282,A0114,2026-02-04 14:39:00,172.66,D_A0114,,0,0.00021785058,False,
T001262,A0255,2026-01-07 07:18:00,438.98,D_A0255,,0,0.00021764691,False,
T005887,A0206,2026-01-29 07:47:00,486.12,D_A0206,,0,0.00021764691,False,
T008490,A0208,2026-02-10 08:52:00,256.91,D_A0208,,0,0.0002164264,False,
T006092,A0414,2026-01-30 07:41:00,282.17,D_A0414,,0,0.00021603817,False,
T011385,A0304,2026-02-24 07:29:00,185.04,D_A0304,,0,0.00021596425,False,
T007750,A0260,2026-02-06 15:40:00,214.98,D_A0260,PAYEE_A0260,0,0.00021486805,False,
T000779,A0043,2026-01-04 16:13:00,114.59,D_OFF_1,,0,0.00021446074,False,
T004495,A0450,2026-01-22 12:36:00,116.85,D_A0450,PAYEE_A0450,0,0.00021427148,False,
T012180,A0206,2026-02-28 10:39:00,138.29,D_A0206,,0,0.0002140485,False,
T011867,A0167,2026-02-26 13:53:00,262.85,D_A0167,PAYEE_A0167,0,0.00021403097,False,
T007982,A0122,2026-02-07 17:31:00,135.47,D_A0122,PAYEE_A0122,0,0.00021377298,False,
T003477,A0100,2026-01-17 11:50:00,131.58,D_A0100,PAYEE_A0100,0,0.00021289871,False,
T005042,A0255,2026-01-25 07:24:00,293.7,D_A0255,,0,0.00021282442,False,
T011103,A0279,2026-02-22 14:04:00,65.2,D_OFF_0,,0,0.00021270676,False,
T010978,A0023,2026-02-21 19:56:00,89.46,D_OFF_0,,0,0.00021270676,False,
T003593,A0317,2026-01-17 17:21:00,84.24,D_OFF_0,,0,0.00021270676,False,
T005358,A0317,2026-01-26 13:58:00,70.47,D_OFF_0,,0,0.00021270676,False,
T009205,A0279,2026-02-13 14:55:00,90.05,D_OFF_0,,0,0.00021270676,False,
T006072,A0023,2026-01-29 21:19:00,89.69,D_OFF_0,,0,0.00021270676,False,
T009801,A0003,2026-02-16 13:01:00,159.75,D_A0003,PAYEE_A0003,0,0.00021247042,False,
T009946,A0114,2026-02-17 08:05:00,436.05,D_A0114,,0,0.00021228129,False,
T001900,A0348,2026-01-10 08:50:00,315.25,D_A0348,,0,0.0002119492,False,
T010182,A0481,2026-02-18 08:49:00,387.11,D_A0481,,0,0.0002119492,False,
T004436,A0160,2026-01-22 08:06:00,87.43,D_OFF_1,,0,0.00021182737,False,
T006786,A0074,2026-02-02 10:45:00,108.47,D_A0074,PAYEE_A0074,0,0.00021166305,False,
T009327,A0160,2026-02-14 09:46:00,77.54,D_OFF_1,,0,0.00021103492,False,
T000873,A0160,2026-01-05 09:53:00,61.32,D_OFF_1,,0,0.00021103492,False,
T011239,A0338,2026-02-23 11:05:00,83.5,D_A0338,,0,0.00021054894,False,
T000068,A0411,2026-01-01 12:05:00,135.56,D_A0411,PAYEE_A0411,0,0.0002100763,False,
T001410,A0279,2026-01-07 15:08:00,107.31,D_OFF_0,,0,0.00020981005,False,
T004850,A0477,2026-01-24 07:47:00,359.6,D_A0477,,0,0.00020916549,False,
T005372,A0326,2026-01-26 14:40:00,130.37,D_A0326,PAYEE_A0326,0,0.00020807842,False,
T007587,A0493,2026-02-05 22:28:00,292.91,D_A0493,PAYEE_A0493,0,0.00020766973,False,
T006381,A0279,2026-01-31 13:22:00,77.46,D_OFF_0,,0,0.00020703982,False,
T009932,A0205,2026-02-17 07:17:00,169.1,D_A0205,,0,0.00020584816,False,
T008907,A0491,2026-02-12 10:28:00,52.54,D_FAM_2,PAYEE_A0491,0,0.00020529582,False,
T005485,A0006,2026-01-27 08:31:00,280.07,D_FAM_7,,0,0.00020488634,False,
T009722,A0296,2026-02-16 07:49:00,265.1,D_A0296,,0,0.00020476701,False,
T010954,A0325,2026-02-21 17:52:00,40.58,D_OFF_2,,0,0.00020459938,False,
T004594,A0027,2026-01-22 16:43:00,213.11,D_A0027,PAYEE_A0027,0,0.0002043687,False,
T000219,A0160,2026-01-02 09:13:00,63.06,D_OFF_1,,0,0.0002042824,False,
T005249,A0481,2026-01-26 07:35:00,222.69,D_A0481,,0,0.00020364803,False,
T000780,A0290,2026-01-04 16:13:00,94.7,D_OFF_2,,0,0.00020338218,False,
T001148,A0290,2026-01-06 14:15:00,71.84,D_OFF_2,,0,0.00020338218,False,
T011585,A0001,2026-02-25 07:42:00,101.48,D_A0001,PAYEE_A0001,0,0.00020261008,False,
T009812,A0399,2026-02-16 13:43:00,168.84,D_A0399,PAYEE_A0399,0,0.00020243457,False,
T000423,A0050,2026-01-03 08:23:00,88.1,D_A0050,,0,0.00020237242,False,
T011039,A0120,2026-02-22 11:13:00,30.26,D_A0120,,0,0.00020234908,False,
T008042,A0435,2026-02-08 07:36:00,217.0,D_A0435,,0,0.0002021223,False,
T008771,A0280,2026-02-11 13:31:00,202.59,D_A0280,,0,0.00020208608,False,
T011689,A0031,2026-02-25 14:44:00,44.41,D_OFF_2,,0,0.00020198707,False,
T007358,A0031,2026-02-04 19:09:00,44.6,D_OFF_2,,0,0.00020198707,False,
T000244,A0370,2026-01-02 10:54:00,75.77,D_A0370,PAYEE_A0370,0,0.00020190484,False,
T008919,A0349,2026-02-12 11:04:00,201.14,D_A0349,PAYEE_A0349,0,0.00020160475,False,
T009506,A0422,2026-02-15 07:00:00,207.93,D_A0422,,0,0.00020157649,False,
T001329,A0283,2026-01-07 11:58:00,61.27,D_A0283,,0,0.00020086145,False,
T004656,A0437,2026-01-23 07:03:00,192.91,D_FAM_3,,0,0.00019997553,False,
T001532,A0105,2026-01-08 11:31:00,82.24,D_OFF_2,,0,0.00019982095,False,
T009963,A0467,2026-02-17 10:09:00,10.26,D_OFF_1,,0,0.0001995913,False,
T005924,A0129,2026-01-29 10:59:00,43.1,D_OFF_2,,0,0.0001995913,False,
T011236,A0105,2026-02-23 10:50:00,12.85,D_OFF_2,,0,0.0001995913,False,
T011592,A0205,2026-02-25 08:25:00,82.18,D_A0205,PAYEE_A0205,0,0.00019947259,False,
T006981,A0497,2026-02-03 08:38:00,171.93,D_A0497,PAYEE_A0497,0,0.00019913889,False,
T009654,A0239,2026-02-15 16:49:00,187.46,D_A0239,,0,0.00019836021,False,
T005671,A0290,2026-01-27 19:25:00,66.22,D_OFF_2,,0,0.00019687448,False,
T010042,A0290,2026-02-17 14:18:00,73.78,D_OFF_2,,0,0.00019687448,False,
T000208,A0255,2026-01-02 08:07:00,292.73,D_A0255,,0,0.00019642933,False,
T000422,A0096,2026-01-03 08:10:00,314.9,D_A0096,,0,0.00019642933,False,
T012116,A0115,2026-02-27 19:13:00,265.26,D_A0115,PAYEE_A0115,0,0.00019608373,False,
T010013,A0121,2026-02-17 12:56:00,150.89,D_A0121,PAYEE_A0121,0,0.00019539671,False,
T009682,A0031,2026-02-15 19:26:00,47.18,D_OFF_2,,0,0.00019532071,False,
T000849,A0122,2026-01-05 07:52:00,59.17,D_A0122,,0,0.0001950678,False,
T000030,A0487,2026-01-01 10:29:00,296.73,D_A0487,,0,0.00019504472,False,
T012363,A0123,2026-03-01 07:18:00,93.57,D_A0123,,0,0.00019453472,False,
T000354,A0023,2026-01-02 16:46:00,98.99,D_OFF_0,,0,0.00019445126,False,
T005715,A0197,2026-01-28 09:37:00,86.59,D_A0197,PAYEE_A0197,0,0.00019371898,False,
T012181,A0116,2026-02-28 10:46:00,144.65,D_A0116,PAYEE_A0116,0,0.00019314834,False,
T003854,A0369,2026-01-19 07:43:00,264.4,D_A0369,,0,0.00019279929,False,
T006533,A0138,2026-02-01 08:43:00,97.64,D_A0138,PAYEE_A0138,0,0.00019262584,False,
T004217,A0325,2026-01-20 19:47:00,72.61,D_OFF_2,,0,0.00019162927,False,
T008352,A0196,2026-02-09 13:27:00,163.59,D_A0196,PAYEE_A0196,0,0.00019142564,False,
T006895,A0255,2026-02-02 16:23:00,211.58,D_A0255,PAYEE_A0255,0,0.00019133167,False,
T003480,A0126,2026-01-17 12:09:00,456.07,D_A0126,PAYEE_A0126,0,0.00019130157,False,
T008067,A0020,2026-02-08 10:10:00,126.71,D_A0020,PAYEE_A0020,0,0.0001910482,False,
T006296,A0428,2026-01-31 07:49:00,72.12,D_A0428,,0,0.00019022007,False,
T004477,A0267,2026-01-22 11:48:00,52.48,D_OFF_1,,0,0.0001893762,False,
T004599,A0031,2026-01-22 16:55:00,41.03,D_OFF_2,,0,0.00018907092,False,
T000191,A0031,2026-01-01 22:28:00,60.19,D_OFF_2,,0,0.00018907092,False,
T000871,A0445,2026-01-05 09:38:00,295.69,D_A0445,,0,0.00018852223,False,
T000384,A0031,2026-01-02 18:55:00,85.68,D_OFF_2,,0,0.00018820379,False,
T000459,A0212,2026-01-03 11:12:00,26.56,D_OFF_1,,0,0.00018793589,False,
T005655,A0064,2026-01-27 18:23:00,162.81,D_A0064,,0,0.00018755888,False,
T009596,A0325,2026-02-15 13:58:00,36.88,D_OFF_2,,0,0.00018736208,False,
T008181,A0398,2026-02-08 15:40:00,73.0,D_OFF_1,,0,0.00018736208,False,
T000878,A0353,2026-01-05 10:10:00,280.71,D_A0353,,0,0.00018727493,False,
T011605,A0205,2026-02-25 09:44:00,84.18,D_A0205,PAYEE_A0205,0,0.00018724207,False,
T009987,A0256,2026-02-17 11:40:00,181.04,D_A0256,PAYEE_A0256,0,0.00018652005,False,
T004448,A0152,2026-01-22 09:55:00,221.73,D_A0152,,0,0.00018629806,False,
T001497,A0250,2026-01-08 09:27:00,223.87,D_A0250,,0,0.00018629806,False,
T001931,A0105,2026-01-10 11:24:00,76.04,D_OFF_2,,0,0.00018614871,False,
T011019,A0286,2026-02-22 09:50:00,217.54,D_FAM_10,,0,0.00018573756,False,
T005907,A0475,2026-01-29 10:01:00,313.36,D_A0475,,0,0.00018507887,False,
T005260,A0105,2026-01-26 09:02:00,18.31,D_OFF_2,,0,0.00018320773,False,
T006991,A0411,2026-02-03 09:43:00,467.44,D_A0411,,0,0.00018313156,False,
T005434,A0368,2026-01-26 18:21:00,323.42,D_A0368,PAYEE_A0368,0,0.00018283846,False,
T011085,A0124,2026-02-22 13:18:00,206.28,D_A0124,,0,0.00018274311,False,
T002095,A0372,2026-01-11 08:01:00,289.24,D_A0372,,0,0.00018234,False,
T006301,A0146,2026-01-31 08:07:00,19.2,D_A0146,,0,0.00018213756,False,
T009110,A0440,2026-02-13 10:14:00,26.16,D_OFF_2,,0,0.000180186,False,
T011249,A0356,2026-02-23 11:30:00,35.55,D_A0356,,0,0.00018018359,False,
T002584,A0088,2026-01-13 11:32:00,128.69,D_A0088,,0,0.00018014906,False,
T002800,A0281,2026-01-14 12:13:00,187.54,D_A0281,,0,0.00018013325,False,
T000511,A0290,2026-01-03 14:25:00,95.45,D_OFF_2,,0,0.00017997736,False,
T010043,A0360,2026-02-17 14:19:00,113.28,D_A0360,PAYEE_A0360,0,0.00017989794,False,
T005717,A0143,2026-01-28 09:45:00,275.07,D_A0143,,0,0.00017972871,False,
T010813,A0493,2026-02-21 09:44:00,515.55,D_A0493,,0,0.00017934815,False,
T008926,A0074,2026-02-12 11:33:00,145.43,D_A0074,PAYEE_A0074,0,0.00017934268,False,
T003016,A0492,2026-01-15 11:43:00,233.71,D_A0492,PAYEE_A0492,0,0.00017924061,False,
T001498,A0286,2026-01-08 09:29:00,215.72,D_FAM_10,,0,0.00017864617,False,
T000838,A0223,2026-01-05 07:20:00,221.9,D_A0223,,0,0.00017818515,False,
T006055,A0488,2026-01-29 18:48:00,137.6,D_A0488,PAYEE_A0488,0,0.00017767634,False,
T004989,A0288,2026-01-24 16:36:00,153.64,D_A0288,,0,0.0001775307,False,
T007190,A0236,2026-02-04 07:09:00,41.09,D_A0236,,0,0.00017710497,False,
T000392,A0259,2026-01-02 19:56:00,97.82,D_A0259,PAYEE_A0259,0,0.00017683601,False,
T005551,A0354,2026-01-27 12:51:00,138.09,D_A0354,,0,0.0001767711,False,
T009939,A0155,2026-02-17 07:24:00,187.45,D_A0155,,0,0.0001767138,False,
T006998,A0089,2026-02-03 10:09:00,512.33,D_A0089,,0,0.00017607231,False,
T000586,A0368,2026-01-03 17:52:00,444.0,D_A0368,,0,0.0001749172,False,
T002256,A0018,2026-01-11 16:59:00,437.36,D_A0018,,0,0.0001749172,False,
T004438,A0262,2026-01-22 08:14:00,231.49,D_A0262,,0,0.00017489685,False,
T007409,A0375,2026-02-05 10:40:00,382.63,D_A0375,,0,0.00017470367,False,
T004442,A0193,2026-01-22 09:11:00,814.86,D_A0193,,0,0.00017421976,False,
T012366,A0263,2026-03-01 07:30:00,419.81,D_A0263,,0,0.00017406135,False,
T000072,A0031,2026-01-01 12:16:00,68.36,D_OFF_2,,0,0.00017351634,False,
T002082,A0081,2026-01-11 07:12:00,180.97,D_A0081,,0,0.00017325942,False,
T012468,A0196,2026-03-01 14:46:00,165.12,D_A0196,PAYEE_A0196,0,0.00017253553,False,
T002813,A0196,2026-01-14 12:59:00,133.78,D_A0196,PAYEE_A0196,0,0.00017246068,False,
T008867,A0393,2026-02-12 07:03:00,31.3,D_A0393,,0,0.00017210208,False,
T007839,A0104,2026-02-07 07:51:00,404.94,D_A0104,,0,0.00017197085,False,
T011207,A0406,2026-02-23 07:18:00,175.56,D_A0406,,0,0.00017191264,False,
T011790,A0073,2026-02-26 07:57:00,5.04,D_A0073,,0,0.00017162423,False,
T002106,A0322,2026-01-11 09:08:00,202.79,D_A0322,,0,0.00017131538,False,
T004149,A0444,2026-01-20 14:37:00,219.34,D_A0444,PAYEE_A0444,0,0.0001712179,False,
T010299,A0370,2026-02-18 16:03:00,130.63,D_A0370,PAYEE_A0370,0,0.00017046854,False,
T003481,A0212,2026-01-17 12:23:00,43.08,D_OFF_1,,0,0.00017043002,False,
T003714,A0398,2026-01-18 12:48:00,16.58,D_OFF_1,,0,0.00017043002,False,
T011068,A0212,2026-02-22 12:38:00,34.42,D_OFF_1,,0,0.00017043002,False,
T007429,A0398,2026-02-05 12:03:00,78.71,D_OFF_1,,0,0.00017043002,False,
T006362,A0212,2026-01-31 12:29:00,30.77,D_OFF_1,,0,0.00017043002,False,
T003965,A0398,2026-01-19 14:50:00,77.38,D_OFF_1,,0,0.00017023449,False,
T011925,A0212,2026-02-26 16:39:00,21.79,D_OFF_1,,0,0.00017023449,False,
T008768,A0212,2026-02-11 13:25:00,28.6,D_OFF_1,,0,0.00017023449,False,
T002029,A0398,2026-01-10 16:33:00,29.96,D_OFF_1,,0,0.00017023449,False,
T005432,A0212,2026-01-26 18:15:00,33.66,D_OFF_1,,0,0.00017023449,False,
T007071,A0212,2026-02-03 14:24:00,40.85,D_OFF_1,,0,0.00017023449,False,
T008856,A0212,2026-02-11 19:57:00,39.15,D_OFF_1,,0,0.00017023449,False,
T005861,A0398,2026-01-28 20:15:00,46.32,D_OFF_1,,0,0.00017023449,False,
T011677,A0398,2026-02-25 13:52:00,24.85,D_OFF_1,,0,0.00017023449,False,
T011845,A0398,2026-02-26 13:07:00,41.34,D_OFF_1,,0,0.00017023449,False,
T002533,A0307,2026-01-13 07:26:00,218.0,D_A0307,,0,0.00017009804,False,
T007832,A0494,2026-02-07 07:19:00,238.68,D_A0494,,0,0.0001698303,False,
T007686,A0185,2026-02-06 12:57:00,221.92,D_A0185,,0,0.00016936036,False,
T003576,A0273,2026-01-17 16:30:00,111.68,D_A0273,PAYEE_A0273,0,0.00016934195,False,
T011129,A0194,2026-02-22 15:01:00,158.99,D_FAM_2,PAYEE_A0194,0,0.00016873254,False,
T006454,A0030,2026-01-31 17:05:00,151.5,D_A0030,PAYEE_A0030,0,0.00016872835,False,
T003485,A0240,2026-01-17 12:26:00,115.54,D_FAM_11,PAYEE_A0240,0,0.00016862703,False,
T006090,A0396,2026-01-30 07:37:00,80.79,D_FAM_3,PAYEE_A0396,0,0.000168605,False,
T006131,A0367,2026-01-30 11:12:00,151.55,D_A0367,,0,0.00016853171,False,
T002953,A0456,2026-01-15 07:42:00,141.24,D_A0456,,0,0.00016845347,False,
T000862,A0065,2026-01-05 08:46:00,46.38,D_A0065,,0,0.00016838362,False,
T001898,A0140,2026-01-10 08:32:00,54.13,D_A0140,,0,0.0001678034,False,
T004486,A0466,2026-01-22 12:16:00,32.42,D_A0466,,0,0.00016775157,False,
T011673,A0447,2026-02-25 13:37:00,25.29,D_A0447,,0,0.00016755909,False,
T003728,A0157,2026-01-18 13:16:00,23.12,D_A0157,,0,0.00016755909,False,
T001154,A0267,2026-01-06 14:29:00,27.68,D_OFF_1,,0,0.0001675217,False,
T000778,A0129,2026-01-04 16:12:00,57.04,D_OFF_2,,0,0.0001675217,False,
T001716,A0427,2026-01-09 10:37:00,99.45,D_A0427,PAYEE_A0427,0,0.00016736587,False,
T009333,A0180,2026-02-14 10:04:00,173.4,D_A0180,,0,0.00016711217,False,
T001679,A0129,2026-01-08 22:22:00,61.61,D_OFF_2,,0,0.00016689036,False,
T006194,A0368,2026-01-30 14:27:00,250.14,D_A0368,,0,0.00016648443,False,
T010398,A0298,2026-02-19 11:34:00,177.29,D_A0298,PAYEE_A0298,0,0.00016637128,False,
T010578,A0019,2026-02-20 08:55:00,282.72,D_A0019,,0,0.00016569906,False,
T011200,A0129,2026-02-22 21:16:00,102.76,D_OFF_2,,0,0.00016525347,False,
T000703,A0129,2026-01-04 12:38:00,39.31,D_OFF_2,,0,0.00016407497,False,
T005052,A0322,2026-01-25 08:02:00,396.63,D_A0322,,0,0.00016403633,False,
T004163,A0267,2026-01-20 15:25:00,67.83,D_OFF_1,,0,0.00016388671,False,
T001616,A0208,2026-01-08 15:45:00,36.09,D_A0208,,0,0.00016374035,False,
T007539,A0208,2026-02-05 17:17:00,39.9,D_A0208,,0,0.00016374035,False,
T010757,A0354,2026-02-20 18:22:00,38.04,D_A0354,,0,0.00016374035,False,
T004827,A0118,2026-01-23 21:21:00,41.84,D_A0118,,0,0.00016374035,False,
T004027,A0259,2026-01-19 18:29:00,45.66,D_A0259,,0,0.00016374035,False,
T002741,R004,2026-01-14 08:29:00,168.56,D_R004,,0,0.00016347531,False,
T010179,A0255,2026-02-18 08:42:00,354.62,D_A0255,,0,0.00016315622,False,
T000413,A0234,2026-01-03 07:28:00,17.68,D_A0234,,0,0.00016244742,False,
T004670,A0211,2026-01-23 07:41:00,184.48,D_A0211,,0,0.00016179615,False,
T012159,A0075,2026-02-28 08:55:00,688.97,D_A0075,,0,0.00016165689,False,
T004264,A0377,2026-01-21 10:33:00,230.01,D_A0377,,0,0.00016117423,False,
T004057,A0492,2026-01-20 07:55:00,390.95,D_A0492,,0,0.00016074833,False,
T006733,A0486,2026-02-01 23:53:00,158.02,D_A0486,PAYEE_A0486,0,0.00016048322,False,
T002024,A0137,2026-01-10 16:24:00,376.9,D_A0137,,0,0.00016026745,False,
T000855,A0369,2026-01-05 08:12:00,308.55,D_A0369,,0,0.00015954093,False,
T008487,A0475,2026-02-10 08:14:00,294.13,D_A0475,,0,0.00015954093,False,
T001279,A0255,2026-01-07 08:21:00,304.16,D_A0255,,0,0.00015954093,False,
T008911,A0139,2026-02-12 10:33:00,37.69,D_FAM_7,,0,0.00015951232,False,
T002739,A0211,2026-01-14 08:06:00,232.87,D_A0211,,0,0.00015869341,False,
T008948,A0129,2026-02-12 12:15:00,81.13,D_OFF_2,,0,0.00015846205,False,
T003610,A0129,2026-01-17 18:15:00,80.68,D_OFF_2,,0,0.00015828024,False,
T002995,A0074,2026-01-15 10:45:00,245.89,D_A0074,,0,0.00015826485,False,
T002111,A0268,2026-01-11 09:24:00,49.46,D_A0268,,0,0.00015805899,False,
T006144,A0420,2026-01-30 12:01:00,136.44,D_OFF_0,,0,0.0001576329,False,
T003197,A0192,2026-01-16 09:19:00,21.91,D_A0192,,0,0.00015751435,False,
T009335,A0457,2026-02-14 10:04:00,244.88,D_A0457,,0,0.00015525556,False,
T004428,A0293,2026-01-22 07:29:00,53.6,D_A0293,PAYEE_A0293,0,0.0001552486,False,
T011975,A0343,2026-02-27 07:55:00,23.39,D_A0343,,0,0.00015521071,False,
T000425,A0282,2026-01-03 08:35:00,242.9,D_A0282,,0,0.0001547644,False,
T002530,A0383,2026-01-13 07:08:00,272.88,D_A0383,,0,0.00015434543,False,
T011648,A0105,2026-02-25 12:29:00,87.42,D_OFF_2,,0,0.00015432056,False,
T012005,A0148,2026-02-27 10:50:00,20.08,D_A0148,,0,0.00015424524,False,
T001892,A0457,2026-01-10 07:35:00,172.85,D_A0457,,0,0.00015423817,False,
T009978,A0126,2026-02-17 11:07:00,295.09,D_A0126,PAYEE_A0126,0,0.00015422156,False,
T011121,A0189,2026-02-22 14:42:00,133.41,D_A0189,,0,0.00015413966,False,
T005723,A0110,2026-01-28 10:13:00,162.09,D_FAM_11,,0,0.00015400774,False,
T007210,A0037,2026-02-04 09:33:00,1011.98,D_A0037,,0,0.00015397822,False,
T007462,A0034,2026-02-05 13:19:00,33.37,D_FAM_10,,0,0.00015394167,False,
T005874,A0301,2026-01-29 07:10:00,181.92,D_A0301,,0,0.00015365497,False,
T010152,A0093,2026-02-18 07:01:00,240.9,D_A0093,,0,0.00015317398,False,
T009750,A0367,2026-02-16 10:21:00,251.01,D_A0367,,0,0.00015262318,False,
T011261,A0049,2026-02-23 12:08:00,183.44,D_FAM_8,PAYEE_A0049,0,0.00015252817,False,
T002948,A0075,2026-01-15 07:23:00,268.45,D_A0075,,0,0.00015246202,False,
T009799,A0440,2026-02-16 12:57:00,138.68,D_OFF_2,,0,0.00015231191,False,
T010215,A0090,2026-02-18 11:27:00,112.72,D_A0090,,0,0.00015202795,False,
T006099,A0145,2026-01-30 08:28:00,214.93,D_A0145,,0,0.00015151782,False,
T001305,A0453,2026-01-07 10:39:00,289.32,D_A0453,,0,0.00015098088,False,
T002550,A0486,2026-01-13 09:06:00,454.3,D_A0486,,0,0.00015083843,False,
T007222,A0277,2026-02-04 10:21:00,407.22,D_A0277,,0,0.00015078235,False,
T002569,A0147,2026-01-13 10:44:00,456.35,D_A0147,,0,0.00015078235,False,
T008153,A0324,2026-02-08 14:48:00,150.18,D_A0324,PAYEE_A0324,0,0.0001502453,False,
T004880,A0259,2026-01-24 10:30:00,208.41,D_A0259,,0,0.00014911065,False,
T002965,R004,2026-01-15 08:28:00,150.82,D_R004,,0,0.00014877506,False,
T011214,A0412,2026-02-23 08:22:00,226.53,D_A0412,,0,0.00014868684,False,
T006966,A0479,2026-02-03 07:20:00,155.95,D_A0479,,0,0.00014868443,False,
T010917,A0105,2026-02-21 15:15:00,69.7,D_OFF_2,,0,0.0001486487,False,
T008025,A0106,2026-02-07 22:37:00,185.68,D_A0106,PAYEE_A0106,0,0.00014863638,False,
T002925,A0433,2026-01-14 19:29:00,93.29,D_A0433,PAYEE_A0433,0,0.00014857006,False,
T006449,A0118,2026-01-31 16:47:00,143.81,D_A0118,PAYEE_A0118,0,0.00014850775,False,
T002108,A0170,2026-01-11 09:17:00,235.01,D_A0170,,0,0.00014780492,False,
T001168,A0004,2026-01-06 15:04:00,66.92,D_A0004,,0,0.00014777872,False,
T011258,A0356,2026-02-23 12:04:00,55.03,D_A0356,,0,0.00014756748,False,
T009966,A0275,2026-02-17 10:24:00,123.92,D_FAM_5,PAYEE_A0275,0,0.0001471562,False,
T000554,A0025,2026-01-03 16:22:00,118.42,D_A0025,,0,0.00014699773,False,
T012359,A0123,2026-03-01 07:02:00,93.37,D_A0123,PAYEE_A0123,0,0.00014693817,False,
T002091,A0181,2026-01-11 07:50:00,281.8,D_A0181,,0,0.00014657447,False,
T007649,A0211,2026-02-06 10:50:00,345.88,D_A0211,,0,0.00014643771,False,
T007879,A0256,2026-02-07 11:39:00,135.49,D_A0256,PAYEE_A0256,0,0.00014635075,False,
T010202,A0342,2026-02-18 10:46:00,227.63,D_A0342,,0,0.00014626802,False,
T008225,A0380,2026-02-08 18:27:00,20.32,D_A0380,,0,0.00014580334,False,
T001042,A0326,2026-01-05 23:23:00,42.75,D_A0326,,0,0.00014580334,False,
T012555,A0424,2026-03-01 20:47:00,38.61,D_A0424,,0,0.00014580334,False,
T002445,A0346,2026-01-12 15:10:00,55.28,D_A0346,,0,0.00014580334,False,
T009439,A0470,2026-02-14 15:53:00,45.34,D_A0470,,0,0.00014580334,False,
T012370,A0346,2026-03-01 08:04:00,253.0,D_A0346,,0,0.00014502229,False,
T000026,A0124,2026-01-01 10:04:00,390.7,D_A0124,,0,0.00014476628,False,
T006741,A0170,2026-02-02 07:18:00,200.19,D_A0170,,0,0.00014446277,False,
T000953,A0474,2026-01-05 14:30:00,176.09,D_A0474,PAYEE_A0474,0,0.00014437505,False,
T004325,A0119,2026-01-21 14:06:00,238.82,D_A0119,PAYEE_A0119,0,0.00014433237,False,
T004056,A0271,2026-01-20 07:54:00,79.46,D_A0271,,0,0.00014406494,False,
T002575,A0088,2026-01-13 11:08:00,160.82,D_A0088,PAYEE_A0088,0,0.00014383036,False,
T000739,A0089,2026-01-04 14:17:00,137.16,D_A0089,PAYEE_A0089,0,0.00014339545,False,
T007549,A0030,2026-02-05 17:39:00,129.39,D_A0030,PAYEE_A0030,0,0.00014339545,False,
T006094,A0324,2026-01-30 08:00:00,230.75,D_A0324,,0,0.0001431187,False,
T010196,A0259,2026-02-18 10:18:00,190.94,D_A0259,,0,0.00014297983,False,
T000446,A0410,2026-01-03 10:31:00,191.38,D_A0410,,0,0.00014297983,False,
T000860,A0372,2026-01-05 08:46:00,271.38,D_A0372,,0,0.00014295761,False,
T006704,A0424,2026-02-01 19:15:00,137.31,D_A0424,PAYEE_A0424,0,0.00014287108,False,
T007300,A0350,2026-02-04 15:37:00,182.86,D_A0350,,0,0.00014263109,False,
T000841,A0104,2026-01-05 07:26:00,384.83,D_A0104,,0,0.00014250181,False,
T005619,A0160,2026-01-27 16:01:00,124.16,D_OFF_1,,0,0.00014234877,False,
T004682,A0145,2026-01-23 09:00:00,211.3,D_A0145,,0,0.00014222719,False,
T008900,A0186,2026-02-12 09:44:00,26.14,D_A0186,,0,0.00014217473,False,
T005092,A0380,2026-01-25 11:48:00,809.99,D_A0380,,0,0.00014205452,False,
T009936,A0268,2026-02-17 07:23:00,109.46,D_A0268,PAYEE_A0268,0,0.00014189504,False,
T009301,A0367,2026-02-14 07:34:00,173.1,D_A0367,,0,0.00014168049,False,
T008716,A0456,2026-02-11 10:27:00,190.87,D_A0456,,0,0.00014153586,False,
T011586,A0308,2026-02-25 07:45:00,129.94,D_A0308,,0,0.00014137765,False,
T006677,A0296,2026-02-01 17:33:00,751.21,D_A0296,,0,0.00014131403,False,
T000757,A0206,2026-01-04 15:14:00,584.45,D_A0206,,0,0.00014131403,False,
T007707,A0469,2026-02-06 13:38:00,492.24,D_A0469,,0,0.00014131403,False,
T000322,A0376,2026-01-02 14:47:00,879.91,D_A0376,,0,0.00014131403,False,
T005384,A0089,2026-01-26 15:14:00,649.98,D_A0089,,0,0.00014131403,False,
T002025,A0301,2026-01-10 16:24:00,446.84,D_A0301,,0,0.00014131403,False,
T011443,A0129,2026-02-24 11:44:00,43.06,D_OFF_2,,0,0.00014119496,False,
T011985,A0283,2026-02-27 08:35:00,20.82,D_A0283,,0,0.00014091426,False,
T011606,A0011,2026-02-25 09:48:00,100.33,D_A0011,PAYEE_A0011,0,0.00014054014,False,
T009159,A0437,2026-02-13 13:11:00,36.66,D_FAM_3,,0,0.00014051668,False,
T008698,A0095,2026-02-11 08:39:00,255.47,D_A0095,,0,0.00014038169,False,
T002534,A0150,2026-01-13 07:45:00,122.69,D_A0150,,0,0.00014001566,False,
T001694,A0141,2026-01-09 07:47:00,198.38,D_FAM_2,,0,0.00013984114,False,
T010474,A0132,2026-02-19 15:02:00,396.62,D_A0132,,0,0.00013982874,False,
T000637,A0024,2026-01-04 08:18:00,220.54,D_A0024,,0,0.00013970987,False,
T002766,A0423,2026-01-14 10:13:00,44.47,D_A0423,PAYEE_A0423,0,0.00013937429,False,
T001307,A0463,2026-01-07 10:40:00,383.38,D_A0463,,0,0.0001393113,False,
T007402,A0477,2026-02-05 09:56:00,341.54,D_A0477,,0,0.0001389323,False,
T011888,A0059,2026-02-26 15:01:00,172.14,D_A0059,,0,0.00013796857,False,
T011965,A0037,2026-02-27 07:13:00,389.47,D_A0037,,0,0.0001378807,False,
T009339,A0051,2026-02-14 10:15:00,291.14,D_A0051,,0,0.00013766278,False,
T008877,A0220,2026-02-12 07:33:00,207.46,D_A0220,,0,0.00013750652,False,
T006093,A0435,2026-01-30 07:50:00,147.14,D_A0435,,0,0.00013704157,False,
T005702,A0416,2026-01-28 08:38:00,45.75,D_A0416,PAYEE_A0416,0,0.00013672544,False,
T007618,A0119,2026-02-06 08:30:00,154.08,D_A0119,,0,0.00013666954,False,
T011395,A0095,2026-02-24 08:18:00,260.57,D_A0095,,0,0.00013664138,False,
T010424,A0369,2026-02-19 12:35:00,128.55,D_A0369,PAYEE_A0369,0,0.00013654474,False,
T001412,A0211,2026-01-07 15:13:00,130.82,D_A0211,PAYEE_A0211,0,0.00013629705,False,
T003546,A0160,2026-01-17 15:05:00,108.98,D_OFF_1,,0,0.00013589812,False,
T007864,A0223,2026-02-07 10:35:00,208.2,D_A0223,,0,0.00013573405,False,
T003460,A0149,2026-01-17 10:41:00,330.71,D_A0149,,0,0.00013572136,False,
T006425,A0267,2026-01-31 15:36:00,36.31,D_OFF_1,,0,0.00013550605,False,
T005672,A0267,2026-01-27 19:37:00,34.26,D_OFF_1,,0,0.00013550605,False,
T009082,A0043,2026-02-12 23:45:00,32.67,D_OFF_1,,0,0.00013550605,False,
T004961,A0043,2026-01-24 15:05:00,32.25,D_OFF_1,,0,0.00013550605,False,
T002862,A0148,2026-01-14 14:44:00,177.42,D_A0148,,0,0.00013500822,False,
T002298,A0136,2026-01-11 21:53:00,176.74,D_FAM_0,PAYEE_A0136,0,0.00013472799,False,
T005888,A0449,2026-01-29 07:54:00,233.03,D_FAM_0,,0,0.00013461999,False,
T005486,A0410,2026-01-27 08:40:00,53.58,D_A0410,PAYEE_A0410,0,0.0001345362,False,
T002786,A0265,2026-01-14 11:22:00,111.45,D_A0265,PAYEE_A0265,0,0.00013441785,False,
T005290,A0491,2026-01-26 10:53:00,62.76,D_FAM_2,PAYEE_A0491,0,0.00013365124,False,
T010420,A0101,2026-02-19 12:28:00,164.04,D_A0101,PAYEE_A0101,0,0.00013344774,False,
T007390,A0329,2026-02-05 09:16:00,216.07,D_A0329,,0,0.00013323502,False,
T003413,A0093,2026-01-17 07:38:00,207.35,D_A0093,,0,0.0001332053,False,
T003920,A0099,2026-01-19 12:20:00,110.82,D_A0099,PAYEE_A0099,0,0.00013300896,False,
T000843,A0140,2026-01-05 07:28:00,469.7,D_A0140,,0,0.00013296558,False,
T003547,A0394,2026-01-17 15:10:00,127.37,D_A0394,PAYEE_A0394,0,0.000132743,False,
T011260,A0066,2026-02-23 12:07:00,38.68,D_A0066,,0,0.00013272744,False,
T009203,A0131,2026-02-13 14:50:00,39.22,D_A0131,,0,0.00013257514,False,
T009602,A0383,2026-02-15 14:20:00,54.12,D_A0383,,0,0.00013257514,False,
T008530,A0105,2026-02-10 11:35:00,59.46,D_OFF_2,,0,0.0001323565,False,
T005490,A0217,2026-01-27 09:35:00,143.11,D_A0217,PAYEE_A0217,0,0.00013204274,False,
T001723,A0190,2026-01-09 11:08:00,160.12,D_FAM_13,,0,0.00013176577,False,
T010558,A0231,2026-02-20 07:16:00,189.2,D_A0231,,0,0.00013151133,False,
T007267,A0210,2026-02-04 13:45:00,138.43,D_A0210,PAYEE_A0210,0,0.00013123875,False,
T004457,A0369,2026-01-22 10:35:00,457.19,D_A0369,,0,0.00013090117,False,
T009336,A0001,2026-02-14 10:06:00,338.79,D_A0001,,0,0.0001308832,False,
T001341,A0431,2026-01-07 12:26:00,327.02,D_FAM_11,,0,0.0001308248,False,
T006299,A0255,2026-01-31 07:58:00,260.0,D_A0255,,0,0.00013069388,False,
T000861,A0046,2026-01-05 08:46:00,36.26,D_A0046,,0,0.00013068528,False,
T000648,A0184,2026-01-04 08:54:00,156.83,D_A0184,,0,0.00012995696,False,
T006134,A0091,2026-01-30 11:18:00,209.84,D_A0091,,0,0.00012987544,False,
T000154,A0456,2026-01-01 17:18:00,76.76,D_A0456,PAYEE_A0456,0,0.00012977158,False,
T003935,A0480,2026-01-19 13:16:00,177.61,D_FAM_6,,0,0.00012972938,False,
T010060,A0229,2026-02-17 15:14:00,57.64,D_A0229,,0,0.0001295536,False,
T006643,A0365,2026-02-01 15:44:00,48.5,D_A0365,,0,0.0001295536,False,
T009842,A0333,2026-02-16 15:14:00,38.39,D_A0333,,0,0.0001295536,False,
T012090,A0438,2026-02-27 16:32:00,54.72,D_A0438,,0,0.0001295536,False,
T011423,A0411,2026-02-24 10:28:00,102.27,D_A0411,PAYEE_A0411,0,0.00012940001,False,
T008884,A0177,2026-02-12 08:22:00,295.93,D_A0177,,0,0.00012891428,False,
T011403,A0138,2026-02-24 09:03:00,57.74,D_A0138,,0,0.00012888588,False,
T006756,A0184,2026-02-02 08:44:00,178.06,D_A0184,,0,0.00012887064,False,
T005051,A0389,2026-01-25 08:02:00,181.57,D_A0389,,0,0.00012887064,False,
T010563,A0193,2026-02-20 07:40:00,472.76,D_A0193,,0,0.00012885344,False,
T003114,A0426,2026-01-15 16:47:00,96.91,D_A0426,PAYEE_A0426,0,0.00012879558,False,
T010549,A0492,2026-02-19 22:29:00,176.26,D_A0492,PAYEE_A0492,0,0.00012837013,False,
T006322,A0320,2026-01-31 09:36:00,27.91,D_FAM_4,,0,0.00012811784,False,
T004077,A0035,2026-01-20 09:37:00,245.64,D_FAM_9,,0,0.00012782023,False,
T004871,A0258,2026-01-24 09:51:00,188.55,D_A0258,,0,0.00012750056,False,
T002759,A0476,2026-01-14 09:42:00,129.16,D_A0476,PAYEE_A0476,0,0.00012749704,False,
T008626,A0327,2026-02-10 16:30:00,108.1,D_A0327,PAYEE_A0327,0,0.00012746653,False,
T006765,A0414,2026-02-02 09:08:00,229.89,D_A0414,,0,0.00012740298,False,
T006963,A0304,2026-02-03 07:03:00,119.87,D_A0304,,0,0.0001271075,False,
T005077,A0392,2026-01-25 10:53:00,274.53,D_A0392,,0,0.00012677645,False,
T000203,A0376,2026-01-02 07:37:00,192.3,D_A0376,,0,0.00012673825,False,
T000619,A0298,2026-01-04 07:04:00,226.64,D_A0298,,0,0.00012652414,False,
T002096,A0243,2026-01-11 08:14:00,423.16,D_A0243,,0,0.000126463,False,
T008494,A0473,2026-02-10 09:27:00,25.71,D_A0473,PAYEE_A0473,0,0.0001262867,False,
T008532,A0113,2026-02-10 11:41:00,85.86,D_FAM_3,,0,0.00012622855,False,
T008410,A0319,2026-02-09 16:24:00,228.24,D_A0319,PAYEE_A0319,0,0.00012591346,False,
T001882,A0278,2026-01-09 22:21:00,228.13,D_A0278,PAYEE_A0278,0,0.00012591346,False,
T005583,A0278,2026-01-27 14:21:00,148.34,D_A0278,PAYEE_A0278,0,0.00012575364,False,
T001287,A0184,2026-01-07 09:17:00,186.9,D_A0184,,0,0.00012532125,False,
T008728,A0105,2026-02-11 11:03:00,14.27,D_OFF_2,,0,0.0001252822,False,
T000491,A0296,2026-01-03 12:59:00,111.65,D_A0296,PAYEE_A0296,0,0.0001251431,False,
T004316,A0460,2026-01-21 13:42:00,107.83,D_A0460,PAYEE_A0460,0,0.00012499951,False,
T004904,A0044,2026-01-24 11:59:00,86.5,D_A0044,,0,0.00012487905,False,
T002125,A0369,2026-01-11 10:37:00,462.19,D_A0369,,0,0.00012487787,False,
T008502,A0017,2026-02-10 10:16:00,171.34,D_A0017,,0,0.00012421636,False,
T005282,A0069,2026-01-26 10:32:00,35.87,D_A0069,,0,0.00012409595,False,
T010385,A0395,2026-02-19 10:43:00,21.41,D_A0395,,0,0.00012409595,False,
T004511,A0267,2026-01-22 13:12:00,19.86,D_OFF_1,,0,0.00012408922,False,
T003609,A0267,2026-01-17 18:12:00,23.37,D_OFF_1,,0,0.00012408922,False,
T010180,A0469,2026-02-18 08:46:00,241.15,D_A0469,,0,0.00012371941,False,
T009208,A0110,2026-02-13 15:01:00,121.82,D_FAM_11,PAYEE_A0110,0,0.00012367989,False,
T007336,A0261,2026-02-04 17:45:00,95.92,D_A0261,,0,0.00012362105,False,
T008513,A0007,2026-02-10 10:44:00,21.97,D_A0007,,0,0.00012342929,False,
T007739,A0257,2026-02-06 15:04:00,119.2,D_A0257,PAYEE_A0257,0,0.00012292259,False,
T005716,A0004,2026-01-28 09:37:00,16.38,D_A0004,,0,0.00012267189,False,
T010557,A0483,2026-02-20 07:13:00,70.38,D_A0483,PAYEE_A0483,0,0.00012247331,False,
T007211,A0496,2026-02-04 09:36:00,215.24,D_A0496,,0,0.00012240396,False,
T001693,A0081,2026-01-09 07:44:00,126.47,D_A0081,,0,0.00012211275,False,
T000620,A0032,2026-01-04 07:05:00,68.19,D_A0032,PAYEE_A0032,0,0.00012210681,False,
T004059,A0205,2026-01-20 08:04:00,136.97,D_A0205,,0,0.000121930294,False,
T006472,A0117,2026-01-31 18:07:00,134.92,D_A0117,PAYEE_A0117,0,0.000121187535,False,
T003377,A0440,2026-01-16 19:14:00,119.92,D_OFF_2,,0,0.00012112549,False,
T012369,A0455,2026-03-01 07:49:00,241.85,D_A0455,,0,0.00012087016,False,
T009108,A0432,2026-02-13 09:40:00,56.12,D_FAM_14,PAYEE_A0432,0,0.00012086912,False,
T001688,A0447,2026-01-09 07:22:00,156.57,D_A0447,,0,0.00012061318,False,
T000516,A0110,2026-01-03 14:40:00,118.25,D_FAM_11,PAYEE_A0110,0,0.00012037787,False,
T007412,A0307,2026-02-05 10:48:00,300.07,D_A0307,,0,0.00012024328,False,
T002978,A0324,2026-01-15 09:35:00,213.3,D_A0324,,0,0.00011969156,False,
T003344,A0105,2026-01-16 17:15:00,58.06,D_OFF_2,,0,0.00011911146,False,
T005070,A0118,2026-01-25 10:19:00,244.11,D_A0118,,0,0.00011858346,False,
T001267,A0217,2026-01-07 07:29:00,218.78,D_A0217,,0,0.000118400094,False,
T011231,A0197,2026-02-23 10:22:00,81.24,D_A0197,PAYEE_A0197,0,0.00011817281,False,
T005854,A0119,2026-01-28 19:06:00,203.66,D_A0119,PAYEE_A0119,0,0.000118030905,False,
T010810,A0444,2026-02-21 09:29:00,269.39,D_A0444,,0,0.00011786952,False,
T012123,A0321,2026-02-27 20:35:00,598.02,D_A0321,,0,0.00011762979,False,
T005577,A0420,2026-01-27 14:10:00,77.96,D_OFF_0,,0,0.000117558135,False,
T006324,A0096,2026-01-31 09:41:00,206.04,D_A0096,,0,0.00011753314,False,
T009274,A0167,2026-02-13 19:56:00,172.39,D_A0167,PAYEE_A0167,0,0.00011752037,False,
T003207,A0031,2026-01-16 10:02:00,94.78,D_A0031,,0,0.00011738809,False,
T005694,A0263,2026-01-28 07:32:00,498.01,D_A0263,,0,0.00011708135,False,
T007687,A0129,2026-02-06 12:57:00,38.8,D_OFF_2,,0,0.00011705221,False,
T008408,A0129,2026-02-09 16:19:00,31.72,D_OFF_2,,0,0.000116917894,False,
T001656,A0129,2026-01-08 17:53:00,35.74,D_OFF_2,,0,0.000116917894,False,
T011151,A0129,2026-02-22 16:00:00,38.74,D_OFF_2,,0,0.000116917894,False,
T012057,A0129,2026-02-27 14:26:00,34.15,D_OFF_2,,0,0.000116917894,False,
T003244,A0233,2026-01-16 12:16:00,155.3,D_A0233,,0,0.00011664529,False,
T001500,A0405,2026-01-08 09:31:00,59.28,D_A0405,PAYEE_A0405,0,0.00011653278,False,
T009331,A0213,2026-02-14 09:55:00,351.66,D_A0213,,0,0.00011648434,False,
T008251,A0129,2026-02-08 22:39:00,38.48,D_OFF_2,,0,0.00011647201,False,
T007954,A0312,2026-02-07 15:37:00,195.87,D_A0312,PAYEE_A0312,0,0.0001161826,False,
T002760,A0123,2026-01-14 09:43:00,264.62,D_A0123,,0,0.0001161331,False,
T000751,A0071,2026-01-04 14:51:00,148.49,D_A0071,PAYEE_A0071,0,0.00011612247,False,
T001356,A0071,2026-01-07 12:58:00,22.07,D_A0071,,0,0.000116043986,False,
T005488,A0037,2026-01-27 08:53:00,372.35,D_A0037,,0,0.00011595605,False,
T011926,A0339,2026-02-26 16:40:00,122.31,D_A0339,PAYEE_A0339,0,0.00011574582,False,
T002803,A0096,2026-01-14 12:32:00,114.98,D_A0096,PAYEE_A0096,0,0.00011555868,False,
T001055,A0194,2026-01-06 07:22:00,250.87,D_FAM_2,,0,0.00011554831,False,
T001302,A0344,2026-01-07 10:24:00,61.72,D_A0344,,0,0.00011554457,False,
T005119,A0200,2026-01-25 12:56:00,174.38,D_A0200,PAYEE_A0200,0,0.000115437186,False,
T000729,A0267,2026-01-04 13:41:00,15.17,D_OFF_1,,0,0.0001152999,False,
T002697,A0049,2026-01-13 17:59:00,29.72,D_FAM_8,,0,0.00011521659,False,
T006892,A0042,2026-02-02 16:11:00,113.4,D_A0042,PAYEE_A0042,0,0.00011517321,False,
T011825,A0340,2026-02-26 12:08:00,189.24,D_A0340,PAYEE_A0340,0,0.00011514136,False,
T008493,A0384,2026-02-10 09:24:00,163.13,D_A0384,,0,0.00011493392,False,
T003652,A0244,2026-01-18 08:11:00,151.6,D_A0244,,0,0.00011473857,False,
T004555,A0329,2026-01-22 15:00:00,173.37,D_A0329,,0,0.00011430121,False,
T012014,A0392,2026-02-27 11:36:00,122.97,D_A0392,PAYEE_A0392,0,0.00011373911,False,
T003977,A0263,2026-01-19 15:06:00,156.54,D_A0263,PAYEE_A0263,0,0.000113709604,False,
T003365,A0042,2026-01-16 18:24:00,40.35,D_A0042,,0,0.000113268936,False,
T004607,A0160,2026-01-22 17:17:00,77.5,D_OFF_1,,0,0.000113058835,False,
T006328,A0243,2026-01-31 09:49:00,567.93,D_A0243,,0,0.0001129639,False,
T005901,A0337,2026-01-29 09:43:00,327.75,D_A0337,,0,0.0001129639,False,
T010689,A0428,2026-02-20 14:04:00,33.79,D_A0428,,0,0.00011289208,False,
T006202,A0256,2026-01-30 14:42:00,31.8,D_A0256,,0,0.00011289208,False,
T006624,A0368,2026-02-01 14:26:00,21.36,D_A0368,,0,0.00011289208,False,
T011459,A0467,2026-02-24 12:37:00,12.41,D_OFF_1,,0,0.00011287442,False,
T009365,A0129,2026-02-14 12:28:00,15.56,D_OFF_2,,0,0.00011287442,False,
T008961,A0043,2026-02-12 12:32:00,12.26,D_OFF_1,,0,0.00011287442,False,
T010094,A0267,2026-02-17 16:49:00,8.43,D_OFF_1,,0,0.0001127449,False,
T005831,A0467,2026-01-28 16:52:00,8.69,D_OFF_1,,0,0.0001127449,False,
T012510,A0129,2026-03-01 17:04:00,22.97,D_OFF_2,,0,0.0001127449,False,
T011949,A0267,2026-02-26 18:43:00,10.97,D_OFF_1,,0,0.0001127449,False,
T011847,A0467,2026-02-26 13:14:00,6.99,D_OFF_1,,0,0.0001127449,False,
T000383,A0043,2026-01-02 18:52:00,14.49,D_OFF_1,,0,0.0001127449,False,
T001131,A0043,2026-01-06 13:11:00,15.98,D_OFF_1,,0,0.0001127449,False,
T002459,A0129,2026-01-12 15:54:00,15.37,D_OFF_2,,0,0.0001127449,False,
T002047,A0467,2026-01-10 17:50:00,9.83,D_OFF_1,,0,0.0001127449,False,
T009416,A0467,2026-02-14 14:42:00,14.29,D_OFF_1,,0,0.0001127449,False,
T001384,A0129,2026-01-07 14:05:00,31.39,D_OFF_2,,0,0.0001127449,False,
T006841,A0267,2026-02-02 13:41:00,15.27,D_OFF_1,,0,0.0001127449,False,
T002817,A0267,2026-01-14 13:07:00,20.25,D_OFF_1,,0,0.0001127449,False,
T005793,A0267,2026-01-28 15:00:00,20.93,D_OFF_1,,0,0.0001127449,False,
T000604,A0043,2026-01-03 19:43:00,14.11,D_OFF_1,,0,0.0001127449,False,
T010343,A0467,2026-02-18 20:55:00,12.95,D_OFF_1,,0,0.0001127449,False,
T005146,A0467,2026-01-25 14:36:00,27.31,D_OFF_1,,0,0.0001127449,False,
T008762,A0467,2026-02-11 13:01:00,12.84,D_OFF_1,,0,0.0001127449,False,
T005176,A0348,2026-01-25 16:30:00,147.72,D_A0348,PAYEE_A0348,0,0.000112560236,False,
T010339,A0167,2026-02-18 20:09:00,167.1,D_A0167,PAYEE_A0167,0,0.00011242336,False,
T000394,A0086,2026-01-02 20:26:00,161.26,D_A0086,PAYEE_A0086,0,0.00011242336,False,
T004074,A0089,2026-01-20 09:29:00,221.73,D_A0089,,0,0.00011217173,False,
T003421,A0486,2026-01-17 07:59:00,160.1,D_A0486,,0,0.00011210724,False,
T009711,A0112,2026-02-16 07:03:00,247.36,D_A0112,,0,0.00011187294,False,
T006987,A0180,2026-02-03 09:25:00,160.2,D_A0180,,0,0.00011168428,False,
T009743,A0211,2026-02-16 10:08:00,220.13,D_A0211,,0,0.000111603375,False,
T009001,A0070,2026-02-12 14:48:00,116.98,D_A0070,PAYEE_A0070,0,0.000111306115,False,
T005880,A0135,2026-01-29 07:20:00,334.14,D_A0135,,0,0.0001113059,False,
T011776,A0235,2026-02-26 07:03:00,84.19,D_A0235,PAYEE_A0235,0,0.000111015885,False,
T002110,A0451,2026-01-11 09:19:00,23.71,D_FAM_12,,0,0.00011096317,False,
T011711,A0121,2026-02-25 15:38:00,44.83,D_A0121,,0,0.00011031897,False,
T012306,A0281,2026-02-28 16:26:00,55.79,D_A0281,,0,0.00011031897,False,
T003107,A0262,2026-01-15 16:31:00,25.64,D_A0262,,0,0.00011031897,False,
T008034,A0255,2026-02-08 07:04:00,205.59,D_A0255,,0,0.00011020825,False,
T012387,A0137,2026-03-01 10:05:00,226.88,D_FAM_13,,0,0.00010999922,False,
T009356,A0245,2026-02-14 11:55:00,80.19,D_A0245,,0,0.0001097351,False,
T011075,A0105,2026-02-22 12:49:00,58.55,D_OFF_2,,0,0.000109724846,False,
T006560,A0225,2026-02-01 10:59:00,25.77,D_A0225,,0,0.00010971752,False,
T005857,A0160,2026-01-28 19:47:00,58.79,D_OFF_1,,0,0.00010944094,False,
T007729,A0160,2026-02-06 14:42:00,79.42,D_OFF_1,,0,0.00010944094,False,
T008879,A0236,2026-02-12 07:42:00,199.3,D_A0236,,0,0.00010943593,False,
T008742,A0294,2026-02-11 11:55:00,70.48,D_A0294,,0,0.0001094304,False,
T000025,A0117,2026-01-01 10:01:00,31.29,D_A0117,,0,0.000109412875,False,
T006988,A0449,2026-02-03 09:26:00,290.07,D_FAM_0,,0,0.00010922387,False,
T005201,A0084,2026-01-25 17:45:00,43.79,D_A0084,,0,0.000109130495,False,
T011992,A0351,2026-02-27 09:15:00,376.91,D_A0351,,0,0.00010884572,False,
T010789,A0479,2026-02-21 07:23:00,201.59,D_A0479,,0,0.000108585205,False,
T006539,A0457,2026-02-01 09:24:00,174.46,D_A0457,,0,0.00010812068,False,
T008869,A0018,2026-02-12 07:08:00,342.97,D_A0018,,0,0.00010804409,False,
T006967,A0263,2026-02-03 07:27:00,364.03,D_A0263,,0,0.00010804409,False,
T004675,A0260,2026-01-23 08:20:00,329.95,D_A0260,,0,0.00010794297,False,
T009646,A0420,2026-02-15 16:25:00,68.23,D_OFF_0,,0,0.0001076532,False,
T006710,A0420,2026-02-01 19:42:00,75.24,D_OFF_0,,0,0.0001076532,False,
T012447,A0420,2026-03-01 13:43:00,50.5,D_OFF_0,,0,0.0001076532,False,
T010406,A0380,2026-02-19 11:54:00,415.27,D_A0380,,0,0.00010752967,False,
T004270,A0464,2026-01-21 10:56:00,148.9,D_A0464,,0,0.00010742811,False,
T007194,A0268,2026-02-04 07:16:00,191.11,D_A0268,,0,0.000107351,False,
T003424,A0422,2026-01-17 08:02:00,199.9,D_A0422,,0,0.00010718274,False,
T011782,A0180,2026-02-26 07:18:00,194.31,D_A0180,,0,0.000106884814,False,
T007197,A0383,2026-02-04 07:23:00,150.23,D_A0383,,0,0.00010682031,False,
T005876,A0033,2026-01-29 07:14:00,159.67,D_A0033,,0,0.00010682031,False,
T005494,A0035,2026-01-27 09:54:00,225.85,D_FAM_9,,0,0.00010663925,False,
T004323,A0460,2026-01-21 13:57:00,194.76,D_A0460,,0,0.00010655163,False,
T008665,A0200,2026-02-10 21:45:00,160.85,D_A0200,PAYEE_A0200,0,0.000106455154,False,
T005058,A0293,2026-01-25 08:57:00,167.54,D_A0293,,0,0.00010634335,False,
T009089,A0277,2026-02-13 07:25:00,216.79,D_A0277,,0,0.00010626985,False,
T005973,A0093,2026-01-29 13:45:00,153.06,D_A0093,PAYEE_A0093,0,0.00010614285,False,
T001959,A0105,2026-01-10 13:00:00,64.75,D_OFF_2,,0,0.00010609175,False,
T000432,A0449,2026-01-03 09:12:00,197.37,D_FAM_0,,0,0.0001058357,False,
T007226,A0277,2026-02-04 10:50:00,165.94,D_A0277,,0,0.0001058245,False,
T006989,A0337,2026-02-03 09:27:00,324.83,D_A0337,,0,0.0001057557,False,
T004688,A0477,2026-01-23 09:37:00,207.66,D_A0477,,0,0.00010506496,False,
T004279,A0389,2026-01-21 11:51:00,124.34,D_A0389,PAYEE_A0389,0,0.00010491268,False,
T007348,A0122,2026-02-04 18:31:00,139.38,D_A0122,PAYEE_A0122,0,0.000104826686,False,
T009969,A0207,2026-02-17 10:43:00,311.01,D_A0207,,0,0.00010475833,False,
T002959,A0343,2026-01-15 08:08:00,26.2,D_A0343,PAYEE_A0343,0,0.00010451567,False,
T008056,A0417,2026-02-08 08:55:00,523.92,D_A0417,,0,0.000104168226,False,
T007896,A0105,2026-02-07 12:30:00,29.77,D_OFF_2,,0,0.00010386005,False,
T011455,A0440,2026-02-24 12:20:00,22.57,D_OFF_2,,0,0.00010386005,False,
T000238,A0244,2026-01-02 10:29:00,56.19,D_A0244,,0,0.00010385074,False,
T004817,A0035,2026-01-23 19:31:00,144.79,D_FAM_9,,0,0.00010382391,False,
T007869,A0116,2026-02-07 11:04:00,173.42,D_A0116,,0,0.00010374909,False,
T009813,A0105,2026-02-16 13:46:00,18.41,D_OFF_2,,0,0.00010374088,False,
T006843,A0057,2026-02-02 13:45:00,30.52,D_OFF_0,,0,0.00010374088,False,
T006879,A0105,2026-02-02 15:42:00,46.69,D_OFF_2,,0,0.00010374088,False,
T011858,A0105,2026-02-26 13:37:00,21.16,D_OFF_2,,0,0.00010374088,False,
T011932,A0105,2026-02-26 17:08:00,19.22,D_OFF_2,,0,0.00010374088,False,
T008995,A0105,2026-02-12 14:36:00,9.48,D_OFF_2,,0,0.00010374088,False,
T008291,A0401,2026-02-09 10:07:00,146.53,D_A0401,PAYEE_A0401,0,0.00010331195,False,
T001744,A0137,2026-01-09 12:36:00,329.95,D_FAM_13,,0,0.00010318799,False,
T009302,A0181,2026-02-14 07:36:00,192.08,D_A0181,,0,0.0001030745,False,
T007486,A0137,2026-02-05 14:35:00,378.91,D_FAM_13,,0,0.00010306958,False,
T000367,A0129,2026-01-02 17:18:00,16.82,D_OFF_2,,0,0.00010306782,False,
T000109,A0267,2026-01-01 14:21:00,13.15,D_OFF_1,,0,0.00010306782,False,
T000104,A0043,2026-01-01 14:02:00,23.6,D_OFF_1,,0,0.00010306782,False,
T011536,A0455,2026-02-24 17:15:00,102.76,D_A0455,,0,0.000103031845,False,
T007933,A0253,2026-02-07 14:51:00,81.26,D_A0253,PAYEE_A0253,0,0.000102929625,False,
T012140,A0228,2026-02-28 07:21:00,171.23,D_A0228,,0,0.0001027531,False,
T001264,A0189,2026-01-07 07:21:00,180.85,D_A0189,,0,0.00010272792,False,
T005701,A0468,2026-01-28 08:38:00,280.83,D_A0468,,0,0.000102585975,False,
T002349,A0185,2026-01-12 10:28:00,476.47,D_A0185,,0,0.0001024542,False,
T001259,A0434,2026-01-07 07:04:00,135.68,D_A0434,,0,0.000102404294,False,
T009100,A0347,2026-02-13 08:34:00,109.28,D_A0347,PAYEE_A0347,0,0.00010235723,False,
T011545,A0087,2026-02-24 17:33:00,444.96,D_A0087,PAYEE_A0087,0,0.00010228229,False,
T003614,A0087,2026-01-17 18:46:00,493.3,D_A0087,PAYEE_A0087,0,0.00010228229,False,
T011612,A0051,2026-02-25 10:05:00,350.07,D_A0051,,0,0.000102150414,False,
T006774,A0363,2026-02-02 09:39:00,190.23,D_A0363,,0,0.00010196571,False,
T002338,A0496,2026-01-12 09:34:00,174.2,D_A0496,,0,0.000101800935,False,
T003441,A0354,2026-01-17 09:33:00,64.84,D_A0354,PAYEE_A0354,0,0.00010173368,False,
T001889,R000,2026-01-10 07:21:00,190.07,D_R000,,0,0.00010168189,False,
T008341,A0113,2026-02-09 12:58:00,103.45,D_FAM_3,PAYEE_A0113,0,0.00010164204,False,
T005493,A0169,2026-01-27 09:51:00,38.91,D_A0169,PAYEE_A0169,0,0.00010154507,False,
T004842,A0282,2026-01-24 07:12:00,200.87,D_A0282,,0,0.00010150905,False,
T006849,A0440,2026-02-02 14:04:00,43.0,D_OFF_2,,0,0.00010143165,False,
T004998,A0440,2026-01-24 17:30:00,44.57,D_OFF_2,,0,0.00010143165,False,
T009504,A0440,2026-02-14 23:46:00,62.91,D_OFF_2,,0,0.00010143165,False,
T001803,A0440,2026-01-09 15:26:00,41.15,D_OFF_2,,0,0.00010143165,False,
T006743,A0169,2026-02-02 07:33:00,116.62,D_A0169,,0,0.000101356425,False,
T003389,A0051,2026-01-16 20:41:00,77.69,D_A0051,,0,0.000101017366,False,
T010181,A0056,2026-02-18 08:48:00,143.68,D_A0056,,0,0.000100987505,False,
T007932,A0075,2026-02-07 14:42:00,130.06,D_A0075,,0,0.000100937345,False,
T007862,A0476,2026-02-07 10:26:00,500.39,D_A0476,,0,0.000100649384,False,
T006282,A0028,2026-01-31 07:03:00,117.97,D_A0028,,0,0.00010056852,False,
T005970,A0104,2026-01-29 13:32:00,212.61,D_A0104,,0,9.99207e-05,False,
T011611,A0321,2026-02-25 09:59:00,150.27,D_A0321,,0,9.982241e-05,False,
T006757,A0377,2026-02-02 08:47:00,122.21,D_A0377,,0,9.9805286e-05,False,
T005043,A0162,2026-01-25 07:29:00,169.65,D_A0162,,0,9.974192e-05,False,
T008286,A0150,2026-02-09 09:53:00,57.96,D_A0150,PAYEE_A0150,0,9.9703306e-05,False,
T002540,A0334,2026-01-13 08:11:00,388.48,D_A0334,,0,9.967384e-05,False,
T011504,A0465,2026-02-24 14:46:00,285.34,D_A0465,,0,9.9408724e-05,False,
T008109,A0222,2026-02-08 12:33:00,69.14,D_A0222,,0,9.922811e-05,False,
T002770,A0191,2026-01-14 10:33:00,26.65,D_A0191,PAYEE_A0191,0,9.9150086e-05,False,
T010686,A0314,2026-02-20 14:00:00,92.07,D_FAM_10,,0,9.913317e-05,False,
T012230,A0426,2026-02-28 13:18:00,88.38,D_A0426,,0,9.881953e-05,False,
T009881,A0109,2026-02-16 17:11:00,28.85,D_FAM_13,,0,9.881171e-05,False,
T006766,A0383,2026-02-02 09:13:00,200.6,D_A0383,,0,9.8766024e-05,False,
T010595,A0343,2026-02-20 10:14:00,48.87,D_A0343,PAYEE_A0343,0,9.8574266e-05,False,
T011871,A0334,2026-02-26 14:18:00,296.65,D_A0334,PAYEE_A0334,0,9.848623e-05,False,
T010365,A0388,2026-02-19 08:37:00,27.61,D_A0388,,0,9.848538e-05,False,
T007534,A0440,2026-02-05 17:02:00,102.65,D_OFF_2,,0,9.835774e-05,False,
T003869,A0174,2026-01-19 08:42:00,135.9,D_A0174,,0,9.8223994e-05,False,
T008729,A0342,2026-02-11 11:08:00,245.78,D_A0342,,0,9.817418e-05,False,
T006085,A0496,2026-01-30 07:05:00,185.94,D_A0496,,0,9.812252e-05,False,
T010212,A0206,2026-02-18 11:14:00,99.47,D_A0206,,0,9.810689e-05,False,
T007974,A0137,2026-02-07 16:58:00,353.02,D_FAM_13,,0,9.805348e-05,False,
T004885,A0281,2026-01-24 10:51:00,206.13,D_A0281,,0,9.8005905e-05,False,
T008976,A0440,2026-02-12 13:31:00,20.14,D_OFF_2,,0,9.781153e-05,False,
T006377,A0420,2026-01-31 13:13:00,90.49,D_OFF_0,,0,9.781153e-05,False,
T008757,A0297,2026-02-11 12:49:00,77.55,D_A0297,,0,9.771168e-05,False,
T008923,A0349,2026-02-12 11:22:00,72.93,D_A0349,,0,9.767385e-05,False,
T007602,A0480,2026-02-06 07:18:00,241.32,D_FAM_6,,0,9.766808e-05,False,
T010816,A0469,2026-02-21 09:52:00,218.75,D_A0469,,0,9.7471675e-05,False,
T000150,A0160,2026-01-01 16:43:00,90.7,D_OFF_1,,0,9.738165e-05,False,
T003025,A0006,2026-01-15 12:06:00,398.47,D_FAM_7,,0,9.73602e-05,False,
T005832,A0130,2026-01-28 16:57:00,77.44,D_A0130,,0,9.707013e-05,False,
T001762,A0084,2026-01-09 13:19:00,44.82,D_A0084,PAYEE_A0084,0,9.697937e-05,False,
T000520,A0139,2026-01-03 14:56:00,51.75,D_FAM_7,,0,9.659422e-05,False,
T000421,A0414,2026-01-03 08:07:00,176.87,D_A0414,,0,9.6329124e-05,False,
T002090,A0480,2026-01-11 07:41:00,233.92,D_FAM_6,,0,9.6325726e-05,False,
T008808,A0410,2026-02-11 15:38:00,119.83,D_A0410,PAYEE_A0410,0,9.622401e-05,False,
T004689,A0301,2026-01-23 09:38:00,165.25,D_A0301,,0,9.611763e-05,False,
T000513,A0403,2026-01-03 14:34:00,46.09,D_A0403,PAYEE_A0403,0,9.590138e-05,False,
T000977,A0187,2026-01-05 15:43:00,27.13,D_A0187,PAYEE_A0187,0,9.590138e-05,False,
T008905,A0201,2026-02-12 10:24:00,161.37,D_A0201,,0,9.5775176e-05,False,
T010564,A0185,2026-02-20 07:53:00,227.7,D_A0185,,0,9.5567346e-05,False,
T002044,A0339,2026-01-10 17:20:00,132.17,D_A0339,PAYEE_A0339,0,9.55433e-05,False,
T005696,A0405,2026-01-28 07:42:00,139.0,D_A0405,,0,9.552589e-05,False,
T000827,A0480,2026-01-04 20:37:00,589.37,D_FAM_6,,0,9.543839e-05,False,
T011967,A0299,2026-02-27 07:20:00,170.49,D_A0299,,0,9.541246e-05,False,
T010364,A0464,2026-02-19 08:33:00,118.39,D_A0464,,0,9.5282354e-05,False,
T009725,A0473,2026-02-16 08:08:00,121.27,D_A0473,,0,9.5282354e-05,False,
T000141,A0228,2026-01-01 16:07:00,75.84,D_A0228,,0,9.517928e-05,False,
T005983,A0487,2026-01-29 14:23:00,82.6,D_A0487,,0,9.517928e-05,False,
T002864,A0148,2026-01-14 14:45:00,82.37,D_A0148,,0,9.517928e-05,False,
T003459,A0334,2026-01-17 10:40:00,310.6,D_A0334,,0,9.513736e-05,False,
T005510,A0193,2026-01-27 10:51:00,676.26,D_A0193,,0,9.500672e-05,False,
T005684,A0440,2026-01-27 22:54:00,99.36,D_OFF_2,,0,9.4945135e-05,False,
T010682,A0027,2026-02-20 13:53:00,98.78,D_A0027,,0,9.491915e-05,False,
T004788,A0227,2026-01-23 16:26:00,69.0,D_A0227,,0,9.491915e-05,False,
T004951,A0324,2026-01-24 14:28:00,58.4,D_A0324,,0,9.491915e-05,False,
T001395,A0105,2026-01-07 14:34:00,14.74,D_OFF_2,,0,9.483646e-05,False,
T011220,A0151,2026-02-23 09:20:00,146.54,D_A0151,,0,9.479496e-05,False,
T010168,A0189,2026-02-18 07:57:00,174.29,D_A0189,,0,9.478746e-05,False,
T007941,A0253,2026-02-07 15:09:00,23.76,D_A0253,,0,9.44673e-05,False,
T004934,A0470,2026-01-24 13:32:00,26.61,D_A0470,,0,9.44673e-05,False,
T003911,A0157,2026-01-19 12:03:00,387.77,D_A0157,,0,9.443731e-05,False,
T009330,A0346,2026-02-14 09:54:00,202.99,D_A0346,,0,9.439715e-05,False,
T006595,A0250,2026-02-01 13:08:00,493.94,D_A0250,,0,9.432894e-05,False,
T006192,A0410,2026-01-30 14:23:00,284.54,D_A0410,,0,9.432894e-05,False,
T006920,A0089,2026-02-02 18:30:00,520.94,D_A0089,,0,9.432894e-05,False,
T004309,A0367,2026-01-21 13:20:00,351.86,D_A0367,,0,9.432894e-05,False,
T008988,A0050,2026-02-12 14:15:00,357.12,D_A0050,,0,9.432894e-05,False,
T012503,A0496,2026-03-01 16:41:00,678.43,D_A0496,,0,9.432894e-05,False,
T004595,A0487,2026-01-22 16:43:00,537.99,D_A0487,,0,9.432894e-05,False,
T005860,A0121,2026-01-28 20:10:00,307.77,D_A0121,,0,9.432894e-05,False,
T002696,A0487,2026-01-13 17:54:00,359.4,D_A0487,,0,9.432894e-05,False,
T010117,A0399,2026-02-17 18:21:00,356.89,D_A0399,,0,9.432894e-05,False,
T008392,A0296,2026-02-09 15:32:00,480.45,D_A0296,,0,9.432894e-05,False,
T001847,A0376,2026-01-09 17:51:00,953.67,D_A0376,,0,9.432894e-05,False,
T009225,A0089,2026-02-13 16:07:00,664.64,D_A0089,,0,9.432894e-05,False,
T005128,A0157,2026-01-25 13:35:00,433.6,D_A0157,,0,9.432894e-05,False,
T002492,A0157,2026-01-12 17:32:00,333.34,D_A0157,,0,9.432894e-05,False,
T008143,A0399,2026-02-08 14:18:00,358.8,D_A0399,,0,9.432894e-05,False,
T011439,A0286,2026-02-24 11:28:00,233.88,D_FAM_10,,0,9.42802e-05,False,
T004265,A0135,2026-01-21 10:38:00,654.83,D_A0135,,0,9.403078e-05,False,
T003478,A0286,2026-01-17 11:51:00,225.47,D_FAM_10,,0,9.402343e-05,False,
T003193,A0457,2026-01-16 09:00:00,158.89,D_A0457,,0,9.398766e-05,False,
T002636,A0441,2026-01-13 14:03:00,77.06,D_A0441,PAYEE_A0441,0,9.389656e-05,False,
T009898,A0134,2026-02-16 18:40:00,139.3,D_A0134,PAYEE_A0134,0,9.369674e-05,False,
T011861,A0200,2026-02-26 13:42:00,142.31,D_A0200,PAYEE_A0200,0,9.369674e-05,False,
T011418,A0329,2026-02-24 10:17:00,83.89,D_A0329,PAYEE_A0329,0,9.355969e-05,False,
T004054,A0300,2026-01-20 07:53:00,72.3,D_FAM_12,PAYEE_A0300,0,9.3364426e-05,False,
T003934,A0438,2026-01-19 13:11:00,461.11,D_A0438,,0,9.306949e-05,False,
T001312,A0316,2026-01-07 10:55:00,285.85,D_FAM_14,,0,9.2922186e-05,False,
T007219,A0414,2026-02-04 10:19:00,213.64,D_A0414,,0,9.2849914e-05,False,
T006777,A0141,2026-02-02 09:59:00,199.88,D_FAM_2,,0,9.255439e-05,False,
T008162,A0440,2026-02-08 15:10:00,98.34,D_OFF_2,,0,9.2415314e-05,False,
T000630,A0207,2026-01-04 07:36:00,127.45,D_A0207,,0,9.2149814e-05,False,
T003721,A0441,2026-01-18 13:02:00,85.01,D_A0441,,0,9.210704e-05,False,
T003558,A0458,2026-01-17 15:54:00,258.8,D_FAM_9,,0,9.201512e-05,False,
T003403,A0299,2026-01-17 07:07:00,161.62,D_A0299,,0,9.198933e-05,False,
T003853,A0193,2026-01-19 07:35:00,223.99,D_A0193,,0,9.197985e-05,False,
T006336,A0119,2026-01-31 10:18:00,286.2,D_A0119,,0,9.191795e-05,False,
T012450,A0461,2026-03-01 14:08:00,147.79,D_FAM_0,PAYEE_A0461,0,9.191488e-05,False,
T000229,A0090,2026-01-02 10:13:00,54.24,D_A0090,PAYEE_A0090,0,9.186923e-05,False,
T007886,A0084,2026-02-07 12:00:00,48.6,D_A0084,PAYEE_A0084,0,9.164759e-05,False,
T006373,A0084,2026-01-31 13:00:00,54.97,D_A0084,PAYEE_A0084,0,9.154244e-05,False,
T003986,A0067,2026-01-19 15:25:00,53.08,D_A0067,PAYEE_A0067,0,9.154244e-05,False,
T002810,A0143,2026-01-14 12:47:00,444.87,D_A0143,,0,9.148641e-05,False,
T008246,A0359,2026-02-08 20:56:00,99.32,D_A0359,PAYEE_A0359,0,9.145771e-05,False,
T010099,A0384,2026-02-17 16:57:00,467.1,D_A0384,,0,9.138143e-05,False,
T001152,A0350,2026-01-06 14:22:00,625.77,D_A0350,,0,9.138143e-05,False,
T006608,A0355,2026-02-01 13:36:00,460.3,D_A0355,,0,9.138143e-05,False,
T010533,A0206,2026-02-19 18:44:00,1235.91,D_A0206,,0,9.138143e-05,False,
T002038,A0093,2026-01-10 17:04:00,720.76,D_A0093,,0,9.138143e-05,False,
T010195,A0206,2026-02-18 10:17:00,363.63,D_A0206,,0,9.134179e-05,False,
T000673,A0228,2026-01-04 11:18:00,43.36,D_A0228,,0,9.1215494e-05,False,
T009118,A0422,2026-02-13 10:48:00,255.41,D_A0422,,0,9.11781e-05,False,
T004066,A0003,2026-01-20 08:47:00,159.17,D_A0003,,0,9.112255e-05,False,
T008477,A0225,2026-02-10 07:25:00,105.49,D_A0225,,0,9.100437e-05,False,
T008529,A0184,2026-02-10 11:29:00,385.9,D_A0184,,0,9.096125e-05,False,
T005477,A0188,2026-01-27 07:49:00,168.91,D_A0188,,0,9.076898e-05,False,
T011583,A0375,2026-02-25 07:37:00,182.73,D_A0375,,0,9.075028e-05,False,
T011429,A0449,2026-02-24 10:51:00,332.5,D_FAM_0,,0,9.0595946e-05,False,
T001899,A0061,2026-01-10 08:43:00,203.65,D_A0061,,0,9.0562346e-05,False,
T011392,A0255,2026-02-24 08:06:00,228.86,D_A0255,,0,9.054413e-05,False,
T005050,A0496,2026-01-25 07:53:00,153.36,D_A0496,,0,9.054257e-05,False,
T006287,A0369,2026-01-31 07:13:00,156.5,D_A0369,,0,9.054257e-05,False,
T011005,A0298,2026-02-22 07:59:00,354.16,D_A0298,,0,9.044127e-05,False,
T011289,A0050,2026-02-23 13:11:00,78.14,D_A0050,,0,9.031681e-05,False,
T007865,A0385,2026-02-07 10:39:00,154.01,D_A0385,,0,9.023658e-05,False,
T000206,A0391,2026-01-02 07:53:00,131.45,D_A0391,,0,9.018385e-05,False,
T009528,A0473,2026-02-15 09:04:00,117.81,D_A0473,,0,9.014035e-05,False,
T001566,A0464,2026-01-08 13:01:00,244.76,D_A0464,,0,9.005417e-05,False,
T007061,A0304,2026-02-03 13:54:00,249.72,D_A0304,,0,9.005417e-05,False,
T009553,A0342,2026-02-15 11:11:00,225.98,D_A0342,,0,9.002661e-05,False,
T002193,R006,2026-01-11 13:44:00,119.85,D_R006,,0,8.994544e-05,False,
T005108,A0206,2026-01-25 12:33:00,831.8,D_A0206,,0,8.984128e-05,False,
T009277,A0106,2026-02-13 20:19:00,460.67,D_A0106,,0,8.973819e-05,False,
T005236,A0152,2026-01-25 22:13:00,298.83,D_A0152,,0,8.973819e-05,False,
T011335,A0104,2026-02-23 16:21:00,510.16,D_A0104,,0,8.973819e-05,False,
T012107,A0089,2026-02-27 17:54:00,600.21,D_A0089,,0,8.973819e-05,False,
T012314,A0103,2026-02-28 16:40:00,115.0,D_A0103,PAYEE_A0103,0,8.9723646e-05,False,
T012414,A0327,2026-03-01 11:44:00,88.2,D_A0327,PAYEE_A0327,0,8.959207e-05,False,
T000199,A0468,2026-01-02 07:19:00,250.49,D_A0468,,0,8.959028e-05,False,
T008586,A0111,2026-02-10 14:38:00,130.56,D_A0111,PAYEE_A0111,0,8.954731e-05,False,
T007242,A0353,2026-02-04 12:19:00,317.73,D_A0353,,0,8.914288e-05,False,
T001737,A0380,2026-01-09 12:07:00,419.26,D_A0380,,0,8.914288e-05,False,
T010956,A0157,2026-02-21 18:02:00,378.62,D_A0157,,0,8.904058e-05,False,
T010910,A0104,2026-02-21 15:01:00,371.33,D_A0104,,0,8.904058e-05,False,
T005135,A0367,2026-01-25 14:02:00,335.4,D_A0367,,0,8.904058e-05,False,
T004946,A0324,2026-01-24 14:12:00,306.67,D_A0324,,0,8.904058e-05,False,
T012432,A0380,2026-03-01 13:16:00,453.58,D_A0380,,0,8.904058e-05,False,
T008369,A0375,2026-02-09 14:28:00,374.22,D_A0375,,0,8.904058e-05,False,
T010714,A0089,2026-02-20 15:26:00,548.85,D_A0089,,0,8.904058e-05,False,
T001575,A0307,2026-01-08 13:27:00,344.02,D_A0307,,0,8.904058e-05,False,
T003308,A0307,2026-01-16 15:42:00,430.39,D_A0307,,0,8.904058e-05,False,
T011849,A0137,2026-02-26 13:18:00,328.19,D_A0137,,0,8.904058e-05,False,
T004559,A0324,2026-01-22 15:13:00,297.92,D_A0324,,0,8.904058e-05,False,
T011484,A0380,2026-02-24 13:52:00,407.94,D_A0380,,0,8.904058e-05,False,
T007121,A0296,2026-02-03 16:51:00,346.2,D_A0296,,0,8.904058e-05,False,
T001992,A0124,2026-01-10 14:31:00,561.63,D_A0124,,0,8.904058e-05,False,
T009045,A0089,2026-02-12 17:55:00,447.79,D_A0089,,0,8.904058e-05,False,
T005220,A0417,2026-01-25 19:05:00,388.0,D_A0417,,0,8.904058e-05,False,
T004938,A0206,2026-01-24 13:50:00,683.7,D_A0206,,0,8.904058e-05,False,
T001164,A0380,2026-01-06 14:52:00,336.71,D_A0380,,0,8.904058e-05,False,
T004393,A0110,2026-01-21 18:07:00,162.8,D_FAM_11,,0,8.903736e-05,False,
T004754,A0162,2026-01-23 14:28:00,410.69,D_A0162,,0,8.9001456e-05,False,
T004129,A0453,2026-01-20 13:42:00,503.37,D_A0453,,0,8.9001456e-05,False,
T006835,A0263,2026-02-02 13:23:00,1692.04,D_A0263,,0,8.9001456e-05,False,
T000924,A0493,2026-01-05 13:08:00,530.99,D_A0493,,0,8.9001456e-05,False,
T003984,A0280,2026-01-19 15:24:00,475.13,D_A0280,,0,8.9001456e-05,False,
T004686,A0392,2026-01-23 09:16:00,241.67,D_A0392,,0,8.8885594e-05,False,
T010211,A0406,2026-02-18 11:13:00,285.6,D_A0406,,0,8.886568e-05,False,
T010602,A0184,2026-02-20 10:51:00,90.4,D_A0184,PAYEE_A0184,0,8.882442e-05,False,
T003926,A0480,2026-01-19 12:35:00,125.97,D_A0480,,0,8.880079e-05,False,
T011621,A0200,2026-02-25 10:36:00,351.39,D_A0200,,0,8.868984e-05,False,
T000232,A0210,2026-01-02 10:19:00,196.36,D_A0210,,0,8.848524e-05,False,
T006297,A0242,2026-01-31 07:56:00,184.94,D_A0242,,0,8.8389694e-05,False,
T010574,A0445,2026-02-20 08:24:00,169.82,D_A0445,,0,8.8210094e-05,False,
T003670,A0316,2026-01-18 10:14:00,333.49,D_FAM_14,,0,8.8173845e-05,False,
T006257,A0475,2026-01-30 17:47:00,275.51,D_A0475,,0,8.807056e-05,False,
T000223,A0194,2026-01-02 09:48:00,223.47,D_FAM_2,,0,8.80573e-05,False,
T006286,A0393,2026-01-31 07:13:00,135.1,D_A0393,,0,8.8051675e-05,False,
T001330,A0132,2026-01-07 11:58:00,424.86,D_A0132,,0,8.7803324e-05,False,
T012518,A0282,2026-03-01 17:22:00,79.76,D_A0282,,0,8.7666194e-05,False,
T000784,A0050,2026-01-04 16:16:00,75.08,D_A0050,,0,8.7666194e-05,False,
T003395,A0266,2026-01-16 22:40:00,64.86,D_A0266,,0,8.7666194e-05,False,
T003263,A0432,2026-01-16 13:17:00,82.33,D_FAM_14,,0,8.762575e-05,False,
T002325,A0185,2026-01-12 08:49:00,304.78,D_A0185,,0,8.7506254e-05,False,
T004292,A0457,2026-01-21 12:15:00,280.76,D_A0457,,0,8.748631e-05,False,
T002668,A0074,2026-01-13 15:50:00,80.87,D_A0074,,0,8.74266e-05,False,
T000775,A0496,2026-01-04 16:05:00,277.71,D_A0496,,0,8.7385924e-05,False,
T011688,A0223,2026-02-25 14:41:00,280.06,D_A0223,,0,8.7385924e-05,False,
T008957,A0392,2026-02-12 12:23:00,64.25,D_A0392,,0,8.737951e-05,False,
T007495,A0380,2026-02-05 14:58:00,351.98,D_A0380,,0,8.7347435e-05,False,
T010912,A0487,2026-02-21 15:04:00,331.7,D_A0487,,0,8.7347435e-05,False,
T007163,A0307,2026-02-03 20:07:00,436.54,D_A0307,,0,8.7347435e-05,False,
T011305,A0475,2026-02-23 14:20:00,77.93,D_A0475,PAYEE_A0475,0,8.6705026e-05,False,
T003427,A0452,2026-01-17 08:11:00,63.88,D_A0452,,0,8.6643624e-05,False,
T000903,A0066,2026-01-05 11:57:00,91.73,D_A0066,,0,8.6581924e-05,False,
T006290,A0144,2026-01-31 07:23:00,173.07,D_A0144,,0,8.655336e-05,False,
T004546,A0265,2026-01-22 14:47:00,27.95,D_A0265,,0,8.650772e-05,False,
T001562,A0248,2026-01-08 12:52:00,56.43,D_A0248,PAYEE_A0248,0,8.6454376e-05,False,
T003651,A0263,2026-01-18 08:06:00,217.64,D_A0263,,0,8.643434e-05,False,
T003216,A0256,2026-01-16 10:19:00,242.64,D_A0256,,0,8.6184715e-05,False,
T001080,A0449,2026-01-06 10:36:00,353.83,D_FAM_0,,0,8.6052336e-05,False,
T000909,A0206,2026-01-05 12:21:00,507.75,D_A0206,,0,8.596498e-05,False,
T009775,A0342,2026-02-16 11:40:00,212.43,D_A0342,,0,8.5940315e-05,False,
T010096,A0296,2026-02-17 16:50:00,325.78,D_A0296,,0,8.586634e-05,False,
T007566,A0206,2026-02-05 18:57:00,687.7,D_A0206,,0,8.586634e-05,False,
T011700,A0296,2026-02-25 15:18:00,301.0,D_A0296,,0,8.586634e-05,False,
T008292,A0004,2026-02-09 10:08:00,167.73,D_A0004,,0,8.584498e-05,False,
T002452,A0074,2026-01-12 15:31:00,268.47,D_A0074,,0,8.584113e-05,False,
T008690,A0105,2026-02-11 07:50:00,11.81,D_A0105,,0,8.553781e-05,False,
T003570,A0293,2026-01-17 16:19:00,265.04,D_A0293,,0,8.545237e-05,False,
T006961,A0399,2026-02-02 23:09:00,261.39,D_A0399,,0,8.545237e-05,False,
T012537,A0209,2026-03-01 18:30:00,77.24,D_A0209,PAYEE_A0209,0,8.529858e-05,False,
T007241,A0087,2026-02-04 12:19:00,390.22,D_A0087,PAYEE_A0087,0,8.52389e-05,False,
T009293,A0206,2026-02-14 07:17:00,194.15,D_A0206,,0,8.5196065e-05,False,
T010404,A0336,2026-02-19 11:48:00,281.68,D_A0336,,0,8.507803e-05,False,
T003859,A0158,2026-01-19 07:57:00,109.51,D_A0158,,0,8.5051906e-05,False,
T004006,A0223,2026-01-19 16:28:00,79.65,D_A0223,PAYEE_A0223,0,8.488143e-05,False,
T010309,A0118,2026-02-18 16:32:00,86.64,D_A0118,PAYEE_A0118,0,8.488143e-05,False,
T001903,A0483,2026-01-10 09:20:00,154.83,D_A0483,,0,8.478743e-05,False,
T009746,A0200,2026-02-16 10:10:00,285.96,D_A0200,,0,8.468513e-05,False,
T011007,A0242,2026-02-22 08:05:00,211.41,D_A0242,,0,8.46752e-05,False,
T012200,A0280,2026-02-28 11:38:00,62.29,D_A0280,,0,8.466123e-05,False,
T008714,A0411,2026-02-11 10:15:00,239.03,D_A0411,,0,8.462152e-05,False,
T003406,A0075,2026-01-17 07:17:00,195.17,D_A0075,,0,8.4251056e-05,False,
T000627,A0401,2026-01-04 07:26:00,241.97,D_A0401,,0,8.406287e-05,False,
T001466,A0114,2026-01-07 20:52:00,55.95,D_A0114,,0,8.397257e-05,False,
T008491,A0468,2026-02-10 08:57:00,237.01,D_A0468,,0,8.396665e-05,False,
T002379,A0454,2026-01-12 12:27:00,43.3,D_A0454,PAYEE_A0454,0,8.394271e-05,False,
T001544,A0338,2026-01-08 12:09:00,40.26,D_A0338,PAYEE_A0338,0,8.394271e-05,False,
T001122,A0377,2026-01-06 12:54:00,32.96,D_A0377,,0,8.38356e-05,False,
T012444,A0380,2026-03-01 13:37:00,34.19,D_A0380,,0,8.3739396e-05,False,
T012150,A0293,2026-02-28 08:17:00,72.69,D_A0293,PAYEE_A0293,0,8.364578e-05,False,
T003890,A0115,2026-01-19 11:04:00,467.82,D_A0115,,0,8.3534906e-05,False,
T007668,A0350,2026-02-06 11:52:00,666.46,D_A0350,,0,8.3534906e-05,False,
T009155,A0186,2026-02-13 13:00:00,89.78,D_A0186,PAYEE_A0186,0,8.350464e-05,False,
T009802,A0128,2026-02-16 13:02:00,183.65,D_A0128,,0,8.3489984e-05,False,
T005472,A0375,2026-01-27 07:42:00,166.37,D_A0375,,0,8.339554e-05,False,
T008265,A0096,2026-02-09 07:37:00,160.48,D_A0096,,0,8.339554e-05,False,
T012372,A0269,2026-03-01 08:10:00,171.29,D_A0269,,0,8.336946e-05,False,
T011127,A0209,2026-02-22 14:51:00,28.51,D_A0209,,0,8.3355306e-05,False,
T010671,A0041,2026-02-20 13:20:00,82.28,D_FAM_6,PAYEE_A0041,0,8.299411e-05,False,
T002116,A0158,2026-01-11 09:57:00,133.63,D_A0158,,0,8.295882e-05,False,
T006764,A0301,2026-02-02 09:05:00,147.86,D_A0301,,0,8.272333e-05,False,
T009544,A0238,2026-02-15 10:19:00,224.19,D_A0238,,0,8.272144e-05,False,
T009297,A0027,2026-02-14 07:29:00,139.68,D_A0027,,0,8.2325605e-05,False,
T004707,A0493,2026-01-23 11:06:00,546.08,D_A0493,,0,8.1996695e-05,False,
T007102,A0363,2026-02-03 16:06:00,126.95,D_A0363,PAYEE_A0363,0,8.190175e-05,False,
T007143,A0373,2026-02-03 18:16:00,76.74,D_A0373,PAYEE_A0373,0,8.183789e-05,False,
T011792,A0077,2026-02-26 08:40:00,200.66,D_A0077,,0,8.1752325e-05,False,
T004267,A0457,2026-01-21 10:45:00,175.05,D_A0457,,0,8.173673e-05,False,
T001942,A0053,2026-01-10 11:55:00,252.96,D_A0053,,0,8.164948e-05,False,
T004890,A0304,2026-01-24 11:09:00,182.02,D_A0304,,0,8.1605656e-05,False,
T003407,A0428,2026-01-17 07:17:00,109.11,D_A0428,,0,8.151031e-05,False,
T008241,A0130,2026-02-08 20:16:00,33.27,D_A0130,,0,8.150813e-05,False,
T001795,A0183,2026-01-09 14:59:00,24.51,D_A0183,,0,8.150813e-05,False,
T002758,A0193,2026-01-14 09:41:00,474.1,D_A0193,,0,8.144015e-05,False,
T002761,A0135,2026-01-14 09:51:00,882.35,D_A0135,,0,8.144015e-05,False,
T012125,A0470,2026-02-27 20:56:00,228.57,D_A0470,,0,8.1424776e-05,False,
T011400,A0126,2026-02-24 08:50:00,211.64,D_A0126,,0,8.1415616e-05,False,
T012147,A0479,2026-02-28 08:01:00,200.41,D_A0479,,0,8.1397295e-05,False,
T003688,A0263,2026-01-18 11:29:00,667.99,D_A0263,,0,8.135926e-05,False,
T002063,A0410,2026-01-10 18:50:00,249.42,D_A0410,,0,8.1293576e-05,False,
T004014,A0367,2026-01-19 16:54:00,250.17,D_A0367,,0,8.1293576e-05,False,
T004242,A0375,2026-01-21 07:34:00,165.53,D_A0375,,0,8.1173435e-05,False,
T011745,A0457,2026-02-25 18:45:00,269.42,D_A0457,,0,8.102858e-05,False,
T007961,A0223,2026-02-07 15:51:00,274.82,D_A0223,,0,8.102858e-05,False,
T008061,A0180,2026-02-08 09:27:00,198.84,D_A0180,,0,8.094394e-05,False,
T006238,A0149,2026-01-30 16:20:00,225.41,D_A0149,PAYEE_A0149,0,8.0906124e-05,False,
T005881,A0207,2026-01-29 07:23:00,193.31,D_A0207,,0,8.073726e-05,False,
T010996,A0284,2026-02-22 07:28:00,66.75,D_A0284,PAYEE_A0284,0,8.07147e-05,False,
T006553,A0238,2026-02-01 10:43:00,314.05,D_A0238,,0,8.0696314e-05,False,
T006946,A0121,2026-02-02 20:55:00,238.56,D_A0121,,0,8.0661615e-05,False,
T010965,A0342,2026-02-21 18:36:00,249.03,D_A0342,,0,8.0661615e-05,False,
T008648,A0457,2026-02-10 18:34:00,255.88,D_A0457,,0,8.0661615e-05,False,
T007044,A0118,2026-02-03 13:00:00,237.33,D_A0118,,0,8.0661615e-05,False,
T005513,A0350,2026-01-27 11:03:00,459.86,D_A0350,,0,8.055692e-05,False,
T006110,A0174,2026-01-30 09:54:00,125.89,D_A0174,,0,8.049211e-05,False,
T001144,A0058,2026-01-06 14:07:00,114.73,D_A0058,,0,8.043878e-05,False,
T000658,A0429,2026-01-04 09:45:00,294.76,D_A0429,,0,8.0393926e-05,False,
T003177,A0194,2026-01-16 07:30:00,144.03,D_FAM_2,,0,8.020211e-05,False,
T003796,A0201,2026-01-18 16:44:00,79.19,D_A0201,PAYEE_A0201,0,8.0116726e-05,False,
T004251,A0469,2026-01-21 08:32:00,85.7,D_A0469,PAYEE_A0469,0,8.008152e-05,False,
T000225,A0294,2026-01-02 10:04:00,147.04,D_A0294,,0,7.99656e-05,False,
T006542,A0255,2026-02-01 09:50:00,130.54,D_A0255,,0,7.987544e-05,False,
T011014,A0355,2026-02-22 09:15:00,149.87,D_A0355,,0,7.96449e-05,False,
T008888,A0255,2026-02-12 09:09:00,207.25,D_A0255,,0,7.9607016e-05,False,
T010572,A0170,2026-02-20 08:13:00,163.09,D_A0170,,0,7.954714e-05,False,
T004665,A0121,2026-01-23 07:29:00,146.94,D_A0121,,0,7.954031e-05,False,
T002503,A0045,2026-01-12 18:35:00,101.06,D_A0045,PAYEE_A0045,0,7.9466095e-05,False,
T002940,A0259,2026-01-14 22:58:00,217.96,D_A0259,,0,7.9449725e-05,False,
T003187,A0063,2026-01-16 08:31:00,149.1,D_A0063,,0,7.9370744e-05,False,
T008041,A0228,2026-02-08 07:31:00,139.77,D_A0228,,0,7.9325575e-05,False,
T008790,A0304,2026-02-11 14:28:00,233.34,D_A0304,,0,7.919013e-05,False,
T003474,A0155,2026-01-17 11:41:00,46.17,D_A0155,,0,7.917171e-05,False,
T012466,A0223,2026-03-01 14:38:00,243.26,D_A0223,,0,7.9127785e-05,False,
T005045,A0087,2026-01-25 07:38:00,588.77,D_A0087,,0,7.908252e-05,False,
T007383,A0486,2026-02-05 07:13:00,125.8,D_A0486,,0,7.898304e-05,False,
T011902,A0328,2026-02-26 15:38:00,72.25,D_A0328,,0,7.893161e-05,False,
T003199,A0170,2026-01-16 09:26:00,171.91,D_A0170,,0,7.887856e-05,False,
T001005,A0403,2026-01-05 17:31:00,324.77,D_A0403,,0,7.8763565e-05,False,
T001633,A0106,2026-01-08 16:39:00,318.23,D_A0106,,0,7.8763565e-05,False,
T001178,A0463,2026-01-06 15:24:00,355.91,D_A0463,,0,7.8763565e-05,False,
T002048,A0106,2026-01-10 17:50:00,380.5,D_A0106,,0,7.8763565e-05,False,
T007904,A0083,2026-02-07 13:00:00,199.51,D_A0083,,0,7.876176e-05,False,
T010057,A0132,2026-02-17 15:07:00,185.62,D_A0132,PAYEE_A0132,0,7.87523e-05,False,
T000236,A0481,2026-01-02 10:26:00,174.47,D_A0481,,0,7.869855e-05,False,
T007005,A0213,2026-02-03 10:39:00,272.88,D_A0213,,0,7.8558856e-05,False,
T009312,A0449,2026-02-14 08:04:00,168.49,D_FAM_0,,0,7.854635e-05,False,
T009803,A0137,2026-02-16 13:06:00,274.15,D_A0137,,0,7.813994e-05,False,
T006109,A0112,2026-01-30 09:50:00,141.68,D_A0112,,0,7.800318e-05,False,
T006378,A0353,2026-01-31 13:14:00,247.1,D_A0353,,0,7.7786055e-05,False,
T006459,A0157,2026-01-31 17:16:00,261.58,D_A0157,,0,7.7786055e-05,False,
T002698,A0118,2026-01-13 18:00:00,265.78,D_A0118,,0,7.7786055e-05,False,
T004728,A0250,2026-01-23 13:06:00,255.67,D_A0250,,0,7.7786055e-05,False,
T009869,A0367,2026-02-16 16:29:00,264.2,D_A0367,,0,7.7786055e-05,False,
T007781,A0324,2026-02-06 17:27:00,257.06,D_A0324,,0,7.7786055e-05,False,
T009102,A0407,2026-02-13 08:46:00,162.6,D_A0407,,0,7.76665e-05,False,
T006983,A0496,2026-02-03 09:00:00,189.5,D_A0496,,0,7.763125e-05,False,
T012274,A0066,2026-02-28 15:13:00,85.98,D_A0066,,0,7.758308e-05,False,
T000842,A0370,2026-01-05 07:27:00,124.57,D_A0370,,0,7.75739e-05,False,
T001761,A0060,2026-01-09 13:17:00,134.03,D_A0060,,0,7.7396566e-05,False,
T010966,A0342,2026-02-21 18:36:00,39.86,D_A0342,,0,7.734403e-05,False,
T000136,A0478,2026-01-01 15:41:00,51.15,D_A0478,,0,7.734403e-05,False,
T003154,A0115,2026-01-15 19:53:00,316.65,D_A0115,,0,7.733497e-05,False,
T001780,A0328,2026-01-09 14:07:00,385.0,D_A0328,,0,7.733497e-05,False,
T008268,A0050,2026-02-09 07:50:00,146.96,D_A0050,,0,7.7330245e-05,False,
T003899,A0028,2026-01-19 11:33:00,88.12,D_A0028,PAYEE_A0028,0,7.714214e-05,False,
T001874,R004,2026-01-09 21:05:00,15.4,D_R004,,0,7.712926e-05,False,
T002928,R004,2026-01-14 19:45:00,14.26,D_R004,,0,7.712926e-05,False,
T001416,A0460,2026-01-07 15:32:00,32.77,D_A0460,,0,7.712926e-05,False,
T012237,A0375,2026-02-28 13:33:00,219.12,D_A0375,,0,7.711176e-05,False,
T000986,A0383,2026-01-05 16:18:00,281.01,D_A0383,,0,7.694898e-05,False,
T002755,A0481,2026-01-14 09:37:00,161.37,D_A0481,,0,7.686742e-05,False,
T006349,A0380,2026-01-31 11:10:00,315.25,D_A0380,,0,7.686054e-05,False,
T005515,A0255,2026-01-27 11:06:00,428.96,D_A0255,,0,7.686054e-05,False,
T007389,A0478,2026-02-05 08:25:00,132.43,D_A0478,,0,7.683819e-05,False,
T006768,A0449,2026-02-02 09:27:00,498.88,D_FAM_0,,0,7.6804194e-05,False,
T009545,A0140,2026-02-15 10:20:00,694.45,D_A0140,,0,7.676897e-05,False,
T004889,A0334,2026-01-24 10:59:00,692.77,D_A0334,,0,7.676897e-05,False,
T002072,A0094,2026-01-10 19:55:00,40.04,D_A0094,PAYEE_A0094,0,7.67304e-05,False,
T000831,A0356,2026-01-04 22:21:00,46.08,D_A0356,PAYEE_A0356,0,7.67304e-05,False,
T012220,A0187,2026-02-28 13:05:00,55.37,D_A0187,PAYEE_A0187,0,7.67304e-05,False,
T005027,A0318,2026-01-24 22:12:00,55.4,D_A0318,PAYEE_A0318,0,7.67304e-05,False,
T008509,A0233,2026-02-10 10:38:00,264.47,D_A0233,,0,7.6715995e-05,False,
T007657,A0352,2026-02-06 11:24:00,7.32,D_A0352,,0,7.659676e-05,False,
T011199,A0480,2026-02-22 21:04:00,686.98,D_FAM_6,,0,7.6533026e-05,False,
T004821,A0480,2026-01-23 20:19:00,594.29,D_FAM_6,,0,7.6533026e-05,False,
T008689,A0236,2026-02-11 07:49:00,142.05,D_A0236,,0,7.6425305e-05,False,
T000864,A0390,2026-01-05 09:09:00,203.81,D_A0390,,0,7.640592e-05,False,
T010154,A0211,2026-02-18 07:06:00,153.16,D_A0211,,0,7.624005e-05,False,
T010383,A0089,2026-02-19 10:29:00,430.6,D_A0089,,0,7.617218e-05,False,
T008307,A0143,2026-02-09 11:07:00,60.82,D_A0143,,0,7.6006305e-05,False,
T006147,A0042,2026-01-30 12:09:00,100.5,D_A0042,,0,7.5907585e-05,False,
T008953,A0286,2026-02-12 12:20:00,230.38,D_A0286,,0,7.588211e-05,False,
T009948,A0311,2026-02-17 08:11:00,47.29,D_A0311,,0,7.5880154e-05,False,
T006738,A0124,2026-02-02 07:16:00,144.71,D_A0124,,0,7.5827134e-05,False,
T002535,A0087,2026-01-13 07:46:00,442.66,D_A0087,,0,7.56701e-05,False,
T011275,A0049,2026-02-23 12:49:00,88.72,D_FAM_8,,0,7.557678e-05,False,
T008764,A0148,2026-02-11 13:04:00,140.47,D_A0148,,0,7.5507334e-05,False,
T002797,A0456,2026-01-14 12:06:00,211.62,D_A0456,,0,7.547638e-05,False,
T009747,A0239,2026-02-16 10:14:00,46.82,D_A0239,PAYEE_A0239,0,7.546156e-05,False,
T008075,A0081,2026-02-08 10:47:00,52.66,D_A0081,PAYEE_A0081,0,7.546156e-05,False,
T003653,A0024,2026-01-18 08:21:00,267.12,D_A0024,,0,7.5456875e-05,False,
T003574,A0145,2026-01-17 16:28:00,324.14,D_A0145,,0,7.532079e-05,False,
T011901,A0145,2026-02-26 15:37:00,391.09,D_A0145,,0,7.532079e-05,False,
T000530,A0281,2026-01-03 15:19:00,316.4,D_A0281,,0,7.532079e-05,False,
T010696,A0258,2026-02-20 14:35:00,58.76,D_A0258,,0,7.530614e-05,False,
T000003,A0095,2026-01-01 07:24:00,109.78,D_A0095,,0,7.528812e-05,False,
T001545,A0456,2026-01-08 12:10:00,194.52,D_A0456,,0,7.5218144e-05,False,
T004117,A0418,2026-01-20 12:43:00,86.02,D_A0418,,0,7.51848e-05,False,
T000927,A0208,2026-01-05 13:18:00,222.44,D_A0208,,0,7.5130905e-05,False,
T010964,A0207,2026-02-21 18:34:00,64.85,D_A0207,,0,7.510032e-05,False,
T010753,A0433,2026-02-20 17:56:00,46.4,D_A0433,,0,7.507411e-05,False,
T002628,A0025,2026-01-13 13:33:00,42.7,D_A0025,,0,7.507411e-05,False,
T002418,A0064,2026-01-12 14:08:00,39.64,D_A0064,,0,7.507411e-05,False,
T005921,A0468,2026-01-29 10:57:00,276.28,D_A0468,,0,7.5015145e-05,False,
T007315,A0465,2026-02-04 16:28:00,19.19,D_A0465,,0,7.486893e-05,False,
T011699,A0308,2026-02-25 15:09:00,10.93,D_A0308,,0,7.474273e-05,False,
T000989,R002,2026-01-05 16:23:00,368.77,D_R002,,0,7.463334e-05,False,
T012340,A0392,2026-02-28 18:32:00,298.88,D_A0392,,0,7.463334e-05,False,
T008992,A0392,2026-02-12 14:28:00,307.94,D_A0392,,0,7.463334e-05,False,
T005767,A0453,2026-01-28 13:12:00,511.89,D_A0453,,0,7.463334e-05,False,
T006859,A0438,2026-02-02 14:47:00,509.77,D_A0438,,0,7.463334e-05,False,
T003985,A0114,2026-01-19 15:24:00,102.19,D_A0114,PAYEE_A0114,0,7.457223e-05,False,
T011894,A0121,2026-02-26 15:28:00,220.23,D_A0121,,0,7.454684e-05,False,
T001182,A0121,2026-01-06 15:36:00,225.08,D_A0121,,0,7.454684e-05,False,
T010494,A0121,2026-02-19 16:08:00,224.23,D_A0121,,0,7.454684e-05,False,
T002344,A0040,2026-01-12 10:10:00,136.63,D_A0040,,0,7.4519194e-05,False,
T008037,A0135,2026-02-08 07:19:00,437.92,D_A0135,,0,7.4443626e-05,False,
T008864,A0135,2026-02-12 07:01:00,335.01,D_A0135,,0,7.4443626e-05,False,
T006996,A0176,2026-02-03 10:00:00,23.55,D_A0176,PAYEE_A0176,0,7.425319e-05,False,
T010394,A0429,2026-02-19 11:18:00,257.3,D_A0429,,0,7.4234995e-05,False,
T011185,A0437,2026-02-22 18:49:00,280.79,D_FAM_3,,0,7.41764e-05,False,
T000470,A0349,2026-01-03 11:49:00,602.82,D_A0349,,0,7.4157804e-05,False,
T006450,A0424,2026-01-31 16:53:00,202.26,D_A0424,,0,7.40302e-05,False,
T008087,A0255,2026-02-08 11:25:00,365.52,D_A0255,,0,7.400789e-05,False,
T009298,A0201,2026-02-14 07:29:00,79.06,D_A0201,,0,7.3965915e-05,False,
T000286,A0223,2026-01-02 12:52:00,431.9,D_A0223,,0,7.386618e-05,False,
T000346,A0369,2026-01-02 16:19:00,362.69,D_A0369,,0,7.378141e-05,False,
T000393,A0380,2026-01-02 20:03:00,445.25,D_A0380,,0,7.378141e-05,False,
T000185,A0375,2026-01-01 20:27:00,548.25,D_A0375,,0,7.378141e-05,False,
T009565,A0473,2026-02-15 11:57:00,158.9,D_A0473,,0,7.3710384e-05,False,
T009521,A0095,2026-02-15 08:11:00,182.58,D_A0095,,0,7.3519026e-05,False,
T002359,A0233,2026-01-12 10:54:00,230.56,D_A0233,,0,7.348482e-05,False,
T003461,A0446,2026-01-17 10:43:00,445.04,D_A0446,,0,7.345666e-05,False,
T004387,A0071,2026-01-21 17:31:00,59.22,D_A0071,,0,7.343431e-05,False,
T005667,A0115,2026-01-27 19:04:00,769.51,D_A0115,,0,7.327965e-05,False,
T004577,A0115,2026-01-22 15:55:00,686.04,D_A0115,,0,7.327965e-05,False,
T011956,A0149,2026-02-26 20:46:00,464.23,D_A0149,,0,7.327965e-05,False,
T011296,A0081,2026-02-23 13:37:00,62.29,D_A0081,,0,7.3230396e-05,False,
T009266,A0418,2026-02-13 18:45:00,77.29,D_A0418,,0,7.3230396e-05,False,
T002667,A0074,2026-01-13 15:47:00,227.3,D_A0074,,0,7.3129275e-05,False,
T006736,A0460,2026-02-02 07:00:00,147.96,D_A0460,,0,7.306389e-05,False,
T011712,A0400,2026-02-25 15:38:00,101.07,D_A0400,,0,7.289451e-05,False,
T011314,A0456,2026-02-23 15:07:00,194.85,D_A0456,,0,7.287087e-05,False,
T002439,A0469,2026-01-12 14:44:00,192.2,D_A0469,,0,7.287087e-05,False,
T010481,A0284,2026-02-19 15:32:00,118.48,D_A0284,PAYEE_A0284,0,7.282392e-05,False,
T008949,A0177,2026-02-12 12:17:00,501.16,D_A0177,,0,7.278934e-05,False,
T005914,A0024,2026-01-29 10:26:00,238.21,D_A0024,,0,7.2763105e-05,False,
T007391,A0185,2026-02-05 09:17:00,244.5,D_A0185,,0,7.276165e-05,False,
T009533,A0337,2026-02-15 09:25:00,243.96,D_A0337,,0,7.276019e-05,False,
T008243,A0127,2026-02-08 20:25:00,439.74,D_A0127,,0,7.2705814e-05,False,
T003648,A0056,2026-01-18 07:49:00,114.57,D_A0056,,0,7.265869e-05,False,
T005037,A0148,2026-01-25 07:14:00,177.47,D_A0148,,0,7.251028e-05,False,
T005253,A0341,2026-01-26 08:02:00,276.89,D_A0341,,0,7.2505994e-05,False,
T004125,A0187,2026-01-20 13:28:00,33.94,D_A0187,PAYEE_A0187,0,7.24286e-05,False,
T001397,A0007,2026-01-07 14:45:00,45.7,D_A0007,PAYEE_A0007,0,7.24286e-05,False,
T000121,A0367,2026-01-01 15:04:00,276.2,D_A0367,,0,7.24103e-05,False,
T004082,A0103,2026-01-20 10:02:00,21.57,D_A0103,,0,7.23793e-05,False,
T005733,A0369,2026-01-28 11:09:00,332.23,D_A0369,,0,7.2367846e-05,False,
T005548,A0350,2026-01-27 12:44:00,91.15,D_A0350,,0,7.236405e-05,False,
T011006,A0161,2026-02-22 08:04:00,141.73,D_A0161,,0,7.23497e-05,False,
T008484,A0135,2026-02-10 07:52:00,689.79,D_A0135,,0,7.226199e-05,False,
T009792,A0466,2026-02-16 12:38:00,187.97,D_A0466,,0,7.2217765e-05,False,
T002772,A0369,2026-01-14 10:37:00,244.94,D_A0369,,0,7.220165e-05,False,
T005289,A0057,2026-01-26 10:46:00,271.44,D_A0057,,0,7.219745e-05,False,
T011000,A0337,2026-02-22 07:37:00,154.97,D_A0337,,0,7.216338e-05,False,
T003959,A0074,2026-01-19 14:34:00,237.12,D_A0074,,0,7.208559e-05,False,
T004398,A0048,2026-01-21 18:37:00,226.62,D_A0048,,0,7.1889255e-05,False,
T009409,A0286,2026-02-14 14:33:00,194.84,D_FAM_10,,0,7.18393e-05,False,
T000991,A0286,2026-01-05 16:34:00,194.24,D_FAM_10,,0,7.18393e-05,False,
T004293,A0152,2026-01-21 12:15:00,213.89,D_A0152,,0,7.180307e-05,False,
T011582,A0169,2026-02-25 07:33:00,99.19,D_A0169,,0,7.178643e-05,False,
T010967,A0300,2026-02-21 18:43:00,28.72,D_FAM_12,,0,7.16884e-05,False,
T003766,A0197,2026-01-18 15:18:00,55.27,D_A0197,,0,7.160054e-05,False,
T006992,A0482,2026-02-03 09:48:00,146.62,D_A0482,,0,7.154553e-05,False,
T000660,A0076,2026-01-04 09:56:00,30.14,D_A0076,,0,7.150413e-05,False,
T001894,A0109,2026-01-10 07:58:00,59.44,D_FAM_13,,0,7.1494855e-05,False,
T008405,A0363,2026-02-09 16:03:00,328.56,D_A0363,,0,7.137108e-05,False,
T011900,A0328,2026-02-26 15:35:00,526.08,D_A0328,,0,7.137108e-05,False,
T002186,A0445,2026-01-11 13:26:00,312.78,D_A0445,,0,7.137108e-05,False,
T000628,A0056,2026-01-04 07:31:00,81.21,D_A0056,,0,7.1329036e-05,False,
T010300,A0293,2026-02-18 16:04:00,212.97,D_A0293,,0,7.116312e-05,False,
T005087,A0460,2026-01-25 11:17:00,304.58,D_A0460,,0,7.112343e-05,False,
T001277,A0351,2026-01-07 08:09:00,167.62,D_A0351,,0,7.109597e-05,False,
T010371,A0057,2026-02-19 09:04:00,181.56,D_A0057,,0,7.108974e-05,False,
T002164,A0166,2026-01-11 12:46:00,429.08,D_A0166,,0,7.108262e-05,False,
T005144,A0383,2026-01-25 14:30:00,345.04,D_A0383,,0,7.100105e-05,False,
T010480,A0463,2026-02-19 15:25:00,391.63,D_A0463,,0,7.100105e-05,False,
T000741,A0256,2026-01-04 14:25:00,397.92,D_A0256,,0,7.100105e-05,False,
T009158,A0106,2026-02-13 13:10:00,460.47,D_A0106,,0,7.100105e-05,False,
T010106,A0396,2026-02-17 17:11:00,268.42,D_FAM_3,,0,7.096734e-05,False,
T007660,A0095,2026-02-06 11:27:00,304.73,D_A0095,,0,7.094758e-05,False,
T004706,A0437,2026-01-23 11:05:00,210.41,D_FAM_3,,0,7.09141e-05,False,
T004932,A0110,2026-01-24 13:20:00,135.58,D_FAM_11,PAYEE_A0110,0,7.081267e-05,False,
T005610,A0257,2026-01-27 15:49:00,44.43,D_A0257,,0,7.0745984e-05,False,
T008811,A0104,2026-02-11 15:49:00,159.68,D_A0104,PAYEE_A0104,0,7.073229e-05,False,
T009309,A0249,2026-02-14 07:54:00,118.75,D_A0249,,0,7.058083e-05,False,
T009783,A0453,2026-02-16 12:16:00,357.18,D_A0453,,0,7.0530026e-05,False,
T006303,A0262,2026-01-31 08:15:00,146.44,D_A0262,,0,7.047731e-05,False,
T012137,A0117,2026-02-28 07:01:00,95.5,D_A0117,PAYEE_A0117,0,7.0451046e-05,False,
T002478,A0106,2026-01-12 16:52:00,281.15,D_A0106,,0,7.0449096e-05,False,
T008122,A0438,2026-02-08 13:16:00,357.41,D_A0438,,0,7.0449096e-05,False,
T002211,R002,2026-01-11 14:34:00,373.38,D_R002,,0,7.0449096e-05,False,
T010887,A0336,2026-02-21 13:33:00,291.71,D_A0336,,0,7.0449096e-05,False,
T011752,A0438,2026-02-25 19:06:00,357.87,D_A0438,,0,7.0449096e-05,False,
T009915,A0453,2026-02-16 20:49:00,370.17,D_A0453,,0,7.0449096e-05,False,
T010506,A0334,2026-02-19 16:38:00,490.51,D_A0334,,0,7.0449096e-05,False,
T011329,A0453,2026-02-23 15:53:00,390.55,D_A0453,,0,7.0449096e-05,False,
T006629,A0438,2026-02-01 14:49:00,341.54,D_A0438,,0,7.0449096e-05,False,
T011735,A0106,2026-02-25 17:52:00,378.64,D_A0106,,0,7.0449096e-05,False,
T007523,A0463,2026-02-05 16:22:00,432.51,D_A0463,,0,7.0449096e-05,False,
T005252,A0016,2026-01-26 07:54:00,220.85,D_FAM_12,,0,7.0271024e-05,False,
T003190,A0207,2026-01-16 08:54:00,148.01,D_A0207,,0,7.022942e-05,False,
T002334,A0437,2026-01-12 09:32:00,142.91,D_FAM_3,,0,7.021857e-05,False,
T003006,A0132,2026-01-15 11:15:00,126.35,D_A0132,PAYEE_A0132,0,7.0196416e-05,False,
T005309,A0234,2026-01-26 11:38:00,21.45,D_A0234,,0,7.018075e-05,False,
T003466,A0368,2026-01-17 11:17:00,29.34,D_A0368,,0,7.018075e-05,False,
T000253,A0370,2026-01-02 11:10:00,19.31,D_A0370,,0,7.018075e-05,False,
T004445,A0189,2026-01-22 09:34:00,178.03,D_A0189,,0,7.0108974e-05,False,
T001165,R006,2026-01-06 14:56:00,268.84,D_R006,,0,7.0024915e-05,False,
T010853,A0205,2026-02-21 11:41:00,172.56,D_A0205,,0,6.9995345e-05,False,
T003391,A0490,2026-01-16 20:56:00,72.13,D_A0490,PAYEE_A0490,0,6.997619e-05,False,
T007930,A0075,2026-02-07 14:33:00,58.63,D_A0075,,0,6.9967915e-05,False,
T010157,A0480,2026-02-18 07:15:00,156.36,D_FAM_6,,0,6.9899026e-05,False,
T005470,A0453,2026-01-27 07:40:00,155.37,D_A0453,,0,6.9854046e-05,False,
T010600,A0001,2026-02-20 10:31:00,188.52,D_A0001,,0,6.985052e-05,False,
T010127,A0342,2026-02-17 19:42:00,214.54,D_A0342,,0,6.9809896e-05,False,
T005547,A0350,2026-01-27 12:41:00,750.49,D_A0350,,0,6.979332e-05,False,
T002158,A0411,2026-01-11 12:32:00,299.83,D_A0411,,0,6.979332e-05,False,
T011568,A0101,2026-02-24 20:51:00,294.4,D_A0101,,0,6.9713235e-05,False,
T010512,A0115,2026-02-19 17:18:00,501.78,D_A0115,,0,6.9713235e-05,False,
T003994,A0392,2026-01-19 15:38:00,237.95,D_A0392,,0,6.9707785e-05,False,
T009574,A0431,2026-02-15 12:47:00,417.35,D_FAM_11,,0,6.962196e-05,False,
T005420,A0116,2026-01-26 16:57:00,131.13,D_A0116,PAYEE_A0116,0,6.953683e-05,False,
T005712,A0417,2026-01-28 09:17:00,294.19,D_A0417,,0,6.9348556e-05,False,
T004681,A0473,2026-01-23 08:55:00,88.82,D_A0473,,0,6.933136e-05,False,
T007505,A0205,2026-02-05 15:47:00,192.0,D_A0205,,0,6.932436e-05,False,
T000212,A0237,2026-01-02 08:40:00,89.35,D_FAM_3,PAYEE_A0237,0,6.929019e-05,False,
T002145,A0193,2026-01-11 11:46:00,666.76,D_A0193,,0,6.921919e-05,False,
T006483,A0444,2026-01-31 18:48:00,380.08,D_A0444,,0,6.917129e-05,False,
T006941,A0411,2026-02-02 20:20:00,298.35,D_A0411,,0,6.917129e-05,False,
T003996,A0328,2026-01-19 15:43:00,493.3,D_A0328,,0,6.917129e-05,False,
T003762,A0115,2026-01-18 15:07:00,337.53,D_A0115,,0,6.917129e-05,False,
T005634,A0444,2026-01-27 16:48:00,333.48,D_A0444,,0,6.917129e-05,False,
T008389,A0238,2026-02-09 15:30:00,277.48,D_A0238,,0,6.91399e-05,False,
T000635,A0114,2026-01-04 07:59:00,117.61,D_A0114,,0,6.913535e-05,False,
T001813,A0026,2026-01-09 16:00:00,105.58,D_A0026,PAYEE_A0026,0,6.902244e-05,False,
T006785,A0475,2026-02-02 10:31:00,252.36,D_A0475,,0,6.9004076e-05,False,
T007378,A0096,2026-02-05 07:00:00,134.19,D_A0096,,0,6.898513e-05,False,
T006319,A0382,2026-01-31 09:28:00,149.19,D_A0382,,0,6.8883826e-05,False,
T002140,A0442,2026-01-11 11:26:00,235.57,D_A0442,,0,6.879475e-05,False,
T006932,A0402,2026-02-02 19:27:00,192.51,D_A0402,,0,6.878543e-05,False,
T006874,A0469,2026-02-02 15:35:00,45.26,D_A0469,,0,6.8640955e-05,False,
T007041,A0410,2026-02-03 12:44:00,205.38,D_A0410,,0,6.862969e-05,False,
T011682,A0457,2026-02-25 14:08:00,215.64,D_A0457,,0,6.8626156e-05,False,
T002177,A0457,2026-01-11 13:11:00,216.67,D_A0457,,0,6.8626156e-05,False,
T006251,A0152,2026-01-30 17:15:00,211.44,D_A0152,,0,6.8626156e-05,False,
T002204,A0265,2026-01-11 14:15:00,190.8,D_A0265,,0,6.862419e-05,False,
T010090,A0017,2026-02-17 16:37:00,87.39,D_A0017,PAYEE_A0017,0,6.8582194e-05,False,
T003137,A0158,2026-01-15 18:25:00,90.48,D_A0158,PAYEE_A0158,0,6.8582194e-05,False,
T002990,A0436,2026-01-15 10:24:00,153.63,D_A0436,,0,6.845622e-05,False,
T012373,A0203,2026-03-01 08:44:00,109.63,D_A0203,,0,6.8454974e-05,False,
T002012,A0108,2026-01-10 15:26:00,54.77,D_A0108,,0,6.844506e-05,False,
T008350,A0383,2026-02-09 13:20:00,34.12,D_A0383,,0,6.844506e-05,False,
T011946,A0377,2026-02-26 18:14:00,30.94,D_A0377,,0,6.844506e-05,False,
T009719,A0297,2026-02-16 07:42:00,104.9,D_A0297,,0,6.8423455e-05,False,
T003940,A0190,2026-01-19 13:25:00,53.83,D_FAM_13,,0,6.827251e-05,False,
T010800,A0492,2026-02-21 08:25:00,244.56,D_A0492,,0,6.823319e-05,False,
T010362,A0388,2026-02-19 08:19:00,37.7,D_A0388,PAYEE_A0388,0,6.803379e-05,False,
T007853,A0077,2026-02-07 09:52:00,156.61,D_A0077,,0,6.797867e-05,False,
T006818,A0162,2026-02-02 12:18:00,313.14,D_A0162,,0,6.7975554e-05,False,
T004800,A0106,2026-01-23 17:37:00,330.42,D_A0106,,0,6.793758e-05,False,
T004815,A0106,2026-01-23 18:52:00,332.89,D_A0106,,0,6.793758e-05,False,
T005615,A0374,2026-01-27 15:55:00,69.44,D_A0374,,0,6.791743e-05,False,
T006486,A0444,2026-01-31 18:57:00,85.77,D_A0444,,0,6.791743e-05,False,
T000721,A0474,2026-01-04 13:23:00,67.0,D_A0474,,0,6.791743e-05,False,
T010101,A0244,2026-02-17 17:00:00,302.01,D_A0244,,0,6.7897556e-05,False,
T005647,A0162,2026-01-27 17:24:00,305.42,D_A0162,,0,6.7897556e-05,False,
T003636,A0445,2026-01-17 23:44:00,306.19,D_A0445,,0,6.7897556e-05,False,
T001599,A0263,2026-01-08 14:18:00,617.59,D_A0263,,0,6.7897556e-05,False,
T008065,A0445,2026-02-08 10:03:00,176.23,D_A0445,,0,6.7886096e-05,False,
T011552,A0412,2026-02-24 18:36:00,279.78,D_A0412,,0,6.7885834e-05,False,
T003751,A0444,2026-01-18 14:30:00,320.71,D_A0444,,0,6.785594e-05,False,
T012337,A0115,2026-02-28 18:06:00,382.09,D_A0115,,0,6.785594e-05,False,
T007259,A0435,2026-02-04 13:10:00,242.3,D_A0435,,0,6.761004e-05,False,
T006176,A0488,2026-01-30 13:35:00,54.68,D_A0488,,0,6.7594054e-05,False,
T003998,A0071,2026-01-19 15:54:00,53.51,D_A0071,,0,6.7594054e-05,False,
T007053,A0095,2026-02-03 13:18:00,375.25,D_A0095,,0,6.747986e-05,False,
T006153,A0493,2026-01-30 12:23:00,460.37,D_A0493,,0,6.7447116e-05,False,
T012350,A0181,2026-02-28 20:57:00,197.29,D_A0181,,0,6.738855e-05,False,
T009840,A0162,2026-02-16 15:13:00,293.7,D_A0162,,0,6.736972e-05,False,
T003734,A0493,2026-01-18 13:26:00,447.52,D_A0493,,0,6.736972e-05,False,
T002912,A0033,2026-01-14 17:58:00,321.22,D_A0033,,0,6.736972e-05,False,
T005570,A0463,2026-01-27 13:52:00,385.86,D_A0463,,0,6.736972e-05,False,
T007290,A0350,2026-02-04 15:06:00,768.61,D_A0350,,0,6.736972e-05,False,
T012029,A0070,2026-02-27 12:59:00,30.72,D_A0070,,0,6.715664e-05,False,
T008936,A0260,2026-02-12 11:58:00,415.97,D_A0260,,0,6.713596e-05,False,
T006091,A0296,2026-01-30 07:38:00,152.03,D_A0296,,0,6.7131354e-05,False,
T001770,A0497,2026-01-09 13:37:00,53.44,D_A0497,,0,6.707958e-05,False,
T005842,A0153,2026-01-28 17:49:00,122.62,D_A0153,PAYEE_A0153,0,6.707792e-05,False,
T008306,A0143,2026-02-09 11:02:00,11.39,D_A0143,,0,6.7053996e-05,False,
T010301,A0431,2026-02-18 16:08:00,339.25,D_FAM_11,,0,6.696102e-05,False,
T009756,A0177,2026-02-16 10:41:00,501.2,D_A0177,,0,6.687749e-05,False,
T001598,A0475,2026-01-08 14:18:00,265.23,D_A0475,,0,6.683828e-05,False,
T009152,A0005,2026-02-13 12:38:00,247.05,D_A0005,,0,6.673739e-05,False,
T005259,A0233,2026-01-26 08:58:00,208.13,D_A0233,,0,6.672925e-05,False,
T001313,A0479,2026-01-07 10:56:00,218.49,D_A0479,,0,6.6725115e-05,False,
T006693,A0369,2026-02-01 18:16:00,459.5,D_A0369,,0,6.6714485e-05,False,
T010281,A0206,2026-02-18 14:58:00,579.63,D_A0206,,0,6.6714485e-05,False,
T008765,A0118,2026-02-11 13:17:00,288.37,D_A0118,,0,6.6714485e-05,False,
T011361,A0206,2026-02-23 19:15:00,648.54,D_A0206,,0,6.6714485e-05,False,
T011953,A0380,2026-02-26 19:41:00,324.9,D_A0380,,0,6.6714485e-05,False,
T004935,A0096,2026-01-24 13:38:00,540.86,D_A0096,,0,6.6714485e-05,False,
T006413,A0307,2026-01-31 14:53:00,359.68,D_A0307,,0,6.6714485e-05,False,
T010880,A0380,2026-02-21 13:23:00,283.72,D_A0380,,0,6.6714485e-05,False,
T009459,A0369,2026-02-14 17:06:00,512.46,D_A0369,,0,6.6714485e-05,False,
T000242,A0496,2026-01-02 10:54:00,174.1,D_A0496,,0,6.67059e-05,False,
T008998,A0350,2026-02-12 14:39:00,549.33,D_A0350,,0,6.6705325e-05,False,
T012172,A0090,2026-02-28 09:48:00,176.42,D_A0090,,0,6.669687e-05,False,
T011694,A0175,2026-02-25 15:00:00,261.81,D_FAM_7,,0,6.668523e-05,False,
T005433,A0438,2026-01-26 18:16:00,277.75,D_A0438,,0,6.667506e-05,False,
T001805,A0435,2026-01-09 15:29:00,242.18,D_A0435,,0,6.666081e-05,False,
T001234,A0155,2026-01-06 18:43:00,253.13,D_A0155,,0,6.666081e-05,False,
T004171,A0329,2026-01-20 15:54:00,262.02,D_A0329,,0,6.638372e-05,False,
T001524,A0466,2026-01-08 11:12:00,143.93,D_A0466,,0,6.6312416e-05,False,
T000417,A0050,2026-01-03 07:47:00,125.98,D_A0050,,0,6.628151e-05,False,
T003038,A0365,2026-01-15 13:11:00,105.04,D_A0365,PAYEE_A0365,0,6.626065e-05,False,
T000954,A0015,2026-01-05 14:32:00,37.38,D_A0015,,0,6.625471e-05,False,
T007047,A0308,2026-02-03 13:02:00,16.81,D_A0308,,0,6.625471e-05,False,
T011089,A0131,2026-02-22 13:38:00,29.54,D_A0131,,0,6.625471e-05,False,
T010741,A0117,2026-02-20 17:06:00,30.33,D_A0117,,0,6.625471e-05,False,
T007795,A0119,2026-02-06 18:27:00,40.21,D_A0119,,0,6.625471e-05,False,
T003866,A0394,2026-01-19 08:25:00,142.09,D_A0394,,0,6.622357e-05,False,
T011783,A0092,2026-02-26 07:25:00,79.93,D_A0092,PAYEE_A0092,0,6.618436e-05,False,
T003451,A0056,2026-01-17 10:26:00,127.7,D_A0056,,0,6.617786e-05,False,
T000369,A0093,2026-01-02 17:24:00,78.06,D_A0093,,0,6.610773e-05,False,
T004507,A0263,2026-01-22 13:02:00,624.85,D_A0263,,0,6.608862e-05,False,
T001713,A0242,2026-01-09 10:08:00,212.38,D_A0242,,0,6.604018e-05,False,
T004294,A0333,2026-01-21 12:16:00,445.23,D_FAM_9,,0,6.596409e-05,False,
T008880,A0319,2026-02-12 07:43:00,235.56,D_A0319,,0,6.587407e-05,False,
T008077,A0096,2026-02-08 11:00:00,268.75,D_A0096,,0,6.585598e-05,False,
T000672,A0324,2026-01-04 11:12:00,259.08,D_A0324,,0,6.5557724e-05,False,
T009134,A0096,2026-02-13 11:41:00,262.95,D_A0096,,0,6.5557724e-05,False,
T004285,A0096,2026-01-21 11:59:00,254.48,D_A0096,,0,6.5557724e-05,False,
T007105,A0495,2026-02-03 16:13:00,31.01,D_A0495,,0,6.5550594e-05,False,
T004196,A0111,2026-01-20 17:06:00,27.98,D_A0111,,0,6.5550594e-05,False,
T006934,A0361,2026-02-02 19:31:00,41.3,D_A0361,,0,6.5550594e-05,False,
T003138,A0086,2026-01-15 18:38:00,20.94,D_A0086,,0,6.5550594e-05,False,
T002724,A0495,2026-01-13 22:21:00,37.49,D_A0495,,0,6.5550594e-05,False,
T008481,A0394,2026-02-10 07:33:00,110.11,D_A0394,,0,6.543855e-05,False,
T011788,A0218,2026-02-26 07:43:00,109.93,D_A0218,,0,6.5342334e-05,False,
T002792,A0454,2026-01-14 11:40:00,25.79,D_A0454,,0,6.526729e-05,False,
T001067,A0137,2026-01-06 09:00:00,91.13,D_FAM_13,PAYEE_A0137,0,6.5266104e-05,False,
T004660,A0202,2026-01-23 07:11:00,177.9,D_A0202,,0,6.5110384e-05,False,
T005923,A0459,2026-01-29 10:58:00,177.14,D_A0459,,0,6.5087355e-05,False,
T012006,A0255,2026-02-27 10:58:00,226.83,D_A0255,,0,6.4950145e-05,False,
T005849,A0244,2026-01-28 18:22:00,269.62,D_A0244,,0,6.49489e-05,False,
T011565,A0348,2026-02-24 20:14:00,267.76,D_A0348,,0,6.49489e-05,False,
T011022,A0255,2026-02-22 10:01:00,141.43,D_A0255,,0,6.4947046e-05,False,
T009606,A0002,2026-02-15 14:31:00,55.13,D_A0002,,0,6.492983e-05,False,
T005040,A0346,2026-01-25 07:18:00,113.56,D_A0346,,0,6.489869e-05,False,
T005246,A0474,2026-01-26 07:12:00,155.55,D_A0474,,0,6.478585e-05,False,
T009644,A0257,2026-02-15 16:15:00,34.66,D_A0257,,0,6.478504e-05,False,
T010025,A0423,2026-02-17 13:21:00,17.36,D_A0423,,0,6.478504e-05,False,
T005913,A0236,2026-01-29 10:26:00,211.22,D_A0236,,0,6.471712e-05,False,
T010114,A0085,2026-02-17 18:08:00,172.1,D_A0085,,0,6.470891e-05,False,
T006247,A0211,2026-01-30 16:54:00,274.65,D_A0211,,0,6.461216e-05,False,
T011160,A0392,2026-02-22 16:57:00,267.93,D_A0392,,0,6.461216e-05,False,
T000207,A0491,2026-01-02 07:55:00,27.41,D_FAM_2,,0,6.455513e-05,False,
T007550,A0221,2026-02-05 17:41:00,30.01,D_A0221,,0,6.44893e-05,False,
T010886,A0377,2026-02-21 13:31:00,22.05,D_A0377,,0,6.44893e-05,False,
T002409,A0123,2026-01-12 13:43:00,43.67,D_A0123,,0,6.44893e-05,False,
T009925,A0365,2026-02-16 23:09:00,20.83,D_A0365,,0,6.44893e-05,False,
T001692,A0112,2026-01-09 07:37:00,141.92,D_A0112,,0,6.445099e-05,False,
T009745,A0470,2026-02-16 10:10:00,71.09,D_A0470,PAYEE_A0470,0,6.4440115e-05,False,
T007381,A0141,2026-02-05 07:04:00,141.24,D_FAM_2,,0,6.4409774e-05,False,
T000254,A0256,2026-01-02 11:15:00,202.6,D_A0256,,0,6.4389504e-05,False,
T008266,A0150,2026-02-09 07:40:00,60.99,D_A0150,PAYEE_A0150,0,6.437557e-05,False,
T001170,A0393,2026-01-06 15:08:00,44.99,D_A0393,,0,6.431304e-05,False,
T006478,A0035,2026-01-31 18:30:00,362.19,D_FAM_9,,0,6.426167e-05,False,
T008135,A0361,2026-02-08 14:01:00,155.24,D_A0361,PAYEE_A0361,0,6.4229134e-05,False,
T005210,A0381,2026-01-25 18:06:00,155.08,D_A0381,PAYEE_A0381,0,6.4229134e-05,False,
T010377,A0135,2026-02-19 10:05:00,374.03,D_A0135,,0,6.393959e-05,False,
T011608,A0075,2026-02-25 09:50:00,209.46,D_A0075,,0,6.393526e-05,False,
T007835,A0472,2026-02-07 07:29:00,195.89,D_A0472,,0,6.391515e-05,False,
T010415,A0392,2026-02-19 12:17:00,244.73,D_A0392,,0,6.389284e-05,False,
T002806,A0453,2026-01-14 12:40:00,251.97,D_A0453,,0,6.389284e-05,False,
T002218,A0407,2026-01-11 14:53:00,86.13,D_A0407,PAYEE_A0407,0,6.387767e-05,False,
T006269,A0345,2026-01-30 20:24:00,85.9,D_A0345,PAYEE_A0345,0,6.387767e-05,False,
T008079,A0155,2026-02-08 11:06:00,206.59,D_A0155,,0,6.38513e-05,False,
T007406,A0026,2026-02-05 10:19:00,188.61,D_A0026,,0,6.3844294e-05,False,
T006390,A0392,2026-01-31 13:47:00,260.17,D_A0392,,0,6.381952e-05,False,
T009804,A0211,2026-02-16 13:10:00,261.49,D_A0211,,0,6.381952e-05,False,
T001347,A0357,2026-01-07 12:44:00,103.01,D_A0357,PAYEE_A0357,0,6.3776206e-05,False,
T009340,A0263,2026-02-14 10:49:00,335.31,D_A0263,,0,6.376623e-05,False,
T000074,A0124,2026-01-01 12:23:00,568.46,D_A0124,,0,6.3717605e-05,False,
T003486,A0307,2026-01-17 12:32:00,321.29,D_A0307,,0,6.3717605e-05,False,
T004243,A0464,2026-01-21 07:40:00,94.71,D_A0464,,0,6.365614e-05,False,
T010676,A0496,2026-02-20 13:40:00,329.68,D_A0496,,0,6.364449e-05,False,
T000303,A0255,2026-01-02 13:39:00,406.6,D_A0255,,0,6.364449e-05,False,
T010438,A0496,2026-02-19 13:20:00,314.74,D_A0496,,0,6.364449e-05,False,
T002442,A0479,2026-01-12 14:58:00,144.9,D_A0479,PAYEE_A0479,0,6.3579944e-05,False,
T011780,A0441,2026-02-26 07:16:00,117.26,D_A0441,,0,6.348677e-05,False,
T002408,A0361,2026-01-12 13:42:00,119.86,D_A0361,,0,6.3426916e-05,False,
T001268,A0341,2026-01-07 07:39:00,182.51,D_A0341,,0,6.337262e-05,False,
T004978,A0174,2026-01-24 15:57:00,228.63,D_A0174,,0,6.325483e-05,False,
T006410,A0319,2026-01-31 14:34:00,176.96,D_A0319,PAYEE_A0319,0,6.325097e-05,False,
T006763,A0013,2026-02-02 09:04:00,169.96,D_A0013,,0,6.315429e-05,False,
T008008,A0417,2026-02-07 19:09:00,197.36,D_A0417,PAYEE_A0417,0,6.313069e-05,False,
T006601,A0417,2026-02-01 13:28:00,199.34,D_A0417,PAYEE_A0417,0,6.313069e-05,False,
T007198,A0401,2026-02-04 07:36:00,174.66,D_A0401,,0,6.3077976e-05,False,
T000571,A0449,2026-01-03 17:07:00,385.2,D_FAM_0,,0,6.3036125e-05,False,
T001563,R005,2026-01-08 12:55:00,120.71,D_R005,,0,6.300589e-05,False,
T011285,A0241,2026-02-23 13:04:00,51.82,D_A0241,PAYEE_A0241,0,6.300427e-05,False,
T009046,A0386,2026-02-12 17:55:00,40.89,D_A0386,,0,6.288644e-05,False,
T006304,A0347,2026-01-31 08:20:00,164.45,D_A0347,,0,6.276997e-05,False,
T005628,A0373,2026-01-27 16:25:00,10.38,D_A0373,,0,6.271181e-05,False,
T009907,A0247,2026-02-16 19:34:00,29.24,D_A0247,,0,6.271181e-05,False,
T006944,A0386,2026-02-02 20:32:00,10.54,D_A0386,,0,6.271181e-05,False,
T001999,A0108,2026-01-10 14:38:00,29.05,D_A0108,,0,6.271181e-05,False,
T008547,A0166,2026-02-10 12:34:00,262.35,D_A0166,,0,6.267786e-05,False,
T007157,A0412,2026-02-03 19:34:00,249.44,D_A0412,,0,6.266196e-05,False,
T009387,A0412,2026-02-14 13:31:00,246.39,D_A0412,,0,6.266196e-05,False,
T002301,A0071,2026-01-11 22:21:00,246.28,D_A0071,,0,6.266196e-05,False,
T010463,A0329,2026-02-19 14:30:00,256.55,D_A0329,,0,6.266196e-05,False,
T012266,A0113,2026-02-28 14:44:00,295.43,D_FAM_3,,0,6.263651e-05,False,
T010999,A0350,2026-02-22 07:36:00,129.78,D_A0350,,0,6.242774e-05,False,
T006519,A0373,2026-02-01 07:46:00,37.7,D_A0373,,0,6.2420775e-05,False,
T005044,A0241,2026-01-25 07:32:00,101.12,D_A0241,,0,6.238013e-05,False,
T009868,A0346,2026-02-16 16:27:00,298.66,D_A0346,,0,6.235182e-05,False,
T004047,A0361,2026-01-20 07:21:00,197.83,D_A0361,,0,6.227884e-05,False,
T003855,A0048,2026-01-19 07:47:00,86.29,D_A0048,,0,6.2245475e-05,False,
T010623,A0170,2026-02-20 11:55:00,195.74,D_A0170,,0,6.2231535e-05,False,
T010984,A0346,2026-02-21 20:22:00,316.42,D_A0346,,0,6.2178675e-05,False,
T000246,A0355,2026-01-02 10:58:00,140.77,D_A0355,,0,6.2121246e-05,False,
T006189,A0215,2026-01-30 14:10:00,122.06,D_A0215,PAYEE_A0215,0,6.211319e-05,False,
T000670,A0228,2026-01-04 11:02:00,245.76,D_A0228,,0,6.197982e-05,False,
T000385,A0050,2026-01-02 19:29:00,233.06,D_A0050,,0,6.194006e-05,False,
T002542,A0166,2026-01-13 08:29:00,177.47,D_A0166,,0,6.190156e-05,False,
T006058,A0186,2026-01-29 19:03:00,28.54,D_A0186,,0,6.189867e-05,False,
T010546,A0125,2026-02-19 20:05:00,27.36,D_A0125,,0,6.189867e-05,False,
T007272,A0071,2026-02-04 14:11:00,230.93,D_A0071,,0,6.189359e-05,False,
T000879,A0294,2026-01-05 10:14:00,236.73,D_A0294,,0,6.1880666e-05,False,
T011624,A0205,2026-02-25 10:49:00,169.86,D_A0205,,0,6.1843384e-05,False,
T002347,A0312,2026-01-12 10:22:00,79.67,D_A0312,,0,6.176594e-05,False,
T011079,A0166,2026-02-22 12:59:00,257.46,D_A0166,,0,6.161504e-05,False,
T008310,A0244,2026-02-09 11:13:00,202.42,D_A0244,,0,6.157498e-05,False,
T002460,A0336,2026-01-12 15:57:00,265.19,D_A0336,,0,6.154434e-05,False,
T001674,A0127,2026-01-08 20:15:00,357.91,D_A0127,,0,6.152991e-05,False,
T012110,A0145,2026-02-27 18:24:00,257.11,D_A0145,,0,6.150808e-05,False,
T005585,A0363,2026-01-27 14:36:00,254.88,D_A0363,,0,6.150808e-05,False,
T002937,A0449,2026-01-14 21:24:00,446.44,D_FAM_0,,0,6.135647e-05,False,
T001560,A0493,2026-01-08 12:49:00,434.0,D_A0493,,0,6.135272e-05,False,
T012448,A0244,2026-03-01 13:55:00,269.6,D_A0244,,0,6.1307575e-05,False,
T003285,A0293,2026-01-16 14:32:00,183.98,D_A0293,,0,6.1284896e-05,False,
T001872,A0369,2026-01-09 20:44:00,399.52,D_A0369,,0,6.128233e-05,False,
T012047,A0255,2026-02-27 13:54:00,364.09,D_A0255,,0,6.128233e-05,False,
T009638,A0369,2026-02-15 15:53:00,430.12,D_A0369,,0,6.128233e-05,False,
T006651,A0097,2026-02-01 16:17:00,80.54,D_FAM_1,PAYEE_A0097,0,6.1281564e-05,False,
T008637,A0232,2026-02-10 17:40:00,101.22,D_A0232,PAYEE_A0232,0,6.1118444e-05,False,
T005760,A0280,2026-01-28 12:45:00,265.49,D_A0280,,0,6.110003e-05,False,
T008605,A0433,2026-02-10 15:37:00,40.63,D_A0433,,0,6.10408e-05,False,
T011506,A0176,2026-02-24 14:50:00,152.9,D_A0176,,0,6.103597e-05,False,
T008254,A0162,2026-02-08 23:30:00,254.61,D_A0162,,0,6.1029918e-05,False,
T012563,A0445,2026-03-01 21:58:00,239.59,D_A0445,,0,6.1029918e-05,False,
T007755,A0244,2026-02-06 15:58:00,244.33,D_A0244,,0,6.1029918e-05,False,
T008271,A0346,2026-02-09 07:54:00,115.14,D_A0346,,0,6.0980758e-05,False,
T007186,A0228,2026-02-04 07:04:00,112.84,D_A0228,,0,6.0980758e-05,False,
T000575,A0039,2026-01-03 17:29:00,101.46,D_A0039,PAYEE_A0039,0,6.0938033e-05,False,
T009314,A0402,2026-02-14 09:03:00,162.34,D_A0402,,0,6.0888426e-05,False,
T002424,A0008,2026-01-12 14:16:00,28.66,D_A0008,,0,6.087397e-05,False,
T004308,A0330,2026-01-21 13:16:00,48.37,D_A0330,,0,6.087397e-05,False,
T003124,A0384,2026-01-15 17:27:00,210.16,D_A0384,,0,6.0868977e-05,False,
T009013,A0231,2026-02-12 15:30:00,184.49,D_A0231,,0,6.0808467e-05,False,
T001933,A0166,2026-01-10 11:32:00,276.06,D_A0166,,0,6.0706952e-05,False,
T000759,A0024,2026-01-04 15:18:00,343.02,D_A0024,,0,6.0671882e-05,False,
T008963,A0291,2026-02-12 12:34:00,179.87,D_A0291,,0,6.0595266e-05,False,
T002640,A0208,2026-01-13 14:21:00,182.38,D_A0208,,0,6.052574e-05,False,
T008820,A0324,2026-02-11 16:28:00,244.15,D_A0324,,0,6.043634e-05,False,
T001826,A0328,2026-01-09 16:27:00,249.66,D_A0328,,0,6.042804e-05,False,
T003989,A0273,2026-01-19 15:28:00,203.04,D_A0273,,0,6.039002e-05,False,
T005224,A0486,2026-01-25 19:47:00,479.57,D_A0486,,0,6.0356455e-05,False,
T003234,A0356,2026-01-16 11:34:00,44.07,D_A0356,PAYEE_A0356,0,6.0200335e-05,False,
T007841,A0170,2026-02-07 08:23:00,58.49,D_A0170,PAYEE_A0170,0,6.0180988e-05,False,
T010454,A0310,2026-02-19 14:07:00,277.57,D_A0310,,0,6.0143466e-05,False,
T009838,A0147,2026-02-16 14:57:00,138.98,D_A0147,PAYEE_A0147,0,6.0111648e-05,False,
T004721,A0096,2026-01-23 12:31:00,318.48,D_A0096,,0,5.9993105e-05,False,
T001333,A0369,2026-01-07 12:05:00,360.84,D_A0369,,0,5.9993105e-05,False,
T010225,A0376,2026-02-18 12:09:00,318.43,D_A0376,,0,5.9993105e-05,False,
T001310,A0065,2026-01-07 10:51:00,202.77,D_A0065,,0,5.9987095e-05,False,
T001290,A0181,2026-01-07 09:25:00,158.67,D_A0181,,0,5.9937116e-05,False,
T003535,A0255,2026-01-17 14:44:00,307.72,D_A0255,,0,5.992426e-05,False,
T010958,A0369,2026-02-21 18:05:00,365.57,D_A0369,,0,5.992426e-05,False,
T008235,A0255,2026-02-08 19:40:00,283.59,D_A0255,,0,5.992426e-05,False,
T010298,A0096,2026-02-18 15:53:00,299.37,D_A0096,,0,5.992426e-05,False,
T010500,A0385,2026-02-19 16:20:00,41.84,D_A0385,,0,5.9917802e-05,False,
T005649,A0338,2026-01-27 17:44:00,44.81,D_A0338,,0,5.9917802e-05,False,
T003142,A0281,2026-01-15 18:47:00,265.35,D_A0281,,0,5.9869373e-05,False,
T008081,A0078,2026-02-08 11:10:00,144.55,D_A0078,,0,5.9861322e-05,False,
T007837,A0050,2026-02-07 07:34:00,119.22,D_A0050,,0,5.9775753e-05,False,
T007603,A0445,2026-02-06 07:26:00,158.24,D_A0445,,0,5.97623e-05,False,
T008123,A0232,2026-02-08 13:21:00,223.3,D_A0232,,0,5.9753358e-05,False,
T003748,A0155,2026-01-18 14:19:00,222.09,D_A0155,,0,5.9753358e-05,False,
T012157,A0367,2026-02-28 08:48:00,146.46,D_A0367,,0,5.9737402e-05,False,
T007221,A0263,2026-02-04 10:20:00,417.36,D_A0263,,0,5.9688206e-05,False,
T010209,A0402,2026-02-18 11:04:00,396.09,D_A0402,,0,5.957572e-05,False,
T007615,A0119,2026-02-06 08:07:00,219.87,D_A0119,,0,5.9557322e-05,False,
T002736,A0376,2026-01-14 08:04:00,126.58,D_A0376,,0,5.955056e-05,False,
T006602,A0218,2026-02-01 13:30:00,48.4,D_A0218,,0,5.9479953e-05,False,
T002838,A0423,2026-01-14 13:51:00,33.9,D_A0423,,0,5.9479953e-05,False,
T011422,A0018,2026-02-24 10:28:00,373.39,D_A0018,,0,5.9414426e-05,False,
T004851,A0296,2026-01-24 07:48:00,110.36,D_A0296,,0,5.933895e-05,False,
T002855,A0431,2026-01-14 14:25:00,245.13,D_FAM_11,,0,5.931541e-05,False,
T006076,A0466,2026-01-29 21:39:00,109.35,D_A0466,PAYEE_A0466,0,5.9298276e-05,False,
T009031,A0396,2026-02-12 16:56:00,215.89,D_FAM_3,,0,5.929341e-05,False,
T006260,A0477,2026-01-30 18:22:00,276.28,D_A0477,,0,5.9234804e-05,False,
T012523,A0486,2026-03-01 17:37:00,325.34,D_A0486,,0,5.9208713e-05,False,
T001873,R004,2026-01-09 20:57:00,153.87,D_R004,,0,5.919917e-05,False,
T006673,A0012,2026-02-01 17:18:00,131.63,D_A0012,PAYEE_A0012,0,5.9112524e-05,False,
T006235,A0154,2026-01-30 16:05:00,131.66,D_A0154,PAYEE_A0154,0,5.9112524e-05,False,
T004677,A0492,2026-01-23 08:38:00,203.35,D_A0492,,0,5.9112524e-05,False,
T000259,A0053,2026-01-02 11:41:00,227.45,D_A0053,,0,5.9022288e-05,False,
T008290,A0356,2026-02-09 10:01:00,64.6,D_A0356,PAYEE_A0356,0,5.8976657e-05,False,
T008676,A0107,2026-02-11 07:01:00,46.07,D_A0107,PAYEE_A0107,0,5.89441e-05,False,
T012030,A0260,2026-02-27 13:01:00,568.13,D_A0260,,0,5.8893816e-05,False,
T000615,R008,2026-01-03 23:07:00,212.63,D_R008,,0,5.881092e-05,False,
T005415,A0096,2026-01-26 16:41:00,278.95,D_A0096,,0,5.8810645e-05,False,
T007457,A0410,2026-02-05 13:09:00,182.73,D_A0410,,0,5.864062e-05,False,
T008569,A0366,2026-02-10 13:19:00,74.96,D_FAM_5,,0,5.862234e-05,False,
T007756,A0101,2026-02-06 16:00:00,236.02,D_A0101,,0,5.8524754e-05,False,
T002991,A0205,2026-01-15 10:30:00,160.27,D_A0205,,0,5.849072e-05,False,
T009114,A0065,2026-02-13 10:20:00,190.53,D_A0065,,0,5.84513e-05,False,
T008544,A0208,2026-02-10 12:19:00,177.08,D_A0208,,0,5.8435027e-05,False,
T004423,A0135,2026-01-22 07:12:00,202.83,D_A0135,,0,5.842377e-05,False,
T005595,A0170,2026-01-27 15:07:00,229.03,D_A0170,,0,5.8423546e-05,False,
T012275,A0071,2026-02-28 15:13:00,222.18,D_A0071,,0,5.8365356e-05,False,
T003287,A0415,2026-01-16 14:33:00,30.28,D_A0415,,0,5.832123e-05,False,
T002624,A0246,2026-01-13 13:17:00,30.68,D_A0246,,0,5.832123e-05,False,
T008552,A0437,2026-02-10 12:45:00,211.49,D_FAM_3,,0,5.831918e-05,False,
T001828,A0245,2026-01-09 16:31:00,77.36,D_A0245,PAYEE_A0245,0,5.831478e-05,False,
T010942,A0438,2026-02-21 17:08:00,603.99,D_A0438,,0,5.8292044e-05,False,
T006930,A0238,2026-02-02 19:07:00,552.99,D_A0238,,0,5.8292044e-05,False,
T006650,A0119,2026-02-01 16:15:00,870.1,D_A0119,,0,5.8292044e-05,False,
T002908,A0285,2026-01-14 17:40:00,832.88,D_A0285,,0,5.8292044e-05,False,
T010793,A0351,2026-02-21 07:40:00,56.74,D_A0351,PAYEE_A0351,0,5.8200727e-05,False,
T010765,A0477,2026-02-20 18:50:00,276.62,D_A0477,,0,5.810839e-05,False,
T006308,A0471,2026-01-31 08:43:00,73.17,D_A0471,,0,5.8015037e-05,False,
T003404,A0413,2026-01-17 07:10:00,62.75,D_A0413,,0,5.798069e-05,False,
T002945,A0335,2026-01-15 07:14:00,45.75,D_A0335,,0,5.798069e-05,False,
T004241,A0487,2026-01-21 07:21:00,81.56,D_A0487,,0,5.798069e-05,False,
T009721,A0083,2026-02-16 07:47:00,355.25,D_A0083,,0,5.796079e-05,False,
T005015,A0205,2026-01-24 19:52:00,172.88,D_A0205,,0,5.795969e-05,False,
T011315,A0177,2026-02-23 15:08:00,106.74,D_A0177,,0,5.7915262e-05,False,
T009437,A0303,2026-02-14 15:46:00,81.43,D_FAM_4,,0,5.7883735e-05,False,
T000848,A0157,2026-01-05 07:49:00,118.39,D_A0157,,0,5.7862824e-05,False,
T005251,A0375,2026-01-26 07:44:00,112.39,D_A0375,,0,5.7862824e-05,False,
T006114,A0406,2026-01-30 10:02:00,142.73,D_A0406,,0,5.7824764e-05,False,
T006982,A0346,2026-02-03 08:56:00,132.22,D_A0346,,0,5.7680794e-05,False,
T009128,A0369,2026-02-13 11:12:00,639.99,D_A0369,,0,5.7670346e-05,False,
T009332,A0282,2026-02-14 10:00:00,208.63,D_A0282,,0,5.756661e-05,False,
T009731,A0430,2026-02-16 08:47:00,137.39,D_A0430,,0,5.7563644e-05,False,
T011464,A0145,2026-02-24 12:49:00,231.24,D_A0145,,0,5.74136e-05,False,
T010629,A0155,2026-02-20 12:07:00,230.14,D_A0155,,0,5.74136e-05,False,
T000669,A0387,2026-01-04 10:56:00,56.58,D_A0387,,0,5.7410856e-05,False,
T004498,A0477,2026-01-22 12:39:00,310.1,D_A0477,,0,5.7390385e-05,False,
T001345,A0001,2026-01-07 12:37:00,559.38,D_A0001,,0,5.7382833e-05,False,
T009770,A0078,2026-02-16 11:37:00,136.78,D_A0078,,0,5.7351106e-05,False,
T001282,A0097,2026-01-07 08:35:00,120.01,D_FAM_1,,0,5.732879e-05,False,
T000946,A0282,2026-01-05 14:24:00,336.85,D_A0282,,0,5.732453e-05,False,
T001300,A0344,2026-01-07 10:13:00,150.71,D_A0344,,0,5.732442e-05,False,
T008495,A0322,2026-02-10 09:40:00,79.27,D_A0322,PAYEE_A0322,0,5.7307425e-05,False,
T000549,A0324,2026-01-03 16:03:00,280.32,D_A0324,,0,5.7290978e-05,False,
T011800,A0365,2026-02-26 09:54:00,127.73,D_A0365,,0,5.721132e-05,False,
T001073,A0198,2026-01-06 09:57:00,152.28,D_A0198,,0,5.7179685e-05,False,
T010921,A0462,2026-02-21 15:33:00,87.45,D_A0462,PAYEE_A0462,0,5.7088317e-05,False,
T005559,A0413,2026-01-27 13:27:00,80.69,D_A0413,PAYEE_A0413,0,5.7088317e-05,False,
T010511,A0414,2026-02-19 16:58:00,100.22,D_A0414,PAYEE_A0414,0,5.7088317e-05,False,
T011927,A0211,2026-02-26 16:46:00,232.64,D_A0211,,0,5.7034067e-05,False,
T012443,A0155,2026-03-01 13:34:00,234.68,D_A0155,,0,5.7000463e-05,False,
T010002,A0145,2026-02-17 12:22:00,220.89,D_A0145,,0,5.691052e-05,False,
T003639,A0345,2026-01-18 07:02:00,91.42,D_A0345,,0,5.687189e-05,False,
T006446,A0170,2026-01-31 16:32:00,225.73,D_A0170,,0,5.681037e-05,False,
T006343,A0050,2026-01-31 10:45:00,127.2,D_A0050,,0,5.6770994e-05,False,
T006517,A0364,2026-02-01 07:18:00,142.4,D_A0364,,0,5.675957e-05,False,
T004855,A0089,2026-01-24 08:05:00,130.68,D_A0089,,0,5.67573e-05,False,
T011917,A0053,2026-02-26 16:15:00,211.88,D_A0053,,0,5.6745343e-05,False,
T003188,A0087,2026-01-16 08:38:00,511.94,D_A0087,,0,5.672305e-05,False,
T005089,A0314,2026-01-25 11:43:00,216.2,D_A0314,,0,5.6702607e-05,False,
T007025,A0442,2026-02-03 11:33:00,256.98,D_A0442,,0,5.6699257e-05,False,
T001491,A0139,2026-01-08 08:54:00,117.65,D_FAM_7,,0,5.66269e-05,False,
T002954,A0018,2026-01-15 07:47:00,119.13,D_A0018,,0,5.6545257e-05,False,
T002093,A0426,2026-01-11 07:57:00,77.34,D_A0426,,0,5.6516576e-05,False,
T006578,A0372,2026-02-01 12:11:00,223.31,D_A0372,,0,5.6468096e-05,False,
T007903,A0481,2026-02-07 12:59:00,227.68,D_A0481,,0,5.6468096e-05,False,
T008758,A0019,2026-02-11 12:49:00,247.96,D_A0019,,0,5.6445428e-05,False,
T001001,A0257,2026-01-05 17:07:00,103.58,D_A0257,PAYEE_A0257,0,5.643719e-05,False,
T006057,A0244,2026-01-29 19:01:00,219.77,D_A0244,,0,5.6403293e-05,False,
T002874,A0281,2026-01-14 15:17:00,226.08,D_A0281,,0,5.6403293e-05,False,
T005693,A0016,2026-01-28 07:28:00,223.9,D_FAM_12,,0,5.640238e-05,False,
T003254,A0062,2026-01-16 12:55:00,24.12,D_A0062,,0,5.6381356e-05,False,
T004300,A0323,2026-01-21 12:42:00,28.0,D_A0323,,0,5.6381356e-05,False,
T001967,A0114,2026-01-10 13:18:00,252.04,D_A0114,,0,5.6380653e-05,False,
T012298,A0029,2026-02-28 16:00:00,153.03,D_A0029,,0,5.6318e-05,False,
T001583,A0417,2026-01-08 13:45:00,56.99,D_A0417,,0,5.6316654e-05,False,
T012226,A0371,2026-02-28 13:16:00,33.1,D_A0371,,0,5.6316654e-05,False,
T002293,A0258,2026-01-11 20:20:00,214.79,D_A0258,,0,5.63042e-05,False,
T007718,A0286,2026-02-06 13:57:00,161.01,D_FAM_10,,0,5.628053e-05,False,
T003906,A0152,2026-01-19 11:57:00,134.96,D_A0152,,0,5.626051e-05,False,
T008528,A0198,2026-02-10 11:29:00,396.37,D_A0198,,0,5.620115e-05,False,
T001050,A0302,2026-01-06 07:15:00,26.0,D_A0302,,0,5.6177785e-05,False,
T000420,A0186,2026-01-03 07:59:00,47.82,D_A0186,,0,5.6132216e-05,False,
T000406,A0099,2026-01-03 07:08:00,50.86,D_A0099,,0,5.6132216e-05,False,
T000553,A0150,2026-01-03 16:22:00,24.26,D_A0150,PAYEE_A0150,0,5.610187e-05,False,
T008840,A0081,2026-02-11 18:13:00,199.86,D_A0081,,0,5.6012388e-05,False,
T004738,A0074,2026-01-23 13:40:00,232.88,D_A0074,,0,5.600726e-05,False,
T008055,A0193,2026-02-08 08:48:00,174.07,D_A0193,,0,5.5980934e-05,False,
T001727,R001,2026-01-09 11:24:00,244.76,D_R001,,0,5.59527e-05,False,
T006910,A0291,2026-02-02 17:34:00,150.78,D_A0291,,0,5.5880184e-05,False,
T003325,A0321,2026-01-16 16:18:00,162.87,D_A0321,,0,5.5880184e-05,False,
T012055,A0205,2026-02-27 14:20:00,156.84,D_A0205,,0,5.5880184e-05,False,
T011728,A0205,2026-02-25 16:50:00,153.49,D_A0205,,0,5.5880184e-05,False,
T011172,A0324,2026-02-22 17:37:00,223.58,D_A0324,,0,5.5854714e-05,False,
T000719,A0145,2026-01-04 13:19:00,298.51,D_A0145,,0,5.5824148e-05,False,
T005909,A0483,2026-01-29 10:03:00,74.66,D_A0483,PAYEE_A0483,0,5.5823028e-05,False,
T004278,A0243,2026-01-21 11:46:00,597.86,D_A0243,,0,5.5756373e-05,False,
T001755,A0375,2026-01-09 12:57:00,510.33,D_A0375,,0,5.5655808e-05,False,
T005690,A0139,2026-01-28 07:10:00,78.75,D_FAM_7,,0,5.5646786e-05,False,
T003179,A0345,2026-01-16 07:37:00,69.09,D_A0345,,0,5.5635483e-05,False,
T007322,A0217,2026-02-04 16:50:00,355.62,D_A0217,,0,5.559194e-05,False,
T003018,A0194,2026-01-15 11:50:00,263.93,D_FAM_2,,0,5.556332e-05,False,
T011945,A0496,2026-02-26 17:56:00,252.33,D_A0496,,0,5.5515342e-05,False,
T005482,A0283,2026-01-27 08:16:00,81.25,D_A0283,,0,5.5445555e-05,False,
T012054,A0166,2026-02-27 14:14:00,77.49,D_A0166,PAYEE_A0166,0,5.5346343e-05,False,
T012196,A0177,2026-02-28 11:12:00,389.95,D_A0177,,0,5.532291e-05,False,
T002967,A0020,2026-01-15 08:36:00,164.47,D_A0020,,0,5.532149e-05,False,
T008904,A0314,2026-02-12 10:06:00,176.25,D_FAM_10,,0,5.5075194e-05,False,
T004887,A0236,2026-01-24 10:57:00,176.4,D_A0236,,0,5.5043223e-05,False,
T001018,A0322,2026-01-05 18:47:00,49.9,D_A0322,,0,5.5032986e-05,False,
T002272,A0140,2026-01-11 18:12:00,37.02,D_A0140,,0,5.5032986e-05,False,
T012551,A0278,2026-03-01 20:07:00,25.74,D_A0278,,0,5.5032986e-05,False,
T001258,A0013,2026-01-06 23:33:00,51.08,D_A0013,,0,5.5032986e-05,False,
T005824,A0448,2026-01-28 16:10:00,24.3,D_A0448,,0,5.5032986e-05,False,
T000226,A0282,2026-01-02 10:06:00,110.31,D_A0282,,0,5.4990913e-05,False,
T002249,A0018,2026-01-11 16:38:00,905.38,D_A0018,,0,5.4990174e-05,False,
T003225,A0286,2026-01-16 10:59:00,142.06,D_FAM_10,,0,5.4883672e-05,False,
T001555,A0460,2026-01-08 12:34:00,249.84,D_A0460,,0,5.478949e-05,False,
T006325,A0333,2026-01-31 09:45:00,143.05,D_A0333,,0,5.477492e-05,False,
T011919,A0456,2026-02-26 16:25:00,149.03,D_A0456,,0,5.4750686e-05,False,
T000005,A0282,2026-01-01 07:30:00,34.0,D_A0282,,0,5.470794e-05,False,
T008458,A0101,2026-02-09 21:29:00,208.62,D_A0101,,0,5.4667576e-05,False,
T003952,A0096,2026-01-19 14:24:00,271.07,D_A0096,,0,5.4532044e-05,False,
T002444,A0175,2026-01-12 15:07:00,127.2,D_FAM_7,PAYEE_A0175,0,5.449737e-05,False,
T004638,A0433,2026-01-22 20:53:00,45.86,D_A0433,PAYEE_A0433,0,5.4466764e-05,False,
T009676,A0365,2026-02-15 18:39:00,192.52,D_A0365,,0,5.4422944e-05,False,
T007311,A0465,2026-02-04 16:16:00,111.04,D_A0465,PAYEE_A0465,0,5.441926e-05,False,
T008537,A0482,2026-02-10 12:04:00,197.79,D_A0482,,0,5.4348315e-05,False,
T008255,A0101,2026-02-08 23:30:00,202.63,D_A0101,,0,5.428595e-05,False,
T010929,A0307,2026-02-21 15:54:00,245.87,D_A0307,,0,5.428507e-05,False,
T007946,A0040,2026-02-07 15:24:00,209.99,D_A0040,,0,5.4275857e-05,False,
T003951,A0468,2026-01-19 14:22:00,210.5,D_A0468,,0,5.4275857e-05,False,
T004128,A0383,2026-01-20 13:39:00,97.48,D_A0383,PAYEE_A0383,0,5.4182252e-05,False,
T007772,A0480,2026-02-06 16:54:00,335.43,D_FAM_6,,0,5.4127977e-05,False,
T002941,A0314,2026-01-14 23:01:00,115.5,D_FAM_10,,0,5.4115386e-05,False,
T006389,A0260,2026-01-31 13:41:00,428.3,D_A0260,,0,5.411063e-05,False,
T005764,A0260,2026-01-28 13:01:00,481.91,D_A0260,,0,5.411063e-05,False,
T002370,A0056,2026-01-12 11:47:00,156.89,D_A0056,,0,5.4092066e-05,False,
T006293,A0137,2026-01-31 07:41:00,73.92,D_FAM_13,,0,5.4015978e-05,False,
T006246,A0413,2026-01-30 16:51:00,231.37,D_A0413,,0,5.4006145e-05,False,
T009154,A0397,2026-02-13 12:53:00,128.16,D_A0397,,0,5.3907657e-05,False,
T004169,A0208,2026-01-20 15:53:00,164.81,D_A0208,,0,5.388802e-05,False,
T003116,A0208,2026-01-15 16:55:00,165.49,D_A0208,,0,5.388802e-05,False,
T011983,A0283,2026-02-27 08:27:00,81.48,D_A0283,,0,5.385992e-05,False,
T007703,A0498,2026-02-06 13:24:00,215.73,D_A0498,,0,5.3843076e-05,False,
T005166,A0121,2026-01-25 15:55:00,211.92,D_A0121,,0,5.3843076e-05,False,
T009618,A0389,2026-02-15 14:55:00,211.62,D_A0389,,0,5.3843076e-05,False,
T002927,A0119,2026-01-14 19:38:00,187.26,D_A0119,,0,5.376719e-05,False,
T010812,A0144,2026-02-21 09:42:00,90.29,D_A0144,PAYEE_A0144,0,5.3651176e-05,False,
T003432,A0062,2026-01-17 08:47:00,223.54,D_A0062,,0,5.3598356e-05,False,
T003078,A0205,2026-01-15 14:43:00,43.19,D_A0205,PAYEE_A0205,0,5.3594522e-05,False,
T000542,A0304,2026-01-03 15:44:00,45.47,D_A0304,PAYEE_A0304,0,5.3594522e-05,False,
T004161,A0457,2026-01-20 15:12:00,56.68,D_A0457,PAYEE_A0457,0,5.3594522e-05,False,
T003340,A0464,2026-01-16 17:05:00,44.09,D_A0464,PAYEE_A0464,0,5.3594522e-05,False,
T005927,A0376,2026-01-29 11:20:00,399.5,D_A0376,,0,5.3593754e-05,False,
T002333,A0216,2026-01-12 09:26:00,67.71,D_A0216,,0,5.3582306e-05,False,
T007610,A0188,2026-02-06 07:47:00,118.91,D_A0188,,0,5.3486583e-05,False,
T004868,A0174,2026-01-24 09:33:00,104.48,D_A0174,,0,5.347807e-05,False,
T008136,A0154,2026-02-08 14:02:00,128.55,D_A0154,,0,5.345232e-05,False,
T011430,A0376,2026-02-24 10:53:00,157.25,D_A0376,,0,5.3436674e-05,False,
T011655,A0245,2026-02-25 12:49:00,255.97,D_A0245,,0,5.341288e-05,False,
T008680,A0152,2026-02-11 07:15:00,34.67,D_A0152,,0,5.3403764e-05,False,
T011588,A0152,2026-02-25 07:52:00,47.84,D_A0152,,0,5.3403764e-05,False,
T001102,A0123,2026-01-06 11:47:00,153.99,D_A0123,,0,5.3393273e-05,False,
T007719,A0251,2026-02-06 13:59:00,28.97,D_A0251,,0,5.337678e-05,False,
T004093,A0453,2026-01-20 11:22:00,225.78,D_A0453,,0,5.336894e-05,False,
T006776,A0128,2026-02-02 09:55:00,217.42,D_A0128,,0,5.3367516e-05,False,
T011437,A0177,2026-02-24 11:23:00,300.49,D_A0177,,0,5.335062e-05,False,
T003559,A0053,2026-01-17 15:54:00,202.48,D_A0053,,0,5.3317715e-05,False,
T006406,A0155,2026-01-31 14:27:00,206.5,D_A0155,,0,5.32863e-05,False,
T005212,A0040,2026-01-25 18:20:00,198.63,D_A0040,,0,5.32863e-05,False,
T003397,A0435,2026-01-16 23:21:00,204.52,D_A0435,,0,5.32863e-05,False,
T008397,A0333,2026-02-09 15:40:00,301.64,D_FAM_9,,0,5.328158e-05,False,
T000409,A0286,2026-01-03 07:13:00,52.32,D_A0286,,0,5.3250187e-05,False,
T000411,A0499,2026-01-03 07:19:00,67.14,D_A0499,,0,5.3250187e-05,False,
T000006,A0025,2026-01-01 07:44:00,48.17,D_A0025,,0,5.3250187e-05,False,
T010940,A0011,2026-02-21 16:41:00,97.85,D_A0011,PAYEE_A0011,0,5.3231604e-05,False,
T012032,A0228,2026-02-27 13:03:00,241.08,D_A0228,,0,5.3219675e-05,False,
T010186,A0375,2026-02-18 09:21:00,144.93,D_A0375,,0,5.320699e-05,False,
T009520,A0006,2026-02-15 08:10:00,147.09,D_FAM_7,,0,5.320197e-05,False,
T009088,A0046,2026-02-13 07:07:00,60.18,D_A0046,,0,5.3187963e-05,False,
T005944,A0384,2026-01-29 12:26:00,90.73,D_A0384,PAYEE_A0384,0,5.315115e-05,False,
T000371,A0366,2026-01-02 17:29:00,35.31,D_FAM_5,,0,5.3133266e-05,False,
T009291,A0114,2026-02-14 07:06:00,68.42,D_A0114,,0,5.309528e-05,False,
T010553,A0426,2026-02-20 07:03:00,44.69,D_A0426,,0,5.309528e-05,False,
T002950,A0158,2026-01-15 07:30:00,23.73,D_A0158,,0,5.309528e-05,False,
T003649,A0051,2026-01-18 07:54:00,79.52,D_A0051,,0,5.309528e-05,False,
T005469,A0413,2026-01-27 07:37:00,81.39,D_A0413,,0,5.309528e-05,False,
T002311,A0335,2026-01-12 07:12:00,53.59,D_A0335,,0,5.309528e-05,False,
T011589,A0048,2026-02-25 07:53:00,38.38,D_A0048,,0,5.309528e-05,False,
T008479,A0253,2026-02-10 07:33:00,32.78,D_A0253,,0,5.309528e-05,False,
T010794,A0070,2026-02-21 07:46:00,60.07,D_A0070,,0,5.309528e-05,False,
T012367,A0442,2026-03-01 07:42:00,126.46,D_A0442,,0,5.3045176e-05,False,
T001246,A0275,2026-01-06 20:41:00,114.11,D_FAM_5,PAYEE_A0275,0,5.29885e-05,False,
T011212,A0094,2026-02-23 08:05:00,54.23,D_A0094,,0,5.2899282e-05,False,
T010905,A0243,2026-02-21 14:55:00,77.33,D_A0243,,0,5.2872052e-05,False,
T005010,A0363,2026-01-24 19:07:00,200.38,D_A0363,,0,5.2872052e-05,False,
T000870,A0449,2026-01-05 09:29:00,298.74,D_FAM_0,,0,5.2860403e-05,False,
T007994,A0490,2026-02-07 18:00:00,211.43,D_A0490,,0,5.2790787e-05,False,
T008144,A0397,2026-02-08 14:23:00,255.23,D_A0397,,0,5.2727344e-05,False,
T000846,A0194,2026-01-05 07:43:00,119.38,D_FAM_2,,0,5.2718744e-05,False,
T010217,A0081,2026-02-18 11:39:00,88.83,D_A0081,PAYEE_A0081,0,5.2663876e-05,False,
T005464,A0175,2026-01-27 07:06:00,53.9,D_FAM_7,,0,5.263942e-05,False,
T003210,A0174,2026-01-16 10:07:00,109.41,D_A0174,,0,5.260565e-05,False,
T001907,A0243,2026-01-10 09:34:00,306.55,D_A0243,,0,5.256423e-05,False,
T001980,A0389,2026-01-10 13:49:00,193.34,D_A0389,,0,5.2451815e-05,False,
T000736,R008,2026-01-04 14:05:00,191.24,D_R008,,0,5.2451815e-05,False,
T000494,A0437,2026-01-03 13:11:00,225.01,D_FAM_3,,0,5.243361e-05,False,
T009833,A0074,2026-02-16 14:39:00,203.04,D_A0074,,0,5.2357813e-05,False,
T011004,A0273,2026-02-22 07:57:00,116.82,D_A0273,,0,5.228372e-05,False,
T002764,A0006,2026-01-14 10:05:00,159.27,D_FAM_7,,0,5.2233783e-05,False,
T007861,A0347,2026-02-07 10:22:00,184.98,D_A0347,,0,5.2199925e-05,False,
T012268,A0064,2026-02-28 14:49:00,292.82,D_A0064,,0,5.215992e-05,False,
T002326,A0178,2026-01-12 08:54:00,77.14,D_A0178,,0,5.2158077e-05,False,
T009244,A0028,2026-02-13 17:07:00,185.46,D_A0028,,0,5.2149124e-05,False,
T001051,A0138,2026-01-06 07:15:00,102.15,D_A0138,,0,5.21438e-05,False,
T012390,A0185,2026-03-01 10:11:00,214.09,D_A0185,,0,5.206495e-05,False,
T005480,A0078,2026-01-27 08:01:00,81.5,D_A0078,,0,5.1946914e-05,False,
T007333,A0372,2026-02-04 17:36:00,215.89,D_A0372,,0,5.192354e-05,False,
T000597,A0071,2026-01-03 18:54:00,245.31,D_A0071,,0,5.1923143e-05,False,
T003880,A0020,2026-01-19 10:17:00,192.34,D_A0020,,0,5.184472e-05,False,
T005772,A0115,2026-01-28 13:22:00,464.73,D_A0115,,0,5.182697e-05,False,
T007364,A0115,2026-02-04 19:46:00,406.44,D_A0115,,0,5.182697e-05,False,
T010945,A0115,2026-02-21 17:19:00,322.25,D_A0115,,0,5.182697e-05,False,
T010944,A0001,2026-02-21 17:14:00,292.29,D_A0001,,0,5.182697e-05,False,
T002394,A0444,2026-01-12 13:13:00,282.59,D_A0444,,0,5.182697e-05,False,
T006948,A0028,2026-02-02 21:40:00,76.94,D_A0028,PAYEE_A0028,0,5.1815114e-05,False,
T000679,A0238,2026-01-04 11:42:00,128.0,D_A0238,PAYEE_A0238,0,5.1812e-05,False,
T010997,A0319,2026-02-22 07:28:00,210.67,D_A0319,,0,5.1788636e-05,False,
T011024,A0402,2026-02-22 10:13:00,175.52,D_A0402,,0,5.1778166e-05,False,
T001564,A0024,2026-01-08 12:56:00,247.45,D_A0024,,0,5.17447e-05,False,
T002585,A0157,2026-01-13 11:40:00,186.71,D_A0157,,0,5.1712093e-05,False,
T007227,A0321,2026-02-04 10:56:00,152.68,D_A0321,,0,5.1708987e-05,False,
T005903,A0419,2026-01-29 09:53:00,146.27,D_A0419,,0,5.1680243e-05,False,
T005466,A0356,2026-01-27 07:15:00,63.02,D_A0356,,0,5.1674626e-05,False,
T003236,A0233,2026-01-16 11:44:00,290.23,D_A0233,,0,5.164443e-05,False,
T008507,A0161,2026-02-10 10:33:00,128.63,D_A0161,,0,5.1483534e-05,False,
T008604,A0347,2026-02-10 15:35:00,627.26,D_A0347,,0,5.1463212e-05,False,
T003584,A0497,2026-01-17 17:11:00,600.99,D_A0497,,0,5.1463212e-05,False,
T001044,A0496,2026-01-05 23:39:00,233.88,D_A0496,,0,5.1446874e-05,False,
T002841,A0380,2026-01-14 13:59:00,232.32,D_A0380,,0,5.1446874e-05,False,
T006779,A0124,2026-02-02 10:02:00,174.24,D_A0124,,0,5.1407347e-05,False,
T001880,A0101,2026-01-09 22:04:00,196.32,D_A0101,,0,5.1395386e-05,False,
T010969,A0207,2026-02-21 18:50:00,70.29,D_A0207,,0,5.1322557e-05,False,
T012341,A0487,2026-02-28 19:06:00,223.76,D_A0487,,0,5.130675e-05,False,
T005726,A0390,2026-01-28 10:33:00,185.09,D_A0390,,0,5.120728e-05,False,
T012420,A0123,2026-03-01 12:09:00,305.26,D_A0123,,0,5.1203322e-05,False,
T002099,A0410,2026-01-11 08:25:00,102.84,D_A0410,,0,5.1180086e-05,False,
T008695,A0185,2026-02-11 08:17:00,127.77,D_A0185,,0,5.1154377e-05,False,
T001252,A0147,2026-01-06 21:15:00,305.58,D_A0147,,0,5.114457e-05,False,
T004875,A0059,2026-01-24 10:11:00,177.98,D_A0059,,0,5.09829e-05,False,
T009955,A0333,2026-02-17 08:56:00,132.22,D_FAM_9,,0,5.091954e-05,False,
T010176,A0427,2026-02-18 08:28:00,110.26,D_A0427,,0,5.0866787e-05,False,
T000011,A0408,2026-01-01 08:20:00,132.5,D_A0408,,0,5.0815925e-05,False,
T005692,A0191,2026-01-28 07:25:00,72.67,D_A0191,,0,5.0744307e-05,False,
T008263,A0010,2026-02-09 07:22:00,84.11,D_A0010,,0,5.0689505e-05,False,
T001629,A0397,2026-01-08 16:20:00,235.8,D_A0397,,0,5.0669594e-05,False,
T011579,A0447,2026-02-25 07:28:00,161.21,D_A0447,,0,5.0592585e-05,False,
T002666,A0282,2026-01-13 15:44:00,269.76,D_A0282,,0,5.0589548e-05,False,
T009534,A0225,2026-02-15 09:27:00,95.76,D_A0225,,0,5.051188e-05,False,
T011607,A0094,2026-02-25 09:49:00,62.52,D_A0094,,0,5.051188e-05,False,
T005498,A0407,2026-01-27 10:24:00,141.48,D_A0407,,0,5.0377475e-05,False,
T009603,A0346,2026-02-15 14:21:00,235.04,D_A0346,,0,5.0338433e-05,False,
T010614,A0457,2026-02-20 11:34:00,179.77,D_A0457,,0,5.0306957e-05,False,
T011779,A0010,2026-02-26 07:13:00,66.4,D_A0010,,0,5.0295443e-05,False,
T007016,A0492,2026-02-03 11:15:00,411.83,D_A0492,,0,5.0295057e-05,False,
T000008,A0487,2026-01-01 08:04:00,67.9,D_A0487,,0,5.0228387e-05,False,
T011653,A0255,2026-02-25 12:47:00,225.83,D_A0255,,0,5.0227383e-05,False,
T004581,A0481,2026-01-22 16:08:00,191.65,D_A0481,,0,5.0188642e-05,False,
T011693,A0255,2026-02-25 14:56:00,218.88,D_A0255,,0,5.0169743e-05,False,
T003863,A0075,2026-01-19 08:07:00,150.36,D_A0075,,0,5.0169503e-05,False,
T009092,A0270,2026-02-13 07:39:00,124.25,D_A0270,,0,5.0146737e-05,False,
T003895,A0389,2026-01-19 11:20:00,163.68,D_A0389,,0,5.0088427e-05,False,
T001953,A0232,2026-01-10 12:31:00,174.87,D_A0232,,0,5.0077302e-05,False,
T000034,A0206,2026-01-01 10:44:00,139.44,D_A0206,,0,5.0062692e-05,False,
T008264,A0243,2026-02-09 07:32:00,169.31,D_A0243,,0,5.0059778e-05,False,
T010374,A0190,2026-02-19 09:52:00,228.14,D_FAM_13,,0,5.0041643e-05,False,
T011587,A0178,2026-02-25 07:47:00,36.59,D_A0178,,0,5.002661e-05,False,
T006965,A0410,2026-02-03 07:13:00,67.21,D_A0410,,0,5.002661e-05,False,
T001480,A0152,2026-01-08 07:09:00,59.92,D_A0152,,0,5.002661e-05,False,
T001695,A0353,2026-01-09 07:52:00,51.56,D_A0353,,0,5.002661e-05,False,
T006970,A0009,2026-02-03 07:34:00,79.28,D_A0009,,0,5.002661e-05,False,
T001049,A0106,2026-01-06 07:06:00,52.45,D_A0106,,0,5.002661e-05,False,
T004435,A0231,2026-01-22 07:50:00,31.23,D_A0231,,0,5.002661e-05,False,
T006737,A0360,2026-02-02 07:13:00,31.39,D_A0360,,0,5.002661e-05,False,
T004168,A0078,2026-01-20 15:52:00,71.2,D_A0078,PAYEE_A0078,0,4.9941384e-05,False,
T002921,A0318,2026-01-14 19:16:00,28.86,D_A0318,PAYEE_A0318,0,4.9848837e-05,False,
T010570,A0448,2026-02-20 08:07:00,218.28,D_A0448,,0,4.980208e-05,False,
T005038,A0302,2026-01-25 07:14:00,26.08,D_A0302,,0,4.9786413e-05,False,
T001919,A0215,2026-01-10 10:20:00,77.46,D_A0215,PAYEE_A0215,0,4.977127e-05,False,
T001084,R007,2026-01-06 10:47:00,170.24,D_R007,,0,4.9754424e-05,False,
T008580,A0185,2026-02-10 14:13:00,630.39,D_A0185,,0,4.9719136e-05,False,
T009512,A0111,2026-02-15 07:26:00,129.86,D_A0111,,0,4.9663216e-05,False,
T003000,A0383,2026-01-15 10:57:00,134.6,D_A0383,,0,4.9616876e-05,False,
T004711,A0169,2026-01-23 11:40:00,129.88,D_A0169,,0,4.956268e-05,False,
T000641,A0473,2026-01-04 08:32:00,74.9,D_A0473,,0,4.955644e-05,False,
T011021,A0149,2026-02-22 09:58:00,240.42,D_A0149,,0,4.9554455e-05,False,
T003128,A0113,2026-01-15 17:40:00,109.11,D_FAM_3,PAYEE_A0113,0,4.94966e-05,False,
T011378,A0335,2026-02-24 07:06:00,63.38,D_A0335,,0,4.9471688e-05,False,
T011573,A0099,2026-02-25 07:00:00,81.28,D_A0099,,0,4.9461025e-05,False,
T011119,A0332,2026-02-22 14:41:00,32.38,D_A0332,,0,4.9443577e-05,False,
T006854,A0093,2026-02-02 14:31:00,290.51,D_A0093,,0,4.944202e-05,False,
T004987,A0350,2026-01-24 16:25:00,408.82,D_A0350,,0,4.944202e-05,False,
T007546,A0350,2026-02-05 17:36:00,475.59,D_A0350,,0,4.944202e-05,False,
T009367,A0375,2026-02-14 12:29:00,210.59,D_A0375,,0,4.9428254e-05,False,
T001288,A0195,2026-01-07 09:20:00,18.8,D_FAM_11,,0,4.9367674e-05,False,
T001060,A0178,2026-01-06 07:56:00,42.98,D_A0178,,0,4.9334303e-05,False,
T004431,A0424,2026-01-22 07:37:00,82.56,D_A0424,,0,4.9334303e-05,False,
T001058,A0098,2026-01-06 07:42:00,12.25,D_A0098,,0,4.9334303e-05,False,
T003850,A0245,2026-01-19 07:19:00,97.88,D_A0245,,0,4.9334303e-05,False,
T001437,A0128,2026-01-07 16:53:00,327.67,D_A0128,,0,4.9331626e-05,False,
T000814,A0417,2026-01-04 18:50:00,338.32,D_A0417,,0,4.9331626e-05,False,
T005369,A0037,2026-01-26 14:37:00,338.21,D_A0037,,0,4.9331626e-05,False,
T004565,A0402,2026-01-22 15:20:00,354.92,D_A0402,,0,4.9331626e-05,False,
T000439,A0050,2026-01-03 10:06:00,158.17,D_A0050,,0,4.921838e-05,False,
T011083,A0242,2026-02-22 13:13:00,443.82,D_A0242,,0,4.9195623e-05,False,
T001181,A0265,2026-01-06 15:34:00,141.39,D_A0265,,0,4.918277e-05,False,
T001756,A0456,2026-01-09 13:01:00,142.11,D_A0456,,0,4.918277e-05,False,
T009141,A0033,2026-02-13 12:02:00,214.57,D_A0033,,0,4.9034123e-05,False,
T006415,A0496,2026-01-31 15:07:00,213.52,D_A0496,,0,4.897786e-05,False,
T000009,A0385,2026-01-01 08:10:00,104.26,D_A0385,,0,4.895325e-05,False,
T007191,A0205,2026-02-04 07:11:00,36.64,D_A0205,,0,4.8903978e-05,False,
T001683,A0297,2026-01-09 07:05:00,32.21,D_A0297,,0,4.8903978e-05,False,
T006969,A0079,2026-02-03 07:29:00,25.54,D_A0079,,0,4.8903978e-05,False,
T008681,A0205,2026-02-11 07:17:00,11.58,D_A0205,,0,4.8903978e-05,False,
T003851,A0441,2026-01-19 07:24:00,45.74,D_A0441,,0,4.8903978e-05,False,
T009101,A0095,2026-02-13 08:45:00,112.34,D_A0095,,0,4.8834863e-05,False,
T000007,A0123,2026-01-01 07:49:00,102.01,D_A0123,,0,4.8703387e-05,False,
T001110,A0480,2026-01-06 12:27:00,307.95,D_FAM_6,,0,4.86746e-05,False,
T003712,A0363,2026-01-18 12:44:00,80.68,D_A0363,PAYEE_A0363,0,4.8648104e-05,False,
T009687,A0321,2026-02-15 19:44:00,207.16,D_A0321,,0,4.862561e-05,False,
T006574,A0130,2026-02-01 12:01:00,47.83,D_A0130,PAYEE_A0130,0,4.855536e-05,False,
T001309,A0132,2026-01-07 10:51:00,195.43,D_A0132,,0,4.8544807e-05,False,
T011833,A0256,2026-02-26 12:34:00,309.64,D_A0256,,0,4.854212e-05,False,
T003667,A0282,2026-01-18 09:52:00,133.57,D_A0282,,0,4.854073e-05,False,
T001861,A0494,2026-01-09 19:30:00,296.22,D_A0494,,0,4.853097e-05,False,
T005979,A0494,2026-01-29 14:16:00,461.18,D_A0494,,0,4.853097e-05,False,
T010044,A0166,2026-02-17 14:21:00,406.64,D_A0166,,0,4.853097e-05,False,
T010376,A0120,2026-02-19 09:57:00,102.84,D_A0120,,0,4.8522958e-05,False,
T009317,A0442,2026-02-14 09:16:00,154.75,D_A0442,,0,4.8514772e-05,False,
T002784,R003,2026-01-14 11:09:00,58.16,D_R003,,0,4.8511207e-05,False,
T010496,A0203,2026-02-19 16:16:00,44.03,D_A0203,PAYEE_A0203,0,4.849964e-05,False,
T005795,A0191,2026-01-28 15:05:00,39.76,D_A0191,PAYEE_A0191,0,4.849964e-05,False,
T012315,A0253,2026-02-28 16:41:00,40.54,D_A0253,PAYEE_A0253,0,4.849964e-05,False,
T011531,A0256,2026-02-24 16:26:00,308.94,D_A0256,,0,4.8486418e-05,False,
T009535,A0059,2026-02-15 09:33:00,145.1,D_A0059,,0,4.847107e-05,False,
T010560,A0343,2026-02-20 07:25:00,58.71,D_A0343,,0,4.845979e-05,False,
T006295,A0249,2026-01-31 07:49:00,45.96,D_A0249,,0,4.845979e-05,False,
T001265,A0146,2026-01-07 07:25:00,32.26,D_A0146,,0,4.8375343e-05,False,
T004045,A0228,2026-01-20 07:10:00,92.87,D_A0228,,0,4.8375343e-05,False,
T008472,A0324,2026-02-10 07:06:00,79.9,D_A0324,,0,4.8375343e-05,False,
T000837,A0360,2026-01-05 07:10:00,46.72,D_A0360,,0,4.8375343e-05,False,
T000847,A0227,2026-01-05 07:44:00,54.82,D_A0227,,0,4.8375343e-05,False,
T006283,A0146,2026-01-31 07:08:00,25.43,D_A0146,,0,4.8375343e-05,False,
T005691,A0360,2026-01-28 07:23:00,25.56,D_A0360,,0,4.8375343e-05,False,
T008174,A0319,2026-02-08 15:28:00,123.69,D_A0319,,0,4.8340295e-05,False,
T005706,A0258,2026-01-28 08:59:00,144.3,D_A0258,,0,4.8335223e-05,False,
T010782,A0100,2026-02-20 22:35:00,358.97,D_A0100,,0,4.8283397e-05,False,
T009299,A0248,2026-02-14 07:31:00,8.81,D_A0248,,0,4.8241007e-05,False,
T002730,A0367,2026-01-14 07:34:00,36.88,D_A0367,,0,4.8241007e-05,False,
T001263,A0178,2026-01-07 07:21:00,28.38,D_A0178,,0,4.8241007e-05,False,
T008875,A0098,2026-02-12 07:30:00,14.53,D_A0098,,0,4.8241007e-05,False,
T012138,A0414,2026-02-28 07:03:00,70.56,D_A0414,,0,4.8241007e-05,False,
T003171,A0456,2026-01-16 07:08:00,21.01,D_A0456,,0,4.8241007e-05,False,
T004854,A0293,2026-01-24 07:57:00,88.12,D_A0293,,0,4.8241007e-05,False,
T011979,A0486,2026-02-27 07:57:00,42.99,D_A0486,,0,4.8241007e-05,False,
T007640,A0486,2026-02-06 10:07:00,135.91,D_A0486,,0,4.8198566e-05,False,
T005278,A0273,2026-01-26 10:05:00,130.95,D_A0273,,0,4.81931e-05,False,
T003133,A0263,2026-01-15 18:07:00,442.33,D_A0263,,0,4.8154277e-05,False,
T011206,A0286,2026-02-23 07:14:00,66.41,D_FAM_10,,0,4.812329e-05,False,
T002105,A0297,2026-01-11 09:02:00,77.14,D_A0297,,0,4.7992078e-05,False,
T000632,A0209,2026-01-04 07:49:00,20.93,D_A0209,,0,4.794446e-05,False,
T011056,A0123,2026-02-22 12:07:00,178.72,D_A0123,,0,4.7942816e-05,False,
T002371,A0036,2026-01-12 11:56:00,79.17,D_FAM_1,PAYEE_A0036,0,4.7919002e-05,False,
T012305,A0201,2026-02-28 16:23:00,172.29,D_A0201,,0,4.789917e-05,False,
T008634,A0307,2026-02-10 17:11:00,211.08,D_A0307,,0,4.789246e-05,False,
T004424,A0470,2026-01-22 07:14:00,100.06,D_A0470,,0,4.7888487e-05,False,
T002960,A0490,2026-01-15 08:16:00,63.93,D_A0490,,0,4.7859678e-05,False,
T010562,A0233,2026-02-20 07:39:00,122.26,D_A0233,,0,4.783577e-05,False,
T003672,A0260,2026-01-18 10:31:00,170.41,D_A0260,,0,4.778516e-05,False,
T004915,A0470,2026-01-24 12:37:00,52.25,D_A0470,PAYEE_A0470,0,4.7777823e-05,False,
T001649,A0210,2026-01-08 17:28:00,328.32,D_A0210,,0,4.7753867e-05,False,
T003194,A0418,2026-01-16 09:02:00,116.17,D_A0418,,0,4.774749e-05,False,
T000464,A0369,2026-01-03 11:27:00,347.14,D_A0369,,0,4.77474e-05,False,
T011595,A0314,2026-02-25 08:49:00,120.66,D_FAM_10,,0,4.7741207e-05,False,
T004170,A0150,2026-01-20 15:53:00,30.78,D_A0150,PAYEE_A0150,0,4.7723e-05,False,
T011732,A0150,2026-02-25 17:29:00,25.17,D_A0150,PAYEE_A0150,0,4.7723e-05,False,
T011943,A0191,2026-02-26 17:47:00,24.74,D_A0191,PAYEE_A0191,0,4.7723e-05,False,
T007355,A0456,2026-02-04 18:52:00,42.75,D_A0456,PAYEE_A0456,0,4.7723e-05,False,
T010026,A0456,2026-02-17 13:22:00,47.99,D_A0456,PAYEE_A0456,0,4.7723e-05,False,
T003943,A0191,2026-01-19 13:39:00,22.21,D_A0191,PAYEE_A0191,0,4.7723e-05,False,
T004079,A0368,2026-01-20 09:40:00,154.47,D_A0368,,0,4.771176e-05,False,
T005069,A0341,2026-01-25 10:17:00,272.21,D_A0341,,0,4.7707937e-05,False,
T003507,A0193,2026-01-17 13:35:00,458.76,D_A0193,,0,4.760695e-05,False,
T002491,A0328,2026-01-12 17:21:00,303.58,D_A0328,,0,4.760695e-05,False,
T006700,A0463,2026-02-01 18:44:00,280.81,D_A0463,,0,4.7585345e-05,False,
T009949,A0446,2026-02-17 08:20:00,148.61,D_A0446,,0,4.758235e-05,False,
T003493,A0029,2026-01-17 12:50:00,133.05,D_A0029,,0,4.7544072e-05,False,
T000059,A0048,2026-01-01 11:48:00,136.96,D_A0048,,0,4.7522404e-05,False,
T007642,A0417,2026-02-06 10:20:00,252.86,D_A0417,,0,4.7491867e-05,False,
T010027,A0017,2026-02-17 13:30:00,128.64,D_A0017,,0,4.7489513e-05,False,
T007051,A0401,2026-02-03 13:13:00,271.5,D_A0401,,0,4.7486028e-05,False,
T002750,A0346,2026-01-14 09:22:00,124.08,D_A0346,,0,4.7483627e-05,False,
T010597,A0157,2026-02-20 10:21:00,151.32,D_A0157,,0,4.7461624e-05,False,
T002737,A0111,2026-01-14 08:04:00,176.35,D_A0111,,0,4.744728e-05,False,
T004164,A0447,2026-01-20 15:34:00,208.12,D_A0447,,0,4.7447233e-05,False,
T011681,A0259,2026-02-25 14:07:00,139.3,D_A0259,,0,4.7429367e-05,False,
T006927,A0231,2026-02-02 18:56:00,105.86,D_A0231,PAYEE_A0231,0,4.7416026e-05,False,
T011128,A0369,2026-02-22 14:56:00,287.28,D_A0369,,0,4.7411908e-05,False,
T006510,A0355,2026-01-31 23:59:00,179.11,D_A0355,,0,4.738759e-05,False,
T004454,A0426,2026-01-22 10:19:00,107.05,D_A0426,,0,4.731814e-05,False,
T005501,A0223,2026-01-27 10:29:00,119.7,D_A0223,,0,4.7257847e-05,False,
T001838,A0411,2026-01-09 17:33:00,184.11,D_A0411,,0,4.723883e-05,False,
T010979,A0482,2026-02-21 20:00:00,183.8,D_A0482,,0,4.723883e-05,False,
T010527,A0444,2026-02-19 18:28:00,270.65,D_A0444,,0,4.7163347e-05,False,
T009400,A0265,2026-02-14 13:58:00,49.46,D_A0265,PAYEE_A0265,0,4.7137986e-05,False,
T004531,A0473,2026-01-22 14:10:00,29.82,D_A0473,PAYEE_A0473,0,4.7137986e-05,False,
T001891,A0219,2026-01-10 07:27:00,53.1,D_A0219,,0,4.7121805e-05,False,
T008756,A0307,2026-02-11 12:46:00,205.35,D_A0307,,0,4.7082773e-05,False,
T009791,A0369,2026-02-16 12:37:00,206.0,D_A0369,,0,4.7082773e-05,False,
T010655,A0482,2026-02-20 12:47:00,174.84,D_A0482,,0,4.707321e-05,False,
T008177,A0496,2026-02-08 15:29:00,198.56,D_A0496,,0,4.7028745e-05,False,
T012351,A0344,2026-02-28 21:04:00,181.59,D_A0344,,0,4.7019195e-05,False,
T003046,A0232,2026-01-15 13:25:00,179.58,D_A0232,,0,4.7019195e-05,False,
T008207,A0364,2026-02-08 16:57:00,351.68,D_A0364,,0,4.6996825e-05,False,
T002368,A0334,2026-01-12 11:42:00,496.12,D_A0334,,0,4.6989608e-05,False,
T009091,A0258,2026-02-13 07:29:00,112.43,D_A0258,,0,4.6962192e-05,False,
T005305,A0024,2026-01-26 11:31:00,237.71,D_A0024,,0,4.6944013e-05,False,
T003823,A0223,2026-01-18 18:49:00,189.08,D_A0223,,0,4.6863235e-05,False,
T005177,A0039,2026-01-25 16:32:00,101.69,D_A0039,PAYEE_A0039,0,4.684581e-05,False,
T011126,A0169,2026-02-22 14:48:00,151.05,D_A0169,,0,4.6838213e-05,False,
T008684,A0150,2026-02-11 07:32:00,65.43,D_A0150,,0,4.6827226e-05,False,
T008471,A0424,2026-02-10 07:03:00,59.13,D_A0424,,0,4.6827226e-05,False,
T008269,A0019,2026-02-09 07:51:00,50.78,D_A0019,,0,4.6827226e-05,False,
T012365,A0048,2026-03-01 07:30:00,31.6,D_A0048,,0,4.6827226e-05,False,
T002731,A0150,2026-01-14 07:35:00,50.24,D_A0150,,0,4.6827226e-05,False,
T010359,A0179,2026-02-19 07:45:00,38.56,D_A0179,,0,4.6827226e-05,False,
T007606,A0150,2026-02-06 07:31:00,18.37,D_A0150,,0,4.6827226e-05,False,
T009447,A0063,2026-02-14 16:28:00,100.67,D_A0063,PAYEE_A0063,0,4.678875e-05,False,
T007851,A0001,2026-02-07 09:46:00,108.78,D_A0001,,0,4.6760557e-05,False,
T003428,A0203,2026-01-17 08:14:00,32.11,D_A0203,,0,4.665967e-05,False,
T009522,A0286,2026-02-15 08:12:00,93.77,D_A0286,,0,4.665967e-05,False,
T012174,A0238,2026-02-28 09:56:00,185.22,D_A0238,,0,4.6657886e-05,False,
T005683,A0470,2026-01-27 21:35:00,135.26,D_A0470,,0,4.658644e-05,False,
T002422,A0193,2026-01-12 14:14:00,496.06,D_A0193,,0,4.6551933e-05,False,
T008933,A0180,2026-02-12 11:51:00,266.22,D_A0180,,0,4.6549092e-05,False,
T001766,A0419,2026-01-09 13:30:00,271.87,D_A0419,,0,4.6542344e-05,False,
T007316,A0031,2026-02-04 16:29:00,359.12,D_A0031,,0,4.6537287e-05,False,
T006739,A0455,2026-02-02 07:16:00,110.88,D_A0455,,0,4.6518515e-05,False,
T010768,A0114,2026-02-20 18:54:00,200.82,D_A0114,,0,4.6467176e-05,False,
T011802,A0443,2026-02-26 10:01:00,297.73,D_A0443,,0,4.6398764e-05,False,
T004538,A0255,2026-01-22 14:34:00,340.65,D_A0255,,0,4.6367004e-05,False,
T010906,A0419,2026-02-21 14:58:00,248.98,D_A0419,,0,4.6331555e-05,False,
T008693,A0093,2026-02-11 08:04:00,149.69,D_A0093,,0,4.631446e-05,False,
T002947,A0240,2026-01-15 07:22:00,80.18,D_FAM_11,,0,4.6271238e-05,False,
T001420,A0040,2026-01-07 15:43:00,159.55,D_A0040,,0,4.618061e-05,False,
T010277,A0201,2026-02-18 14:52:00,153.56,D_A0201,,0,4.618061e-05,False,
T003127,A0053,2026-01-15 17:37:00,178.39,D_A0053,,0,4.618056e-05,False,
T004943,A0392,2026-01-24 14:03:00,174.23,D_A0392,,0,4.618056e-05,False,
T000769,R008,2026-01-04 15:48:00,185.55,D_R008,,0,4.617849e-05,False,
T007817,A0449,2026-02-06 21:40:00,317.97,D_FAM_0,,0,4.6171797e-05,False,
T004207,A0132,2026-01-20 18:42:00,553.61,D_A0132,,0,4.616898e-05,False,
T006871,A0104,2026-02-02 15:32:00,442.0,D_A0104,,0,4.616898e-05,False,
T000426,A0130,2026-01-03 08:43:00,102.69,D_A0130,,0,4.6143232e-05,False,
T007917,A0075,2026-02-07 14:01:00,330.56,D_A0075,,0,4.6136982e-05,False,
T011142,A0457,2026-02-22 15:53:00,65.2,D_A0457,PAYEE_A0457,0,4.611622e-05,False,
T009543,A0061,2026-02-15 10:12:00,151.52,D_A0061,,0,4.6099733e-05,False,
T002966,A0463,2026-01-15 08:34:00,140.42,D_A0463,,0,4.6087385e-05,False,
T001515,A0012,2026-01-08 10:40:00,348.83,D_A0012,,0,4.6081626e-05,False,
T004433,A0477,2026-01-22 07:42:00,83.65,D_A0477,,0,4.6077537e-05,False,
T011787,A0304,2026-02-26 07:43:00,42.39,D_A0304,,0,4.6077537e-05,False,
T006749,A0286,2026-02-02 07:46:00,45.73,D_A0286,,0,4.6077537e-05,False,
T002735,A0391,2026-01-14 07:43:00,38.91,D_A0391,,0,4.6077537e-05,False,
T011777,A0152,2026-02-26 07:09:00,69.76,D_A0152,,0,4.6077537e-05,False,
T008260,A0045,2026-02-09 07:06:00,50.02,D_A0045,,0,4.6077537e-05,False,
T007195,A0433,2026-02-04 07:17:00,38.71,D_A0433,,0,4.6077537e-05,False,
T012360,A0296,2026-03-01 07:03:00,77.69,D_A0296,,0,4.6077537e-05,False,
T009516,A0499,2026-02-15 07:49:00,24.77,D_A0499,,0,4.6077537e-05,False,
T000834,A0433,2026-01-05 07:03:00,45.71,D_A0433,,0,4.6077537e-05,False,
T000168,A0260,2026-01-01 18:43:00,338.3,D_A0260,,0,4.606471e-05,False,
T005658,A0385,2026-01-27 18:37:00,150.93,D_A0385,,0,4.5988643e-05,False,
T002083,A0254,2026-01-11 07:12:00,42.55,D_A0254,,0,4.5952125e-05,False,
T002531,A0433,2026-01-13 07:16:00,36.14,D_A0433,,0,4.590185e-05,False,
T004841,A0052,2026-01-24 07:12:00,54.94,D_A0052,,0,4.590185e-05,False,
T008035,A0045,2026-02-08 07:15:00,79.56,D_A0045,,0,4.590185e-05,False,
T007380,A0437,2026-02-05 07:04:00,104.73,D_FAM_3,,0,4.5899567e-05,False,
T009945,A0066,2026-02-17 07:59:00,70.64,D_A0066,,0,4.5874145e-05,False,
T006964,A0201,2026-02-03 07:04:00,28.19,D_A0201,,0,4.5874145e-05,False,
T007833,A0213,2026-02-07 07:20:00,55.22,D_A0213,,0,4.5874145e-05,False,
T006291,A0066,2026-01-31 07:35:00,46.38,D_A0066,,0,4.5874145e-05,False,
T009737,A0095,2026-02-16 09:42:00,112.06,D_A0095,,0,4.5840166e-05,False,
T011465,A0407,2026-02-24 13:01:00,250.96,D_A0407,,0,4.582937e-05,False,
T005920,A0198,2026-01-29 10:52:00,71.53,D_A0198,PAYEE_A0198,0,4.5827754e-05,False,
T001135,A0307,2026-01-06 13:40:00,188.93,D_A0307,,0,4.5824694e-05,False,
T010464,A0132,2026-02-19 14:31:00,533.42,D_A0132,,0,4.581006e-05,False,
T011955,A0132,2026-02-26 20:37:00,565.38,D_A0132,,0,4.581006e-05,False,
T004005,A0476,2026-01-19 16:22:00,302.63,D_A0476,,0,4.581006e-05,False,
T007987,A0243,2026-02-07 17:42:00,507.99,D_A0243,,0,4.581006e-05,False,
T011081,A0177,2026-02-22 13:08:00,387.93,D_A0177,,0,4.581006e-05,False,
T008651,A0132,2026-02-10 18:59:00,532.36,D_A0132,,0,4.581006e-05,False,
T012567,A0104,2026-03-01 22:20:00,431.79,D_A0104,,0,4.581006e-05,False,
T011304,A0177,2026-02-23 14:16:00,353.99,D_A0177,,0,4.581006e-05,False,
T009701,A0147,2026-02-15 22:07:00,344.13,D_A0147,,0,4.581006e-05,False,
T004658,A0025,2026-01-23 07:07:00,80.11,D_A0025,,0,4.5808396e-05,False,
T008641,A0151,2026-02-10 18:07:00,177.4,D_A0151,,0,4.5794553e-05,False,
T012532,A0056,2026-03-01 18:05:00,182.31,D_A0056,,0,4.5794553e-05,False,
T001024,A0300,2026-01-05 19:14:00,14.73,D_FAM_12,,0,4.577438e-05,False,
T002456,A0432,2026-01-12 15:47:00,167.81,D_FAM_14,,0,4.5741916e-05,False,
T006657,A0001,2026-02-01 16:37:00,280.43,D_A0001,,0,4.568681e-05,False,
T001053,R008,2026-01-06 07:16:00,117.42,D_R008,,0,4.5667864e-05,False,
T007609,A0337,2026-02-06 07:35:00,107.78,D_A0337,,0,4.5667864e-05,False,
T009294,A0033,2026-02-14 07:23:00,112.64,D_A0033,,0,4.5667864e-05,False,
T000625,A0218,2026-01-04 07:21:00,72.66,D_A0218,,0,4.5617242e-05,False,
T000000,A0173,2026-01-01 07:00:00,63.3,D_A0173,,0,4.5617242e-05,False,
T004582,A0166,2026-01-22 16:09:00,251.48,D_A0166,,0,4.5616634e-05,False,
T008747,A0176,2026-02-11 12:20:00,125.6,D_A0176,,0,4.5596975e-05,False,
T012145,A0203,2026-02-28 07:53:00,48.35,D_A0203,,0,4.5579454e-05,False,
T010355,A0248,2026-02-19 07:22:00,46.88,D_A0248,,0,4.5579454e-05,False,
T011971,A0158,2026-02-27 07:30:00,47.49,D_A0158,,0,4.5579454e-05,False,
T007187,A0291,2026-02-04 07:04:00,60.0,D_A0291,,0,4.5579454e-05,False,
T007838,A0291,2026-02-07 07:43:00,57.39,D_A0291,,0,4.5579454e-05,False,
T003059,A0473,2026-01-15 13:53:00,127.75,D_A0473,,0,4.5544653e-05,False,
T001316,A0283,2026-01-07 11:08:00,35.8,D_A0283,PAYEE_A0283,0,4.550063e-05,False,
T000653,A0120,2026-01-04 09:19:00,70.92,D_A0120,,0,4.5448072e-05,False,
T002169,A0132,2026-01-11 12:53:00,703.25,D_A0132,,0,4.5445344e-05,False,
T011538,A0136,2026-02-24 17:19:00,62.1,D_FAM_0,,0,4.5429482e-05,False,
T004671,A0014,2026-01-23 07:45:00,44.57,D_FAM_2,,0,4.541809e-05,False,
T005079,A0250,2026-01-25 11:03:00,156.5,D_A0250,,0,4.5416404e-05,False,
T002157,A0493,2026-01-11 12:29:00,293.19,D_A0493,,0,4.539155e-05,False,
T001095,A0359,2026-01-06 11:26:00,129.9,D_A0359,,0,4.537601e-05,False,
T009836,A0121,2026-02-16 14:48:00,177.21,D_A0121,,0,4.534915e-05,False,
T003849,A0285,2026-01-19 07:18:00,201.02,D_A0285,,0,4.5314348e-05,False,
T010758,A0280,2026-02-20 18:23:00,326.19,D_A0280,,0,4.5304067e-05,False,
T009818,A0127,2026-02-16 13:53:00,118.09,D_A0127,PAYEE_A0127,0,4.5298922e-05,False,
T004499,A0095,2026-01-22 12:40:00,200.21,D_A0095,,0,4.5280955e-05,False,
T005425,A0413,2026-01-26 17:18:00,43.69,D_A0413,,0,4.527746e-05,False,
T012322,A0113,2026-02-28 17:06:00,192.16,D_FAM_3,,0,4.525212e-05,False,
T006331,A0353,2026-01-31 10:03:00,137.08,D_A0353,,0,4.5239736e-05,False,
T000230,A0025,2026-01-02 10:17:00,115.19,D_A0025,,0,4.5228262e-05,False,
T004234,A0355,2026-01-20 23:44:00,171.41,D_A0355,,0,4.5025743e-05,False,
T008819,A0145,2026-02-11 16:26:00,172.82,D_A0145,,0,4.5025743e-05,False,
T006947,A0174,2026-02-02 21:33:00,172.19,D_A0174,,0,4.5025743e-05,False,
T004051,A0020,2026-01-20 07:30:00,105.82,D_A0020,,0,4.4977332e-05,False,
T012524,A0301,2026-03-01 17:40:00,205.95,D_A0301,,0,4.4945904e-05,False,
T005335,A0149,2026-01-26 12:58:00,240.76,D_A0149,,0,4.484067e-05,False,
T000500,A0477,2026-01-03 13:58:00,318.65,D_A0477,,0,4.4837252e-05,False,
T002982,A0132,2026-01-15 09:56:00,266.74,D_A0132,,0,4.4834174e-05,False,
T009320,A0464,2026-02-14 09:31:00,71.97,D_A0464,,0,4.4790973e-05,False,
T001108,A0173,2026-01-06 12:10:00,210.51,D_A0173,,0,4.4773376e-05,False,
T002429,A0035,2026-01-12 14:22:00,220.33,D_FAM_9,,0,4.472025e-05,False,
T007014,A0332,2026-02-03 11:14:00,54.67,D_A0332,PAYEE_A0332,0,4.4690107e-05,False,
T000016,A0146,2026-01-01 08:42:00,40.92,D_A0146,,0,4.4648146e-05,False,
T002115,A0480,2026-01-11 09:41:00,142.4,D_FAM_6,,0,4.4595894e-05,False,
T010865,A0228,2026-02-21 12:54:00,188.81,D_A0228,,0,4.4560864e-05,False,
T008982,A0052,2026-02-12 13:44:00,157.29,D_A0052,,0,4.4558612e-05,False,
T006928,A0028,2026-02-02 18:57:00,152.6,D_A0028,,0,4.4558612e-05,False,
T003420,A0354,2026-01-17 07:54:00,46.56,D_A0354,,0,4.4556615e-05,False,
T011390,A0078,2026-02-24 07:57:00,26.94,D_A0078,,0,4.4556615e-05,False,
T005467,A0296,2026-01-27 07:17:00,95.29,D_A0296,,0,4.4556615e-05,False,
T005478,A0241,2026-01-27 07:56:00,30.69,D_A0241,,0,4.4556615e-05,False,
T002315,A0301,2026-01-12 07:29:00,66.44,D_A0301,,0,4.4556615e-05,False,
T000626,R004,2026-01-04 07:23:00,41.59,D_R004,,0,4.4556615e-05,False,
T003172,A0478,2026-01-16 07:08:00,54.72,D_A0478,,0,4.4556615e-05,False,
T007473,A0461,2026-02-05 13:48:00,39.0,D_FAM_0,,0,4.4554658e-05,False,
T001400,A0095,2026-01-07 14:50:00,172.09,D_A0095,,0,4.4546672e-05,False,
T011454,A0075,2026-02-24 12:18:00,333.68,D_A0075,,0,4.454132e-05,False,
T003182,A0198,2026-01-16 08:01:00,139.39,D_A0198,,0,4.453151e-05,False,
T000408,A0234,2026-01-03 07:13:00,24.08,D_A0234,,0,4.4481556e-05,False,
T003409,A0436,2026-01-17 07:26:00,19.63,D_A0436,,0,4.4432883e-05,False,
T003410,A0072,2026-01-17 07:30:00,9.84,D_A0072,,0,4.4432883e-05,False,
T012139,A0378,2026-02-28 07:17:00,33.46,D_A0378,,0,4.4432883e-05,False,
T011972,A0460,2026-02-27 07:33:00,31.53,D_A0460,,0,4.4432883e-05,False,
T002088,A0416,2026-01-11 07:30:00,63.31,D_A0416,,0,4.4432883e-05,False,
T006745,A0399,2026-02-02 07:40:00,47.27,D_A0399,,0,4.4432883e-05,False,
T006746,A0085,2026-02-02 07:40:00,46.86,D_A0085,,0,4.4432883e-05,False,
T009928,A0172,2026-02-17 07:07:00,25.43,D_A0172,,0,4.4432883e-05,False,
T003646,A0399,2026-01-18 07:31:00,26.91,D_A0399,,0,4.4432883e-05,False,
T002310,R004,2026-01-12 07:12:00,58.65,D_R004,,0,4.4432883e-05,False,
T010091,A0190,2026-02-17 16:43:00,142.71,D_A0190,PAYEE_A0190,0,4.4432545e-05,False,
T005714,A0058,2026-01-28 09:35:00,139.74,D_A0058,,0,4.441344e-05,False,
T000863,A0322,2026-01-05 09:03:00,144.48,D_A0322,,0,4.4406494e-05,False,
T009513,A0373,2026-02-15 07:31:00,23.83,D_A0373,,0,4.440518e-05,False,
T000198,A0169,2026-01-02 07:14:00,66.39,D_A0169,,0,4.440171e-05,False,
T010210,A0285,2026-02-18 11:04:00,523.93,D_A0285,,0,4.4355114e-05,False,
T012197,A0140,2026-02-28 11:14:00,597.71,D_A0140,,0,4.4355114e-05,False,
T011407,A0413,2026-02-24 09:11:00,107.41,D_A0413,,0,4.4327076e-05,False,
T005009,A0438,2026-01-24 18:45:00,236.84,D_A0438,,0,4.4312754e-05,False,
T004062,A0373,2026-01-20 08:28:00,25.88,D_A0373,,0,4.4289052e-05,False,
T008054,A0446,2026-02-08 08:46:00,301.86,D_A0446,,0,4.4263044e-05,False,
T010640,A0028,2026-02-20 12:22:00,156.99,D_A0028,,0,4.4263e-05,False,
T011029,A0459,2026-02-22 10:39:00,127.92,D_A0459,,0,4.423654e-05,False,
T003251,A0104,2026-01-16 12:51:00,303.56,D_A0104,,0,4.422764e-05,False,
T009465,A0365,2026-02-14 17:38:00,164.9,D_A0365,,0,4.4212207e-05,False,
T008459,A0273,2026-02-09 21:35:00,166.23,D_A0273,,0,4.4212207e-05,False,
T002828,A0147,2026-01-14 13:36:00,352.26,D_A0147,,0,4.417689e-05,False,
T010902,A0243,2026-02-21 14:46:00,489.18,D_A0243,,0,4.417689e-05,False,
T002289,R001,2026-01-11 19:47:00,271.05,D_R001,,0,4.4163917e-05,False,
T004286,A0104,2026-01-21 12:04:00,282.83,D_A0104,,0,4.4111424e-05,False,
T005885,A0478,2026-01-29 07:38:00,87.74,D_A0478,,0,4.410819e-05,False,
T001893,A0384,2026-01-10 07:53:00,39.37,D_A0384,,0,4.410819e-05,False,
T000943,A0399,2026-01-05 14:09:00,195.53,D_A0399,,0,4.4075263e-05,False,
T011486,A0444,2026-02-24 14:10:00,282.32,D_A0444,,0,4.4017303e-05,False,
T000035,A0348,2026-01-01 10:51:00,148.99,D_A0348,,0,4.398478e-05,False,
T003664,A0296,2026-01-18 09:40:00,122.17,D_A0296,,0,4.3967502e-05,False,
T007357,A0465,2026-02-04 19:03:00,239.96,D_A0465,,0,4.3963897e-05,False,
T012480,A0469,2026-03-01 15:09:00,247.43,D_A0469,,0,4.3963897e-05,False,
T007713,A0388,2026-02-06 13:46:00,30.98,D_A0388,,0,4.3950524e-05,False,
T007145,A0216,2026-02-03 18:20:00,46.23,D_A0216,,0,4.3950524e-05,False,
T000806,A0014,2026-01-04 17:48:00,74.56,D_FAM_2,PAYEE_A0014,0,4.3924632e-05,False,
T004968,A0463,2026-01-24 15:31:00,260.08,D_A0463,,0,4.392354e-05,False,
T001343,A0469,2026-01-07 12:34:00,18.62,D_A0469,,0,4.387883e-05,False,
T002819,A0244,2026-01-14 13:09:00,170.94,D_A0244,,0,4.385302e-05,False,
T010748,A0184,2026-02-20 17:24:00,173.38,D_A0184,,0,4.385302e-05,False,
T006053,A0184,2026-01-29 18:42:00,169.09,D_A0184,,0,4.385302e-05,False,
T005688,A0184,2026-01-27 23:51:00,173.21,D_A0184,,0,4.385302e-05,False,
T002508,A0184,2026-01-12 18:58:00,169.0,D_A0184,,0,4.385302e-05,False,
T000647,A0287,2026-01-04 08:49:00,48.99,D_FAM_13,,0,4.3838925e-05,False,
T006873,A0082,2026-02-02 15:35:00,13.96,D_A0082,,0,4.382848e-05,False,
T009246,A0471,2026-02-13 17:16:00,20.75,D_A0471,,0,4.382848e-05,False,
T009389,A0459,2026-02-14 13:33:00,55.5,D_A0459,,0,4.382848e-05,False,
T000304,A0072,2026-01-02 13:39:00,5.83,D_A0072,,0,4.382848e-05,False,
T006315,A0449,2026-01-31 09:19:00,195.65,D_FAM_0,,0,4.3826305e-05,False,
T008708,A0029,2026-02-11 09:54:00,79.24,D_A0029,,0,4.3798354e-05,False,
T011774,A0006,2026-02-26 07:01:00,31.27,D_FAM_7,,0,4.3796976e-05,False,
T005076,A0181,2026-01-25 10:51:00,190.44,D_A0181,,0,4.3794844e-05,False,
T011950,A0114,2026-02-26 18:56:00,196.08,D_A0114,,0,4.3765744e-05,False,
T007936,A0035,2026-02-07 14:54:00,265.73,D_FAM_9,,0,4.3681102e-05,False,
T005143,A0459,2026-01-25 14:29:00,148.95,D_A0459,,0,4.3657947e-05,False,
T010579,A0064,2026-02-20 08:55:00,103.27,D_A0064,,0,4.3651537e-05,False,
T002207,A0476,2026-01-11 14:19:00,346.22,D_A0476,,0,4.355241e-05,False,
T011746,A0298,2026-02-25 18:46:00,387.6,D_A0298,,0,4.355241e-05,False,
T001028,R009,2026-01-05 19:43:00,309.03,D_R009,,0,4.355241e-05,False,
T010493,A0351,2026-02-19 15:56:00,371.56,D_A0351,,0,4.355241e-05,False,
T000646,A0157,2026-01-04 08:47:00,115.63,D_A0157,,0,4.349513e-05,False,
T005379,A0102,2026-01-26 14:54:00,80.85,D_FAM_7,PAYEE_A0102,0,4.347597e-05,False,
T010367,A0051,2026-02-19 08:50:00,55.64,D_A0051,,0,4.3462747e-05,False,
T006750,A0148,2026-02-02 07:54:00,144.92,D_A0148,,0,4.344182e-05,False,
T006584,A0376,2026-02-01 12:29:00,375.54,D_A0376,,0,4.343213e-05,False,
T000433,A0450,2026-01-03 09:15:00,41.07,D_A0450,,0,4.342637e-05,False,
T008040,A0069,2026-02-08 07:28:00,46.08,D_A0069,,0,4.342111e-05,False,
T008036,A0176,2026-02-08 07:16:00,19.41,D_A0176,,0,4.342111e-05,False,
T011791,A0428,2026-02-26 07:59:00,44.06,D_A0428,,0,4.342111e-05,False,
T008871,A0445,2026-02-12 07:12:00,48.27,D_A0445,,0,4.342111e-05,False,
T007379,A0368,2026-02-05 07:01:00,55.22,D_A0368,,0,4.342111e-05,False,
T010165,A0247,2026-02-18 07:33:00,30.14,D_A0247,,0,4.342111e-05,False,
T010353,A0134,2026-02-19 07:12:00,29.27,D_A0134,,0,4.342111e-05,False,
T010559,A0327,2026-02-20 07:19:00,38.98,D_A0327,,0,4.342111e-05,False,
T010164,A0145,2026-02-18 07:31:00,44.6,D_A0145,,0,4.342111e-05,False,
T010407,A0469,2026-02-19 11:59:00,198.52,D_A0469,,0,4.3417553e-05,False,
T007548,A0174,2026-02-05 17:37:00,163.82,D_A0174,,0,4.3410266e-05,False,
T008091,A0451,2026-02-08 11:31:00,12.34,D_FAM_12,,0,4.3387503e-05,False,
T010256,A0053,2026-02-18 13:36:00,154.75,D_A0053,,0,4.3371452e-05,False,
T006853,A0168,2026-02-02 14:23:00,80.93,D_A0168,,0,4.3348336e-05,False,
T009308,A0358,2026-02-14 07:52:00,135.39,D_A0358,,0,4.3332715e-05,False,
T004930,A0328,2026-01-24 13:19:00,271.96,D_A0328,,0,4.3323045e-05,False,
T003881,A0206,2026-01-19 10:18:00,144.13,D_A0206,,0,4.331937e-05,False,
T008194,A0003,2026-02-08 16:15:00,115.19,D_A0003,,0,4.3313794e-05,False,
T010821,A0475,2026-02-21 10:11:00,232.0,D_A0475,,0,4.3298223e-05,False,
T007652,A0281,2026-02-06 11:04:00,194.57,D_A0281,,0,4.3257198e-05,False,
T003214,A0059,2026-01-16 10:15:00,153.69,D_A0059,,0,4.3237076e-05,False,
T000250,A0412,2026-01-02 11:05:00,313.47,D_A0412,,0,4.3216256e-05,False,
T001225,A0492,2026-01-06 17:59:00,361.9,D_A0492,,0,4.3186345e-05,False,
T010452,A0079,2026-02-19 14:02:00,68.29,D_A0079,PAYEE_A0079,0,4.317391e-05,False,
T008395,A0256,2026-02-09 15:38:00,271.04,D_A0256,,0,4.3145552e-05,False,
T011270,A0007,2026-02-23 12:40:00,36.58,D_A0007,PAYEE_A0007,0,4.3143413e-05,False,
T010234,A0044,2026-02-18 12:37:00,53.96,D_A0044,PAYEE_A0044,0,4.3143413e-05,False,
T007935,A0369,2026-02-07 14:53:00,440.65,D_A0369,,0,4.3141274e-05,False,
T009510,A0416,2026-02-15 07:22:00,39.63,D_A0416,,0,4.31307e-05,False,
T005465,A0245,2026-01-27 07:06:00,48.46,D_A0245,,0,4.31307e-05,False,
T008473,A0490,2026-02-10 07:07:00,44.71,D_A0490,,0,4.31307e-05,False,
T007828,A0045,2026-02-07 07:00:00,85.86,D_A0045,,0,4.31307e-05,False,
T006975,A0466,2026-02-03 07:57:00,57.55,D_A0466,,0,4.31307e-05,False,
T000621,A0490,2026-01-04 07:05:00,37.81,D_A0490,,0,4.31307e-05,False,
T001048,A0490,2026-01-06 07:04:00,40.35,D_A0490,,0,4.31307e-05,False,
T010153,A0029,2026-02-18 07:02:00,10.2,D_A0029,,0,4.31307e-05,False,
T003418,A0430,2026-01-17 07:50:00,88.67,D_A0430,,0,4.31307e-05,False,
T002286,A0001,2026-01-11 19:33:00,243.87,D_A0001,,0,4.3126838e-05,False,
T008584,A0191,2026-02-10 14:25:00,41.05,D_A0191,PAYEE_A0191,0,4.3093907e-05,False,
T008374,A0169,2026-02-09 14:47:00,56.9,D_A0169,PAYEE_A0169,0,4.3093907e-05,False,
T008942,A0017,2026-02-12 12:05:00,126.37,D_A0017,,0,4.3040556e-05,False,
T008738,A0294,2026-02-11 11:32:00,228.25,D_A0294,,0,4.30202e-05,False,
T010426,A0256,2026-02-19 12:39:00,247.81,D_A0256,,0,4.299949e-05,False,
T006902,A0256,2026-02-02 16:49:00,263.51,D_A0256,,0,4.2950145e-05,False,
T009604,A0075,2026-02-15 14:23:00,281.14,D_A0075,,0,4.2904092e-05,False,
T005747,A0465,2026-01-28 12:10:00,219.92,D_A0465,,0,4.286835e-05,False,
T002768,A0307,2026-01-14 10:20:00,179.72,D_A0307,,0,4.286508e-05,False,
T011840,A0075,2026-02-26 12:45:00,311.86,D_A0075,,0,4.284052e-05,False,
T007403,A0139,2026-02-05 10:06:00,138.65,D_FAM_7,,0,4.2781074e-05,False,
T010310,A0200,2026-02-18 16:34:00,339.74,D_A0200,,0,4.2764066e-05,False,
T008119,A0337,2026-02-08 13:07:00,367.22,D_A0337,,0,4.2764066e-05,False,
T003099,A0337,2026-01-15 16:04:00,369.01,D_A0337,,0,4.2764066e-05,False,
T000652,A0076,2026-01-04 09:09:00,105.12,D_A0076,,0,4.2757623e-05,False,
T006123,A0091,2026-01-30 10:40:00,174.03,D_A0091,,0,4.274519e-05,False,
T012374,A0329,2026-03-01 08:45:00,140.88,D_A0329,,0,4.2743395e-05,False,
T004298,A0459,2026-01-21 12:29:00,50.5,D_A0459,,0,4.2709617e-05,False,
T003282,A0434,2026-01-16 14:24:00,25.81,D_A0434,,0,4.2660606e-05,False,
T011707,A0085,2026-02-25 15:29:00,32.17,D_A0085,,0,4.2660606e-05,False,
T000416,A0204,2026-01-03 07:46:00,48.95,D_A0204,,0,4.261795e-05,False,
T002137,A0154,2026-01-11 11:10:00,237.29,D_A0154,,0,4.2616975e-05,False,
T007314,A0081,2026-02-04 16:28:00,153.44,D_A0081,,0,4.261088e-05,False,
T008455,A0385,2026-02-09 20:42:00,152.22,D_A0385,,0,4.261088e-05,False,
T011095,A0316,2026-02-22 13:53:00,282.44,D_FAM_14,,0,4.256458e-05,False,
T001790,A0170,2026-01-09 14:43:00,149.25,D_A0170,,0,4.253281e-05,False,
T002307,A0060,2026-01-12 07:04:00,145.23,D_A0060,,0,4.2518128e-05,False,
T010930,A0316,2026-02-21 15:54:00,322.86,D_FAM_14,,0,4.2515254e-05,False,
T012187,A0397,2026-02-28 10:58:00,129.14,D_A0397,,0,4.2508564e-05,False,
T002518,A0225,2026-01-12 20:43:00,147.81,D_A0225,,0,4.2503576e-05,False,
T009800,A0281,2026-02-16 12:57:00,233.42,D_A0281,,0,4.2424446e-05,False,
T001328,A0213,2026-01-07 11:56:00,194.47,D_A0213,,0,4.241579e-05,False,
T009170,A0403,2026-02-13 13:34:00,41.28,D_A0403,PAYEE_A0403,0,4.2403783e-05,False,
T006411,A0331,2026-01-31 14:43:00,38.02,D_A0331,PAYEE_A0331,0,4.2403783e-05,False,
T009917,A0053,2026-02-16 20:58:00,54.69,D_A0053,PAYEE_A0053,0,4.2403783e-05,False,
T008834,A0442,2026-02-11 17:33:00,329.91,D_A0442,,0,4.2365096e-05,False,
T009453,A0400,2026-02-14 16:45:00,256.95,D_A0400,,0,4.2314063e-05,False,
T002016,A0498,2026-01-10 15:50:00,171.59,D_A0498,,0,4.2289616e-05,False,
T002578,A0449,2026-01-13 11:21:00,191.29,D_FAM_0,,0,4.2281714e-05,False,
T007073,A0056,2026-02-03 14:37:00,155.58,D_A0056,,0,4.227962e-05,False,
T008237,A0184,2026-02-08 19:54:00,156.87,D_A0184,,0,4.227962e-05,False,
T009588,A0056,2026-02-15 13:35:00,163.83,D_A0056,,0,4.227962e-05,False,
T005882,A0366,2026-01-29 07:23:00,91.39,D_FAM_5,,0,4.2249023e-05,False,
T003643,A0201,2026-01-18 07:23:00,24.59,D_A0201,,0,4.223102e-05,False,
T002375,A0093,2026-01-12 12:09:00,257.16,D_A0093,,0,4.2219544e-05,False,
T002312,A0371,2026-01-12 07:18:00,107.58,D_A0371,,0,4.218976e-05,False,
T003500,A0328,2026-01-17 13:17:00,259.13,D_A0328,,0,4.2171097e-05,False,
T007074,A0364,2026-02-03 14:38:00,85.28,D_A0364,PAYEE_A0364,0,4.215891e-05,False,
T011372,A0194,2026-02-23 21:55:00,224.63,D_FAM_2,,0,4.2127806e-05,False,
T008280,A0342,2026-02-09 08:57:00,109.68,D_A0342,,0,4.2103187e-05,False,
T000859,A0183,2026-01-05 08:43:00,41.58,D_A0183,,0,4.206767e-05,False,
T001875,A0492,2026-01-09 21:21:00,443.46,D_A0492,,0,4.2035586e-05,False,
T011387,A0066,2026-02-24 07:51:00,54.74,D_A0066,,0,4.2008778e-05,False,
T011210,A0318,2026-02-23 07:39:00,10.95,D_A0318,,0,4.2008778e-05,False,
T010998,A0201,2026-02-22 07:35:00,22.72,D_A0201,,0,4.2008778e-05,False,
T011976,A0349,2026-02-27 07:56:00,43.55,D_A0349,,0,4.2008778e-05,False,
T000419,A0094,2026-01-03 07:56:00,11.89,D_A0094,,0,4.2008778e-05,False,
T003860,A0326,2026-01-19 07:58:00,70.19,D_A0326,,0,4.2008778e-05,False,
T012166,A0233,2026-02-28 09:15:00,139.56,D_A0233,,0,4.1993313e-05,False,
T011878,A0310,2026-02-26 14:37:00,308.92,D_A0310,,0,4.1991712e-05,False,
T001685,A0025,2026-01-09 07:09:00,81.13,D_A0025,,0,4.1981424e-05,False,
T000835,A0079,2026-01-05 07:03:00,81.93,D_A0079,,0,4.1981424e-05,False,
T012377,A0478,2026-03-01 09:12:00,117.97,D_A0478,,0,4.1974898e-05,False,
T009276,A0281,2026-02-13 20:05:00,276.31,D_A0281,,0,4.1969335e-05,False,
T006086,A0148,2026-01-30 07:09:00,137.07,D_A0148,,0,4.194621e-05,False,
T000964,A0486,2026-01-05 15:02:00,227.73,D_A0486,,0,4.187155e-05,False,
T000138,A0228,2026-01-01 15:47:00,222.01,D_A0228,,0,4.187155e-05,False,
T004305,A0307,2026-01-21 13:03:00,186.95,D_A0307,,0,4.1871153e-05,False,
T009612,A0208,2026-02-15 14:47:00,165.46,D_A0208,,0,4.1868396e-05,False,
T003538,A0321,2026-01-17 14:55:00,152.01,D_A0321,,0,4.1868396e-05,False,
T009771,A0266,2026-02-16 11:37:00,168.39,D_A0266,,0,4.185754e-05,False,
T009981,A0056,2026-02-17 11:20:00,138.21,D_A0056,,0,4.1845567e-05,False,
T011380,A0141,2026-02-24 07:08:00,30.39,D_FAM_2,,0,4.1845524e-05,False,
T000624,A0340,2026-01-04 07:18:00,126.2,D_A0340,,0,4.174851e-05,False,
T003929,A0494,2026-01-19 12:51:00,272.15,D_A0494,,0,4.173573e-05,False,
T008897,A0139,2026-02-12 09:39:00,85.76,D_FAM_7,,0,4.1716114e-05,False,
T005099,A0233,2026-01-25 12:12:00,345.99,D_A0233,,0,4.1672378e-05,False,
T006577,A0337,2026-02-01 12:09:00,380.5,D_A0337,,0,4.1672378e-05,False,
T007945,A0301,2026-02-07 15:19:00,175.11,D_A0301,,0,4.165656e-05,False,
T006682,A0492,2026-02-01 17:48:00,403.7,D_A0492,,0,4.1646712e-05,False,
T000449,A0062,2026-01-03 10:38:00,157.29,D_A0062,,0,4.1560736e-05,False,
T004846,A0220,2026-01-24 07:29:00,75.24,D_A0220,,0,4.155059e-05,False,
T009241,A0255,2026-02-13 16:58:00,355.42,D_A0255,,0,4.1540054e-05,False,
T009937,A0125,2026-02-17 07:24:00,39.16,D_A0125,,0,4.1486448e-05,False,
T000412,A0385,2026-01-03 07:25:00,23.13,D_A0385,,0,4.1486448e-05,False,
T010261,A0470,2026-02-18 13:59:00,125.69,D_A0470,,0,4.145849e-05,False,
T003545,A0040,2026-01-17 15:01:00,148.96,D_A0040,,0,4.1425013e-05,False,
T011009,A0062,2026-02-22 08:10:00,137.11,D_A0062,,0,4.1397452e-05,False,
T006973,A0049,2026-02-03 07:47:00,103.3,D_FAM_8,,0,4.1386516e-05,False,
T000851,A0046,2026-01-05 07:55:00,32.86,D_A0046,,0,4.136714e-05,False,
T005668,A0437,2026-01-27 19:06:00,188.94,D_FAM_3,,0,4.1312345e-05,False,
T011848,A0476,2026-02-26 13:17:00,532.86,D_A0476,,0,4.126852e-05,False,
T008417,A0468,2026-02-09 16:56:00,354.2,D_A0468,,0,4.126852e-05,False,
T002245,R009,2026-01-11 16:28:00,300.85,D_R009,,0,4.126852e-05,False,
T006534,A0007,2026-02-01 08:44:00,56.16,D_A0007,,0,4.126726e-05,False,
T000844,A0170,2026-01-05 07:29:00,76.12,D_A0170,,0,4.125408e-05,False,
T000631,A0292,2026-01-04 07:36:00,64.08,D_A0292,,0,4.125408e-05,False,
T011136,A0144,2026-02-22 15:36:00,123.9,D_A0144,PAYEE_A0144,0,4.119672e-05,False,
T002510,A0233,2026-01-12 19:06:00,278.24,D_A0233,,0,4.117107e-05,False,
T001286,A0109,2026-01-07 09:16:00,10.57,D_FAM_13,,0,4.1150583e-05,False,
T003675,A0401,2026-01-18 10:42:00,206.75,D_A0401,,0,4.114356e-05,False,
T007884,A0263,2026-02-07 11:56:00,202.22,D_A0263,,0,4.1128376e-05,False,
T009104,A0455,2026-02-13 09:06:00,163.02,D_A0455,,0,4.11192e-05,False,
T009559,A0369,2026-02-15 11:31:00,227.79,D_A0369,,0,4.1069314e-05,False,
T001714,A0234,2026-01-09 10:14:00,111.14,D_A0234,,0,4.102633e-05,False,
T000013,A0498,2026-01-01 08:26:00,107.54,D_A0498,,0,4.102618e-05,False,
T000854,A0208,2026-01-05 08:11:00,87.95,D_A0208,,0,4.1009433e-05,False,
T010971,A0194,2026-02-21 18:53:00,224.24,D_FAM_2,,0,4.100525e-05,False,
T001138,A0341,2026-01-06 13:53:00,306.54,D_A0341,,0,4.1005092e-05,False,
T010175,A0121,2026-02-18 08:20:00,117.51,D_A0121,,0,4.0981286e-05,False,
T000963,R002,2026-01-05 14:53:00,200.77,D_R002,,0,4.0935196e-05,False,
T003267,A0307,2026-01-16 13:29:00,184.97,D_A0307,,0,4.092368e-05,False,
T002178,A0109,2026-01-11 13:13:00,95.88,D_A0109,,0,4.0892628e-05,False,
T001447,A0127,2026-01-07 17:45:00,213.04,D_A0127,,0,4.087551e-05,False,
T010018,A0216,2026-02-17 13:04:00,217.05,D_A0216,,0,4.087551e-05,False,
T000243,A0040,2026-01-02 10:54:00,77.0,D_A0040,,0,4.086125e-05,False,
T006783,A0176,2026-02-02 10:20:00,95.54,D_A0176,,0,4.086125e-05,False,
T006995,A0146,2026-02-03 09:59:00,15.78,D_A0146,,0,4.079747e-05,False,
T011989,A0158,2026-02-27 09:00:00,25.95,D_A0158,,0,4.079747e-05,False,
T002767,A0016,2026-01-14 10:18:00,228.36,D_FAM_12,,0,4.0795174e-05,False,
T009653,A0305,2026-02-15 16:46:00,169.13,D_A0305,,0,4.0791052e-05,False,
T000342,A0157,2026-01-02 16:01:00,146.55,D_A0157,,0,4.075388e-05,False,
T004463,A0075,2026-01-22 10:53:00,187.62,D_A0075,,0,4.0751005e-05,False,
T010833,A0094,2026-02-21 10:50:00,71.2,D_A0094,,0,4.074269e-05,False,
T006806,A0355,2026-02-02 11:50:00,172.09,D_A0355,,0,4.0741175e-05,False,
T002475,A0301,2026-01-12 16:42:00,175.44,D_A0301,,0,4.0733405e-05,False,
T007004,A0034,2026-02-03 10:36:00,71.99,D_FAM_10,,0,4.071558e-05,False,
T008912,A0034,2026-02-12 10:34:00,61.57,D_FAM_10,,0,4.071558e-05,False,
T000023,A0191,2026-01-01 09:40:00,32.71,D_A0191,,0,4.0680145e-05,False,
T010156,A0442,2026-02-18 07:13:00,106.24,D_A0442,,0,4.067545e-05,False,
T005705,A0423,2026-01-28 08:57:00,68.0,D_A0423,,0,4.066808e-05,False,
T006292,A0428,2026-01-31 07:41:00,78.27,D_A0428,,0,4.066358e-05,False,
T010836,A0194,2026-02-21 10:55:00,140.03,D_FAM_2,,0,4.065986e-05,False,
T006858,A0003,2026-02-02 14:44:00,189.53,D_A0003,,0,4.0592022e-05,False,
T009744,A0406,2026-02-16 10:08:00,139.57,D_A0406,,0,4.057449e-05,False,
T000944,A0113,2026-01-05 14:15:00,164.77,D_FAM_3,,0,4.0570274e-05,False,
T004534,A0133,2026-01-22 14:18:00,95.83,D_A0133,,0,4.055917e-05,False,
T000655,A0337,2026-01-04 09:35:00,403.03,D_A0337,,0,4.054521e-05,False,
T000164,A0125,2026-01-01 18:24:00,58.4,D_A0125,PAYEE_A0125,0,4.049602e-05,False,
T011069,A0056,2026-02-22 12:39:00,97.21,D_A0056,PAYEE_A0056,0,4.0494935e-05,False,
T008542,A0316,2026-02-10 12:15:00,292.34,D_FAM_14,,0,4.0492505e-05,False,
T011805,A0356,2026-02-26 10:12:00,99.28,D_A0356,,0,4.0425948e-05,False,
T004672,A0431,2026-01-23 08:12:00,23.42,D_FAM_11,,0,4.0378287e-05,False,
T003501,A0269,2026-01-17 13:18:00,226.22,D_A0269,,0,4.0366314e-05,False,
T004039,A0443,2026-01-19 23:35:00,171.35,D_A0443,,0,4.0321378e-05,False,
T002870,A0318,2026-01-14 15:02:00,61.34,D_A0318,PAYEE_A0318,0,4.0299314e-05,False,
T007110,A0182,2026-02-03 16:26:00,77.94,D_FAM_8,,0,4.0270228e-05,False,
T000965,R003,2026-01-05 15:03:00,275.22,D_R003,,0,4.024305e-05,False,
T003654,A0427,2026-01-18 08:39:00,97.18,D_A0427,,0,4.0239865e-05,False,
T002225,A0177,2026-01-11 15:19:00,272.97,D_A0177,,0,4.0201623e-05,False,
T001429,A0177,2026-01-07 16:12:00,274.29,D_A0177,,0,4.0201623e-05,False,
T012371,A0411,2026-03-01 08:04:00,136.1,D_A0411,,0,4.017208e-05,False,
T009631,A0082,2026-02-15 15:38:00,201.1,D_A0082,,0,4.013834e-05,False,
T011814,A0201,2026-02-26 10:58:00,86.7,D_A0201,,0,4.0084215e-05,False,
T004872,A0229,2026-01-24 10:04:00,145.32,D_A0229,,0,4.006079e-05,False,
T010221,A0351,2026-02-18 11:51:00,232.09,D_A0351,,0,4.0045663e-05,False,
T010878,A0170,2026-02-21 13:20:00,193.38,D_A0170,,0,4.0036917e-05,False,
T004030,A0018,2026-01-19 19:53:00,531.1,D_A0018,,0,4.0035124e-05,False,
T002324,A0152,2026-01-12 08:44:00,42.45,D_A0152,,0,4.0031802e-05,False,
T009138,A0307,2026-02-13 11:56:00,73.74,D_A0307,PAYEE_A0307,0,4.0009323e-05,False,
T002074,A0198,2026-01-10 21:31:00,240.68,D_A0198,,0,3.9947066e-05,False,
T011102,A0457,2026-02-22 14:02:00,173.13,D_A0457,,0,3.989046e-05,False,
T007985,A0457,2026-02-07 17:38:00,170.58,D_A0457,,0,3.989046e-05,False,
T008498,A0097,2026-02-10 10:04:00,115.77,D_FAM_1,,0,3.988042e-05,False,
T007829,A0333,2026-02-07 07:08:00,60.2,D_FAM_9,,0,3.986266e-05,False,
T007579,A0411,2026-02-05 19:58:00,227.86,D_A0411,,0,3.9857376e-05,False,
T010410,A0000,2026-02-19 12:03:00,104.37,D_A0000,,0,3.9852395e-05,False,
T007388,A0114,2026-02-05 08:21:00,38.63,D_A0114,,0,3.9800554e-05,False,
T012152,A0055,2026-02-28 08:24:00,27.65,D_A0055,,0,3.979604e-05,False,
T011574,A0435,2026-02-25 07:04:00,16.62,D_A0435,,0,3.9762428e-05,False,
T003845,A0145,2026-01-19 07:02:00,61.85,D_A0145,,0,3.9762428e-05,False,
T000633,A0040,2026-01-04 07:51:00,23.11,D_A0040,,0,3.9762428e-05,False,
T007830,A0196,2026-02-07 07:08:00,72.35,D_A0196,,0,3.9762428e-05,False,
T000907,A0333,2026-01-05 12:09:00,217.82,D_FAM_9,,0,3.975545e-05,False,
T000643,A0318,2026-01-04 08:42:00,19.9,D_A0318,,0,3.974048e-05,False,
T011963,A0343,2026-02-27 07:04:00,45.78,D_A0343,,0,3.969927e-05,False,
T004010,A0062,2026-01-19 16:41:00,65.8,D_A0062,,0,3.9695784e-05,False,
T007120,A0472,2026-02-03 16:48:00,60.72,D_A0472,,0,3.9695784e-05,False,
T006556,A0225,2026-02-01 10:48:00,85.74,D_A0225,,0,3.9657192e-05,False,
T005221,A0170,2026-01-25 19:23:00,187.82,D_A0170,,0,3.963254e-05,False,
T008816,A0449,2026-02-11 16:13:00,264.69,D_FAM_0,,0,3.9590916e-05,False,
T010356,A0053,2026-02-19 07:25:00,44.8,D_A0053,,0,3.958083e-05,False,
T002317,A0064,2026-01-12 07:47:00,31.85,D_A0064,,0,3.958083e-05,False,
T004421,A0123,2026-01-22 07:04:00,41.67,D_A0123,,0,3.958083e-05,False,
T001689,A0053,2026-01-09 07:26:00,30.39,D_A0053,,0,3.958083e-05,False,
T002538,A0211,2026-01-13 07:58:00,68.29,D_A0211,,0,3.958083e-05,False,
T009934,A0123,2026-02-17 07:20:00,28.01,D_A0123,,0,3.958083e-05,False,
T001687,R006,2026-01-09 07:20:00,76.91,D_R006,,0,3.958083e-05,False,
T007189,A0258,2026-02-04 07:06:00,49.64,D_A0258,,0,3.958083e-05,False,
T005266,A0445,2026-01-26 09:16:00,135.23,D_A0445,,0,3.946712e-05,False,
T003665,A0198,2026-01-18 09:46:00,131.44,D_A0198,,0,3.946712e-05,False,
T005393,A0199,2026-01-26 15:34:00,229.75,D_A0199,,0,3.9451916e-05,False,
T010357,A0191,2026-02-19 07:28:00,34.83,D_A0191,,0,3.9429913e-05,False,
T001888,A0161,2026-01-10 07:03:00,50.8,D_A0161,,0,3.9429913e-05,False,
T003847,A0436,2026-01-19 07:15:00,85.51,D_A0436,,0,3.9429913e-05,False,
T009514,A0258,2026-02-15 07:35:00,96.02,D_A0258,,0,3.9429913e-05,False,
T011377,A0382,2026-02-24 07:04:00,94.96,D_A0382,,0,3.9429913e-05,False,
T004845,A0061,2026-01-24 07:24:00,48.45,D_A0061,,0,3.9429913e-05,False,
T001206,A0470,2026-01-06 16:57:00,127.97,D_A0470,,0,3.9350805e-05,False,
T000108,A0304,2026-01-01 14:21:00,137.65,D_A0304,,0,3.9350805e-05,False,
T012141,A0393,2026-02-28 07:31:00,93.1,D_A0393,,0,3.934964e-05,False,
T012175,A0421,2026-02-28 10:00:00,137.77,D_A0421,,0,3.931307e-05,False,
T001367,A0432,2026-01-07 13:21:00,150.95,D_FAM_14,,0,3.9303923e-05,False,
T012438,A0059,2026-03-01 13:30:00,204.55,D_A0059,,0,3.9276496e-05,False,
T003164,A0476,2026-01-15 21:25:00,299.94,D_A0476,,0,3.925998e-05,False,
T005064,A0373,2026-01-25 09:35:00,31.12,D_A0373,,0,3.9170343e-05,False,
T011789,A0073,2026-02-26 07:49:00,70.04,D_A0073,,0,3.9141774e-05,False,
T008866,A0393,2026-02-12 07:03:00,80.33,D_A0393,,0,3.9141774e-05,False,
T011860,A0483,2026-02-26 13:39:00,189.58,D_A0483,,0,3.911069e-05,False,
T005022,A0469,2026-01-24 21:00:00,210.44,D_A0469,,0,3.9098424e-05,False,
T002970,A0462,2026-01-15 08:58:00,91.07,D_A0462,,0,3.906056e-05,False,
T002264,A0475,2026-01-11 17:26:00,169.79,D_A0475,,0,3.9006438e-05,False,
T006491,A0244,2026-01-31 19:18:00,190.95,D_A0244,,0,3.8994127e-05,False,
T005534,A0124,2026-01-27 11:54:00,228.27,D_A0124,,0,3.896933e-05,False,
T000128,A0482,2026-01-01 15:22:00,176.36,D_A0482,,0,3.8961083e-05,False,
T009231,A0310,2026-02-13 16:30:00,398.39,D_A0310,,0,3.8954768e-05,False,
T005612,A0310,2026-01-27 15:50:00,370.39,D_A0310,,0,3.8954768e-05,False,
T004693,A0390,2026-01-23 10:29:00,175.81,D_A0390,,0,3.892907e-05,False,
T007808,A0399,2026-02-06 19:23:00,296.66,D_A0399,,0,3.890962e-05,False,
T012526,A0401,2026-03-01 17:50:00,488.7,D_A0401,,0,3.890962e-05,False,
T001912,A0135,2026-01-10 10:03:00,494.6,D_A0135,,0,3.885619e-05,False,
T007867,A0300,2026-02-07 11:03:00,246.23,D_FAM_12,,0,3.8828406e-05,False,
T011098,A0441,2026-02-22 13:56:00,169.56,D_A0441,,0,3.881308e-05,False,
T005254,A0047,2026-01-26 08:02:00,40.86,D_A0047,,0,3.8805272e-05,False,
T010302,A0353,2026-02-18 16:15:00,205.93,D_A0353,,0,3.880216e-05,False,
T008855,A0363,2026-02-11 19:51:00,209.4,D_A0363,,0,3.8794948e-05,False,
T007238,A0480,2026-02-04 11:50:00,230.0,D_FAM_6,,0,3.8793947e-05,False,
T000282,A0390,2026-01-02 12:49:00,268.4,D_A0390,,0,3.8764698e-05,False,
T003058,A0281,2026-01-15 13:44:00,263.58,D_A0281,,0,3.8739676e-05,False,
T001496,A0007,2026-01-08 09:15:00,49.95,D_A0007,,0,3.8736613e-05,False,
T000519,A0260,2026-01-03 14:55:00,464.43,D_A0260,,0,3.867685e-05,False,
T008295,A0389,2026-02-09 10:13:00,120.32,D_A0389,,0,3.864931e-05,False,
T010801,A0007,2026-02-21 08:25:00,65.57,D_A0007,,0,3.8633832e-05,False,
T003068,A0075,2026-01-15 14:25:00,227.37,D_A0075,,0,3.8626684e-05,False,
T011419,A0480,2026-02-24 10:18:00,161.49,D_FAM_6,,0,3.8614493e-05,False,
T006393,A0162,2026-01-31 13:52:00,188.17,D_A0162,,0,3.8600283e-05,False,
T006108,A0225,2026-01-30 09:47:00,70.31,D_A0225,,0,3.8579783e-05,False,
T002448,A0012,2026-01-12 15:20:00,90.47,D_A0012,,0,3.8558304e-05,False,
T004857,A0034,2026-01-24 08:27:00,47.61,D_FAM_10,,0,3.855595e-05,False,
T002705,A0233,2026-01-13 18:29:00,218.78,D_A0233,,0,3.8555034e-05,False,
T008699,A0302,2026-02-11 08:56:00,27.64,D_A0302,,0,3.8554e-05,False,
T004118,A0314,2026-01-20 12:46:00,159.36,D_FAM_10,,0,3.8549995e-05,False,
T002011,A0180,2026-01-10 15:25:00,252.86,D_A0180,,0,3.8544847e-05,False,
T003311,A0175,2026-01-16 15:47:00,275.02,D_A0175,,0,3.853037e-05,False,
T011215,A0103,2026-02-23 08:59:00,119.71,D_A0103,,0,3.850308e-05,False,
T000220,A0120,2026-01-02 09:14:00,28.88,D_A0120,,0,3.8494596e-05,False,
T011318,A0033,2026-02-23 15:15:00,216.18,D_A0033,,0,3.8485603e-05,False,
T008187,A0382,2026-02-08 16:00:00,209.54,D_A0382,,0,3.8472357e-05,False,
T004420,A0281,2026-01-22 07:03:00,104.44,D_A0281,,0,3.846579e-05,False,
T008003,A0410,2026-02-07 18:34:00,155.26,D_A0410,,0,3.8459224e-05,False,
T003820,A0410,2026-01-18 18:12:00,160.29,D_A0410,,0,3.8459224e-05,False,
T003270,A0154,2026-01-16 13:33:00,151.64,D_A0154,,0,3.8459224e-05,False,
T006596,A0048,2026-02-01 13:17:00,150.63,D_A0048,,0,3.8459224e-05,False,
T005773,A0050,2026-01-28 13:22:00,153.39,D_A0050,,0,3.8459224e-05,False,
T011533,A0457,2026-02-24 16:56:00,155.71,D_A0457,,0,3.8459224e-05,False,
T006444,A0457,2026-01-31 16:27:00,150.88,D_A0457,,0,3.8459224e-05,False,
T004466,A0019,2026-01-22 11:05:00,145.99,D_A0019,,0,3.844331e-05,False,
T009029,A0116,2026-02-12 16:44:00,67.56,D_A0116,,0,3.8425424e-05,False,
T000916,A0419,2026-01-05 12:37:00,52.06,D_A0419,PAYEE_A0419,0,3.8417656e-05,False,
T010089,A0395,2026-02-17 16:33:00,65.61,D_A0395,,0,3.838144e-05,False,
T002952,A0327,2026-01-15 07:33:00,51.21,D_A0327,,0,3.8313385e-05,False,
T011226,A0481,2026-02-23 10:06:00,166.8,D_A0481,,0,3.830772e-05,False,
T007617,A0041,2026-02-06 08:13:00,28.31,D_FAM_6,,0,3.828628e-05,False,
T006514,A0393,2026-02-01 07:07:00,46.81,D_A0393,,0,3.8274346e-05,False,
T009122,A0093,2026-02-13 11:06:00,176.22,D_A0093,,0,3.8214606e-05,False,
T009589,A0310,2026-02-15 13:37:00,381.8,D_A0310,,0,3.8213984e-05,False,
T001175,A0174,2026-01-06 15:15:00,139.13,D_A0174,,0,3.8207352e-05,False,
T002740,A0424,2026-01-14 08:12:00,48.31,D_A0424,,0,3.8203892e-05,False,
T003261,A0170,2026-01-16 13:13:00,196.08,D_A0170,,0,3.8194496e-05,False,
T007431,A0227,2026-02-05 12:08:00,82.54,D_A0227,,0,3.818845e-05,False,
T011227,A0338,2026-02-23 10:06:00,90.51,D_A0338,,0,3.8177015e-05,False,
T010554,A0308,2026-02-20 07:03:00,12.8,D_A0308,,0,3.816806e-05,False,
T011379,A0207,2026-02-24 07:07:00,24.75,D_A0207,,0,3.816806e-05,False,
T007831,A0289,2026-02-07 07:17:00,19.04,D_A0289,,0,3.816806e-05,False,
T011578,A0403,2026-02-25 07:24:00,11.24,D_A0403,,0,3.816806e-05,False,
T000623,A0331,2026-01-04 07:17:00,55.22,D_A0331,,0,3.816806e-05,False,
T001478,A0119,2026-01-08 07:05:00,38.41,D_A0119,,0,3.816806e-05,False,
T008683,A0403,2026-02-11 07:31:00,10.17,D_A0403,,0,3.816806e-05,False,
T011577,A0059,2026-02-25 07:10:00,94.01,D_A0059,,0,3.816806e-05,False,
T012142,A0165,2026-02-28 07:37:00,9.95,D_A0165,,0,3.816806e-05,False,
T008480,A0055,2026-02-10 07:33:00,7.94,D_A0055,,0,3.816806e-05,False,
T002529,A0187,2026-01-13 07:05:00,11.31,D_A0187,,0,3.816806e-05,False,
T005471,A0484,2026-01-27 07:41:00,19.81,D_A0484,,0,3.816806e-05,False,
T005479,A0438,2026-01-27 07:57:00,30.14,D_A0438,,0,3.816806e-05,False,
T011389,A0169,2026-02-24 07:56:00,8.84,D_A0169,,0,3.816806e-05,False,
T009929,A0028,2026-02-17 07:10:00,28.56,D_A0028,,0,3.816806e-05,False,
T001266,A0052,2026-01-07 07:29:00,44.88,D_A0052,,0,3.816806e-05,False,
T009511,A0484,2026-02-15 07:24:00,11.69,D_A0484,,0,3.816806e-05,False,
T004127,A0227,2026-01-20 13:33:00,82.91,D_A0227,,0,3.8144626e-05,False,
T000120,A0468,2026-01-01 14:55:00,182.72,D_A0468,,0,3.812357e-05,False,
T001085,A0074,2026-01-06 10:51:00,133.26,D_A0074,,0,3.810961e-05,False,
T006925,A0242,2026-02-02 18:53:00,312.29,D_A0242,,0,3.8078517e-05,False,
T000453,A0387,2026-01-03 11:02:00,33.69,D_A0387,,0,3.8042654e-05,False,
T008845,A0417,2026-02-11 18:45:00,124.73,D_A0417,PAYEE_A0417,0,3.8041275e-05,False,
T002746,A0229,2026-01-14 09:05:00,106.45,D_A0229,,0,3.8037397e-05,False,
T004222,A0141,2026-01-20 20:04:00,211.18,D_FAM_2,,0,3.800904e-05,False,
T010132,A0233,2026-02-17 19:57:00,263.71,D_A0233,,0,3.800299e-05,False,
T009930,A0427,2026-02-17 07:13:00,81.25,D_A0427,,0,3.8001792e-05,False,
T008045,A0125,2026-02-08 07:54:00,45.03,D_A0125,,0,3.7990776e-05,False,
T004843,A0001,2026-01-24 07:14:00,50.05,D_A0001,,0,3.7990776e-05,False,
T007601,A0488,2026-02-06 07:13:00,49.44,D_A0488,,0,3.7990776e-05,False,
T006088,A0246,2026-01-30 07:17:00,31.68,D_A0246,,0,3.7990776e-05,False,
T004666,A0357,2026-01-23 07:31:00,45.46,D_A0357,,0,3.7990776e-05,False,
T002537,A0385,2026-01-13 07:53:00,25.67,D_A0385,,0,3.7990776e-05,False,
T007193,A0357,2026-02-04 07:12:00,34.09,D_A0357,,0,3.7990776e-05,False,
T000386,A0226,2026-01-02 19:34:00,56.55,D_A0226,,0,3.7976828e-05,False,
T000723,A0336,2026-01-04 13:25:00,288.59,D_A0336,,0,3.7959162e-05,False,
T000559,A0177,2026-01-03 16:40:00,407.75,D_A0177,,0,3.7959162e-05,False,
T001553,A0113,2026-01-08 12:27:00,152.22,D_FAM_3,,0,3.791535e-05,False,
T004255,A0431,2026-01-21 09:33:00,26.68,D_FAM_11,,0,3.790215e-05,False,
T002328,A0139,2026-01-12 09:08:00,69.95,D_FAM_7,,0,3.790215e-05,False,
T004425,A0197,2026-01-22 07:16:00,71.05,D_A0197,,0,3.7889142e-05,False,
T012309,A0152,2026-02-28 16:33:00,169.88,D_A0152,,0,3.788712e-05,False,
T003200,A0333,2026-01-16 09:26:00,111.25,D_FAM_9,,0,3.7878774e-05,False,
T006205,A0029,2026-01-30 14:44:00,61.16,D_A0029,PAYEE_A0029,0,3.7873466e-05,False,
T009508,A0099,2026-02-15 07:19:00,75.41,D_A0099,,0,3.787238e-05,False,
T011543,A0169,2026-02-24 17:28:00,135.95,D_A0169,,0,3.7867867e-05,False,
T002983,R005,2026-01-15 09:58:00,162.09,D_R005,,0,3.784364e-05,False,
T011432,A0281,2026-02-24 10:58:00,170.61,D_A0281,,0,3.781749e-05,False,
T007997,A0045,2026-02-07 18:10:00,182.05,D_A0045,,0,3.7788468e-05,False,
T004250,A0192,2026-01-21 08:13:00,150.8,D_A0192,,0,3.7781512e-05,False,
T012561,A0191,2026-03-01 21:36:00,122.67,D_A0191,,0,3.7779606e-05,False,
T008311,A0087,2026-02-09 11:14:00,322.25,D_A0087,,0,3.7777514e-05,False,
T003885,A0236,2026-01-19 10:41:00,47.15,D_A0236,PAYEE_A0236,0,3.777373e-05,False,
T000884,A0306,2026-01-05 10:34:00,36.17,D_A0306,PAYEE_A0306,0,3.777373e-05,False,
T007404,A0432,2026-02-05 10:06:00,105.07,D_FAM_14,,0,3.7726713e-05,False,
T011049,A0397,2026-02-22 11:51:00,192.71,D_A0397,,0,3.772132e-05,False,
T000572,A0337,2026-01-03 17:20:00,286.86,D_A0337,,0,3.7711896e-05,False,
T008299,A0101,2026-02-09 10:28:00,150.96,D_A0101,,0,3.770589e-05,False,
T004111,A0457,2026-01-20 12:28:00,152.44,D_A0457,,0,3.7650123e-05,False,
T003386,A0051,2026-01-16 19:56:00,152.82,D_A0051,,0,3.7630598e-05,False,
T000867,A0176,2026-01-05 09:27:00,29.08,D_A0176,,0,3.7629845e-05,False,
T005762,A0403,2026-01-28 12:49:00,131.91,D_A0403,,0,3.761664e-05,False,
T000856,A0423,2026-01-05 08:27:00,11.0,D_A0423,,0,3.761542e-05,False,
T000776,A0050,2026-01-04 16:06:00,164.69,D_A0050,,0,3.760692e-05,False,
T004751,A0307,2026-01-23 14:22:00,163.1,D_A0307,,0,3.760692e-05,False,
T001704,A0025,2026-01-09 09:08:00,26.75,D_A0025,,0,3.7576916e-05,False,
T008060,A0241,2026-02-08 09:22:00,22.75,D_A0241,,0,3.7576916e-05,False,
T007291,A0028,2026-02-04 15:06:00,131.76,D_A0028,,0,3.7573474e-05,False,
T003079,A0028,2026-01-15 14:48:00,128.45,D_A0028,,0,3.7573474e-05,False,
T008239,A0070,2026-02-08 19:56:00,106.1,D_A0070,PAYEE_A0070,0,3.7569283e-05,False,
T007260,A0310,2026-02-04 13:11:00,317.85,D_A0310,,0,3.7565984e-05,False,
T002382,A0377,2026-01-12 12:33:00,121.99,D_A0377,,0,3.752896e-05,False,
T002650,A0211,2026-01-13 14:55:00,143.21,D_A0211,,0,3.7525882e-05,False,
T002969,A0353,2026-01-15 08:42:00,70.32,D_A0353,,0,3.7500235e-05,False,
T009729,A0377,2026-02-16 08:43:00,55.34,D_A0377,,0,3.7500235e-05,False,
T011399,A0138,2026-02-24 08:48:00,37.22,D_A0138,,0,3.7500235e-05,False,
T003423,A0245,2026-01-17 08:01:00,35.92,D_A0245,,0,3.7500235e-05,False,
T007317,A0458,2026-02-04 16:32:00,70.87,D_FAM_9,PAYEE_A0458,0,3.7470494e-05,False,
T004053,A0247,2026-01-20 07:49:00,50.11,D_A0247,,0,3.746431e-05,False,
T005877,A0288,2026-01-29 07:14:00,38.52,D_A0288,,0,3.746431e-05,False,
T001487,A0198,2026-01-08 07:51:00,51.65,D_A0198,,0,3.746431e-05,False,
T007834,A0047,2026-02-07 07:26:00,27.08,D_A0047,,0,3.746431e-05,False,
T009940,A0348,2026-02-17 07:26:00,64.88,D_A0348,,0,3.746431e-05,False,
T007382,A0176,2026-02-05 07:11:00,18.59,D_A0176,,0,3.746431e-05,False,
T009090,A0199,2026-02-13 07:28:00,58.98,D_A0199,,0,3.746431e-05,False,
T009933,A0418,2026-02-17 07:19:00,57.61,D_A0418,,0,3.746431e-05,False,
T006103,A0216,2026-01-30 09:15:00,104.41,D_A0216,,0,3.743442e-05,False,
T001728,A0144,2026-01-09 11:27:00,220.39,D_A0144,,0,3.7425816e-05,False,
T008216,A0312,2026-02-08 17:25:00,90.82,D_A0312,,0,3.740152e-05,False,
T004388,A0452,2026-01-21 17:39:00,74.14,D_A0452,,0,3.740152e-05,False,
T011764,A0409,2026-02-25 20:54:00,250.29,D_A0409,,0,3.7384867e-05,False,
T012262,A0458,2026-02-28 14:35:00,113.25,D_FAM_9,,0,3.7375918e-05,False,
T004584,A0458,2026-01-22 16:15:00,117.0,D_FAM_9,,0,3.7375918e-05,False,
T004623,A0412,2026-01-22 18:20:00,197.87,D_A0412,,0,3.7361984e-05,False,
T001905,A0473,2026-01-10 09:31:00,15.8,D_A0473,,0,3.7359845e-05,False,
T006769,A0253,2026-02-02 09:29:00,40.88,D_A0253,,0,3.7359845e-05,False,
T005902,A0209,2026-01-29 09:50:00,19.07,D_A0209,,0,3.7359845e-05,False,
T001281,A0208,2026-01-07 08:32:00,99.92,D_A0208,,0,3.7357247e-05,False,
T006294,A0284,2026-01-31 07:48:00,94.19,D_A0284,,0,3.732146e-05,False,
T001059,A0498,2026-01-06 07:49:00,63.86,D_A0498,,0,3.732146e-05,False,
T004244,A0155,2026-01-21 07:42:00,81.15,D_A0155,,0,3.732146e-05,False,
T006516,A0005,2026-02-01 07:12:00,72.98,D_A0005,,0,3.732146e-05,False,
T010340,A0077,2026-02-18 20:17:00,273.21,D_A0077,,0,3.7315232e-05,False,
T001623,A0430,2026-01-08 16:07:00,222.64,D_A0430,,0,3.728322e-05,False,
T008891,A0186,2026-02-12 09:15:00,63.54,D_A0186,,0,3.7282367e-05,False,
T012177,A0154,2026-02-28 10:12:00,168.8,D_A0154,,0,3.7278598e-05,False,
T006772,A0007,2026-02-02 09:38:00,53.65,D_A0007,,0,3.725745e-05,False,
T004852,A0197,2026-01-24 07:49:00,69.53,D_A0197,,0,3.7245478e-05,False,
T010566,A0362,2026-02-20 07:57:00,54.72,D_A0362,,0,3.7231348e-05,False,
T000820,A0307,2026-01-04 19:41:00,188.87,D_A0307,,0,3.722606e-05,False,
T003700,A0385,2026-01-18 12:06:00,129.16,D_A0385,,0,3.7223712e-05,False,
T008211,A0081,2026-02-08 17:10:00,146.85,D_A0081,,0,3.7212212e-05,False,
T011893,A0081,2026-02-26 15:18:00,145.88,D_A0081,,0,3.7212212e-05,False,
T001653,A0281,2026-01-08 17:36:00,193.76,D_A0281,,0,3.719969e-05,False,
T009724,A0204,2026-02-16 08:07:00,58.61,D_A0204,,0,3.7179507e-05,False,
T000912,A0153,2026-01-05 12:27:00,38.19,D_A0153,,0,3.716441e-05,False,
T010702,A0009,2026-02-20 14:52:00,158.05,D_A0009,,0,3.715785e-05,False,
T004568,A0322,2026-01-22 15:27:00,38.3,D_A0322,,0,3.712176e-05,False,
T003511,A0358,2026-01-17 13:43:00,32.4,D_A0358,,0,3.712176e-05,False,
T010199,A0096,2026-02-18 10:37:00,170.15,D_A0096,,0,3.712162e-05,False,
T001216,A0283,2026-01-06 17:25:00,32.69,D_A0283,PAYEE_A0283,0,3.707333e-05,False,
T004419,A0391,2026-01-21 23:48:00,33.48,D_A0391,PAYEE_A0391,0,3.707333e-05,False,
T008450,A0343,2026-02-09 20:15:00,19.3,D_A0343,PAYEE_A0343,0,3.707333e-05,False,
T003425,A0391,2026-01-17 08:04:00,83.35,D_A0391,,0,3.7068767e-05,False,
T009714,A0161,2026-02-16 07:23:00,60.53,D_A0161,,0,3.704947e-05,False,
T004847,A0225,2026-01-24 07:38:00,24.25,D_A0225,,0,3.704947e-05,False,
T005879,A0386,2026-01-29 07:17:00,44.72,D_A0386,,0,3.704873e-05,False,
T007519,A0047,2026-02-05 16:17:00,45.23,D_A0047,PAYEE_A0047,0,3.7047528e-05,False,
T010585,A0396,2026-02-20 09:38:00,88.35,D_FAM_3,,0,3.7039088e-05,False,
T000952,A0185,2026-01-05 14:29:00,258.31,D_A0185,,0,3.703114e-05,False,
T005678,A0140,2026-01-27 20:05:00,625.2,D_A0140,,0,3.7015885e-05,False,
T006161,A0128,2026-01-30 13:01:00,374.51,D_A0128,,0,3.7015885e-05,False,
T006891,A0128,2026-02-02 16:05:00,386.3,D_A0128,,0,3.7015885e-05,False,
T005025,A0417,2026-01-24 21:39:00,419.38,D_A0417,,0,3.7015885e-05,False,
T007565,A0068,2026-02-05 18:50:00,374.49,D_A0068,,0,3.7015885e-05,False,
T003806,A0341,2026-01-18 17:18:00,452.26,D_A0341,,0,3.7015885e-05,False,
T004614,A0362,2026-01-22 17:30:00,39.0,D_A0362,PAYEE_A0362,0,3.700551e-05,False,
T005495,A0144,2026-01-27 09:55:00,137.27,D_A0144,,0,3.6986494e-05,False,
T011622,A0128,2026-02-25 10:45:00,258.6,D_A0128,,0,3.6982758e-05,False,
T002700,A0152,2026-01-13 18:06:00,161.6,D_A0152,,0,3.6960228e-05,False,
T011002,A0239,2026-02-22 07:53:00,55.37,D_A0239,,0,3.6945847e-05,False,
T006589,A0391,2026-02-01 12:45:00,130.49,D_A0391,,0,3.6934325e-05,False,
T002547,A0280,2026-01-13 08:53:00,55.43,D_A0280,,0,3.6916896e-05,False,
T001105,A0114,2026-01-06 12:06:00,165.91,D_A0114,,0,3.6911195e-05,False,
T003123,A0127,2026-01-15 17:26:00,210.39,D_A0127,,0,3.690634e-05,False,
T002618,A0242,2026-01-13 12:57:00,314.86,D_A0242,,0,3.6902256e-05,False,
T010517,A0475,2026-02-19 17:39:00,260.95,D_A0475,,0,3.6887162e-05,False,
T008482,A0010,2026-02-10 07:45:00,46.7,D_A0010,,0,3.6879526e-05,False,
T007767,A0019,2026-02-06 16:40:00,155.72,D_A0019,,0,3.6868838e-05,False,
T002946,A0298,2026-01-15 07:22:00,181.19,D_A0298,,0,3.6836787e-05,False,
T007858,A0419,2026-02-07 10:16:00,116.5,D_A0419,,0,3.682372e-05,False,
T010798,A0381,2026-02-21 08:12:00,241.99,D_A0381,,0,3.679971e-05,False,
T002670,A0449,2026-01-13 15:57:00,232.57,D_FAM_0,,0,3.6791604e-05,False,
T004485,A0334,2026-01-22 12:11:00,632.89,D_A0334,,0,3.677031e-05,False,
T000451,A0354,2026-01-03 10:53:00,100.09,D_A0354,,0,3.675881e-05,False,
T000894,A0068,2026-01-05 11:13:00,333.68,D_A0068,,0,3.6753554e-05,False,
T004391,A0417,2026-01-21 17:46:00,325.88,D_A0417,,0,3.6728117e-05,False,
T002067,A0417,2026-01-10 19:33:00,318.97,D_A0417,,0,3.6728117e-05,False,
T000807,A0429,2026-01-04 17:50:00,580.82,D_A0429,,0,3.6728117e-05,False,
T004730,A0140,2026-01-23 13:17:00,515.23,D_A0140,,0,3.6728117e-05,False,
T006896,A0068,2026-02-02 16:26:00,311.27,D_A0068,,0,3.6728117e-05,False,
T009689,A0238,2026-02-15 19:53:00,319.93,D_A0238,,0,3.6728117e-05,False,
T006266,A0341,2026-01-30 18:56:00,340.77,D_A0341,,0,3.6728117e-05,False,
T002725,A0128,2026-01-13 23:02:00,318.97,D_A0128,,0,3.6728117e-05,False,
T000765,A0334,2026-01-04 15:31:00,311.2,D_A0334,,0,3.6728117e-05,False,
T002413,A0068,2026-01-12 14:00:00,431.82,D_A0068,,0,3.6728117e-05,False,
T001242,A0341,2026-01-06 19:35:00,327.53,D_A0341,,0,3.6728117e-05,False,
T012565,A0119,2026-03-01 22:03:00,363.02,D_A0119,,0,3.6728117e-05,False,
T009730,A0314,2026-02-16 08:46:00,82.19,D_FAM_10,,0,3.6660407e-05,False,
T007607,A0186,2026-02-06 07:31:00,43.47,D_A0186,,0,3.666037e-05,False,
T003185,A0297,2026-01-16 08:14:00,27.18,D_A0297,,0,3.6658694e-05,False,
T005519,A0333,2026-01-27 11:14:00,213.94,D_FAM_9,,0,3.661799e-05,False,
T007600,A0046,2026-02-06 07:04:00,32.51,D_A0046,,0,3.6606292e-05,False,
T008640,A0414,2026-02-10 17:58:00,200.44,D_A0414,,0,3.6562018e-05,False,
T003674,A0262,2026-01-18 10:41:00,116.36,D_A0262,,0,3.648793e-05,False,
T003619,A0438,2026-01-17 19:04:00,204.49,D_A0438,,0,3.6478643e-05,False,
T006521,A0186,2026-02-01 07:52:00,40.72,D_A0186,,0,3.646671e-05,False,
T000414,A0239,2026-01-03 07:31:00,51.38,D_A0239,,0,3.646671e-05,False,
T002752,A0190,2026-01-14 09:27:00,199.85,D_FAM_13,,0,3.6445716e-05,False,
T006060,A0460,2026-01-29 19:09:00,175.02,D_A0460,,0,3.6441266e-05,False,
T008812,A0003,2026-02-11 15:59:00,177.15,D_A0003,,0,3.6441266e-05,False,
T010963,A0455,2026-02-21 18:19:00,99.07,D_A0455,,0,3.6430945e-05,False,
T003328,A0170,2026-01-16 16:28:00,188.41,D_A0170,,0,3.6405418e-05,False,
T000214,A0407,2026-01-02 08:49:00,53.62,D_A0407,,0,3.6391913e-05,False,
T009326,A0382,2026-02-14 09:45:00,122.32,D_A0382,,0,3.636652e-05,False,
T002168,A0335,2026-01-11 12:50:00,133.11,D_A0335,,0,3.6364785e-05,False,
T002745,A0052,2026-01-14 09:02:00,76.06,D_A0052,,0,3.636021e-05,False,
T007115,A0376,2026-02-03 16:35:00,203.79,D_A0376,,0,3.6355254e-05,False,
T008999,A0376,2026-02-12 14:41:00,198.72,D_A0376,,0,3.6355254e-05,False,
T008667,A0437,2026-02-10 21:56:00,186.93,D_FAM_3,,0,3.6347035e-05,False,
T002543,A0048,2026-01-13 08:31:00,30.62,D_A0048,,0,3.626242e-05,False,
T004429,A0462,2026-01-22 07:30:00,87.67,D_A0462,,0,3.6253015e-05,False,
T002104,A0283,2026-01-11 08:58:00,52.85,D_A0283,,0,3.624728e-05,False,
T012082,A0328,2026-02-27 15:35:00,212.7,D_A0328,,0,3.6235942e-05,False,
T008453,A0171,2026-02-09 20:36:00,134.0,D_A0171,,0,3.6233934e-05,False,
T011365,A0459,2026-02-23 19:45:00,199.89,D_A0459,,0,3.6233454e-05,False,
T005132,A0264,2026-01-25 13:41:00,196.96,D_A0264,,0,3.6233454e-05,False,
T011388,A0008,2026-02-24 07:56:00,31.06,D_A0008,,0,3.622768e-05,False,
T005248,A0008,2026-01-26 07:23:00,20.79,D_A0008,,0,3.622768e-05,False,
T010358,A0386,2026-02-19 07:38:00,26.92,D_A0386,,0,3.622768e-05,False,
T009716,A0330,2026-02-16 07:33:00,35.56,D_A0330,,0,3.622768e-05,False,
T001691,A0389,2026-01-09 07:36:00,48.66,D_A0389,,0,3.622768e-05,False,
T004240,A0199,2026-01-21 07:11:00,57.46,D_A0199,,0,3.622768e-05,False,
T009139,A0242,2026-02-13 11:59:00,251.14,D_A0242,,0,3.6220772e-05,False,
T003009,A0487,2026-01-15 11:20:00,173.03,D_A0487,,0,3.6205063e-05,False,
T004412,A0480,2026-01-21 20:28:00,252.11,D_FAM_6,,0,3.6199086e-05,False,
T002112,A0034,2026-01-11 09:34:00,36.51,D_FAM_10,,0,3.6191563e-05,False,
T000853,A0265,2026-01-05 08:05:00,14.68,D_A0265,,0,3.616172e-05,False,
T006310,A0414,2026-01-31 08:54:00,31.89,D_A0414,,0,3.616172e-05,False,
T009097,A0265,2026-02-13 08:18:00,65.24,D_A0265,,0,3.616172e-05,False,
T001007,A0142,2026-01-05 17:45:00,86.05,D_A0142,PAYEE_A0142,0,3.6143312e-05,False,
T004023,A0230,2026-01-19 17:47:00,93.9,D_A0230,PAYEE_A0230,0,3.6143312e-05,False,
T011576,A0247,2026-02-25 07:09:00,29.31,D_A0247,,0,3.612708e-05,False,
T001046,A0337,2026-01-06 07:01:00,45.38,D_A0337,,0,3.612708e-05,False,
T003411,A0239,2026-01-17 07:33:00,35.13,D_A0239,,0,3.612708e-05,False,
T008270,A0370,2026-02-09 07:52:00,26.5,D_A0370,,0,3.612708e-05,False,
T007200,A0386,2026-02-04 07:42:00,49.7,D_A0386,,0,3.612708e-05,False,
T004430,A0184,2026-01-22 07:31:00,12.19,D_A0184,,0,3.612708e-05,False,
T009509,A0427,2026-02-15 07:21:00,17.63,D_A0427,,0,3.612708e-05,False,
T003416,A0201,2026-01-17 07:47:00,15.21,D_A0201,,0,3.612708e-05,False,
T009292,A0373,2026-02-14 07:12:00,10.41,D_A0373,,0,3.612708e-05,False,
T006285,A0233,2026-01-31 07:13:00,38.81,D_A0233,,0,3.612708e-05,False,
T005473,A0108,2026-01-27 07:43:00,35.43,D_A0108,,0,3.612708e-05,False,
T004055,A0081,2026-01-20 07:54:00,15.86,D_A0081,,0,3.612708e-05,False,
T011977,A0330,2026-02-27 07:56:00,10.68,D_A0330,,0,3.612708e-05,False,
T004434,A0370,2026-01-22 07:48:00,18.89,D_A0370,,0,3.612708e-05,False,
T005476,A0493,2026-01-27 07:47:00,30.16,D_A0493,,0,3.612708e-05,False,
T008691,A0370,2026-02-11 07:58:00,17.54,D_A0370,,0,3.612708e-05,False,
T004041,A0269,2026-01-20 07:06:00,40.24,D_A0269,,0,3.612708e-05,False,
T008511,A0408,2026-02-10 10:43:00,117.59,D_A0408,,0,3.6097153e-05,False,
T011597,A0415,2026-02-25 09:06:00,57.21,D_A0415,,0,3.609082e-05,False,
T012158,A0286,2026-02-28 08:51:00,38.26,D_FAM_10,,0,3.6073478e-05,False,
T009788,A0128,2026-02-16 12:22:00,334.26,D_A0128,,0,3.607107e-05,False,
T002265,A0150,2026-01-11 17:27:00,121.65,D_A0150,,0,3.6067424e-05,False,
T003910,A0024,2026-01-19 12:02:00,233.06,D_A0024,,0,3.6064466e-05,False,
T006507,A0341,2026-01-31 21:56:00,353.59,D_A0341,,0,3.602968e-05,False,
T005120,A0064,2026-01-25 12:57:00,154.29,D_A0064,,0,3.6016692e-05,False,
T002743,A0354,2026-01-14 08:43:00,91.23,D_A0354,,0,3.598967e-05,False,
T000115,A0344,2026-01-01 14:36:00,151.78,D_A0344,,0,3.597063e-05,False,
T000358,A0093,2026-01-02 17:00:00,164.07,D_A0093,,0,3.597063e-05,False,
T007205,A0194,2026-02-04 08:20:00,67.4,D_FAM_2,,0,3.596898e-05,False,
T004100,A0395,2026-01-20 11:56:00,41.83,D_A0395,,0,3.5967885e-05,False,
T002944,A0217,2026-01-15 07:12:00,134.93,D_A0217,,0,3.5951765e-05,False,
T011569,A0422,2026-02-24 21:03:00,199.51,D_A0422,,0,3.5951765e-05,False,
T008687,A0388,2026-02-11 07:41:00,63.47,D_A0388,,0,3.594981e-05,False,
T003641,A0434,2026-01-18 07:18:00,73.83,D_A0434,,0,3.594981e-05,False,
T002655,A0040,2026-01-13 15:13:00,132.43,D_A0040,,0,3.5931065e-05,False,
T003405,A0085,2026-01-17 07:14:00,39.75,D_A0085,,0,3.5904002e-05,False,
T009713,A0428,2026-02-16 07:20:00,80.73,D_A0428,,0,3.5863075e-05,False,
T006376,A0142,2026-01-31 13:08:00,91.22,D_A0142,PAYEE_A0142,0,3.5862326e-05,False,
T001773,A0061,2026-01-09 13:42:00,95.43,D_A0061,PAYEE_A0061,0,3.5862326e-05,False,
T001539,A0165,2026-01-08 11:54:00,38.15,D_A0165,,0,3.584393e-05,False,
T004952,A0033,2026-01-24 14:31:00,191.37,D_A0033,,0,3.5818986e-05,False,
T012362,A0430,2026-03-01 07:13:00,79.7,D_A0430,,0,3.579505e-05,False,
T012364,A0412,2026-03-01 07:21:00,47.27,D_A0412,,0,3.579505e-05,False,
T005036,A0374,2026-01-25 07:10:00,54.22,D_A0374,,0,3.579505e-05,False,
T008267,A0204,2026-02-09 07:48:00,27.2,D_A0204,,0,3.579505e-05,False,
T011584,A0071,2026-02-25 07:41:00,64.82,D_A0071,,0,3.579505e-05,False,
T009517,A0405,2026-02-15 07:54:00,32.91,D_A0405,,0,3.579505e-05,False,
T001485,A0071,2026-01-08 07:39:00,66.22,D_A0071,,0,3.579505e-05,False,
T006744,A0209,2026-02-02 07:37:00,18.92,D_A0209,,0,3.579505e-05,False,
T001686,A0355,2026-01-09 07:14:00,50.07,D_A0355,,0,3.579505e-05,False,
T006089,A0071,2026-01-30 07:30:00,43.93,D_A0071,,0,3.579505e-05,False,
T002316,A0329,2026-01-12 07:31:00,54.94,D_A0329,,0,3.579505e-05,False,
T004013,A0150,2026-01-19 16:47:00,120.82,D_A0150,,0,3.5787027e-05,False,
T002726,A0291,2026-01-13 23:19:00,119.37,D_A0291,,0,3.5787027e-05,False,
T007514,A0150,2026-02-05 16:06:00,115.47,D_A0150,,0,3.5787027e-05,False,
T009028,A0466,2026-02-12 16:43:00,119.08,D_A0466,,0,3.5787027e-05,False,
T009457,A0078,2026-02-14 16:55:00,115.05,D_A0078,,0,3.5787027e-05,False,
T009173,A0113,2026-02-13 13:55:00,164.15,D_FAM_3,,0,3.5782352e-05,False,
T002996,A0112,2026-01-15 10:51:00,119.74,D_A0112,,0,3.5779147e-05,False,
T012398,A0269,2026-03-01 11:02:00,173.3,D_A0269,,0,3.5776655e-05,False,
T006128,A0144,2026-01-30 11:04:00,208.48,D_A0144,,0,3.573417e-05,False,
T000467,A0270,2026-01-03 11:36:00,158.16,D_A0270,,0,3.572163e-05,False,
T006200,A0409,2026-01-30 14:38:00,232.63,D_A0409,,0,3.572003e-05,False,
T007320,A0351,2026-02-04 16:47:00,233.77,D_A0351,,0,3.572003e-05,False,
T008876,A0482,2026-02-12 07:31:00,58.26,D_A0482,,0,3.5658562e-05,False,
T006656,A0004,2026-02-01 16:28:00,227.27,D_A0004,,0,3.562274e-05,False,
T009786,A0495,2026-02-16 12:19:00,238.26,D_A0495,,0,3.5606197e-05,False,
T010174,A0240,2026-02-18 08:17:00,72.1,D_FAM_11,,0,3.5569985e-05,False,
T006557,A0243,2026-02-01 10:50:00,226.18,D_A0243,,0,3.5568966e-05,False,
T001648,R009,2026-01-08 17:25:00,257.67,D_R009,,0,3.556534e-05,False,
T006335,A0287,2026-01-31 10:10:00,34.23,D_FAM_13,,0,3.5558525e-05,False,
T007125,A0009,2026-02-03 17:00:00,154.32,D_A0009,,0,3.5554418e-05,False,
T008930,A0113,2026-02-12 11:44:00,156.75,D_FAM_3,,0,3.553486e-05,False,
T000471,A0059,2026-01-03 11:53:00,221.55,D_A0059,,0,3.5500652e-05,False,
T003091,A0453,2026-01-15 15:42:00,189.86,D_A0453,,0,3.5457208e-05,False,
T000931,A0263,2026-01-05 13:39:00,287.06,D_A0263,,0,3.543517e-05,False,
T006412,A0161,2026-01-31 14:52:00,180.57,D_A0161,,0,3.5426758e-05,False,
T011317,A0417,2026-02-23 15:14:00,337.81,D_A0417,,0,3.5418718e-05,False,
T008414,A0341,2026-02-09 16:53:00,294.72,D_A0341,,0,3.5418718e-05,False,
T008775,A0417,2026-02-11 13:45:00,388.3,D_A0417,,0,3.5418718e-05,False,
T007535,A0446,2026-02-05 17:03:00,402.94,D_A0446,,0,3.5418718e-05,False,
T008192,A0140,2026-02-08 16:09:00,474.89,D_A0140,,0,3.5418718e-05,False,
T009806,A0275,2026-02-16 13:21:00,206.12,D_FAM_5,,0,3.5388803e-05,False,
T008359,A0231,2026-02-09 13:43:00,191.62,D_A0231,,0,3.5388734e-05,False,
T007898,A0190,2026-02-07 12:52:00,109.14,D_FAM_13,PAYEE_A0190,0,3.5367142e-05,False,
T003902,A0194,2026-01-19 11:43:00,205.23,D_FAM_2,,0,3.5348294e-05,False,
T009953,A0378,2026-02-17 08:51:00,45.98,D_A0378,,0,3.532275e-05,False,
T009438,A0016,2026-02-14 15:46:00,232.38,D_A0016,,0,3.532147e-05,False,
T006248,A0469,2026-01-30 17:01:00,189.04,D_A0469,,0,3.530578e-05,False,
T006740,A0138,2026-02-02 07:17:00,71.53,D_A0138,,0,3.5299683e-05,False,
T006043,A0329,2026-01-29 18:18:00,254.37,D_A0329,,0,3.528885e-05,False,
T010850,A0328,2026-02-21 11:35:00,153.09,D_A0328,,0,3.5281442e-05,False,
T006957,A0025,2026-02-02 22:53:00,149.36,D_A0025,,0,3.5248184e-05,False,
T000798,A0149,2026-01-04 17:17:00,244.42,D_A0149,,0,3.5247947e-05,False,
T000213,A0356,2026-01-02 08:44:00,7.04,D_A0356,,0,3.522728e-05,False,
T011312,A0245,2026-02-23 14:57:00,171.54,D_A0245,,0,3.522211e-05,False,
T005759,A0478,2026-01-28 12:42:00,152.44,D_A0478,,0,3.520176e-05,False,
T011216,A0162,2026-02-23 09:01:00,68.25,D_A0162,,0,3.5200585e-05,False,
T011013,A0360,2026-02-22 09:02:00,53.75,D_A0360,,0,3.5200585e-05,False,
T004254,A0009,2026-01-21 09:29:00,94.22,D_A0009,,0,3.5200585e-05,False,
T009107,A0293,2026-02-13 09:38:00,43.71,D_A0293,,0,3.5200585e-05,False,
T004072,A0159,2026-01-20 09:23:00,35.96,D_A0159,,0,3.5200585e-05,False,
T005263,A0228,2026-01-26 09:06:00,99.42,D_A0228,,0,3.5200585e-05,False,
T011427,A0243,2026-02-24 10:41:00,244.94,D_A0243,,0,3.5199544e-05,False,
T010729,A0213,2026-02-20 16:04:00,203.08,D_A0213,,0,3.50857e-05,False,
T006522,A0281,2026-02-01 07:58:00,87.16,D_A0281,,0,3.5068304e-05,False,
T008476,A0283,2026-02-10 07:25:00,32.73,D_A0283,,0,3.5068304e-05,False,
T010796,A0056,2026-02-21 07:55:00,48.04,D_A0056,,0,3.5068304e-05,False,
T009720,A0339,2026-02-16 07:46:00,75.71,D_A0339,,0,3.5068304e-05,False,
T006518,A0234,2026-02-01 07:39:00,53.52,D_A0234,,0,3.5068304e-05,False,
T006520,A0056,2026-02-01 07:48:00,36.61,D_A0056,,0,3.5068304e-05,False,
T004050,A0151,2026-01-20 07:29:00,68.62,D_A0151,,0,3.5068304e-05,False,
T007209,A0017,2026-02-04 09:26:00,34.82,D_A0017,,0,3.5066365e-05,False,
T005264,A0017,2026-01-26 09:06:00,37.5,D_A0017,,0,3.5066365e-05,False,
T008700,A0456,2026-02-11 09:00:00,69.15,D_A0456,,0,3.5066365e-05,False,
T002963,A0080,2026-01-15 08:25:00,69.94,D_A0080,,0,3.5035482e-05,False,
T001195,A0406,2026-01-06 16:17:00,162.06,D_A0406,,0,3.5033743e-05,False,
T000117,A0033,2026-01-01 14:45:00,152.01,D_A0033,,0,3.5033743e-05,False,
T006986,A0218,2026-02-03 09:23:00,87.14,D_A0218,,0,3.503157e-05,False,
T003071,R001,2026-01-15 14:33:00,188.18,D_R001,,0,3.5031306e-05,False,
T005417,A0242,2026-01-26 16:50:00,329.31,D_A0242,,0,3.4977926e-05,False,
T008694,A0021,2026-02-11 08:07:00,85.1,D_A0021,,0,3.493862e-05,False,
T003562,A0216,2026-01-17 16:01:00,183.88,D_A0216,,0,3.492773e-05,False,
T011725,A0100,2026-02-25 16:38:00,163.52,D_A0100,,0,3.4888013e-05,False,
T002653,A0061,2026-01-13 15:13:00,112.15,D_A0061,PAYEE_A0061,0,3.4856188e-05,False,
T008454,A0349,2026-02-09 20:42:00,295.42,D_A0349,,0,3.482625e-05,False,
T002341,A0027,2026-01-12 09:58:00,95.98,D_A0027,,0,3.4810113e-05,False,
T004443,A0416,2026-01-22 09:18:00,93.61,D_A0416,,0,3.480739e-05,False,
T002865,A0051,2026-01-14 14:46:00,142.7,D_A0051,,0,3.4805566e-05,False,
T001193,A0266,2026-01-06 16:05:00,198.61,D_A0266,,0,3.4789107e-05,False,
T008981,A0341,2026-02-12 13:41:00,275.2,D_A0341,,0,3.4760487e-05,False,
T006101,A0014,2026-01-30 08:48:00,62.44,D_FAM_2,,0,3.4684428e-05,False,
T000557,A0481,2026-01-03 16:23:00,188.55,D_A0481,,0,3.4671433e-05,False,
T001163,A0096,2026-01-06 14:49:00,249.46,D_A0096,,0,3.4660225e-05,False,
T009021,A0056,2026-02-12 15:59:00,131.53,D_A0056,,0,3.465008e-05,False,
T012004,A0453,2026-02-27 10:42:00,136.76,D_A0453,,0,3.4647965e-05,False,
T006889,A0468,2026-02-02 15:59:00,244.38,D_A0468,,0,3.4617777e-05,False,
T011757,A0347,2026-02-25 19:58:00,240.64,D_A0347,,0,3.4617777e-05,False,
T000618,A0100,2026-01-04 07:01:00,51.94,D_A0100,,0,3.4613517e-05,False,
T010351,A0343,2026-02-19 07:01:00,19.99,D_A0343,,0,3.4613517e-05,False,
T008044,A0357,2026-02-08 07:42:00,40.35,D_A0357,,0,3.4613517e-05,False,
T009938,A0042,2026-02-17 07:24:00,42.09,D_A0042,,0,3.4613517e-05,False,
T005245,A0364,2026-01-26 07:11:00,90.1,D_A0364,,0,3.4613517e-05,False,
T008214,A0351,2026-02-08 17:21:00,228.66,D_A0351,,0,3.4550692e-05,False,
T002209,A0495,2026-01-11 14:26:00,225.15,D_A0495,,0,3.4550692e-05,False,
T011986,A0030,2026-02-27 08:38:00,75.21,D_A0030,,0,3.4539953e-05,False,
T007416,A0172,2026-02-05 11:10:00,128.86,D_A0172,,0,3.4529843e-05,False,
T008039,A0115,2026-02-08 07:24:00,45.8,D_A0115,,0,3.4517398e-05,False,
T008878,A0100,2026-02-12 07:39:00,15.46,D_A0100,,0,3.4517398e-05,False,
T011786,A0021,2026-02-26 07:38:00,50.79,D_A0021,,0,3.4517398e-05,False,
T011969,A0099,2026-02-27 07:29:00,13.49,D_A0099,,0,3.4517398e-05,False,
T003852,A0384,2026-01-19 07:27:00,20.35,D_A0384,,0,3.4517398e-05,False,
T004667,A0302,2026-01-23 07:33:00,7.4,D_A0302,,0,3.4517398e-05,False,
T005475,A0344,2026-01-27 07:45:00,88.36,D_A0344,,0,3.4517398e-05,False,
T006284,A0408,2026-01-31 07:12:00,12.54,D_A0408,,0,3.4517398e-05,False,
T003169,A0283,2026-01-16 07:05:00,8.08,D_A0283,,0,3.4517398e-05,False,
T003645,A0430,2026-01-18 07:26:00,28.86,D_A0430,,0,3.4517398e-05,False,
T009718,A0042,2026-02-16 07:37:00,37.98,D_A0042,,0,3.4517398e-05,False,
T004245,A0174,2026-01-21 07:47:00,10.78,D_A0174,,0,3.4517398e-05,False,
T000573,A0368,2026-01-03 17:22:00,427.78,D_A0368,,0,3.4490942e-05,False,
T010927,A0016,2026-02-21 15:52:00,43.18,D_FAM_12,,0,3.448581e-05,False,
T005749,A0377,2026-01-28 12:17:00,111.83,D_A0377,,0,3.4460038e-05,False,
T000685,A0100,2026-01-04 12:02:00,194.23,D_A0100,,0,3.444118e-05,False,
T001521,A0151,2026-01-08 11:09:00,148.52,D_A0151,,0,3.4430966e-05,False,
T008099,A0331,2026-02-08 12:17:00,175.12,D_A0331,,0,3.4428012e-05,False,
T009685,A0077,2026-02-15 19:36:00,233.66,D_A0077,,0,3.442391e-05,False,
T007254,A0044,2026-02-04 12:46:00,147.51,D_A0044,,0,3.441682e-05,False,
T004069,A0462,2026-01-20 09:04:00,89.52,D_A0462,,0,3.4415898e-05,False,
T006111,A0241,2026-01-30 09:59:00,22.69,D_A0241,,0,3.441065e-05,False,
T006984,A0464,2026-02-03 09:10:00,24.34,D_A0464,,0,3.441065e-05,False,
T008886,A0447,2026-02-12 09:03:00,51.68,D_A0447,,0,3.441065e-05,False,
T001502,A0477,2026-01-08 09:43:00,77.01,D_A0477,,0,3.441065e-05,False,
T003656,A0426,2026-01-18 08:54:00,56.76,D_A0426,,0,3.4408255e-05,False,
T006977,A0078,2026-02-03 08:01:00,43.97,D_A0078,,0,3.4408255e-05,False,
T006097,A0318,2026-01-30 08:18:00,15.5,D_A0318,,0,3.438749e-05,False,
T007252,A0315,2026-02-04 12:43:00,224.32,D_A0315,,0,3.4369587e-05,False,
T009549,A0195,2026-02-15 10:37:00,25.48,D_FAM_11,,0,3.4349174e-05,False,
T007321,A0147,2026-02-04 16:50:00,285.85,D_A0147,,0,3.432324e-05,False,
T010690,A0132,2026-02-20 14:07:00,413.19,D_A0132,,0,3.432324e-05,False,
T010815,A0118,2026-02-21 09:45:00,105.0,D_A0118,,0,3.4293564e-05,False,
T000427,R006,2026-01-03 08:45:00,84.01,D_R006,,0,3.4288594e-05,False,
T011386,A0448,2026-02-24 07:33:00,129.59,D_A0448,,0,3.4284476e-05,False,
T006751,A0214,2026-02-02 07:59:00,31.64,D_A0214,,0,3.426516e-05,False,
T008986,A0045,2026-02-12 14:12:00,155.11,D_A0045,,0,3.4224566e-05,False,
T000010,A0094,2026-01-01 08:18:00,26.73,D_A0094,,0,3.4194876e-05,False,
T010159,A0252,2026-02-18 07:19:00,86.65,D_A0252,,0,3.418738e-05,False,
T002771,A0144,2026-01-14 10:35:00,164.43,D_A0144,,0,3.4168963e-05,False,
T007204,A0470,2026-02-04 08:14:00,50.35,D_A0470,,0,3.4166584e-05,False,
T001340,A0090,2026-01-07 12:24:00,55.67,D_A0090,,0,3.415062e-05,False,
T001911,A0354,2026-01-10 10:00:00,90.11,D_A0354,,0,3.414193e-05,False,
T004441,A0474,2026-01-22 09:08:00,127.58,D_A0474,,0,3.4136687e-05,False,
T000836,A0262,2026-01-05 07:07:00,82.01,D_A0262,,0,3.4133853e-05,False,
T008543,A0024,2026-02-10 12:16:00,220.76,D_A0024,,0,3.412988e-05,False,
T011997,A0400,2026-02-27 09:55:00,117.23,D_A0400,,0,3.412858e-05,False,
T001705,A0434,2026-01-09 09:11:00,94.39,D_A0434,,0,3.412803e-05,False,
T002988,A0277,2026-01-15 10:19:00,168.41,D_A0277,,0,3.412513e-05,False,
T006213,A0404,2026-01-30 15:06:00,11.46,D_A0404,,0,3.4111436e-05,False,
T000231,A0466,2026-01-02 10:18:00,29.48,D_A0466,,0,3.409426e-05,False,
T012228,A0190,2026-02-28 13:18:00,565.68,D_A0190,,0,3.4080804e-05,False,
T010178,A0435,2026-02-18 08:41:00,116.03,D_A0435,,0,3.4075863e-05,False,
T009530,A0301,2026-02-15 09:10:00,48.34,D_A0301,,0,3.4038676e-05,False,
T007628,A0245,2026-02-06 09:22:00,82.41,D_A0245,,0,3.4038676e-05,False,
T009733,A0249,2026-02-16 09:05:00,73.41,D_A0249,,0,3.402446e-05,False,
T002416,A0430,2026-01-12 14:05:00,189.98,D_A0430,,0,3.4023487e-05,False,
T006391,A0307,2026-01-31 13:49:00,227.27,D_A0307,,0,3.40073e-05,False,
T009867,A0102,2026-02-16 16:22:00,49.24,D_A0102,,0,3.3993878e-05,False,
T005687,A0185,2026-01-27 23:39:00,328.89,D_A0185,,0,3.395283e-05,False,
T002885,A0265,2026-01-14 15:55:00,129.99,D_A0265,,0,3.3944187e-05,False,
T005898,A0109,2026-01-29 09:30:00,18.44,D_A0109,,0,3.394415e-05,False,
T003204,A0179,2026-01-16 09:49:00,8.73,D_A0179,,0,3.394415e-05,False,
T012162,A0305,2026-02-28 09:04:00,16.22,D_A0305,,0,3.394415e-05,False,
T010808,A0473,2026-02-21 09:23:00,29.03,D_A0473,,0,3.394415e-05,False,
T003433,A0138,2026-01-17 09:01:00,44.76,D_A0138,,0,3.394415e-05,False,
T000434,A0009,2026-01-03 09:18:00,26.63,D_A0009,,0,3.394415e-05,False,
T008887,A0187,2026-02-12 09:06:00,12.06,D_A0187,,0,3.394415e-05,False,
T006771,A0098,2026-02-02 09:36:00,10.53,D_A0098,,0,3.394415e-05,False,
T004075,A0103,2026-01-20 09:32:00,14.67,D_A0103,,0,3.394415e-05,False,
T000037,A0253,2026-01-01 10:57:00,46.72,D_A0253,,0,3.389731e-05,False,
T003947,A0282,2026-01-19 14:17:00,265.02,D_A0282,,0,3.389211e-05,False,
T001909,A0286,2026-01-10 09:47:00,55.06,D_FAM_10,,0,3.3861317e-05,False,
T010581,A0286,2026-02-20 09:10:00,26.24,D_FAM_10,,0,3.3861317e-05,False,
T007250,A0184,2026-02-04 12:37:00,51.78,D_A0184,PAYEE_A0184,0,3.3851666e-05,False,
T002085,A0340,2026-01-11 07:16:00,109.51,D_A0340,,0,3.385115e-05,False,
T003600,A0293,2026-01-17 17:33:00,146.22,D_A0293,,0,3.3849694e-05,False,
T004936,A0301,2026-01-24 13:42:00,147.61,D_A0301,,0,3.3849694e-05,False,
T005203,A0406,2026-01-25 17:48:00,54.65,D_A0406,PAYEE_A0406,0,3.381282e-05,False,
T006476,A0406,2026-01-31 18:18:00,42.07,D_A0406,PAYEE_A0406,0,3.381282e-05,False,
T003956,A0121,2026-01-19 14:32:00,52.59,D_A0121,PAYEE_A0121,0,3.381282e-05,False,
T005487,A0174,2026-01-27 08:48:00,108.87,D_A0174,,0,3.381253e-05,False,
T009860,A0379,2026-02-16 16:11:00,56.69,D_A0379,,0,3.3768123e-05,False,
T001495,A0194,2026-01-08 09:06:00,55.44,D_FAM_2,,0,3.376323e-05,False,
T004493,A0484,2026-01-22 12:28:00,162.22,D_A0484,,0,3.376117e-05,False,
T008997,A0206,2026-02-12 14:38:00,231.56,D_A0206,,0,3.3758624e-05,False,
T000869,A0136,2026-01-05 09:28:00,57.2,D_A0136,,0,3.3735487e-05,False,
T002972,A0203,2026-01-15 09:04:00,52.28,D_A0203,,0,3.36961e-05,False,
T005033,A0293,2026-01-24 23:58:00,190.5,D_A0293,,0,3.369363e-05,False,
T008199,A0144,2026-02-08 16:28:00,273.75,D_A0144,,0,3.3684984e-05,False,
T006805,A0346,2026-02-02 11:49:00,161.18,D_A0346,,0,3.3683667e-05,False,
T009964,A0319,2026-02-17 10:13:00,207.94,D_A0319,,0,3.3677854e-05,False,
T000667,A0065,2026-01-04 10:25:00,134.16,D_A0065,,0,3.366347e-05,False,
T004923,A0460,2026-01-24 12:52:00,158.8,D_A0460,,0,3.3594355e-05,False,
T010734,A0333,2026-02-20 16:33:00,230.45,D_FAM_9,,0,3.3589713e-05,False,
T004645,A0488,2026-01-22 21:47:00,158.67,D_A0488,,0,3.356576e-05,False,
T000845,A0419,2026-01-05 07:40:00,23.84,D_A0419,,0,3.3560864e-05,False,
T002148,A0377,2026-01-11 11:58:00,92.61,D_A0377,,0,3.3557855e-05,False,
T001938,A0486,2026-01-10 11:49:00,142.45,D_A0486,,0,3.3549277e-05,False,
T007605,A0170,2026-02-06 07:31:00,59.08,D_A0170,,0,3.3505796e-05,False,
T004247,A0170,2026-01-21 07:49:00,55.25,D_A0170,,0,3.3505796e-05,False,
T004052,A0174,2026-01-20 07:41:00,82.02,D_A0174,,0,3.3505796e-05,False,
T004853,A0482,2026-01-24 07:55:00,48.52,D_A0482,,0,3.3505796e-05,False,
T005724,A0014,2026-01-28 10:22:00,38.69,D_FAM_2,,0,3.3503366e-05,False,
T005883,A0485,2026-01-29 07:28:00,124.03,D_A0485,,0,3.35018e-05,False,
T003230,A0339,2026-01-16 11:19:00,162.3,D_A0339,,0,3.3482127e-05,False,
T006536,A0039,2026-02-01 08:58:00,128.3,D_A0039,,0,3.346307e-05,False,
T011697,A0059,2026-02-25 15:08:00,175.64,D_A0059,,0,3.3441982e-05,False,
T004065,A0245,2026-01-20 08:43:00,78.61,D_A0245,,0,3.3399847e-05,False,
T005889,A0342,2026-01-29 08:22:00,60.72,D_A0342,,0,3.3399847e-05,False,
T008190,A0047,2026-02-08 16:05:00,26.0,D_A0047,PAYEE_A0047,0,3.3398323e-05,False,
T006077,A0027,2026-01-29 21:41:00,229.61,D_A0027,,0,3.3393735e-05,False,
T009774,A0005,2026-02-16 11:40:00,155.59,D_A0005,,0,3.3389148e-05,False,
T002691,A0359,2026-01-13 17:42:00,126.16,D_A0359,,0,3.3367534e-05,False,
T006430,A0451,2026-01-31 15:46:00,13.03,D_FAM_12,,0,3.335977e-05,False,
T007274,A0242,2026-02-04 14:17:00,224.04,D_A0242,,0,3.3315137e-05,False,
T003361,A0185,2026-01-16 18:03:00,227.7,D_A0185,,0,3.3315137e-05,False,
T009991,A0322,2026-02-17 12:05:00,239.63,D_A0322,,0,3.3309956e-05,False,
T007843,A0490,2026-02-07 08:38:00,15.48,D_A0490,,0,3.33071e-05,False,
T008278,A0172,2026-02-09 08:47:00,18.6,D_A0172,,0,3.33071e-05,False,
T008279,A0120,2026-02-09 08:48:00,25.7,D_A0120,,0,3.33071e-05,False,
T008048,A0099,2026-02-08 08:06:00,36.15,D_A0099,,0,3.33071e-05,False,
T004679,A0219,2026-01-23 08:43:00,61.1,D_A0219,,0,3.33071e-05,False,
T005094,A0191,2026-01-25 11:56:00,96.57,D_A0191,,0,3.329697e-05,False,
T009667,A0478,2026-02-15 17:33:00,148.6,D_A0478,,0,3.3271957e-05,False,
T001245,A0186,2026-01-06 19:46:00,62.76,D_A0186,PAYEE_A0186,0,3.3258e-05,False,
T001719,A0089,2026-01-09 10:46:00,107.21,D_A0089,,0,3.3148313e-05,False,
T001481,A0401,2026-01-08 07:12:00,160.05,D_A0401,,0,3.3141077e-05,False,
T001348,A0255,2026-01-07 12:47:00,221.4,D_A0255,,0,3.313915e-05,False,
T011269,A0342,2026-02-23 12:39:00,141.42,D_A0342,,0,3.3137567e-05,False,
T002910,A0090,2026-01-14 17:43:00,32.71,D_A0090,,0,3.311173e-05,False,
T012574,A0409,2026-03-01 23:25:00,43.75,D_A0409,,0,3.311173e-05,False,
T002469,A0409,2026-01-12 16:27:00,40.17,D_A0409,,0,3.311173e-05,False,
T001624,A0250,2026-01-08 16:09:00,146.02,D_A0250,,0,3.3099543e-05,False,
T003582,A0048,2026-01-17 16:59:00,140.7,D_A0048,,0,3.3099543e-05,False,
T003073,A0048,2026-01-15 14:34:00,147.06,D_A0048,,0,3.3099543e-05,False,
T007063,A0250,2026-02-03 13:58:00,140.38,D_A0250,,0,3.3099543e-05,False,
T000661,A0273,2026-01-04 09:57:00,15.3,D_A0273,,0,3.3067015e-05,False,
T007433,A0251,2026-02-05 12:10:00,8.77,D_A0251,,0,3.3057713e-05,False,
T012201,A0100,2026-02-28 11:40:00,172.08,D_A0100,,0,3.3044096e-05,False,
T006112,A0287,2026-01-30 10:02:00,54.76,D_FAM_13,,0,3.3039716e-05,False,
T006637,A0387,2026-02-01 15:12:00,208.7,D_A0387,,0,3.303524e-05,False,
T011796,A0345,2026-02-26 09:06:00,67.9,D_A0345,,0,3.3030203e-05,False,
T001198,A0180,2026-01-06 16:28:00,29.98,D_A0180,,0,3.301978e-05,False,
T009396,A0439,2026-02-14 13:48:00,17.94,D_A0439,,0,3.301978e-05,False,
T002013,A0180,2026-01-10 15:34:00,15.85,D_A0180,,0,3.301978e-05,False,
T000792,A0476,2026-01-04 16:56:00,48.73,D_A0476,,0,3.301978e-05,False,
T002886,A0039,2026-01-14 15:57:00,55.31,D_A0039,,0,3.2997617e-05,False,
T006084,A0025,2026-01-29 23:58:00,75.16,D_A0025,PAYEE_A0025,0,3.2979246e-05,False,
T005516,A0206,2026-01-27 11:08:00,185.0,D_A0206,,0,3.2963995e-05,False,
T012169,A0245,2026-02-28 09:40:00,62.7,D_A0245,,0,3.294935e-05,False,
T008692,A0014,2026-02-11 08:03:00,35.04,D_FAM_2,,0,3.2921806e-05,False,
T000211,A0100,2026-01-02 08:30:00,62.43,D_A0100,,0,3.291113e-05,False,
T000036,A0020,2026-01-01 10:51:00,117.43,D_A0020,,0,3.290711e-05,False,
T010285,A0076,2026-02-18 15:09:00,18.68,D_A0076,,0,3.2905984e-05,False,
T009582,A0277,2026-02-15 13:09:00,30.26,D_A0277,,0,3.2905984e-05,False,
T002022,A0062,2026-01-10 16:20:00,21.58,D_A0062,,0,3.2905984e-05,False,
T003201,A0021,2026-01-16 09:32:00,80.83,D_A0021,,0,3.2882457e-05,False,
T007778,A0390,2026-02-06 17:16:00,222.57,D_A0390,,0,3.2869102e-05,False,
T003696,A0154,2026-01-18 11:59:00,61.4,D_A0154,PAYEE_A0154,0,3.285807e-05,False,
T007656,A0356,2026-02-06 11:19:00,140.62,D_A0356,,0,3.2847354e-05,False,
T003922,A0258,2026-01-19 12:24:00,172.0,D_A0258,,0,3.2815326e-05,False,
T000882,A0057,2026-01-05 10:23:00,52.85,D_A0057,,0,3.281251e-05,False,
T000450,A0075,2026-01-03 10:41:00,51.33,D_A0075,,0,3.281251e-05,False,
T004888,A0314,2026-01-24 10:58:00,144.06,D_FAM_10,,0,3.27478e-05,False,
T007484,A0132,2026-02-05 14:31:00,351.26,D_A0132,,0,3.274374e-05,False,
T000962,A0135,2026-01-05 14:49:00,734.35,D_A0135,,0,3.274374e-05,False,
T000204,A0494,2026-01-02 07:38:00,104.98,D_A0494,,0,3.2722513e-05,False,
T003874,A0217,2026-01-19 09:27:00,199.31,D_A0217,,0,3.2720174e-05,False,
T001226,A0269,2026-01-06 18:02:00,178.04,D_A0269,,0,3.2709348e-05,False,
T007871,A0066,2026-02-07 11:12:00,142.19,D_A0066,,0,3.2692602e-05,False,
T003973,A0316,2026-01-19 15:00:00,229.18,D_FAM_14,,0,3.2687425e-05,False,
T009035,A0048,2026-02-12 17:18:00,137.91,D_A0048,,0,3.268431e-05,False,
T005190,A0410,2026-01-25 17:24:00,131.72,D_A0410,,0,3.268431e-05,False,
T001858,A0162,2026-01-09 19:10:00,204.86,D_A0162,,0,3.2666954e-05,False,
T012154,A0355,2026-02-28 08:28:00,69.86,D_A0355,PAYEE_A0355,0,3.2665645e-05,False,
T006313,A0041,2026-01-31 09:17:00,12.71,D_FAM_6,,0,3.2652686e-05,False,
T007568,A0437,2026-02-05 19:02:00,157.43,D_FAM_3,,0,3.264537e-05,False,
T002992,A0327,2026-01-15 10:33:00,98.21,D_A0327,,0,3.2639236e-05,False,
T007702,A0203,2026-02-06 13:23:00,105.35,D_A0203,,0,3.2637185e-05,False,
T007335,A0210,2026-02-04 17:41:00,222.42,D_A0210,,0,3.261357e-05,False,
T007192,A0364,2026-02-04 07:11:00,95.05,D_A0364,,0,3.2612978e-05,False,
T004352,A0201,2026-01-21 15:22:00,122.8,D_A0201,,0,3.2578846e-05,False,
T003189,A0155,2026-01-16 08:40:00,50.58,D_A0155,,0,3.254866e-05,False,
T002957,A0110,2026-01-15 08:00:00,145.19,D_FAM_11,,0,3.2542765e-05,False,
T012101,A0001,2026-02-27 17:29:00,186.01,D_A0001,,0,3.2527314e-05,False,
T003966,A0143,2026-01-19 14:50:00,158.91,D_A0143,,0,3.2525175e-05,False,
T004252,A0446,2026-01-21 08:48:00,217.94,D_A0446,,0,3.2503314e-05,False,
T008052,A0089,2026-02-08 08:42:00,216.54,D_A0089,,0,3.2503314e-05,False,
T008575,A0496,2026-02-10 13:56:00,218.17,D_A0496,,0,3.246363e-05,False,
T005163,A0027,2026-01-25 15:36:00,213.83,D_A0027,,0,3.246363e-05,False,
T007882,A0469,2026-02-07 11:49:00,80.12,D_A0469,PAYEE_A0469,0,3.245549e-05,False,
T008093,A0053,2026-02-08 11:44:00,138.76,D_A0053,,0,3.243349e-05,False,
T000995,A0346,2026-01-05 16:38:00,153.82,D_A0346,,0,3.2424246e-05,False,
T011404,A0118,2026-02-24 09:04:00,60.36,D_A0118,,0,3.242183e-05,False,
T005709,A0003,2026-01-28 09:11:00,80.31,D_A0003,,0,3.242183e-05,False,
T011411,A0030,2026-02-24 09:26:00,23.25,D_A0030,,0,3.242183e-05,False,
T003877,A0045,2026-01-19 09:50:00,46.56,D_A0045,,0,3.242183e-05,False,
T002747,A0025,2026-01-14 09:16:00,26.06,D_A0025,,0,3.242183e-05,False,
T012167,A0121,2026-02-28 09:33:00,53.75,D_A0121,,0,3.242183e-05,False,
T009105,A0172,2026-02-13 09:29:00,58.94,D_A0172,,0,3.242183e-05,False,
T008709,A0433,2026-02-11 09:55:00,25.56,D_A0433,,0,3.242183e-05,False,
T002335,A0121,2026-01-12 09:32:00,69.29,D_A0121,,0,3.242183e-05,False,
T004296,A0166,2026-01-21 12:24:00,185.13,D_A0166,,0,3.2415774e-05,False,
T000172,A0289,2026-01-01 19:06:00,182.78,D_A0289,,0,3.2408323e-05,False,
T010097,A0314,2026-02-17 16:51:00,200.07,D_FAM_10,,0,3.2406348e-05,False,
T006915,A0189,2026-02-02 18:00:00,197.88,D_A0189,,0,3.2387532e-05,False,
T011349,A0191,2026-02-23 17:25:00,106.52,D_A0191,,0,3.2383454e-05,False,
T003878,A0158,2026-01-19 10:05:00,106.51,D_A0158,,0,3.2376323e-05,False,
T011642,A0162,2026-02-25 12:14:00,210.58,D_A0162,,0,3.237592e-05,False,
T010118,A0363,2026-02-17 18:24:00,181.2,D_A0363,,0,3.236061e-05,False,
T001298,A0273,2026-01-07 10:10:00,91.45,D_A0273,,0,3.2333184e-05,False,
T001923,A0356,2026-01-10 10:41:00,68.72,D_A0356,,0,3.2333184e-05,False,
T005698,A0030,2026-01-28 08:09:00,59.68,D_A0030,,0,3.2330965e-05,False,
T008273,A0029,2026-02-09 08:00:00,19.14,D_A0029,,0,3.2330965e-05,False,
T010177,A0475,2026-02-18 08:38:00,77.56,D_A0475,,0,3.2330965e-05,False,
T011011,A0450,2026-02-22 08:29:00,42.62,D_A0450,,0,3.2330965e-05,False,
T003422,A0306,2026-01-17 08:01:00,39.35,D_A0306,,0,3.2330965e-05,False,
T002617,A0347,2026-01-13 12:57:00,386.47,D_A0347,,0,3.231577e-05,False,
T003085,A0496,2026-01-15 15:07:00,214.54,D_A0496,,0,3.231472e-05,False,
T003369,A0034,2026-01-16 18:32:00,114.21,D_FAM_10,,0,3.230009e-05,False,
T005274,A0466,2026-01-26 09:55:00,61.37,D_A0466,,0,3.229821e-05,False,
T003203,A0499,2026-01-16 09:40:00,61.08,D_A0499,,0,3.229821e-05,False,
T009740,A0457,2026-02-16 09:55:00,74.56,D_A0457,,0,3.229821e-05,False,
T009106,A0223,2026-02-13 09:33:00,92.74,D_A0223,,0,3.229821e-05,False,
T012003,A0262,2026-02-27 10:39:00,167.15,D_A0262,,0,3.228287e-05,False,
T012378,A0066,2026-03-01 09:20:00,74.39,D_A0066,,0,3.2278716e-05,False,
T007848,A0438,2026-02-07 09:27:00,81.61,D_A0438,,0,3.2278716e-05,False,
T001294,A0007,2026-01-07 09:45:00,14.0,D_A0007,,0,3.2278716e-05,False,
T011994,A0318,2026-02-27 09:32:00,12.58,D_A0318,,0,3.2278716e-05,False,
T000217,A0049,2026-01-02 09:04:00,62.93,D_FAM_8,,0,3.22645e-05,False,
T006872,A0231,2026-02-02 15:35:00,187.09,D_A0231,,0,3.225973e-05,False,
T000524,A0028,2026-01-03 15:05:00,142.68,D_A0028,,0,3.224423e-05,False,
T009306,A0272,2026-02-14 07:50:00,37.86,D_FAM_14,,0,3.2239124e-05,False,
T010834,A0364,2026-02-21 10:53:00,142.41,D_A0364,,0,3.2214048e-05,False,
T002884,A0376,2026-01-14 15:51:00,209.36,D_A0376,,0,3.2200624e-05,False,
T008618,A0077,2026-02-10 15:56:00,197.72,D_A0077,,0,3.2180793e-05,False,
T000941,A0026,2026-01-05 14:07:00,31.99,D_A0026,,0,3.213991e-05,False,
T012234,A0395,2026-02-28 13:29:00,40.03,D_A0395,,0,3.213991e-05,False,
T010247,A0185,2026-02-18 13:14:00,284.7,D_A0185,,0,3.2137887e-05,False,
T002830,A0087,2026-01-14 13:37:00,337.93,D_A0087,,0,3.2137887e-05,False,
T000021,A0374,2026-01-01 09:18:00,85.3,D_A0374,,0,3.2097916e-05,False,
T005230,A0483,2026-01-25 21:00:00,166.67,D_A0483,,0,3.2096905e-05,False,
T003788,A0085,2026-01-18 16:28:00,158.81,D_A0085,,0,3.2096905e-05,False,
T002632,A0364,2026-01-13 13:42:00,189.46,D_A0364,,0,3.208011e-05,False,
T002763,A0241,2026-01-14 09:53:00,55.98,D_A0241,,0,3.2062184e-05,False,
T008625,A0065,2026-02-10 16:19:00,47.45,D_A0065,,0,3.2052067e-05,False,
T010368,A0049,2026-02-19 08:53:00,102.1,D_FAM_8,,0,3.204916e-05,False,
T003704,A0014,2026-01-18 12:21:00,69.9,D_FAM_2,PAYEE_A0014,0,3.2041462e-05,False,
T006064,A0018,2026-01-29 19:46:00,453.28,D_A0018,,0,3.2041004e-05,False,
T005073,A0017,2026-01-25 10:30:00,44.26,D_A0017,,0,3.203028e-05,False,
T010820,A0470,2026-02-21 10:11:00,35.15,D_A0470,,0,3.203028e-05,False,
T006120,A0367,2026-01-30 10:28:00,49.94,D_A0367,,0,3.203028e-05,False,
T012392,A0051,2026-03-01 10:25:00,52.0,D_A0051,,0,3.203028e-05,False,
T008145,A0312,2026-02-08 14:24:00,38.87,D_A0312,,0,3.2029147e-05,False,
T006828,A0349,2026-02-02 12:55:00,282.05,D_A0349,,0,3.2027227e-05,False,
T004991,A0366,2026-01-24 16:56:00,54.62,D_FAM_5,PAYEE_A0366,0,3.201727e-05,False,
T010721,A0231,2026-02-20 15:55:00,186.94,D_A0231,,0,3.2008935e-05,False,
T000447,A0284,2026-01-03 10:33:00,115.3,D_A0284,,0,3.2000145e-05,False,
T009531,A0466,2026-02-15 09:15:00,78.29,D_A0466,,0,3.1973148e-05,False,
T009738,A0172,2026-02-16 09:44:00,86.18,D_A0172,,0,3.1973148e-05,False,
T002114,A0416,2026-01-11 09:39:00,82.16,D_A0416,,0,3.1973148e-05,False,
T010071,A0042,2026-02-17 15:43:00,187.6,D_A0042,,0,3.1967968e-05,False,
T007622,A0006,2026-02-06 09:04:00,57.72,D_FAM_7,,0,3.1957785e-05,False,
T002918,R000,2026-01-14 18:55:00,40.41,D_R000,,0,3.1941607e-05,False,
T009615,A0295,2026-02-15 14:53:00,23.37,D_A0295,,0,3.1941607e-05,False,
T009098,A0419,2026-02-13 08:25:00,118.49,D_A0419,,0,3.1932927e-05,False,
T006302,A0480,2026-01-31 08:14:00,105.76,D_FAM_6,,0,3.1932865e-05,False,
T008755,A0280,2026-02-11 12:43:00,193.04,D_A0280,,0,3.1894488e-05,False,
T006169,A0351,2026-01-30 13:16:00,191.16,D_A0351,,0,3.1880318e-05,False,
T011090,A0331,2026-02-22 13:39:00,70.74,D_A0331,PAYEE_A0331,0,3.1878644e-05,False,
T006614,A0255,2026-02-01 13:51:00,203.34,D_A0255,,0,3.1878157e-05,False,
T010523,A0463,2026-02-19 18:21:00,242.74,D_A0463,,0,3.1854517e-05,False,
T004194,A0364,2026-01-20 17:05:00,188.22,D_A0364,,0,3.184753e-05,False,
T007000,A0087,2026-02-03 10:14:00,483.5,D_A0087,,0,3.1832227e-05,False,
T000708,A0139,2026-01-04 12:46:00,129.75,D_FAM_7,,0,3.1817173e-05,False,
T005374,A0093,2026-01-26 14:42:00,184.9,D_A0093,,0,3.179127e-05,False,
T010236,A0367,2026-02-18 12:43:00,206.07,D_A0367,,0,3.176839e-05,False,
T004882,A0499,2026-01-24 10:40:00,119.82,D_A0499,,0,3.1731543e-05,False,
T002171,A0406,2026-01-11 12:55:00,162.89,D_A0406,,0,3.171442e-05,False,
T009024,A0242,2026-02-12 16:21:00,260.86,D_A0242,,0,3.1686242e-05,False,
T001977,A0482,2026-01-10 13:36:00,175.32,D_A0482,,0,3.1643453e-05,False,
T003001,A0282,2026-01-15 10:58:00,122.1,D_A0282,,0,3.163525e-05,False,
T008722,A0409,2026-02-11 10:48:00,143.78,D_A0409,,0,3.1633346e-05,False,
T012078,A0496,2026-02-27 15:28:00,215.73,D_A0496,,0,3.159858e-05,False,
T010731,A0201,2026-02-20 16:12:00,124.18,D_A0201,,0,3.1598403e-05,False,
T008129,A0471,2026-02-08 13:40:00,110.14,D_A0471,,0,3.1587013e-05,False,
T009363,A0198,2026-02-14 12:25:00,189.2,D_A0198,,0,3.157235e-05,False,
T002384,A0198,2026-01-12 12:39:00,189.23,D_A0198,,0,3.157235e-05,False,
T002073,A0383,2026-01-10 19:57:00,171.81,D_A0383,,0,3.156109e-05,False,
T010688,A0438,2026-02-20 14:04:00,246.68,D_A0438,,0,3.1548843e-05,False,
T001626,A0231,2026-01-08 16:18:00,182.98,D_A0231,,0,3.152974e-05,False,
T008619,A0243,2026-02-10 15:58:00,372.22,D_A0243,,0,3.152842e-05,False,
T005258,A0197,2026-01-26 08:52:00,51.93,D_A0197,,0,3.148996e-05,False,
T007842,A0238,2026-02-07 08:33:00,40.15,D_A0238,,0,3.148996e-05,False,
T006311,A0318,2026-01-31 08:54:00,12.37,D_A0318,,0,3.148996e-05,False,
T012569,A0468,2026-03-01 23:09:00,220.07,D_A0468,,0,3.145085e-05,False,
T002337,A0394,2026-01-12 09:33:00,75.02,D_A0394,,0,3.1385956e-05,False,
T006440,A0206,2026-01-31 16:12:00,199.86,D_A0206,,0,3.1367763e-05,False,
T006760,A0015,2026-02-02 08:53:00,12.96,D_FAM_14,,0,3.136758e-05,False,
T001717,A0190,2026-01-09 10:43:00,215.75,D_FAM_13,,0,3.1367254e-05,False,
T012554,A0270,2026-03-01 20:35:00,174.46,D_A0270,,0,3.136139e-05,False,
T004464,A0287,2026-01-22 10:53:00,32.67,D_FAM_13,,0,3.1360672e-05,False,
T010201,A0287,2026-02-18 10:44:00,41.38,D_FAM_13,,0,3.1360672e-05,False,
T001901,A0342,2026-01-10 09:06:00,62.4,D_A0342,,0,3.1351643e-05,False,
T011599,A0029,2026-02-25 09:11:00,8.47,D_A0029,,0,3.1351643e-05,False,
T003723,A0467,2026-01-18 13:08:00,141.12,D_A0467,,0,3.134722e-05,False,
T003537,A0013,2026-01-17 14:49:00,209.18,D_A0013,,0,3.134704e-05,False,
T000430,A0081,2026-01-03 09:10:00,12.8,D_A0081,,0,3.1298798e-05,False,
T006635,A0087,2026-02-01 15:10:00,374.89,D_A0087,,0,3.128152e-05,False,
T005932,A0242,2026-01-29 11:40:00,173.39,D_A0242,,0,3.1280983e-05,False,
T011017,A0457,2026-02-22 09:32:00,82.18,D_A0457,,0,3.126458e-05,False,
T005270,A0282,2026-01-26 09:35:00,36.82,D_A0282,,0,3.126458e-05,False,
T010184,A0259,2026-02-18 09:06:00,13.69,D_A0259,,0,3.126458e-05,False,
T002548,A0224,2026-01-13 09:04:00,10.81,D_A0224,,0,3.126458e-05,False,
T003434,A0378,2026-01-17 09:05:00,28.53,D_A0378,,0,3.126458e-05,False,
T011218,A0367,2026-02-23 09:03:00,28.36,D_A0367,,0,3.126458e-05,False,
T006316,A0464,2026-01-31 09:20:00,65.68,D_A0464,,0,3.126458e-05,False,
T006107,A0399,2026-01-30 09:29:00,19.4,D_A0399,,0,3.126458e-05,False,
T011405,A0460,2026-02-24 09:06:00,31.92,D_A0460,,0,3.126458e-05,False,
T000649,A0490,2026-01-04 09:01:00,15.17,D_A0490,,0,3.126458e-05,False,
T009329,A0373,2026-02-14 09:54:00,23.01,D_A0373,,0,3.1245087e-05,False,
T001699,A0044,2026-01-09 09:00:00,71.1,D_A0044,,0,3.1242616e-05,False,
T001071,A0308,2026-01-06 09:41:00,59.58,D_A0308,,0,3.1242616e-05,False,
T007246,A0075,2026-02-04 12:29:00,248.29,D_A0075,,0,3.1231502e-05,False,
T004918,A0052,2026-01-24 12:44:00,125.18,D_A0052,,0,3.1226024e-05,False,
T007002,A0491,2026-02-03 10:29:00,36.95,D_FAM_2,,0,3.1216823e-05,False,
T002300,A0497,2026-01-11 22:11:00,213.45,D_A0497,,0,3.1133164e-05,False,
T004969,A0468,2026-01-24 15:37:00,216.38,D_A0468,,0,3.1133164e-05,False,
T007144,A0494,2026-02-03 18:19:00,250.03,D_A0494,,0,3.1093165e-05,False,
T004552,A0216,2026-01-22 14:57:00,79.05,D_A0216,PAYEE_A0216,0,3.1087267e-05,False,
T011798,A0128,2026-02-26 09:38:00,164.58,D_A0128,,0,3.105956e-05,False,
T002551,A0275,2026-01-13 09:12:00,129.12,D_FAM_5,,0,3.1054406e-05,False,
T012344,A0369,2026-02-28 19:46:00,198.5,D_A0369,,0,3.102871e-05,False,
T007313,A0355,2026-02-04 16:18:00,159.6,D_A0355,,0,3.1028416e-05,False,
T007559,A0144,2026-02-05 18:33:00,230.58,D_A0144,,0,3.1021194e-05,False,
T007292,A0470,2026-02-04 15:07:00,74.78,D_A0470,PAYEE_A0470,0,3.1015814e-05,False,
T007066,A0291,2026-02-03 14:10:00,66.28,D_A0291,PAYEE_A0291,0,3.1015814e-05,False,
T001715,A0099,2026-01-09 10:25:00,97.63,D_A0099,,0,3.1009098e-05,False,
T010169,A0034,2026-02-18 08:00:00,9.69,D_FAM_10,,0,3.0987252e-05,False,
T006787,A0348,2026-02-02 10:50:00,128.84,D_A0348,,0,3.0985804e-05,False,
T006912,A0333,2026-02-02 17:43:00,234.76,D_A0333,,0,3.0943993e-05,False,
T000019,A0143,2026-01-01 08:57:00,70.74,D_A0143,,0,3.0924224e-05,False,
T002055,A0382,2026-01-10 18:05:00,163.87,D_A0382,,0,3.0903e-05,False,
T004269,A0121,2026-01-21 10:54:00,116.5,D_A0121,,0,3.0886e-05,False,
T000644,A0035,2026-01-04 08:44:00,85.11,D_FAM_9,,0,3.087914e-05,False,
T003794,A0206,2026-01-18 16:38:00,194.23,D_A0206,,0,3.0876516e-05,False,
T000809,A0376,2026-01-04 17:57:00,195.89,D_A0376,,0,3.0876516e-05,False,
T003358,A0376,2026-01-16 17:55:00,195.1,D_A0376,,0,3.0876516e-05,False,
T010648,A0135,2026-02-20 12:33:00,640.47,D_A0135,,0,3.0865125e-05,False,
T006119,A0113,2026-01-30 10:27:00,89.55,D_FAM_3,,0,3.085859e-05,False,
T000452,A0137,2026-01-03 10:58:00,99.43,D_FAM_13,,0,3.085859e-05,False,
T000239,A0491,2026-01-02 10:42:00,17.34,D_FAM_2,,0,3.085859e-05,False,
T007001,A0194,2026-02-03 10:19:00,56.59,D_FAM_2,,0,3.085859e-05,False,
T010624,A0228,2026-02-20 11:58:00,149.08,D_A0228,,0,3.0846557e-05,False,
T002979,A0069,2026-01-15 09:38:00,145.27,D_A0069,,0,3.084244e-05,False,
T000131,A0389,2026-01-01 15:25:00,147.2,D_A0389,,0,3.0834763e-05,False,
T002504,A0135,2026-01-12 18:38:00,588.65,D_A0135,,0,3.0829706e-05,False,
T010939,A0135,2026-02-21 16:40:00,775.13,D_A0135,,0,3.0829706e-05,False,
T009420,A0135,2026-02-14 14:51:00,1157.39,D_A0135,,0,3.0829706e-05,False,
T008182,A0495,2026-02-08 15:44:00,201.76,D_A0495,,0,3.0811218e-05,False,
T009942,A0319,2026-02-17 07:47:00,129.48,D_A0319,,0,3.0794887e-05,False,
T001043,A0225,2026-01-05 23:24:00,99.27,D_A0225,,0,3.0782114e-05,False,
T001881,A0238,2026-01-09 22:20:00,225.9,D_A0238,,0,3.0749372e-05,False,
T008623,A0185,2026-02-10 16:07:00,191.86,D_A0185,,0,3.074025e-05,False,
T001056,A0332,2026-01-06 07:23:00,31.92,D_A0332,,0,3.0732983e-05,False,
T004700,A0275,2026-01-23 10:46:00,25.67,D_FAM_5,,0,3.0722375e-05,False,
T010226,A0242,2026-02-18 12:11:00,250.79,D_A0242,,0,3.0707437e-05,False,
T010962,A0499,2026-02-21 18:19:00,143.6,D_A0499,,0,3.0706502e-05,False,
T006105,A0215,2026-01-30 09:20:00,65.36,D_A0215,PAYEE_A0215,0,3.066246e-05,False,
T002985,A0140,2026-01-15 10:07:00,307.68,D_A0140,,0,3.0650735e-05,False,
T005926,A0297,2026-01-29 11:16:00,123.44,D_A0297,,0,3.0649684e-05,False,
T007395,A0119,2026-02-05 09:27:00,202.4,D_A0119,,0,3.0638843e-05,False,
T003464,A0480,2026-01-17 11:13:00,196.97,D_FAM_6,,0,3.0617462e-05,False,
T001075,A0284,2026-01-06 10:07:00,126.71,D_A0284,,0,3.06078e-05,False,
T009816,A0180,2026-02-16 13:49:00,197.25,D_A0180,,0,3.0571682e-05,False,
T003161,A0390,2026-01-15 21:08:00,203.75,D_A0390,,0,3.0571682e-05,False,
T008023,A0479,2026-02-07 22:29:00,206.03,D_A0479,,0,3.0571682e-05,False,
T009892,A0282,2026-02-16 18:06:00,236.61,D_A0282,,0,3.0571333e-05,False,
T011998,A0257,2026-02-27 09:55:00,54.66,D_A0257,,0,3.0552652e-05,False,
T006773,A0162,2026-02-02 09:39:00,59.78,D_A0162,,0,3.0552652e-05,False,
T002555,A0040,2026-01-13 09:44:00,25.46,D_A0040,,0,3.0552652e-05,False,
T001504,A0134,2026-01-08 09:46:00,50.54,D_A0134,,0,3.0552652e-05,False,
T003435,A0184,2026-01-17 09:09:00,24.95,D_A0184,,0,3.0552652e-05,False,
T008057,A0257,2026-02-08 09:11:00,33.55,D_A0257,,0,3.0552652e-05,False,
T012170,A0257,2026-02-28 09:45:00,39.78,D_A0257,,0,3.0552652e-05,False,
T009538,A0348,2026-02-15 09:38:00,37.04,D_A0348,,0,3.0552652e-05,False,
T011738,A0181,2026-02-25 18:05:00,214.36,D_A0181,,0,3.0541116e-05,False,
T012256,A0242,2026-02-28 14:14:00,224.47,D_A0242,,0,3.050796e-05,False,
T011149,A0282,2026-02-22 15:56:00,225.52,D_A0282,,0,3.0488067e-05,False,
T002549,A0014,2026-01-13 09:06:00,36.1,D_A0014,,0,3.0464787e-05,False,
T005746,A0392,2026-01-28 12:10:00,163.27,D_A0392,,0,3.0463652e-05,False,
T002430,A0261,2026-01-12 14:27:00,162.21,D_A0261,,0,3.0456655e-05,False,
T000514,A0264,2026-01-03 14:35:00,156.0,D_A0264,,0,3.0456655e-05,False,
T006547,A0467,2026-02-01 10:04:00,68.65,D_A0467,PAYEE_A0467,0,3.0448782e-05,False,
T011175,A0441,2026-02-22 17:46:00,134.26,D_A0441,,0,3.0429363e-05,False,
T001409,A0365,2026-01-07 15:05:00,163.68,D_A0365,,0,3.0428697e-05,False,
T009226,A0383,2026-02-13 16:12:00,161.69,D_A0383,,0,3.0428697e-05,False,
T011145,A0383,2026-02-22 15:53:00,154.08,D_A0383,,0,3.0428697e-05,False,
T008615,A0211,2026-02-10 15:51:00,156.21,D_A0211,,0,3.0428697e-05,False,
T009115,A0007,2026-02-13 10:30:00,71.55,D_A0007,,0,3.0412273e-05,False,
T002642,A0338,2026-01-13 14:28:00,110.62,D_A0338,,0,3.0365994e-05,False,
T001492,A0460,2026-01-08 09:00:00,84.22,D_A0460,,0,3.0348305e-05,False,
T001703,A0052,2026-01-09 09:08:00,35.62,D_A0052,,0,3.0348305e-05,False,
T004446,A0223,2026-01-22 09:34:00,72.19,D_A0223,,0,3.0348305e-05,False,
T004685,A0030,2026-01-23 09:11:00,82.7,D_A0030,,0,3.0348305e-05,False,
T005713,A0030,2026-01-28 09:28:00,50.19,D_A0030,,0,3.0348305e-05,False,
T005363,A0124,2026-01-26 14:12:00,200.75,D_A0124,,0,3.0332365e-05,False,
T003692,A0376,2026-01-18 11:44:00,160.39,D_A0376,,0,3.0292327e-05,False,
T004840,A0366,2026-01-24 07:05:00,38.8,D_FAM_5,,0,3.025999e-05,False,
T011356,A0108,2026-02-23 18:47:00,162.82,D_A0108,,0,3.025826e-05,False,
T003532,A0118,2026-01-17 14:28:00,197.94,D_A0118,,0,3.0248131e-05,False,
T007023,A0128,2026-02-03 11:31:00,271.85,D_A0128,,0,3.0242592e-05,False,
T007923,A0255,2026-02-07 14:15:00,190.56,D_A0255,,0,3.0234287e-05,False,
T001987,A0348,2026-01-10 14:11:00,167.3,D_A0348,,0,3.022025e-05,False,
T010811,A0354,2026-02-21 09:35:00,72.4,D_A0354,,0,3.02091e-05,False,
T005349,A0407,2026-01-26 13:23:00,155.01,D_A0407,,0,3.020377e-05,False,
T009463,A0393,2026-02-14 17:21:00,159.75,D_A0393,,0,3.020377e-05,False,
T003833,A0346,2026-01-18 20:29:00,153.35,D_A0346,,0,3.0203653e-05,False,
T002202,A0364,2026-01-11 14:13:00,186.43,D_A0364,,0,3.017564e-05,False,
T001077,A0450,2026-01-06 10:16:00,45.7,D_A0450,,0,3.0170406e-05,False,
T001112,A0150,2026-01-06 12:31:00,98.24,D_A0150,,0,3.0149953e-05,False,
T008308,A0444,2026-02-09 11:07:00,233.33,D_A0444,,0,3.0133888e-05,False,
T000323,A0473,2026-01-02 14:50:00,88.47,D_A0473,,0,3.0115358e-05,False,
T006468,A0249,2026-01-31 17:47:00,86.47,D_A0249,,0,3.0115358e-05,False,
T002479,A0203,2026-01-12 16:52:00,77.82,D_A0203,,0,3.0115358e-05,False,
T007083,A0479,2026-02-03 15:06:00,196.12,D_A0479,,0,3.0092908e-05,False,
T009855,A0185,2026-02-16 15:54:00,251.38,D_A0185,,0,3.007598e-05,False,
T003014,A0297,2026-01-15 11:34:00,108.48,D_A0297,,0,3.0061672e-05,False,
T008348,A0315,2026-02-09 13:12:00,195.91,D_A0315,,0,3.005803e-05,False,
T007782,A0492,2026-02-06 17:28:00,380.3,D_A0492,,0,3.004582e-05,False,
T006890,A0236,2026-02-02 16:03:00,188.12,D_A0236,,0,3.0022364e-05,False,
T002366,A0337,2026-01-12 11:32:00,231.46,D_A0337,,0,3.0021018e-05,False,
T007249,A0207,2026-02-04 12:37:00,166.13,D_A0207,,0,3.0003386e-05,False,
T004810,A0169,2026-01-23 18:08:00,114.32,D_A0169,,0,2.9996236e-05,False,
T007413,A0355,2026-02-05 11:01:00,129.34,D_A0355,,0,2.998368e-05,False,
T009380,A0407,2026-02-14 13:13:00,153.22,D_A0407,,0,2.9968958e-05,False,
T009768,A0492,2026-02-16 11:30:00,218.13,D_A0492,,0,2.9968558e-05,False,
T001729,A0414,2026-01-09 11:29:00,162.02,D_A0414,,0,2.99649e-05,False,
T003563,A0151,2026-01-17 16:03:00,58.21,D_A0151,PAYEE_A0151,0,2.9932342e-05,False,
T001133,A0120,2026-01-06 13:17:00,128.2,D_A0120,,0,2.9881632e-05,False,
T001625,A0003,2026-01-08 16:16:00,131.23,D_A0003,,0,2.9881632e-05,False,
T003520,A0482,2026-01-17 14:00:00,164.55,D_A0482,,0,2.9876759e-05,False,
T004354,A0170,2026-01-21 15:28:00,165.46,D_A0170,,0,2.9876759e-05,False,
T004172,A0126,2026-01-20 16:05:00,195.45,D_A0126,,0,2.9857334e-05,False,
T010646,A0409,2026-02-20 12:32:00,188.61,D_A0409,,0,2.9823184e-05,False,
T000032,A0041,2026-01-01 10:33:00,53.61,D_FAM_6,,0,2.9822617e-05,False,
T001065,A0348,2026-01-06 08:51:00,52.59,D_A0348,,0,2.9806068e-05,False,
T006979,A0005,2026-02-03 08:06:00,51.22,D_A0005,,0,2.9806068e-05,False,
T004860,A0400,2026-01-24 08:51:00,39.58,D_A0400,,0,2.9806068e-05,False,
T007844,A0363,2026-02-07 08:46:00,30.24,D_A0363,,0,2.9806068e-05,False,
T002958,A0280,2026-01-15 08:06:00,58.18,D_A0280,,0,2.9806068e-05,False,
T000210,A0327,2026-01-02 08:26:00,48.98,D_A0327,,0,2.9806068e-05,False,
T000788,A0469,2026-01-04 16:30:00,197.8,D_A0469,,0,2.9790324e-05,False,
T001082,A0396,2026-01-06 10:42:00,33.96,D_FAM_3,,0,2.97897e-05,False,
T005125,A0250,2026-01-25 13:18:00,211.89,D_A0250,,0,2.9763745e-05,False,
T004449,A0302,2026-01-22 09:59:00,20.29,D_A0302,,0,2.9760795e-05,False,
T000418,A0082,2026-01-03 07:54:00,31.16,D_A0082,,0,2.9749443e-05,False,
T007665,A0342,2026-02-06 11:47:00,118.55,D_A0342,,0,2.974485e-05,False,
T011384,A0093,2026-02-24 07:16:00,119.5,D_A0093,,0,2.9729053e-05,False,
T007960,A0100,2026-02-07 15:51:00,184.24,D_A0100,,0,2.9723893e-05,False,
T007952,A0492,2026-02-07 15:36:00,338.88,D_A0492,,0,2.9722647e-05,False,
T007621,A0131,2026-02-06 08:55:00,71.78,D_A0131,,0,2.9669942e-05,False,
T006096,A0392,2026-01-30 08:09:00,50.05,D_A0392,,0,2.9669942e-05,False,
T010805,A0064,2026-02-21 08:54:00,39.27,D_A0064,,0,2.9669942e-05,False,
T000018,A0123,2026-01-01 08:52:00,47.6,D_A0123,,0,2.9669942e-05,False,
T006526,A0053,2026-02-01 08:10:00,61.24,D_A0053,,0,2.9669942e-05,False,
T011507,A0147,2026-02-24 14:54:00,262.14,D_A0147,,0,2.9662302e-05,False,
T010736,A0225,2026-02-20 16:44:00,122.46,D_A0225,,0,2.9658599e-05,False,
T002323,A0073,2026-01-12 08:40:00,103.14,D_A0073,,0,2.965133e-05,False,
T008890,A0148,2026-02-12 09:11:00,138.23,D_A0148,,0,2.9627785e-05,False,
T006463,A0430,2026-01-31 17:33:00,146.45,D_A0430,,0,2.961177e-05,False,
T011426,A0246,2026-02-24 10:39:00,135.23,D_A0246,,0,2.9605164e-05,False,
T007453,A0477,2026-02-05 12:55:00,195.25,D_A0477,,0,2.9590796e-05,False,
T002877,A0399,2026-01-14 15:27:00,210.15,D_A0399,,0,2.9589526e-05,False,
T003334,A0452,2026-01-16 16:43:00,209.37,D_A0452,,0,2.9589526e-05,False,
T009235,A0208,2026-02-13 16:41:00,126.62,D_A0208,,0,2.9588313e-05,False,
T011761,A0293,2026-02-25 20:17:00,126.75,D_A0293,,0,2.9588313e-05,False,
T001817,A0101,2026-01-09 16:12:00,165.15,D_A0101,,0,2.9579143e-05,False,
T007659,A0269,2026-02-06 11:26:00,144.35,D_A0269,,0,2.9565605e-05,False,
T001295,A0308,2026-01-07 09:57:00,26.41,D_A0308,,0,2.9558869e-05,False,
T009960,A0242,2026-02-17 09:57:00,67.2,D_A0242,,0,2.9558869e-05,False,
T008889,A0211,2026-02-12 09:11:00,51.55,D_A0211,,0,2.9558869e-05,False,
T005492,A0117,2026-01-27 09:44:00,21.51,D_A0117,,0,2.9558869e-05,False,
T010172,A0066,2026-02-18 08:15:00,60.65,D_A0066,,0,2.9556812e-05,False,
T003426,A0044,2026-01-17 08:10:00,32.3,D_A0044,,0,2.9556812e-05,False,
T008488,A0066,2026-02-10 08:52:00,53.4,D_A0066,,0,2.9556812e-05,False,
T003221,A0477,2026-01-16 10:31:00,58.79,D_A0477,,0,2.9501785e-05,False,
T010379,A0205,2026-02-19 10:09:00,38.1,D_A0205,,0,2.9501785e-05,False,
T004459,A0266,2026-01-22 10:42:00,64.92,D_A0266,,0,2.9501785e-05,False,
T003209,A0025,2026-01-16 10:05:00,28.02,D_A0025,,0,2.9501785e-05,False,
T007645,A0352,2026-02-06 10:34:00,7.38,D_A0352,,0,2.9501785e-05,False,
T007405,A0447,2026-02-05 10:18:00,50.78,D_A0447,,0,2.9501785e-05,False,
T012394,A0466,2026-03-01 10:33:00,31.82,D_A0466,,0,2.9501785e-05,False,
T005295,A0217,2026-01-26 11:02:00,473.35,D_A0217,,0,2.9501027e-05,False,
T004249,A0197,2026-01-21 08:05:00,70.22,D_A0197,,0,2.949664e-05,False,
T003388,A0181,2026-01-16 20:17:00,199.18,D_A0181,,0,2.948176e-05,False,
T006812,A0264,2026-02-02 11:59:00,148.05,D_A0264,,0,2.9468463e-05,False,
T008096,A0304,2026-02-08 11:51:00,145.31,D_A0304,,0,2.9468463e-05,False,
T011567,A0441,2026-02-24 20:48:00,135.33,D_A0441,,0,2.9455541e-05,False,
T001208,A0143,2026-01-06 17:02:00,113.27,D_A0143,,0,2.9452143e-05,False,
T005404,A0365,2026-01-26 15:57:00,68.37,D_A0365,PAYEE_A0365,0,2.9436924e-05,False,
T003029,A0382,2026-01-15 12:16:00,162.79,D_A0382,,0,2.9432826e-05,False,
T008381,A0263,2026-02-09 15:08:00,497.52,D_A0263,,0,2.9432009e-05,False,
T005976,A0018,2026-01-29 14:04:00,398.93,D_A0018,,0,2.9432009e-05,False,
T000443,A0153,2026-01-03 10:18:00,43.45,D_A0153,,0,2.9416942e-05,False,
T006417,A0490,2026-01-31 15:12:00,125.8,D_A0490,,0,2.9375144e-05,False,
T010163,A0110,2026-02-18 07:25:00,58.21,D_FAM_11,,0,2.9373155e-05,False,
T008601,A0407,2026-02-10 15:24:00,149.26,D_A0407,,0,2.9363186e-05,False,
T002372,A0444,2026-01-12 12:00:00,253.31,D_A0444,,0,2.9345996e-05,False,
T005611,A0282,2026-01-27 15:49:00,208.85,D_A0282,,0,2.933808e-05,False,
T006781,A0367,2026-02-02 10:10:00,69.24,D_A0367,,0,2.9331362e-05,False,
T005071,A0158,2026-01-25 10:26:00,32.73,D_A0158,,0,2.9331362e-05,False,
T010824,A0367,2026-02-21 10:24:00,70.04,D_A0367,,0,2.9331362e-05,False,
T002955,A0396,2026-01-15 07:47:00,27.16,D_FAM_3,,0,2.9291587e-05,False,
T008868,A0366,2026-02-12 07:08:00,78.03,D_FAM_5,,0,2.9291587e-05,False,
T000889,A0383,2026-01-05 10:58:00,49.66,D_A0383,,0,2.928709e-05,False,
T001517,A0197,2026-01-08 10:52:00,30.8,D_A0197,,0,2.928709e-05,False,
T007653,A0074,2026-02-06 11:11:00,170.28,D_A0074,,0,2.9275307e-05,False,
T011904,A0329,2026-02-26 15:41:00,148.65,D_A0329,,0,2.927285e-05,False,
T004600,A0089,2026-01-22 16:56:00,189.8,D_A0089,,0,2.925831e-05,False,
T005905,A0326,2026-01-29 09:57:00,103.16,D_A0326,,0,2.9243023e-05,False,
T012348,A0075,2026-02-28 20:47:00,187.07,D_A0075,,0,2.9238978e-05,False,
T005268,A0370,2026-01-26 09:20:00,89.85,D_A0370,,0,2.923647e-05,False,
T009316,A0237,2026-02-14 09:10:00,74.66,D_FAM_3,,0,2.9228833e-05,False,
T009690,A0491,2026-02-15 20:03:00,125.17,D_FAM_2,,0,2.9224651e-05,False,
T005998,A0444,2026-01-29 15:16:00,166.75,D_A0444,,0,2.9214647e-05,False,
T005373,A0411,2026-01-26 14:41:00,166.08,D_A0411,,0,2.9214647e-05,False,
T004001,A0352,2026-01-19 16:07:00,99.08,D_A0352,,0,2.9209046e-05,False,
T002749,A0278,2026-01-14 09:20:00,57.88,D_A0278,,0,2.9191337e-05,False,
T007634,A0001,2026-02-06 09:40:00,47.43,D_A0001,,0,2.9191337e-05,False,
T012356,A0183,2026-02-28 22:48:00,125.26,D_A0183,,0,2.9187244e-05,False,
T002823,A0383,2026-01-14 13:19:00,149.41,D_A0383,,0,2.915292e-05,False,
T000609,A0349,2026-01-03 20:15:00,256.55,D_A0349,,0,2.9113466e-05,False,
T003165,A0096,2026-01-15 22:49:00,211.21,D_A0096,,0,2.9104138e-05,False,
T002217,A0481,2026-01-11 14:52:00,167.58,D_A0481,,0,2.9098586e-05,False,
T007394,A0333,2026-02-05 09:26:00,79.89,D_FAM_9,,0,2.9086992e-05,False,
T006229,A0196,2026-01-30 15:52:00,176.7,D_A0196,,0,2.9068635e-05,False,
T001484,A0024,2026-01-08 07:30:00,88.72,D_A0024,,0,2.9040233e-05,False,
T011211,A0010,2026-02-23 07:43:00,13.05,D_A0010,,0,2.9040233e-05,False,
T003415,A0419,2026-01-17 07:47:00,14.78,D_A0419,,0,2.9040233e-05,False,
T003640,A0332,2026-01-18 07:10:00,33.66,D_A0332,,0,2.9040233e-05,False,
T004044,A0276,2026-01-20 07:09:00,20.53,D_A0276,,0,2.9040233e-05,False,
T010792,A0276,2026-02-21 07:25:00,25.98,D_A0276,,0,2.9040233e-05,False,
T007207,A0217,2026-02-04 08:54:00,158.63,D_A0217,,0,2.9039209e-05,False,
T006237,A0181,2026-01-30 16:17:00,191.04,D_A0181,,0,2.9020051e-05,False,
T002688,A0181,2026-01-13 17:16:00,195.7,D_A0181,,0,2.9020051e-05,False,
T002153,A0374,2026-01-11 12:05:00,151.93,D_A0374,,0,2.8987497e-05,False,
T005651,A0024,2026-01-27 17:58:00,182.77,D_A0024,,0,2.8970058e-05,False,
T000001,R001,2026-01-01 07:17:00,64.69,D_R001,,0,2.8956718e-05,False,
T000622,A0127,2026-01-04 07:08:00,55.28,D_A0127,,0,2.8956718e-05,False,
T006669,A0486,2026-02-01 17:14:00,162.38,D_A0486,,0,2.8903803e-05,False,
T011282,A0079,2026-02-23 12:57:00,136.11,D_A0079,,0,2.8892422e-05,False,
T000308,A0257,2026-01-02 13:46:00,227.34,D_A0257,,0,2.887636e-05,False,
T009970,A0458,2026-02-17 10:43:00,15.55,D_FAM_9,,0,2.8863116e-05,False,
T000182,A0349,2026-01-01 20:05:00,153.22,D_A0349,,0,2.8860171e-05,False,
T001639,A0447,2026-01-08 17:09:00,132.83,D_A0447,,0,2.8859264e-05,False,
T011999,A0213,2026-02-27 10:00:00,125.84,D_A0213,,0,2.8818617e-05,False,
T002804,A0368,2026-01-14 12:32:00,344.84,D_A0368,,0,2.881282e-05,False,
T010749,A0458,2026-02-20 17:31:00,99.86,D_FAM_9,,0,2.8795543e-05,False,
T011073,A0459,2026-02-22 12:47:00,162.18,D_A0459,,0,2.8782088e-05,False,
T003717,A0422,2026-01-18 12:51:00,163.76,D_A0422,,0,2.8782088e-05,False,
T002909,A0018,2026-01-14 17:43:00,329.03,D_A0018,,0,2.8779754e-05,False,
T004397,A0263,2026-01-21 18:34:00,361.98,D_A0263,,0,2.8779754e-05,False,
T010268,A0346,2026-02-18 14:19:00,172.25,D_A0346,,0,2.8776765e-05,False,
T001149,A0422,2026-01-06 14:16:00,154.26,D_A0422,,0,2.874906e-05,False,
T005418,A0231,2026-01-26 16:50:00,150.78,D_A0231,,0,2.874906e-05,False,
T009665,A0459,2026-02-15 17:20:00,153.85,D_A0459,,0,2.874906e-05,False,
T009271,A0345,2026-02-13 19:40:00,132.0,D_A0345,,0,2.8715249e-05,False,
T000552,A0162,2026-01-03 16:21:00,172.3,D_A0162,,0,2.8703776e-05,False,
T011590,A0044,2026-02-25 08:01:00,49.02,D_A0044,,0,2.8690583e-05,False,
T003655,A0326,2026-01-18 08:53:00,69.36,D_A0326,,0,2.8690583e-05,False,
T005869,A0366,2026-01-28 22:40:00,72.64,D_FAM_5,PAYEE_A0366,0,2.8689381e-05,False,
T003475,A0113,2026-01-17 11:44:00,135.39,D_FAM_3,,0,2.8657141e-05,False,
T002629,A0452,2026-01-13 13:36:00,185.93,D_A0452,,0,2.8651511e-05,False,
T009623,A0018,2026-02-15 15:12:00,339.77,D_A0018,,0,2.864774e-05,False,
T003111,A0368,2026-01-15 16:36:00,293.2,D_A0368,,0,2.864774e-05,False,
T002774,A0350,2026-01-14 10:41:00,122.04,D_A0350,,0,2.8628052e-05,False,
T002600,A0315,2026-01-13 12:24:00,196.07,D_A0315,,0,2.8627943e-05,False,
T009761,A0190,2026-02-16 10:57:00,197.09,D_FAM_13,,0,2.861367e-05,False,
T009951,A0173,2026-02-17 08:24:00,34.75,D_A0173,,0,2.8610912e-05,False,
T003868,A0028,2026-01-19 08:29:00,19.06,D_A0028,,0,2.8610912e-05,False,
T010568,A0326,2026-02-20 08:06:00,35.02,D_A0326,,0,2.8610912e-05,False,
T011795,A0403,2026-02-26 08:51:00,19.38,D_A0403,,0,2.8610912e-05,False,
T007619,A0187,2026-02-06 08:37:00,10.37,D_A0187,,0,2.8610912e-05,False,
T008697,A0207,2026-02-11 08:37:00,20.3,D_A0207,,0,2.8610912e-05,False,
T011398,A0382,2026-02-24 08:38:00,76.57,D_A0382,,0,2.8610912e-05,False,
T012148,A0273,2026-02-28 08:04:00,16.07,D_A0273,,0,2.8610912e-05,False,
T004061,A0484,2026-01-20 08:22:00,17.56,D_A0484,,0,2.8610912e-05,False,
T003192,A0169,2026-01-16 08:58:00,11.42,D_A0169,,0,2.8610912e-05,False,
T011591,A0339,2026-02-25 08:05:00,90.05,D_A0339,,0,2.861034e-05,False,
T004261,A0368,2026-01-21 10:06:00,115.48,D_A0368,,0,2.8605184e-05,False,
T003444,A0407,2026-01-17 09:37:00,91.94,D_A0407,,0,2.8603163e-05,False,
T009914,A0028,2026-02-16 20:47:00,121.97,D_A0028,,0,2.8601227e-05,False,
T011804,A0224,2026-02-26 10:11:00,88.53,D_A0224,,0,2.8597871e-05,False,
T008391,A0478,2026-02-09 15:32:00,128.64,D_A0478,,0,2.8592282e-05,False,
T001278,R000,2026-01-07 08:14:00,114.2,D_R000,,0,2.859092e-05,False,
T005539,A0169,2026-01-27 12:08:00,116.65,D_A0169,,0,2.8569088e-05,False,
T008329,A0169,2026-02-09 12:41:00,119.93,D_A0169,,0,2.8569088e-05,False,
T005002,A0269,2026-01-24 17:54:00,155.82,D_A0269,,0,2.8561786e-05,False,
T000113,A0266,2026-01-01 14:35:00,137.64,D_A0266,,0,2.8552362e-05,False,
T009677,A0486,2026-02-15 18:53:00,174.61,D_A0486,,0,2.852368e-05,False,
T006790,A0439,2026-02-02 11:02:00,38.2,D_A0439,PAYEE_A0439,0,2.8522809e-05,False,
T001488,A0397,2026-01-08 08:07:00,129.74,D_A0397,,0,2.8520442e-05,False,
T004452,A0329,2026-01-22 10:13:00,182.21,D_A0329,,0,2.8513428e-05,False,
T001706,A0397,2026-01-09 09:19:00,189.67,D_A0397,,0,2.8513155e-05,False,
T006524,A0047,2026-02-01 08:04:00,59.89,D_A0047,,0,2.8486274e-05,False,
T006532,A0001,2026-02-01 08:38:00,58.32,D_A0001,,0,2.8478016e-05,False,
T011213,A0186,2026-02-23 08:20:00,33.31,D_A0186,,0,2.8478016e-05,False,
T007026,A0459,2026-02-03 11:35:00,128.9,D_A0459,,0,2.8453911e-05,False,
T006676,A0033,2026-02-01 17:31:00,155.28,D_A0033,,0,2.845372e-05,False,
T003235,A0131,2026-01-16 11:41:00,118.99,D_A0131,,0,2.8443439e-05,False,
T010295,A0485,2026-02-18 15:39:00,184.79,D_A0485,,0,2.842622e-05,False,
T011964,A0149,2026-02-27 07:08:00,114.08,D_A0149,,0,2.8393248e-05,False,
T002146,A0466,2026-01-11 11:47:00,111.14,D_A0466,,0,2.8376222e-05,False,
T011441,A0297,2026-02-24 11:36:00,121.57,D_A0297,,0,2.8376222e-05,False,
T007996,A0337,2026-02-07 18:09:00,247.99,D_A0337,,0,2.83753e-05,False,
T003826,A0337,2026-01-18 19:23:00,254.51,D_A0337,,0,2.83753e-05,False,
T008703,A0484,2026-02-11 09:13:00,55.91,D_A0484,,0,2.8373055e-05,False,
T006490,A0061,2026-01-31 19:16:00,191.79,D_A0061,,0,2.8372784e-05,False,
T001436,A0322,2026-01-07 16:45:00,194.82,D_A0322,,0,2.8372784e-05,False,
T003471,A0250,2026-01-17 11:30:00,153.8,D_A0250,,0,2.8354987e-05,False,
T007040,A0308,2026-02-03 12:42:00,112.81,D_A0308,,0,2.8346984e-05,False,
T003882,A0209,2026-01-19 10:27:00,40.25,D_A0209,,0,2.8333794e-05,False,
T009444,A0225,2026-02-14 16:14:00,112.91,D_A0225,,0,2.8314456e-05,False,
T009753,A0407,2026-02-16 10:35:00,110.83,D_A0407,,0,2.8308219e-05,False,
T001142,A0365,2026-01-06 14:04:00,125.9,D_A0365,,0,2.8184952e-05,False,
T011480,A0291,2026-02-24 13:45:00,124.15,D_A0291,,0,2.8177454e-05,False,
T006087,A0163,2026-01-30 07:12:00,67.84,D_FAM_5,,0,2.8170069e-05,False,
T006018,A0075,2026-01-29 16:38:00,230.38,D_A0075,,0,2.8154733e-05,False,
T000360,A0342,2026-01-02 17:03:00,163.75,D_A0342,,0,2.8138544e-05,False,
T004916,A0119,2026-01-24 12:42:00,341.48,D_A0119,,0,2.8105613e-05,False,
T000472,A0194,2026-01-03 12:00:00,217.06,D_FAM_2,,0,2.8097413e-05,False,
T009726,A0288,2026-02-16 08:13:00,36.04,D_A0288,,0,2.8083374e-05,False,
T011391,A0162,2026-02-24 08:06:00,69.66,D_A0162,,0,2.8083374e-05,False,
T010802,A0246,2026-02-21 08:27:00,27.01,D_A0246,,0,2.8083374e-05,False,
T002223,A0162,2026-01-11 15:09:00,173.62,D_A0162,,0,2.8032295e-05,False,
T002678,A0320,2026-01-13 16:45:00,118.04,D_FAM_4,,0,2.8000046e-05,False,
T003438,A0472,2026-01-17 09:25:00,78.85,D_A0472,,0,2.797824e-05,False,
T003872,A0472,2026-01-19 09:16:00,59.42,D_A0472,,0,2.797824e-05,False,
T012383,A0198,2026-03-01 09:55:00,80.0,D_A0198,,0,2.797824e-05,False,
T005272,A0373,2026-01-26 09:44:00,14.37,D_A0373,,0,2.797824e-05,False,
T011604,A0134,2026-02-25 09:40:00,74.63,D_A0134,,0,2.797824e-05,False,
T001063,A0284,2026-01-06 08:43:00,64.79,D_A0284,,0,2.7976292e-05,False,
T008219,A0442,2026-02-08 17:33:00,256.95,D_A0442,,0,2.7963408e-05,False,
T010077,A0444,2026-02-17 15:57:00,254.45,D_A0444,,0,2.7963408e-05,False,
T010453,A0292,2026-02-19 14:04:00,158.29,D_A0292,,0,2.7947173e-05,False,
T004674,A0193,2026-01-23 08:19:00,127.63,D_A0193,,0,2.7940323e-05,False,
T008701,A0494,2026-02-11 09:08:00,130.15,D_A0494,,0,2.79371e-05,False,
T005011,A0243,2026-01-24 19:07:00,264.72,D_A0243,,0,2.792839e-05,False,
T010361,A0288,2026-02-19 08:17:00,85.76,D_A0288,,0,2.7919337e-05,False,
T002098,A0021,2026-01-11 08:20:00,60.11,D_A0021,,0,2.7919337e-05,False,
T006330,A0458,2026-01-31 10:00:00,33.7,D_FAM_9,,0,2.7910392e-05,False,
T003871,A0234,2026-01-19 09:08:00,76.8,D_A0234,,0,2.7891048e-05,False,
T010589,A0234,2026-02-20 09:48:00,70.35,D_A0234,,0,2.7891048e-05,False,
T004159,A0033,2026-01-20 15:06:00,150.03,D_A0033,,0,2.7878577e-05,False,
T001020,A0081,2026-01-05 18:54:00,176.06,D_A0081,,0,2.7872968e-05,False,
T008102,A0200,2026-02-08 12:23:00,281.7,D_A0200,,0,2.7870628e-05,False,
T012093,A0108,2026-02-27 16:57:00,161.29,D_A0108,,0,2.7864355e-05,False,
T005059,A0392,2026-01-25 09:00:00,67.68,D_A0392,,0,2.7850461e-05,False,
T005271,A0131,2026-01-26 09:42:00,55.16,D_A0131,,0,2.7850461e-05,False,
T002552,A0020,2026-01-13 09:15:00,94.22,D_A0020,,0,2.7850461e-05,False,
T011993,A0166,2026-02-27 09:25:00,73.59,D_A0166,,0,2.7850461e-05,False,
T002554,A0106,2026-01-13 09:38:00,65.97,D_A0106,,0,2.7850461e-05,False,
T005682,A0282,2026-01-27 21:26:00,188.08,D_A0282,,0,2.7847542e-05,False,
T000376,A0243,2026-01-02 17:52:00,381.34,D_A0243,,0,2.7838645e-05,False,
T000921,A0385,2026-01-05 12:48:00,117.22,D_A0385,,0,2.7832806e-05,False,
T005078,A0457,2026-01-25 10:55:00,102.95,D_A0457,,0,2.7814127e-05,False,
T005370,A0024,2026-01-26 14:38:00,184.57,D_A0024,,0,2.7807866e-05,False,
T006759,A0011,2026-02-02 08:50:00,68.22,D_A0011,,0,2.7802325e-05,False,
T006004,A0338,2026-01-29 15:43:00,109.4,D_A0338,,0,2.7800867e-05,False,
T008197,A0277,2026-02-08 16:25:00,204.56,D_A0277,,0,2.7796572e-05,False,
T008906,A0388,2026-02-12 10:26:00,94.17,D_A0388,,0,2.7784592e-05,False,
T009950,A0356,2026-02-17 08:23:00,59.15,D_A0356,,0,2.7772408e-05,False,
T011397,A0210,2026-02-24 08:37:00,91.66,D_A0210,,0,2.7772408e-05,False,
T003183,A0407,2026-01-16 08:06:00,58.48,D_A0407,,0,2.7772408e-05,False,
T009319,A0484,2026-02-14 09:27:00,41.52,D_A0484,,0,2.7744269e-05,False,
T009532,A0073,2026-02-15 09:21:00,46.74,D_A0073,,0,2.7744269e-05,False,
T011962,A0496,2026-02-26 22:51:00,183.2,D_A0496,,0,2.7739821e-05,False,
T002744,A0370,2026-01-14 08:44:00,82.6,D_A0370,,0,2.769473e-05,False,
T007481,A0330,2026-02-05 14:22:00,67.69,D_A0330,PAYEE_A0330,0,2.7673344e-05,False,
T000490,A0027,2026-01-03 12:58:00,141.79,D_A0027,,0,2.7656459e-05,False,
T006580,A0320,2026-02-01 12:20:00,173.46,D_FAM_4,,0,2.7654587e-05,False,
T007965,A0441,2026-02-07 16:11:00,126.76,D_A0441,,0,2.7651184e-05,False,
T007469,A0344,2026-02-05 13:41:00,132.82,D_A0344,,0,2.7641272e-05,False,
T005725,A0177,2026-01-28 10:33:00,72.75,D_A0177,,0,2.7636106e-05,False,
T004086,A0377,2026-01-20 10:33:00,18.32,D_A0377,,0,2.7636106e-05,False,
T010386,A0473,2026-02-19 10:48:00,30.05,D_A0473,,0,2.7636106e-05,False,
T001925,A0130,2026-01-10 10:48:00,49.31,D_A0130,,0,2.7636106e-05,False,
T005287,A0353,2026-01-26 10:41:00,56.54,D_A0353,,0,2.7636106e-05,False,
T004589,A0100,2026-01-22 16:22:00,171.35,D_A0100,,0,2.7576398e-05,False,
T011823,A0464,2026-02-26 12:04:00,101.76,D_A0464,,0,2.7575845e-05,False,
T002426,A0017,2026-01-12 14:19:00,89.07,D_A0017,,0,2.7571403e-05,False,
T010746,A0473,2026-02-20 17:20:00,99.02,D_A0473,,0,2.7571403e-05,False,
T007914,A0191,2026-02-07 13:47:00,96.97,D_A0191,,0,2.7571403e-05,False,
T003380,A0176,2026-01-16 19:30:00,89.14,D_A0176,,0,2.7571403e-05,False,
T003542,A0078,2026-01-17 14:59:00,100.9,D_A0078,,0,2.7571403e-05,False,
T002919,A0203,2026-01-14 18:56:00,81.77,D_A0203,,0,2.7571403e-05,False,
T000582,A0401,2026-01-03 17:45:00,249.22,D_A0401,,0,2.7569587e-05,False,
T010970,A0028,2026-02-21 18:50:00,67.7,D_A0028,PAYEE_A0028,0,2.7558755e-05,False,
T003061,A0364,2026-01-15 13:59:00,180.38,D_A0364,,0,2.7554763e-05,False,
T007217,A0253,2026-02-04 10:10:00,46.46,D_A0253,,0,2.7530727e-05,False,
T000762,A0266,2026-01-04 15:25:00,168.54,D_A0266,,0,2.7526763e-05,False,
T000961,A0446,2026-01-05 14:47:00,418.18,D_A0446,,0,2.7518523e-05,False,
T006694,A0140,2026-02-01 18:16:00,458.9,D_A0140,,0,2.7518523e-05,False,
T003568,A0285,2026-01-17 16:17:00,525.92,D_A0285,,0,2.7518523e-05,False,
T000370,A0446,2026-01-02 17:29:00,334.61,D_A0446,,0,2.7518523e-05,False,
T003901,A0217,2026-01-19 11:39:00,362.1,D_A0217,,0,2.7504488e-05,False,
T005509,A0406,2026-01-27 10:49:00,74.1,D_A0406,,0,2.7499163e-05,False,
T001052,A0177,2026-01-06 07:16:00,103.59,D_A0177,,0,2.7483773e-05,False,
T007632,A0359,2026-02-06 09:34:00,67.57,D_A0359,,0,2.7465037e-05,False,
T005731,A0258,2026-01-28 10:49:00,107.2,D_A0258,,0,2.7458178e-05,False,
T011184,A0043,2026-02-22 18:23:00,75.59,D_A0043,PAYEE_A0043,0,2.7451999e-05,False,
T002964,A0125,2026-01-15 08:27:00,51.87,D_A0125,,0,2.7440194e-05,False,
T000064,A0442,2026-01-01 12:00:00,190.35,D_A0442,,0,2.7396502e-05,False,
T000146,A0012,2026-01-01 16:27:00,192.11,D_A0012,,0,2.7373964e-05,False,
T005067,A0302,2026-01-25 09:51:00,19.35,D_A0302,,0,2.7337468e-05,False,
T005659,A0292,2026-01-27 18:38:00,155.68,D_A0292,,0,2.7314822e-05,False,
T006621,A0132,2026-02-01 14:17:00,443.88,D_A0132,,0,2.7309248e-05,False,
T011522,A0028,2026-02-24 15:30:00,114.13,D_A0028,,0,2.7305003e-05,False,
T005699,A0089,2026-01-28 08:25:00,155.17,D_A0089,,0,2.7266546e-05,False,
T011204,A0455,2026-02-23 07:03:00,60.84,D_A0455,,0,2.7231645e-05,False,
T012146,A0004,2026-02-28 07:57:00,70.38,D_A0004,,0,2.7231645e-05,False,
T007196,A0004,2026-02-04 07:22:00,75.85,D_A0004,,0,2.7231645e-05,False,
T009037,A0409,2026-02-12 17:28:00,186.16,D_A0409,,0,2.721887e-05,False,
T004720,A0075,2026-01-23 12:23:00,233.73,D_A0075,,0,2.7195312e-05,False,
T011803,A0383,2026-02-26 10:05:00,122.43,D_A0383,,0,2.7174805e-05,False,
T003430,A0056,2026-01-17 08:28:00,39.02,D_A0056,,0,2.7156384e-05,False,
T010573,A0418,2026-02-20 08:20:00,65.95,D_A0418,,0,2.7156384e-05,False,
T008272,A0171,2026-02-09 07:57:00,85.54,D_A0171,,0,2.71378e-05,False,
T005005,A0208,2026-01-24 18:03:00,123.98,D_A0208,,0,2.7131611e-05,False,
T001276,A0060,2026-01-07 08:06:00,84.32,D_A0060,,0,2.7123437e-05,False,
T000683,A0329,2026-01-04 11:58:00,165.92,D_A0329,,0,2.7121238e-05,False,
T009999,A0385,2026-02-17 12:17:00,121.43,D_A0385,,0,2.710787e-05,False,
T000069,A0200,2026-01-01 12:06:00,205.67,D_A0200,,0,2.7099548e-05,False,
T005255,A0108,2026-01-26 08:07:00,56.71,D_A0108,,0,2.7080972e-05,False,
T006754,A0394,2026-02-02 08:41:00,28.03,D_A0394,,0,2.7080972e-05,False,
T010576,A0107,2026-02-20 08:31:00,15.09,D_A0107,,0,2.7080972e-05,False,
T002097,A0224,2026-01-11 08:18:00,12.36,D_A0224,,0,2.7080972e-05,False,
T006980,A0081,2026-02-03 08:17:00,17.23,D_A0081,,0,2.7080972e-05,False,
T001696,A0201,2026-01-09 08:01:00,13.97,D_A0201,,0,2.7080972e-05,False,
T007206,A0493,2026-02-04 08:42:00,55.63,D_A0493,,0,2.7080972e-05,False,
T001697,A0373,2026-01-09 08:43:00,11.0,D_A0373,,0,2.7080972e-05,False,
T010366,A0394,2026-02-19 08:46:00,21.58,D_A0394,,0,2.7080972e-05,False,
T007345,A0321,2026-02-04 18:20:00,158.09,D_A0321,,0,2.707418e-05,False,
T003173,A0122,2026-01-16 07:14:00,76.44,D_A0122,,0,2.7049562e-05,False,
T000180,A0258,2026-01-01 19:49:00,183.8,D_A0258,,0,2.7023005e-05,False,
T001383,R002,2026-01-07 14:04:00,230.71,D_R002,,0,2.7019682e-05,False,
T005911,A0266,2026-01-29 10:11:00,53.05,D_A0266,,0,2.7015918e-05,False,
T007666,A0321,2026-02-06 11:49:00,139.53,D_A0321,,0,2.697115e-05,False,
T002342,R003,2026-01-12 10:06:00,161.87,D_R003,,0,2.695233e-05,False,
T007630,A0490,2026-02-06 09:31:00,39.27,D_A0490,,0,2.6931162e-05,False,
T007208,A0393,2026-02-04 09:16:00,42.96,D_A0393,,0,2.6931162e-05,False,
T000614,A0349,2026-01-03 22:42:00,226.62,D_A0349,,0,2.6906338e-05,False,
T000990,A0321,2026-01-05 16:27:00,146.79,D_A0321,,0,2.6888612e-05,False,
T009954,A0239,2026-02-17 08:54:00,52.45,D_A0239,,0,2.6883072e-05,False,
T002309,A0035,2026-01-12 07:11:00,59.29,D_FAM_9,,0,2.6875974e-05,False,
T003757,A0369,2026-01-18 14:47:00,177.24,D_A0369,,0,2.6875103e-05,False,
T000602,A0494,2026-01-03 19:19:00,99.6,D_A0494,PAYEE_A0494,0,2.6874615e-05,False,
T000969,R007,2026-01-05 15:20:00,172.86,D_R007,,0,2.68627e-05,False,
T008496,A0108,2026-02-10 09:48:00,41.35,D_A0108,,0,2.6856373e-05,False,
T004078,A0117,2026-01-20 09:38:00,27.15,D_A0117,,0,2.6856373e-05,False,
T005273,A0403,2026-01-26 09:47:00,51.19,D_A0403,,0,2.6856373e-05,False,
T001702,A0169,2026-01-09 09:04:00,9.02,D_A0169,,0,2.6856373e-05,False,
T007212,A0438,2026-02-04 09:53:00,34.98,D_A0438,,0,2.6856373e-05,False,
T005895,A0273,2026-01-29 09:04:00,7.0,D_A0273,,0,2.6856373e-05,False,
T002557,A0131,2026-01-13 09:57:00,29.29,D_A0131,,0,2.6856373e-05,False,
T005269,A0453,2026-01-26 09:28:00,51.82,D_A0453,,0,2.6856373e-05,False,
T012376,A0356,2026-03-01 09:09:00,16.2,D_A0356,,0,2.6856373e-05,False,
T003439,A0117,2026-01-17 09:26:00,18.82,D_A0117,,0,2.6856373e-05,False,
T004863,A0326,2026-01-24 09:10:00,24.99,D_A0326,,0,2.6856373e-05,False,
T008895,A0005,2026-02-12 09:33:00,91.0,D_A0005,,0,2.6855836e-05,False,
T005399,A0132,2026-01-26 15:47:00,410.57,D_A0132,,0,2.6846155e-05,False,
T000584,A0265,2026-01-03 17:49:00,106.52,D_A0265,,0,2.6833537e-05,False,
T009095,A0002,2026-02-13 08:03:00,36.49,D_A0002,,0,2.6832078e-05,False,
T012149,A0249,2026-02-28 08:04:00,21.49,D_A0249,,0,2.6832078e-05,False,
T000639,A0270,2026-01-04 08:28:00,72.83,D_A0270,,0,2.6832078e-05,False,
T002321,A0374,2026-01-12 08:10:00,93.41,D_A0374,,0,2.6832078e-05,False,
T005056,A0211,2026-01-25 08:27:00,100.54,D_A0211,,0,2.6832078e-05,False,
T004060,A0204,2026-01-20 08:20:00,33.77,D_A0204,,0,2.6832078e-05,False,
T004203,A0233,2026-01-20 17:44:00,222.49,D_A0233,,0,2.6825222e-05,False,
T000976,A0310,2026-01-05 15:32:00,316.86,D_A0310,,0,2.6810261e-05,False,
T010763,A0052,2026-02-20 18:38:00,142.49,D_A0052,,0,2.6781641e-05,False,
T005312,A0322,2026-01-26 11:44:00,206.97,D_A0322,,0,2.6773801e-05,False,
T007337,A0196,2026-02-04 17:50:00,153.77,D_A0196,,0,2.6736292e-05,False,
T010817,A0125,2026-02-21 09:54:00,35.01,D_A0125,,0,2.6731628e-05,False,
T004862,A0047,2026-01-24 09:10:00,20.31,D_A0047,,0,2.6731628e-05,False,
T003875,A0186,2026-01-19 09:35:00,16.2,D_A0186,,0,2.6731628e-05,False,
T011801,A0204,2026-02-26 09:58:00,32.61,D_A0204,,0,2.6731628e-05,False,
T003658,A0430,2026-01-18 09:11:00,64.12,D_A0430,,0,2.6731628e-05,False,
T007629,A0047,2026-02-06 09:26:00,15.57,D_A0047,,0,2.6731628e-05,False,
T005491,A0384,2026-01-27 09:43:00,38.76,D_A0384,,0,2.6731628e-05,False,
T009096,A0405,2026-02-13 08:11:00,38.59,D_A0405,,0,2.672977e-05,False,
T006095,A0344,2026-01-30 08:04:00,64.45,D_A0344,,0,2.672977e-05,False,
T009525,A0270,2026-02-15 08:55:00,89.89,D_A0270,,0,2.672977e-05,False,
T008293,A0017,2026-02-09 10:10:00,42.77,D_A0017,,0,2.6723881e-05,False,
T006558,A0019,2026-02-01 10:53:00,64.99,D_A0019,,0,2.6723881e-05,False,
T005729,A0159,2026-01-28 10:40:00,58.64,D_A0159,,0,2.6723881e-05,False,
T008780,A0130,2026-02-11 14:02:00,121.87,D_A0130,,0,2.6721687e-05,False,
T004861,A0319,2026-01-24 09:00:00,182.62,D_A0319,,0,2.6661388e-05,False,
T006782,A0380,2026-02-02 10:10:00,18.77,D_A0380,,0,2.664967e-05,False,
T008296,A0486,2026-02-09 10:15:00,49.23,D_A0486,,0,2.664967e-05,False,
T004876,A0178,2026-01-24 10:14:00,23.25,D_A0178,,0,2.664967e-05,False,
T008512,A0293,2026-02-10 10:44:00,73.64,D_A0293,,0,2.664967e-05,False,
T006342,A0351,2026-01-31 10:44:00,15.35,D_A0351,,0,2.664967e-05,False,
T001920,A0456,2026-01-10 10:21:00,18.18,D_A0456,,0,2.664967e-05,False,
T004695,A0414,2026-01-23 10:33:00,19.83,D_A0414,,0,2.664967e-05,False,
T001508,A0179,2026-01-08 10:10:00,11.57,D_A0179,,0,2.664967e-05,False,
T002568,A0253,2026-01-13 10:37:00,54.07,D_A0253,,0,2.664967e-05,False,
T002560,A0221,2026-01-13 10:12:00,13.01,D_A0221,,0,2.664967e-05,False,
T005505,A0221,2026-01-27 10:36:00,8.86,D_A0221,,0,2.664967e-05,False,
T004703,A0473,2026-01-23 10:58:00,36.14,D_A0473,,0,2.664967e-05,False,
T004696,A0470,2026-01-23 10:34:00,11.4,D_A0470,,0,2.664967e-05,False,
T000057,A0492,2026-01-01 11:45:00,148.63,D_A0492,,0,2.6645856e-05,False,
T011645,A0348,2026-02-25 12:21:00,146.9,D_A0348,,0,2.6628735e-05,False,
T010470,A0376,2026-02-19 14:50:00,167.27,D_A0376,,0,2.6622083e-05,False,
T002845,A0219,2026-01-14 14:02:00,137.16,D_A0219,,0,2.6614112e-05,False,
T005656,A0421,2026-01-27 18:25:00,183.08,D_A0421,,0,2.6602947e-05,False,
T009871,A0351,2026-02-16 16:37:00,184.5,D_A0351,,0,2.6602947e-05,False,
T008778,A0473,2026-02-11 13:57:00,74.54,D_A0473,,0,2.658844e-05,False,
T001601,A0150,2026-01-08 14:32:00,73.54,D_A0150,,0,2.658844e-05,False,
T007641,A0286,2026-02-06 10:19:00,44.1,D_FAM_10,,0,2.6584636e-05,False,
T002122,A0286,2026-01-11 10:30:00,38.17,D_FAM_10,,0,2.6584636e-05,False,
T001672,A0244,2026-01-08 19:53:00,110.58,D_A0244,,0,2.6561853e-05,False,
T000638,A0364,2026-01-04 08:28:00,93.58,D_A0364,,0,2.6534433e-05,False,
T005013,A0301,2026-01-24 19:25:00,124.53,D_A0301,,0,2.6530337e-05,False,
T012405,A0217,2026-03-01 11:20:00,310.12,D_A0217,,0,2.652391e-05,False,
T001223,A0182,2026-01-06 17:54:00,139.05,D_FAM_8,,0,2.651387e-05,False,
T001712,A0091,2026-01-09 10:07:00,159.22,D_A0091,,0,2.6467338e-05,False,
T003228,A0200,2026-01-16 11:04:00,188.0,D_A0200,,0,2.6456386e-05,False,
T007685,A0008,2026-02-06 12:56:00,37.81,D_A0008,PAYEE_A0008,0,2.6440594e-05,False,
T007161,A0369,2026-02-03 19:52:00,169.94,D_A0369,,0,2.6440217e-05,False,
T004362,A0299,2026-01-21 15:51:00,90.69,D_A0299,PAYEE_A0299,0,2.6427964e-05,False,
T004008,A0116,2026-01-19 16:31:00,94.03,D_A0116,PAYEE_A0116,0,2.6427964e-05,False,
T002240,A0361,2026-01-11 16:12:00,84.89,D_A0361,PAYEE_A0361,0,2.6427964e-05,False,
T002425,A0480,2026-01-12 14:18:00,230.29,D_FAM_6,,0,2.6411839e-05,False,
T010608,A0468,2026-02-20 11:14:00,205.34,D_A0468,,0,2.6389509e-05,False,
T000197,A0275,2026-01-02 07:12:00,99.55,D_FAM_5,,0,2.637484e-05,False,
T008705,A0406,2026-02-11 09:28:00,21.03,D_A0406,,0,2.6361187e-05,False,
T005068,A0280,2026-01-25 09:52:00,78.74,D_A0280,,0,2.6361187e-05,False,
T008283,A0360,2026-02-09 09:31:00,29.23,D_A0360,,0,2.6361187e-05,False,
T009540,A0327,2026-02-15 09:59:00,49.29,D_A0327,,0,2.6361187e-05,False,
T009322,A0339,2026-02-14 09:34:00,20.26,D_A0339,,0,2.6361187e-05,False,
T002971,A0247,2026-01-15 09:00:00,39.83,D_A0247,,0,2.6361187e-05,False,
T011409,A0406,2026-02-24 09:17:00,30.7,D_A0406,,0,2.6361187e-05,False,
T009850,A0360,2026-02-16 15:31:00,109.23,D_A0360,,0,2.6354048e-05,False,
T004804,A0321,2026-01-23 17:44:00,153.76,D_A0321,,0,2.635274e-05,False,
T001527,A0308,2026-01-08 11:16:00,82.89,D_A0308,,0,2.6344322e-05,False,
T010588,A0455,2026-02-20 09:47:00,109.99,D_A0455,,0,2.6333597e-05,False,
T012098,A0170,2026-02-27 17:24:00,144.46,D_A0170,,0,2.6295855e-05,False,
T001745,A0414,2026-01-09 12:37:00,154.08,D_A0414,,0,2.6291365e-05,False,
T010171,A0033,2026-02-18 08:14:00,89.79,D_A0033,,0,2.6287305e-05,False,
T008885,A0074,2026-02-12 08:25:00,73.32,D_A0074,,0,2.6287305e-05,False,
T000424,A0262,2026-01-03 08:25:00,68.51,D_A0262,,0,2.6287305e-05,False,
T000908,A0140,2026-01-05 12:18:00,522.75,D_A0140,,0,2.6282316e-05,False,
T009350,A0217,2026-02-14 11:37:00,332.84,D_A0217,,0,2.6262474e-05,False,
T010769,A0177,2026-02-20 18:55:00,159.21,D_A0177,,0,2.6261196e-05,False,
T006726,A0075,2026-02-01 21:33:00,160.58,D_A0075,,0,2.6261196e-05,False,
T009109,A0081,2026-02-13 09:40:00,47.39,D_A0081,,0,2.6260672e-05,False,
T011799,A0081,2026-02-26 09:52:00,70.64,D_A0081,,0,2.6260672e-05,False,
T010262,A0140,2026-02-18 14:03:00,433.12,D_A0140,,0,2.6252155e-05,False,
T002973,A0402,2026-01-15 09:07:00,118.25,D_A0402,,0,2.6242844e-05,False,
T009980,A0113,2026-02-17 11:19:00,137.8,D_FAM_3,,0,2.6209531e-05,False,
T012079,A0444,2026-02-27 15:33:00,239.78,D_A0444,,0,2.6208032e-05,False,
T005544,A0382,2026-01-27 12:26:00,67.55,D_A0382,PAYEE_A0382,0,2.6200658e-05,False,
T008833,A0349,2026-02-11 17:31:00,222.79,D_A0349,,0,2.6189367e-05,False,
T012498,A0305,2026-03-01 16:26:00,106.92,D_A0305,,0,2.6181802e-05,False,
T000316,A0266,2026-01-02 14:15:00,140.76,D_A0266,,0,2.61672e-05,False,
T007876,A0027,2026-02-07 11:32:00,132.54,D_A0027,,0,2.6162581e-05,False,
T010373,A0310,2026-02-19 09:24:00,183.82,D_A0310,,0,2.6160686e-05,False,
T007976,A0096,2026-02-07 17:08:00,185.14,D_A0096,,0,2.6141535e-05,False,
T003727,A0058,2026-01-18 13:16:00,150.45,D_A0058,,0,2.6122321e-05,False,
T000321,A0180,2026-01-02 14:46:00,61.91,D_A0180,PAYEE_A0180,0,2.6080752e-05,False,
T006778,A0426,2026-02-02 10:02:00,91.77,D_A0426,,0,2.6069833e-05,False,
T012380,A0161,2026-03-01 09:26:00,85.5,D_A0161,,0,2.6069287e-05,False,
T008704,A0173,2026-02-11 09:17:00,77.43,D_A0173,,0,2.6069287e-05,False,
T004280,A0249,2026-01-21 11:52:00,60.44,D_A0249,,0,2.6069138e-05,False,
T000654,A0339,2026-01-04 09:20:00,65.43,D_A0339,,0,2.6068767e-05,False,
T002336,A0220,2026-01-12 09:33:00,56.64,D_A0220,,0,2.6068767e-05,False,
T011203,A0340,2026-02-23 07:01:00,114.6,D_A0340,,0,2.6018992e-05,False,
T008232,A0130,2026-02-08 19:21:00,122.77,D_A0130,,0,2.6009639e-05,False,
T002278,A0250,2026-01-11 18:38:00,180.76,D_A0250,,0,2.6007556e-05,False,
T012469,A0059,2026-03-01 14:46:00,180.97,D_A0059,,0,2.5982692e-05,False,
T003660,A0190,2026-01-18 09:21:00,141.29,D_A0190,,0,2.5962356e-05,False,
T005193,A0368,2026-01-25 17:28:00,246.2,D_A0368,,0,2.595176e-05,False,
T009734,A0094,2026-02-16 09:07:00,37.95,D_A0094,,0,2.5949708e-05,False,
T008047,A0474,2026-02-08 08:01:00,95.75,D_A0474,,0,2.5946392e-05,False,
T006528,A0408,2026-02-01 08:16:00,41.93,D_A0408,,0,2.5946392e-05,False,
T012024,A0314,2026-02-27 12:22:00,156.12,D_FAM_10,,0,2.5943695e-05,False,
T005917,A0345,2026-01-29 10:33:00,63.0,D_A0345,,0,2.5932119e-05,False,
T007678,A0185,2026-02-06 12:21:00,210.39,D_A0185,,0,2.592119e-05,False,
T000994,A0236,2026-01-05 16:36:00,160.77,D_A0236,,0,2.5898878e-05,False,
T000215,A0002,2026-01-02 08:50:00,18.47,D_A0002,,0,2.587434e-05,False,
T012155,A0302,2026-02-28 08:31:00,8.37,D_A0302,,0,2.587434e-05,False,
T006306,A0343,2026-01-31 08:41:00,32.24,D_A0343,,0,2.587434e-05,False,
T005053,A0115,2026-01-25 08:13:00,39.91,D_A0115,,0,2.587434e-05,False,
T005507,A0183,2026-01-27 10:45:00,35.26,D_A0183,,0,2.5868641e-05,False,
T003208,A0228,2026-01-16 10:05:00,67.25,D_A0228,,0,2.5868641e-05,False,
T000888,A0360,2026-01-05 10:55:00,48.45,D_A0360,,0,2.5868641e-05,False,
T012389,A0291,2026-03-01 10:09:00,92.49,D_A0291,,0,2.5868641e-05,False,
T011614,A0150,2026-02-25 10:15:00,63.6,D_A0150,,0,2.5868641e-05,False,
T004883,A0228,2026-01-24 10:41:00,79.15,D_A0228,,0,2.5868641e-05,False,
T002994,A0413,2026-01-15 10:41:00,85.14,D_A0413,,0,2.5868641e-05,False,
T008913,A0353,2026-02-12 10:34:00,66.52,D_A0353,,0,2.5868641e-05,False,
T006104,A0411,2026-01-30 09:16:00,104.97,D_A0411,,0,2.5859908e-05,False,
T000085,A0444,2026-01-01 13:01:00,186.49,D_A0444,,0,2.5830752e-05,False,
T003555,A0091,2026-01-17 15:37:00,237.46,D_A0091,,0,2.5811543e-05,False,
T004268,A0145,2026-01-21 10:50:00,118.45,D_A0145,,0,2.5799953e-05,False,
T011649,A0369,2026-02-25 12:33:00,170.66,D_A0369,,0,2.5765235e-05,False,
T002556,A0042,2026-01-13 09:50:00,87.42,D_A0042,,0,2.5757448e-05,False,
T004864,A0046,2026-01-24 09:17:00,30.59,D_A0046,,0,2.5757448e-05,False,
T011234,A0203,2026-02-23 10:42:00,53.47,D_A0203,,0,2.5749981e-05,False,
T004931,A0364,2026-01-24 13:20:00,66.23,D_A0364,PAYEE_A0364,0,2.5736428e-05,False,
T005638,A0246,2026-01-27 17:03:00,69.6,D_A0246,PAYEE_A0246,0,2.5736428e-05,False,
T010288,A0027,2026-02-18 15:19:00,170.62,D_A0027,,0,2.5735668e-05,False,
T007791,A0027,2026-02-06 18:16:00,171.86,D_A0027,,0,2.5735668e-05,False,
T002499,A0119,2026-01-12 18:23:00,165.37,D_A0119,,0,2.5733558e-05,False,
T004130,A0005,2026-01-20 13:46:00,133.69,D_A0005,,0,2.5714742e-05,False,
T005825,A0404,2026-01-28 16:16:00,20.34,D_A0404,PAYEE_A0404,0,2.57118e-05,False,
T009757,A0127,2026-02-16 10:45:00,107.05,D_A0127,,0,2.5698095e-05,False,
T012393,A0147,2026-03-01 10:30:00,115.19,D_A0147,,0,2.5698095e-05,False,
T001804,A0406,2026-01-09 15:29:00,133.16,D_A0406,,0,2.568244e-05,False,
T003829,A0194,2026-01-18 19:44:00,194.43,D_A0194,,0,2.5665498e-05,False,
T000711,A0445,2026-01-04 12:49:00,150.84,D_A0445,,0,2.5655e-05,False,
T003446,A0101,2026-01-17 10:07:00,108.96,D_A0101,,0,2.5652798e-05,False,
T002350,A0240,2026-01-12 10:29:00,58.78,D_FAM_11,,0,2.5632648e-05,False,
T006298,A0103,2026-01-31 07:57:00,51.18,D_A0103,,0,2.5624118e-05,False,
T009176,A0348,2026-02-13 13:57:00,144.52,D_A0348,,0,2.561095e-05,False,
T010507,A0024,2026-02-19 16:40:00,143.22,D_A0024,,0,2.5587293e-05,False,
T003752,A0205,2026-01-18 14:32:00,115.51,D_A0205,,0,2.5579488e-05,False,
T010052,A0250,2026-02-17 14:49:00,184.48,D_A0250,,0,2.5549989e-05,False,
T006906,A0096,2026-02-02 17:01:00,184.02,D_A0096,,0,2.5549989e-05,False,
T005288,A0202,2026-01-26 10:44:00,142.13,D_A0202,,0,2.554017e-05,False,
T005789,A0194,2026-01-28 14:34:00,165.58,D_FAM_2,,0,2.5537296e-05,False,
T004124,A0468,2026-01-20 13:05:00,181.76,D_A0468,,0,2.5535228e-05,False,
T011093,A0351,2026-02-22 13:49:00,175.68,D_A0351,,0,2.5535228e-05,False,
T002621,A0479,2026-01-13 13:07:00,179.99,D_A0479,,0,2.5535228e-05,False,
T012538,A0044,2026-03-01 18:33:00,110.05,D_A0044,,0,2.5510644e-05,False,
T001388,A0320,2026-01-07 14:08:00,160.26,D_FAM_4,,0,2.550264e-05,False,
T008893,A0083,2026-02-12 09:31:00,160.5,D_A0083,,0,2.5496853e-05,False,
T003148,A0414,2026-01-15 19:02:00,157.88,D_A0414,,0,2.5491552e-05,False,
T007944,A0307,2026-02-07 15:12:00,152.81,D_A0307,,0,2.5491552e-05,False,
T000435,A0244,2026-01-03 09:29:00,56.18,D_A0244,,0,2.5491041e-05,False,
T005718,A0454,2026-01-28 09:46:00,28.85,D_A0454,,0,2.5491041e-05,False,
T010372,A0330,2026-02-19 09:05:00,19.14,D_A0330,,0,2.5491041e-05,False,
T003437,A0394,2026-01-17 09:16:00,63.82,D_A0394,,0,2.5491041e-05,False,
T010584,A0232,2026-02-20 09:30:00,35.59,D_A0232,,0,2.5491041e-05,False,
T009315,A0418,2026-02-14 09:06:00,56.81,D_A0418,,0,2.5491041e-05,False,
T000153,A0277,2026-01-01 17:02:00,226.25,D_A0277,,0,2.5479498e-05,False,
T002853,A0158,2026-01-14 14:23:00,58.99,D_A0158,PAYEE_A0158,0,2.5472016e-05,False,
T008559,A0154,2026-02-10 13:00:00,177.18,D_A0154,,0,2.5468129e-05,False,
T011733,A0154,2026-02-25 17:38:00,359.66,D_A0154,,0,2.5463003e-05,False,
T007072,A0298,2026-02-03 14:36:00,367.93,D_A0298,,0,2.5463003e-05,False,
T006552,A0118,2026-02-01 10:36:00,66.81,D_A0118,,0,2.5454481e-05,False,
T009547,A0499,2026-02-15 10:31:00,37.01,D_A0499,,0,2.5454481e-05,False,
T010192,A0306,2026-02-18 10:10:00,31.27,D_A0306,,0,2.5454481e-05,False,
T005284,A0433,2026-01-26 10:39:00,42.08,D_A0433,,0,2.5454481e-05,False,
T000241,A0266,2026-01-02 10:50:00,87.24,D_A0266,,0,2.5454481e-05,False,
T002773,A0306,2026-01-14 10:40:00,20.12,D_A0306,,0,2.5454481e-05,False,
T006116,A0121,2026-01-30 10:13:00,40.67,D_A0121,,0,2.5454481e-05,False,
T005732,A0354,2026-01-28 10:59:00,36.51,D_A0354,,0,2.5454481e-05,False,
T010828,A0464,2026-02-21 10:33:00,20.79,D_A0464,,0,2.5454481e-05,False,
T006784,A0118,2026-02-02 10:27:00,72.01,D_A0118,,0,2.5454481e-05,False,
T006344,A0259,2026-01-31 10:51:00,38.83,D_A0259,,0,2.5454481e-05,False,
T011807,A0085,2026-02-26 10:16:00,46.58,D_A0085,,0,2.5454481e-05,False,
T000493,A0079,2026-01-03 13:09:00,166.28,D_A0079,,0,2.5443269e-05,False,
T009973,A0015,2026-02-17 10:58:00,23.97,D_FAM_14,,0,2.5442736e-05,False,
T011364,A0089,2026-02-23 19:39:00,173.52,D_A0089,,0,2.543119e-05,False,
T008565,A0157,2026-02-10 13:09:00,177.66,D_A0157,,0,2.543119e-05,False,
T009880,A0260,2026-02-16 17:06:00,173.43,D_A0260,,0,2.543119e-05,False,
T011094,A0120,2026-02-22 13:53:00,125.29,D_A0120,,0,2.5425927e-05,False,
T011222,A0498,2026-02-23 09:45:00,90.81,D_A0498,,0,2.5420253e-05,False,
T011602,A0081,2026-02-25 09:30:00,15.6,D_A0081,,0,2.5420253e-05,False,
T001910,A0269,2026-01-10 09:47:00,38.56,D_A0269,,0,2.5420253e-05,False,
T002339,A0234,2026-01-12 09:39:00,17.9,D_A0234,,0,2.5420253e-05,False,
T002327,A0081,2026-01-12 09:08:00,10.01,D_A0081,,0,2.5420253e-05,False,
T006321,A0330,2026-01-31 09:36:00,18.77,D_A0330,,0,2.5420253e-05,False,
T010586,A0254,2026-02-20 09:38:00,11.58,D_A0254,,0,2.5420253e-05,False,
T011015,A0234,2026-02-22 09:24:00,20.14,D_A0234,,0,2.5420253e-05,False,
T003440,A0269,2026-01-17 09:27:00,83.64,D_A0269,,0,2.5420253e-05,False,
T012163,A0269,2026-02-28 09:05:00,38.72,D_A0269,,0,2.5420253e-05,False,
T001503,A0155,2026-01-08 09:43:00,75.64,D_A0155,,0,2.5420253e-05,False,
T008774,A0494,2026-02-11 13:40:00,209.13,D_A0494,,0,2.5400432e-05,False,
T000029,A0327,2026-01-01 10:23:00,50.18,D_A0327,,0,2.5385176e-05,False,
T000438,A0047,2026-01-03 10:03:00,32.51,D_A0047,,0,2.5385176e-05,False,
T001913,A0363,2026-01-10 10:04:00,56.61,D_A0363,,0,2.5385176e-05,False,
T009419,A0337,2026-02-14 14:49:00,220.12,D_A0337,,0,2.5384887e-05,False,
T009888,A0054,2026-02-16 17:53:00,149.43,D_A0054,,0,2.5375371e-05,False,
T011601,A0331,2026-02-25 09:24:00,66.11,D_A0331,,0,2.5374622e-05,False,
T010985,A0407,2026-02-21 20:41:00,141.72,D_A0407,,0,2.5369784e-05,False,
T010775,A0190,2026-02-20 20:23:00,192.0,D_FAM_13,,0,2.536151e-05,False,
T010818,A0250,2026-02-21 10:07:00,91.22,D_A0250,,0,2.5357424e-05,False,
T004266,A0208,2026-01-21 10:43:00,39.47,D_A0208,,0,2.5357424e-05,False,
T002999,R004,2026-01-15 10:56:00,54.29,D_R004,,0,2.5357424e-05,False,
T009742,A0223,2026-02-16 10:02:00,92.51,D_A0223,,0,2.5357424e-05,False,
T004461,A0050,2026-01-22 10:52:00,84.85,D_A0050,,0,2.5357424e-05,False,
T001081,A0297,2026-01-06 10:39:00,27.8,D_A0297,,0,2.5357424e-05,False,
T003743,A0268,2026-01-18 13:59:00,168.51,D_A0268,,0,2.5356601e-05,False,
T004849,A0461,2026-01-24 07:42:00,56.69,D_FAM_0,,0,2.5351474e-05,False,
T009022,A0305,2026-02-12 16:11:00,111.31,D_A0305,,0,2.534391e-05,False,
T012397,A0066,2026-03-01 10:58:00,70.27,D_A0066,,0,2.534212e-05,False,
T007216,A0133,2026-02-04 10:10:00,32.59,D_A0133,,0,2.534212e-05,False,
T003669,A0172,2026-01-18 10:12:00,122.47,D_A0172,,0,2.532521e-05,False,
T011235,A0079,2026-02-23 10:44:00,91.42,D_A0079,,0,2.53058e-05,False,
T007128,A0216,2026-02-03 17:20:00,145.47,D_A0216,,0,2.5303314e-05,False,
T003775,A0334,2026-01-18 15:51:00,307.3,D_A0334,,0,2.5277772e-05,False,
T009859,A0446,2026-02-16 16:10:00,308.02,D_A0446,,0,2.5277772e-05,False,
T003544,A0285,2026-01-17 14:59:00,426.55,D_A0285,,0,2.5277772e-05,False,
T009324,A0188,2026-02-14 09:37:00,59.77,D_A0188,PAYEE_A0188,0,2.5268879e-05,False,
T001906,A0056,2026-01-10 09:33:00,65.65,D_A0056,,0,2.523449e-05,False,
T010582,A0428,2026-02-20 09:14:00,78.68,D_A0428,,0,2.523449e-05,False,
T008723,A0040,2026-02-11 10:49:00,108.7,D_A0040,,0,2.5228186e-05,False,
T001099,A0447,2026-01-06 11:40:00,73.73,D_A0447,,0,2.5227417e-05,False,
T000852,A0199,2026-01-05 07:57:00,44.65,D_A0199,,0,2.5197121e-05,False,
T005299,A0156,2026-01-26 11:13:00,84.0,D_A0156,,0,2.5192749e-05,False,
T006770,A0328,2026-02-02 09:32:00,58.2,D_A0328,,0,2.5186622e-05,False,
T000651,A0374,2026-01-04 09:05:00,68.48,D_A0374,,0,2.5186622e-05,False,
T003657,A0454,2026-01-18 09:01:00,28.42,D_A0454,,0,2.5186622e-05,False,
T001493,A0138,2026-01-08 09:02:00,39.82,D_A0138,,0,2.5186622e-05,False,
T009959,A0204,2026-02-17 09:31:00,31.55,D_A0204,,0,2.5186622e-05,False,
T004869,A0454,2026-01-24 09:34:00,33.19,D_A0454,,0,2.5186622e-05,False,
T005063,A0246,2026-01-25 09:33:00,35.16,D_A0246,,0,2.5186622e-05,False,
T001701,A0328,2026-01-09 09:03:00,100.95,D_A0328,,0,2.5186622e-05,False,
T002977,A0454,2026-01-15 09:29:00,19.68,D_A0454,,0,2.5186622e-05,False,
T007854,A0405,2026-02-07 09:57:00,42.74,D_A0405,,0,2.5186622e-05,False,
T011613,A0291,2026-02-25 10:09:00,83.64,D_A0291,,0,2.517932e-05,False,
T010823,A0381,2026-02-21 10:18:00,233.91,D_A0381,,0,2.5132304e-05,False,
T005484,A0101,2026-01-27 08:31:00,85.36,D_A0101,,0,2.5116035e-05,False,
T000645,A0474,2026-01-04 08:46:00,86.72,D_A0474,,0,2.5116035e-05,False,
T002742,A0174,2026-01-14 08:37:00,78.06,D_A0174,,0,2.5116035e-05,False,
T009311,A0329,2026-02-14 08:02:00,82.58,D_A0329,,0,2.5116035e-05,False,
T007114,A0263,2026-02-03 16:35:00,231.02,D_A0263,,0,2.5111483e-05,False,
T005809,A0444,2026-01-28 15:38:00,231.49,D_A0444,,0,2.5104227e-05,False,
T004893,A0463,2026-01-24 11:27:00,164.66,D_A0463,,0,2.5092428e-05,False,
T001296,A0385,2026-01-07 09:58:00,41.95,D_A0385,,0,2.5090585e-05,False,
T005710,A0385,2026-01-28 09:13:00,49.45,D_A0385,,0,2.5090585e-05,False,
T011054,A0054,2026-02-22 11:59:00,129.44,D_A0054,,0,2.5090345e-05,False,
T007376,A0376,2026-02-04 23:25:00,155.91,D_A0376,,0,2.5083407e-05,False,
T011109,A0077,2026-02-22 14:16:00,183.88,D_A0077,,0,2.5082309e-05,False,
T003419,A0082,2026-01-17 07:52:00,67.56,D_A0082,,0,2.505625e-05,False,
T004042,A0032,2026-01-20 07:08:00,25.92,D_A0032,,0,2.505625e-05,False,
T011209,A0434,2026-02-23 07:39:00,29.2,D_A0434,,0,2.505625e-05,False,
T009944,A0465,2026-02-17 07:56:00,58.8,D_A0465,,0,2.505625e-05,False,
T004668,A0419,2026-01-23 07:36:00,43.09,D_A0419,,0,2.505625e-05,False,
T004239,A0082,2026-01-21 07:06:00,55.01,D_A0082,,0,2.505625e-05,False,
T006384,A0033,2026-01-31 13:30:00,140.67,D_A0033,,0,2.5043373e-05,False,
T003551,A0341,2026-01-17 15:22:00,270.83,D_A0341,,0,2.5042227e-05,False,
T000693,A0474,2026-01-04 12:27:00,195.46,D_A0474,,0,2.5025061e-05,False,
T007408,A0014,2026-02-05 10:36:00,54.33,D_FAM_2,,0,2.4994486e-05,False,
T004099,A0446,2026-01-20 11:50:00,221.17,D_A0446,,0,2.4991314e-05,False,
T010870,A0157,2026-02-21 13:01:00,155.78,D_A0157,,0,2.4987765e-05,False,
T003338,A0407,2026-01-16 16:58:00,136.98,D_A0407,,0,2.4984452e-05,False,
T011750,A0368,2026-02-25 19:05:00,234.63,D_A0368,,0,2.4976876e-05,False,
T009019,A0061,2026-02-12 15:49:00,174.33,D_A0061,,0,2.4965684e-05,False,
T011512,A0452,2026-02-24 15:07:00,175.79,D_A0452,,0,2.4965684e-05,False,
T012240,A0061,2026-02-28 13:37:00,173.42,D_A0061,,0,2.4965684e-05,False,
T007873,A0017,2026-02-07 11:17:00,79.77,D_A0017,,0,2.4954712e-05,False,
T010088,A0238,2026-02-17 16:33:00,251.49,D_A0238,,0,2.4928806e-05,False,
T001413,A0417,2026-01-07 15:21:00,241.48,D_A0417,,0,2.4928806e-05,False,
T005414,A0497,2026-01-26 16:37:00,78.32,D_A0497,PAYEE_A0497,0,2.4928022e-05,False,
T008163,A0075,2026-02-08 15:10:00,197.85,D_A0075,,0,2.4920037e-05,False,
T003552,A0297,2026-01-17 15:26:00,120.19,D_A0297,,0,2.4892413e-05,False,
T009984,A0253,2026-02-17 11:33:00,75.14,D_A0253,,0,2.488541e-05,False,
T008970,A0444,2026-02-12 13:00:00,221.18,D_A0444,,0,2.488425e-05,False,
T002428,A0059,2026-01-12 14:20:00,170.99,D_A0059,,0,2.4881094e-05,False,
T002807,A0482,2026-01-14 12:44:00,138.02,D_A0482,,0,2.4856357e-05,False,
T007745,A0170,2026-02-06 15:21:00,138.72,D_A0170,,0,2.4827834e-05,False,
T003387,A0143,2026-01-16 20:04:00,131.91,D_A0143,,0,2.4827834e-05,False,
T002842,A0143,2026-01-14 14:00:00,135.69,D_A0143,,0,2.4827834e-05,False,
T010137,A0083,2026-02-17 20:41:00,225.84,D_A0083,,0,2.4822317e-05,False,
T011163,A0496,2026-02-22 17:06:00,153.64,D_A0496,,0,2.4812281e-05,False,
T009136,A0049,2026-02-13 11:54:00,166.4,D_FAM_8,,0,2.4793479e-05,False,
T002707,A0185,2026-01-13 18:31:00,182.26,D_A0185,,0,2.476968e-05,False,
T011252,A0260,2026-02-23 11:39:00,125.3,D_A0260,,0,2.4768004e-05,False,
T010911,A0096,2026-02-21 15:03:00,173.86,D_A0096,,0,2.4753528e-05,False,
T006421,A0375,2026-01-31 15:18:00,174.05,D_A0375,,0,2.4753528e-05,False,
T002477,A0266,2026-01-12 16:45:00,160.41,D_A0266,,0,2.4736279e-05,False,
T010432,A0376,2026-02-19 12:57:00,135.68,D_A0376,,0,2.4734743e-05,False,
T000175,A0151,2026-01-01 19:37:00,135.83,D_A0151,,0,2.4729201e-05,False,
T000305,A0151,2026-01-02 13:40:00,138.28,D_A0151,,0,2.4729201e-05,False,
T001636,A0140,2026-01-08 16:49:00,412.86,D_A0140,,0,2.4717578e-05,False,
T010515,A0285,2026-02-19 17:23:00,285.94,D_A0285,,0,2.4717578e-05,False,
T001978,A0068,2026-01-10 13:37:00,312.62,D_A0068,,0,2.4717578e-05,False,
T009913,A0412,2026-02-16 20:08:00,198.68,D_A0412,,0,2.4717365e-05,False,
T009927,A0438,2026-02-16 23:31:00,192.81,D_A0438,,0,2.4712886e-05,False,
T003222,A0361,2026-01-16 10:43:00,141.06,D_A0361,,0,2.4683986e-05,False,
T003668,A0220,2026-01-18 09:54:00,44.45,D_A0220,,0,2.4675255e-05,False,
T006767,A0040,2026-02-02 09:25:00,90.06,D_A0040,,0,2.4675255e-05,False,
T008899,A0033,2026-02-12 09:42:00,85.14,D_A0033,,0,2.4675255e-05,False,
T000245,A0056,2026-01-02 10:58:00,47.4,D_A0056,,0,2.4641206e-05,False,
T000176,A0181,2026-01-01 19:39:00,151.92,D_A0181,,0,2.4638362e-05,False,
T001835,A0205,2026-01-09 17:07:00,118.75,D_A0205,,0,2.463007e-05,False,
T010891,A0434,2026-02-21 13:46:00,129.96,D_A0434,,0,2.4623587e-05,False,
T003220,A0223,2026-01-16 10:27:00,74.33,D_A0223,,0,2.4614268e-05,False,
T003215,A0304,2026-01-16 10:18:00,33.55,D_A0304,,0,2.4614268e-05,False,
T010832,A0074,2026-02-21 10:46:00,38.74,D_A0074,,0,2.4614268e-05,False,
T004881,A0241,2026-01-24 10:30:00,32.31,D_A0241,,0,2.4614268e-05,False,
T009113,A0343,2026-02-13 10:16:00,16.28,D_A0343,,0,2.4614268e-05,False,
T004924,A0019,2026-01-24 12:58:00,141.5,D_A0019,,0,2.4576831e-05,False,
T009501,A0448,2026-02-14 22:47:00,139.73,D_A0448,,0,2.4574278e-05,False,
T000096,A0074,2026-01-01 13:37:00,129.67,D_A0074,,0,2.4567973e-05,False,
T011217,A0021,2026-02-23 09:02:00,66.63,D_A0021,,0,2.456207e-05,False,
T007393,A0248,2026-02-05 09:24:00,69.82,D_A0248,,0,2.456207e-05,False,
T008725,A0120,2026-02-11 10:58:00,12.45,D_A0120,,0,2.4545912e-05,False,
T002993,A0084,2026-01-15 10:34:00,5.72,D_A0084,,0,2.4545912e-05,False,
T005728,A0282,2026-01-28 10:38:00,32.71,D_A0282,,0,2.4545912e-05,False,
T005502,A0450,2026-01-27 10:33:00,15.86,D_A0450,,0,2.4545912e-05,False,
T001306,A0375,2026-01-07 10:40:00,70.56,D_A0375,,0,2.4545912e-05,False,
T004462,A0399,2026-01-22 10:53:00,40.96,D_A0399,,0,2.4545912e-05,False,
T000665,A0378,2026-01-04 10:11:00,31.51,D_A0378,,0,2.4545912e-05,False,
T004271,A0084,2026-01-21 10:58:00,7.29,D_A0084,,0,2.4545912e-05,False,
T005291,A0118,2026-01-26 10:54:00,86.0,D_A0118,,0,2.4545912e-05,False,
T004878,A0426,2026-01-24 10:24:00,58.83,D_A0426,,0,2.4545912e-05,False,
T010525,A0332,2026-02-19 18:27:00,66.76,D_A0332,PAYEE_A0332,0,2.4540037e-05,False,
T012188,A0400,2026-02-28 10:58:00,96.42,D_A0400,,0,2.4530607e-05,False,
T004382,A0110,2026-01-21 17:16:00,201.61,D_FAM_11,,0,2.4525836e-05,False,
T006541,A0254,2026-02-01 09:30:00,78.94,D_A0254,,0,2.4521814e-05,False,
T009712,A0097,2026-02-16 07:18:00,34.79,D_FAM_1,,0,2.4495099e-05,False,
T008686,A0097,2026-02-11 07:40:00,35.07,D_FAM_1,,0,2.4495099e-05,False,
T001807,R000,2026-01-09 15:30:00,174.12,D_R000,,0,2.4490919e-05,False,
T011856,A0280,2026-02-26 13:30:00,197.72,D_A0280,,0,2.4475674e-05,False,
T010567,A0177,2026-02-20 08:00:00,112.44,D_A0177,,0,2.4459316e-05,False,
T003350,A0268,2026-01-16 17:30:00,162.97,D_A0268,,0,2.4446817e-05,False,
T011560,A0236,2026-02-24 19:36:00,155.64,D_A0236,,0,2.4446817e-05,False,
T009947,A0329,2026-02-17 08:08:00,79.0,D_A0329,,0,2.444677e-05,False,
T007229,A0403,2026-02-04 11:12:00,110.25,D_A0403,,0,2.4441058e-05,False,
T001324,A0174,2026-01-07 11:28:00,119.12,D_A0174,,0,2.4441058e-05,False,
T006985,A0127,2026-02-03 09:15:00,126.1,D_A0127,,0,2.4436957e-05,False,
T005283,A0066,2026-01-26 10:37:00,103.48,D_A0066,,0,2.4433904e-05,False,
T001511,A0195,2026-01-08 10:33:00,13.74,D_FAM_11,,0,2.4422046e-05,False,
T000307,A0135,2026-01-02 13:44:00,519.86,D_A0135,,0,2.441464e-05,False,
T012527,A0194,2026-03-01 17:50:00,174.41,D_FAM_2,,0,2.4410845e-05,False,
T000402,A0268,2026-01-02 23:10:00,85.66,D_A0268,PAYEE_A0268,0,2.4403724e-05,False,
T009406,A0361,2026-02-14 14:28:00,92.98,D_A0361,PAYEE_A0361,0,2.4403724e-05,False,
T008379,A0264,2026-02-09 15:04:00,145.05,D_A0264,,0,2.440121e-05,False,
T004276,A0191,2026-01-21 11:28:00,77.99,D_A0191,,0,2.4381648e-05,False,
T004175,A0492,2026-01-20 16:10:00,203.1,D_A0492,,0,2.4367771e-05,False,
T002961,A0494,2026-01-15 08:17:00,116.62,D_A0494,,0,2.4366052e-05,False,
T002968,A0271,2026-01-15 08:40:00,102.56,D_A0271,,0,2.4359546e-05,False,
T012379,A0226,2026-03-01 09:21:00,33.11,D_A0226,,0,2.435525e-05,False,
T002762,A0357,2026-01-14 09:52:00,55.24,D_A0357,,0,2.435525e-05,False,
T006106,A0454,2026-01-30 09:22:00,24.35,D_A0454,,0,2.435525e-05,False,
T008281,A0408,2026-02-09 09:06:00,33.72,D_A0408,,0,2.435525e-05,False,
T000865,A0042,2026-01-05 09:22:00,95.38,D_A0042,,0,2.435525e-05,False,
T009702,A0089,2026-02-15 22:53:00,170.33,D_A0089,,0,2.4352972e-05,False,
T002340,A0143,2026-01-12 09:53:00,9.66,D_A0143,,0,2.4287614e-05,False,
T010807,A0099,2026-02-21 09:07:00,29.55,D_A0099,,0,2.4287614e-05,False,
T008059,A0209,2026-02-08 09:17:00,13.14,D_A0209,,0,2.4287614e-05,False,
T009739,A0384,2026-02-16 09:53:00,21.86,D_A0384,,0,2.4287614e-05,False,
T007397,A0415,2026-02-05 09:34:00,23.27,D_A0415,,0,2.4287614e-05,False,
T008492,A0283,2026-02-10 09:22:00,5.1,D_A0283,,0,2.4287614e-05,False,
T009735,A0002,2026-02-16 09:08:00,26.77,D_A0002,,0,2.4287614e-05,False,
T005275,A0430,2026-01-26 09:56:00,22.17,D_A0430,,0,2.4287614e-05,False,
T008058,A0115,2026-02-08 09:14:00,48.23,D_A0115,,0,2.4287614e-05,False,
T007635,A0046,2026-02-06 09:57:00,21.37,D_A0046,,0,2.4287614e-05,False,
T007727,A0111,2026-02-06 14:39:00,241.67,D_A0111,,0,2.4287197e-05,False,
T006226,A0111,2026-01-30 15:41:00,248.3,D_A0111,,0,2.4287197e-05,False,
T003347,A0193,2026-01-16 17:25:00,202.4,D_A0193,,0,2.4274856e-05,False,
T010484,A0120,2026-02-19 15:40:00,121.17,D_A0120,,0,2.4273606e-05,False,
T000722,A0429,2026-01-04 13:25:00,277.11,D_A0429,,0,2.4258217e-05,False,
T001518,A0021,2026-01-08 10:56:00,61.39,D_A0021,,0,2.42541e-05,False,
T007874,A0336,2026-02-07 11:17:00,161.56,D_A0336,,0,2.424531e-05,False,
T002094,R007,2026-01-11 07:57:00,107.61,D_R007,,0,2.424256e-05,False,
T007098,A0269,2026-02-03 15:52:00,146.23,D_A0269,,0,2.424226e-05,False,
T008043,A0254,2026-02-08 07:42:00,27.06,D_A0254,,0,2.4229179e-05,False,
T010235,A0033,2026-02-18 12:42:00,132.18,D_A0033,,0,2.4208945e-05,False,
T008806,A0289,2026-02-11 15:30:00,106.65,D_A0289,,0,2.4206198e-05,False,
T009307,A0316,2026-02-14 07:51:00,46.73,D_FAM_14,,0,2.4204766e-05,False,
T010879,A0132,2026-02-21 13:23:00,204.84,D_A0132,,0,2.4195097e-05,False,
T009967,A0396,2026-02-17 10:32:00,37.1,D_FAM_3,,0,2.4194589e-05,False,
T007731,A0375,2026-02-06 14:52:00,160.45,D_A0375,,0,2.4188084e-05,False,
T009482,A0383,2026-02-14 18:58:00,137.67,D_A0383,,0,2.4181165e-05,False,
T005039,A0058,2026-01-25 07:15:00,16.64,D_A0058,,0,2.4161895e-05,False,
T004427,A0010,2026-01-22 07:18:00,6.49,D_A0010,,0,2.4161895e-05,False,
T005244,A0276,2026-01-26 07:00:00,22.91,D_A0276,,0,2.4161895e-05,False,
T011381,A0467,2026-02-24 07:11:00,11.06,D_A0467,,0,2.4161895e-05,False,
T011575,A0085,2026-02-25 07:06:00,58.16,D_A0085,,0,2.4161895e-05,False,
T009941,A0058,2026-02-17 07:42:00,17.66,D_A0058,,0,2.4161895e-05,False,
T005884,A0112,2026-01-29 07:37:00,18.94,D_A0112,,0,2.4161895e-05,False,
T009290,A0471,2026-02-14 07:05:00,35.34,D_A0471,,0,2.4161895e-05,False,
T003644,A0011,2026-01-18 07:23:00,26.58,D_A0011,,0,2.4161895e-05,False,
T008685,A0147,2026-02-11 07:39:00,88.07,D_A0147,,0,2.4161895e-05,False,
T004043,A0072,2026-01-20 07:08:00,3.52,D_A0072,,0,2.4161895e-05,False,
T004048,A0271,2026-01-20 07:26:00,23.85,D_A0271,,0,2.4161895e-05,False,
T007240,A0045,2026-02-04 12:08:00,119.45,D_A0045,,0,2.4142662e-05,False,
T011023,A0262,2026-02-22 10:11:00,199.16,D_A0262,,0,2.4137827e-05,False,
T002346,A0312,2026-01-12 10:17:00,139.33,D_A0312,,0,2.4131128e-05,False,
T000247,A0473,2026-01-02 11:00:00,21.45,D_A0473,,0,2.4122362e-05,False,
T007430,A0042,2026-02-05 12:03:00,74.5,D_A0042,PAYEE_A0042,0,2.412204e-05,False,
T010826,A0480,2026-02-21 10:28:00,106.93,D_A0480,,0,2.4104082e-05,False,
T011111,A0223,2026-02-22 14:20:00,112.22,D_A0223,,0,2.4084227e-05,False,
T005974,A0324,2026-01-29 13:46:00,120.86,D_A0324,,0,2.4084227e-05,False,
T004772,A0324,2026-01-23 15:21:00,111.46,D_A0324,,0,2.4084227e-05,False,
T005123,A0410,2026-01-25 13:05:00,117.13,D_A0410,,0,2.4084227e-05,False,
T001969,A0144,2026-01-10 13:21:00,181.31,D_A0144,,0,2.4075618e-05,False,
T002071,A0396,2026-01-10 19:40:00,123.9,D_FAM_3,,0,2.4047898e-05,False,
T002154,A0282,2026-01-11 12:16:00,166.88,D_A0282,,0,2.403891e-05,False,
T011995,A0462,2026-02-27 09:32:00,80.6,D_A0462,,0,2.4017736e-05,False,
T000436,A0151,2026-01-03 09:55:00,77.71,D_A0151,,0,2.4017736e-05,False,
T009961,A0220,2026-02-17 09:58:00,58.65,D_A0220,,0,2.4017736e-05,False,
T010007,A0095,2026-02-17 12:40:00,146.98,D_A0095,,0,2.399672e-05,False,
T008353,A0229,2026-02-09 13:28:00,153.36,D_A0229,,0,2.3988368e-05,False,
T004877,A0462,2026-01-24 10:24:00,21.2,D_A0462,,0,2.3986971e-05,False,
T004453,A0257,2026-01-22 10:17:00,25.57,D_A0257,,0,2.3986971e-05,False,
T003452,A0018,2026-01-17 10:31:00,89.36,D_A0018,,0,2.3986971e-05,False,
T007215,A0239,2026-02-04 10:05:00,25.64,D_A0239,,0,2.3986971e-05,False,
T008506,A0445,2026-02-10 10:31:00,45.97,D_A0445,,0,2.3986971e-05,False,
T000877,A0462,2026-01-05 10:05:00,20.09,D_A0462,,0,2.3986971e-05,False,
T008301,A0423,2026-02-09 10:42:00,16.82,D_A0423,,0,2.3986971e-05,False,
T008510,A0220,2026-02-10 10:41:00,43.35,D_A0220,,0,2.3986971e-05,False,
T003449,A0288,2026-01-17 10:17:00,31.75,D_A0288,,0,2.3986971e-05,False,
T006127,A0008,2026-01-30 10:58:00,32.37,D_A0008,,0,2.3986971e-05,False,
T000885,A0162,2026-01-05 10:37:00,64.77,D_A0162,,0,2.3986971e-05,False,
T001505,A0327,2026-01-08 10:07:00,45.66,D_A0327,,0,2.3986971e-05,False,
T008073,A0201,2026-02-08 10:22:00,16.06,D_A0201,,0,2.3986971e-05,False,
T002998,A0400,2026-01-15 10:55:00,48.18,D_A0400,,0,2.3986971e-05,False,
T010822,A0389,2026-02-21 10:13:00,38.66,D_A0389,,0,2.3986971e-05,False,
T004669,A0276,2026-01-23 07:37:00,29.64,D_A0276,,0,2.3985325e-05,False,
T002989,A0432,2026-01-15 10:20:00,39.65,D_FAM_14,,0,2.3972223e-05,False,
T004571,A0245,2026-01-22 15:33:00,121.4,D_A0245,,0,2.3945606e-05,False,
T001876,R006,2026-01-09 21:29:00,188.62,D_R006,,0,2.3921135e-05,False,
T000237,A0134,2026-01-02 10:28:00,75.95,D_A0134,,0,2.3917988e-05,False,
T007054,A0342,2026-02-03 13:18:00,168.45,D_A0342,,0,2.3907203e-05,False,
T000228,A0244,2026-01-02 10:12:00,70.69,D_A0244,,0,2.3852615e-05,False,
T009529,A0429,2026-02-15 09:04:00,160.2,D_A0429,,0,2.3847657e-05,False,
T005150,A0114,2026-01-25 14:54:00,143.04,D_A0114,,0,2.3829176e-05,False,
T005603,A0094,2026-01-27 15:40:00,81.81,D_A0094,,0,2.382704e-05,False,
T012391,A0447,2026-03-01 10:24:00,63.64,D_A0447,,0,2.3826538e-05,False,
T008297,A0084,2026-02-09 10:21:00,23.81,D_A0084,,0,2.3826538e-05,False,
T004456,A0475,2026-01-22 10:29:00,54.96,D_A0475,,0,2.3826538e-05,False,
T002351,A0296,2026-01-12 10:34:00,72.78,D_A0296,,0,2.3826538e-05,False,
T003879,A0296,2026-01-19 10:09:00,53.14,D_A0296,,0,2.3826538e-05,False,
T006548,A0029,2026-02-01 10:05:00,30.87,D_A0029,,0,2.3826538e-05,False,
T010830,A0460,2026-02-21 10:42:00,35.06,D_A0460,,0,2.3826538e-05,False,
T005286,A0416,2026-01-26 10:40:00,52.39,D_A0416,,0,2.3826538e-05,False,
T005674,A0147,2026-01-27 19:44:00,195.05,D_A0147,,0,2.381618e-05,False,
T002684,A0288,2026-01-13 17:00:00,145.57,D_A0288,,0,2.3805893e-05,False,
T010462,A0119,2026-02-19 14:28:00,249.76,D_A0119,,0,2.3781615e-05,False,
T011027,A0449,2026-02-22 10:32:00,135.72,D_FAM_0,,0,2.375523e-05,False,
T006452,A0075,2026-01-31 16:58:00,218.69,D_A0075,,0,2.3754686e-05,False,
T005126,A0263,2026-01-25 13:27:00,192.56,D_A0263,,0,2.3751605e-05,False,
T005985,A0059,2026-01-29 14:25:00,171.66,D_A0059,,0,2.3736095e-05,False,
T001489,A0366,2026-01-08 08:28:00,70.0,D_FAM_5,,0,2.372874e-05,False,
T007679,A0157,2026-02-06 12:23:00,148.69,D_A0157,,0,2.3726387e-05,False,
T008380,A0104,2026-02-09 15:07:00,173.2,D_A0104,,0,2.3704042e-05,False,
T004385,A0346,2026-01-21 17:27:00,144.51,D_A0346,,0,2.3703295e-05,False,
T010548,A0104,2026-02-19 20:51:00,148.47,D_A0104,,0,2.369916e-05,False,
T000674,A0466,2026-01-04 11:29:00,47.99,D_A0466,,0,2.3678715e-05,False,
T005942,A0228,2026-01-29 12:16:00,144.38,D_A0228,,0,2.3664628e-05,False,
T004314,A0450,2026-01-21 13:37:00,73.42,D_A0450,,0,2.3654902e-05,False,
T000060,A0041,2026-01-01 11:50:00,95.83,D_FAM_6,,0,2.3637855e-05,False,
T006917,A0346,2026-02-02 18:19:00,139.72,D_A0346,,0,2.363747e-05,False,
T009094,A0278,2026-02-13 07:42:00,119.05,D_A0278,,0,2.3623614e-05,False,
T001338,A0090,2026-01-07 12:21:00,152.98,D_A0090,,0,2.3602332e-05,False,
T008954,A0459,2026-02-12 12:20:00,132.36,D_A0459,,0,2.3588178e-05,False,
T006493,A0168,2026-01-31 19:36:00,220.46,D_A0168,,0,2.3581857e-05,False,
T009321,A0292,2026-02-14 09:34:00,32.66,D_A0292,,0,2.3575809e-05,False,
T006544,A0364,2026-02-01 09:53:00,58.87,D_A0364,,0,2.3575809e-05,False,
T012171,A0226,2026-02-28 09:45:00,31.62,D_A0226,,0,2.3575809e-05,False,
T005267,A0170,2026-01-26 09:18:00,55.47,D_A0170,,0,2.3575809e-05,False,
T006317,A0101,2026-01-31 09:22:00,82.85,D_A0101,,0,2.3575809e-05,False,
T006460,A0409,2026-01-31 17:19:00,150.5,D_A0409,,0,2.3575247e-05,False,
T001530,A0165,2026-01-08 11:28:00,74.82,D_A0165,PAYEE_A0165,0,2.3572056e-05,False,
T005439,A0419,2026-01-26 18:29:00,132.57,D_A0419,,0,2.3561111e-05,False,
T009357,A0126,2026-02-14 12:02:00,363.52,D_A0126,,0,2.3554932e-05,False,
T008097,A0243,2026-02-08 12:05:00,235.59,D_A0243,,0,2.354386e-05,False,
T004694,A0345,2026-01-23 10:33:00,79.5,D_A0345,,0,2.3539684e-05,False,
T006581,A0026,2026-02-01 12:21:00,141.99,D_A0026,,0,2.3529024e-05,False,
T000657,A0092,2026-01-04 09:39:00,127.94,D_A0092,,0,2.3525254e-05,False,
T004000,A0354,2026-01-19 15:59:00,109.14,D_A0354,,0,2.349678e-05,False,
T004004,A0478,2026-01-19 16:10:00,120.57,D_A0478,,0,2.349678e-05,False,
T006033,A0108,2026-01-29 17:25:00,129.52,D_A0108,,0,2.3496197e-05,False,
T000080,A0211,2026-01-01 12:46:00,107.9,D_A0211,,0,2.3488827e-05,False,
T000829,A0298,2026-01-04 22:08:00,404.55,D_A0298,,0,2.3484772e-05,False,
T011756,A0124,2026-02-25 19:53:00,155.75,D_A0124,,0,2.3479197e-05,False,
T008977,A0375,2026-02-12 13:33:00,153.67,D_A0375,,0,2.3479197e-05,False,
T005410,A0074,2026-01-26 16:25:00,166.31,D_A0074,,0,2.3479197e-05,False,
T005413,A0250,2026-01-26 16:37:00,151.43,D_A0250,,0,2.3479197e-05,False,
T009884,A0074,2026-02-16 17:29:00,154.43,D_A0074,,0,2.3479197e-05,False,
T010538,A0363,2026-02-19 19:07:00,67.3,D_A0363,PAYEE_A0363,0,2.3472949e-05,False,
T007174,A0445,2026-02-03 21:39:00,70.8,D_A0445,PAYEE_A0445,0,2.3472949e-05,False,
T010565,A0189,2026-02-20 07:57:00,52.95,D_A0189,,0,2.3453773e-05,False,
T008675,A0261,2026-02-11 07:01:00,53.78,D_A0261,,0,2.3453773e-05,False,
T011240,A0193,2026-02-23 11:06:00,165.77,D_A0193,,0,2.3442592e-05,False,
T010847,A0059,2026-02-21 11:29:00,141.9,D_A0059,,0,2.3421475e-05,False,
T011797,A0379,2026-02-26 09:11:00,106.9,D_A0379,,0,2.341732e-05,False,
T008883,A0058,2026-02-12 08:17:00,109.48,D_A0058,,0,2.3413904e-05,False,
T000690,A0009,2026-01-04 12:21:00,100.23,D_A0009,,0,2.3412498e-05,False,
T000740,A0424,2026-01-04 14:21:00,73.73,D_A0424,,0,2.3404618e-05,False,
T004557,A0183,2026-01-22 15:06:00,84.74,D_A0183,,0,2.3385632e-05,False,
T011001,A0401,2026-02-22 07:46:00,123.49,D_A0401,,0,2.3379811e-05,False,
T011775,A0220,2026-02-26 07:03:00,80.05,D_A0220,,0,2.334619e-05,False,
T001785,A0491,2026-01-09 14:18:00,56.47,D_FAM_2,,0,2.3341849e-05,False,
T005665,A0295,2026-01-27 18:55:00,294.86,D_A0295,,0,2.3334862e-05,False,
T003238,A0400,2026-01-16 11:54:00,118.97,D_A0400,,0,2.3319668e-05,False,
T005303,A0431,2026-01-26 11:21:00,42.06,D_FAM_11,,0,2.3306971e-05,False,
T008514,A0477,2026-02-10 11:09:00,127.51,D_A0477,,0,2.3305127e-05,False,
T005351,A0435,2026-01-26 13:26:00,125.68,D_A0435,,0,2.3249677e-05,False,
T011555,A0242,2026-02-24 19:10:00,182.1,D_A0242,,0,2.3249077e-05,False,
T000252,A0430,2026-01-02 11:08:00,141.11,D_A0430,,0,2.3234516e-05,False,
T010329,A0320,2026-02-18 18:31:00,152.3,D_A0320,,0,2.3230017e-05,False,
T008824,A0411,2026-02-11 16:36:00,214.01,D_A0411,,0,2.3228245e-05,False,
T000284,A0474,2026-01-02 12:51:00,164.89,D_A0474,,0,2.3226718e-05,False,
T000605,A0100,2026-01-03 19:49:00,132.14,D_A0100,,0,2.3213275e-05,False,
T008724,A0197,2026-02-11 10:57:00,37.27,D_A0197,,0,2.3206747e-05,False,
T001922,A0094,2026-01-10 10:39:00,11.41,D_A0094,,0,2.3206747e-05,False,
T011431,A0197,2026-02-24 10:57:00,42.78,D_A0197,,0,2.3206747e-05,False,
T008710,A0094,2026-02-11 10:03:00,17.77,D_A0094,,0,2.3206747e-05,False,
T007410,A0117,2026-02-05 10:41:00,49.73,D_A0117,,0,2.3206747e-05,False,
T003455,A0088,2026-01-17 10:37:00,41.24,D_A0088,,0,2.3206747e-05,False,
T009117,A0318,2026-02-13 10:38:00,20.13,D_A0318,,0,2.3206747e-05,False,
T002566,R002,2026-01-13 10:30:00,49.21,D_R002,,0,2.3206747e-05,False,
T008718,A0356,2026-02-11 10:33:00,21.53,D_A0356,,0,2.3206747e-05,False,
T006551,A0407,2026-02-01 10:35:00,43.36,D_A0407,,0,2.3206747e-05,False,
T008070,A0349,2026-02-08 10:20:00,56.26,D_A0349,,0,2.3206747e-05,False,
T007638,A0241,2026-02-06 10:04:00,42.03,D_A0241,,0,2.3191635e-05,False,
T003454,A0079,2026-01-17 10:37:00,76.0,D_A0079,,0,2.3191635e-05,False,
T005320,A0072,2026-01-26 12:01:00,106.48,D_A0072,,0,2.3132063e-05,False,
T009758,A0141,2026-02-16 10:51:00,26.88,D_FAM_2,,0,2.311656e-05,False,
T006904,A0094,2026-02-02 16:58:00,82.75,D_A0094,,0,2.310997e-05,False,
T009669,A0094,2026-02-15 17:51:00,83.69,D_A0094,,0,2.310997e-05,False,
T007881,A0145,2026-02-07 11:48:00,112.04,D_A0145,,0,2.3107017e-05,False,
T001091,A0463,2026-01-06 11:06:00,104.77,D_A0463,,0,2.310252e-05,False,
T007669,A0333,2026-02-06 11:54:00,136.58,D_FAM_9,,0,2.309576e-05,False,
T002087,A0274,2026-01-11 07:23:00,49.7,D_A0274,,0,2.3073964e-05,False,
T000082,A0391,2026-01-01 12:54:00,114.4,D_A0391,,0,2.3062767e-05,False,
T001473,A0120,2026-01-07 22:47:00,113.03,D_A0120,,0,2.3049948e-05,False,
T011471,A0452,2026-02-24 13:28:00,167.1,D_A0452,,0,2.304942e-05,False,
T001358,A0041,2026-01-07 13:04:00,111.6,D_FAM_6,,0,2.3034521e-05,False,
T008990,A0130,2026-02-12 14:21:00,132.74,D_A0130,,0,2.3032808e-05,False,
T010658,A0263,2026-02-20 12:54:00,218.68,D_A0263,,0,2.3027536e-05,False,
T009866,A0430,2026-02-16 16:22:00,144.17,D_A0430,,0,2.3003635e-05,False,
T000280,A0333,2026-01-02 12:45:00,149.11,D_FAM_9,,0,2.3003502e-05,False,
T000474,A0381,2026-01-03 12:02:00,294.95,D_A0381,,0,2.2979757e-05,False,
T000181,A0089,2026-01-01 19:55:00,127.12,D_A0089,,0,2.2976075e-05,False,
T012382,A0174,2026-03-01 09:51:00,57.53,D_A0174,,0,2.2947586e-05,False,
T004451,A0125,2026-01-22 10:13:00,18.45,D_A0125,,0,2.2918193e-05,False,
T002123,A0000,2026-01-11 10:33:00,43.34,D_A0000,,0,2.2918193e-05,False,
T005727,A0246,2026-01-28 10:35:00,13.85,D_A0246,,0,2.2918193e-05,False,
T003003,A0203,2026-01-15 11:06:00,62.4,D_A0203,,0,2.291629e-05,False,
T003518,A0068,2026-01-17 13:58:00,248.31,D_A0068,,0,2.2898925e-05,False,
T012096,A0417,2026-02-27 17:19:00,261.15,D_A0417,,0,2.2898925e-05,False,
T002059,A0068,2026-01-10 18:15:00,260.1,D_A0068,,0,2.2898925e-05,False,
T010571,A0277,2026-02-20 08:08:00,118.7,D_A0277,,0,2.2895016e-05,False,
T008331,A0185,2026-02-09 12:43:00,163.19,D_A0185,,0,2.2894734e-05,False,
T004290,A0185,2026-01-21 12:13:00,154.97,D_A0185,,0,2.2894734e-05,False,
T009657,A0228,2026-02-15 16:57:00,132.08,D_A0228,,0,2.2887223e-05,False,
T001461,A0114,2026-01-07 20:08:00,128.79,D_A0114,,0,2.2887223e-05,False,
T005474,A0163,2026-01-27 07:45:00,23.74,D_FAM_5,,0,2.288467e-05,False,
T000503,A0275,2026-01-03 14:05:00,135.77,D_FAM_5,,0,2.2879061e-05,False,
T000483,A0377,2026-01-03 12:35:00,65.14,D_A0377,,0,2.2872407e-05,False,
T005711,A0110,2026-01-28 09:15:00,111.51,D_FAM_11,,0,2.2856795e-05,False,
T007471,A0096,2026-02-05 13:44:00,151.75,D_A0096,,0,2.2853548e-05,False,
T002563,A0432,2026-01-13 10:27:00,36.53,D_A0432,,0,2.2852282e-05,False,
T010161,A0136,2026-02-18 07:22:00,58.39,D_FAM_0,,0,2.2849843e-05,False,
T005014,A0468,2026-01-24 19:27:00,92.99,D_A0468,PAYEE_A0468,0,2.2846685e-05,False,
T010521,A0479,2026-02-19 17:45:00,82.41,D_A0479,PAYEE_A0479,0,2.2846685e-05,False,
T012472,A0409,2026-03-01 14:54:00,87.82,D_A0409,PAYEE_A0409,0,2.2846685e-05,False,
T002390,A0029,2026-01-12 13:04:00,96.39,D_A0029,,0,2.284616e-05,False,
T004941,A0458,2026-01-24 14:01:00,56.93,D_A0458,,0,2.284616e-05,False,
T001516,A0286,2026-01-08 10:42:00,52.82,D_FAM_10,,0,2.2836271e-05,False,
T008411,A0254,2026-02-09 16:26:00,27.43,D_A0254,PAYEE_A0254,0,2.2831371e-05,False,
T009935,A0151,2026-02-17 07:22:00,91.74,D_A0151,,0,2.2828803e-05,False,
T007385,A0277,2026-02-05 07:39:00,100.89,D_A0277,,0,2.2828803e-05,False,
T004422,A0419,2026-01-22 07:07:00,65.57,D_A0419,,0,2.2828803e-05,False,
T000906,A0090,2026-01-05 12:04:00,146.65,D_A0090,,0,2.2820923e-05,False,
T001117,A0176,2026-01-06 12:37:00,76.81,D_A0176,,0,2.2811677e-05,False,
T011773,A0190,2026-02-26 07:00:00,56.58,D_FAM_13,,0,2.2805803e-05,False,
T004760,A0236,2026-01-23 14:49:00,142.05,D_A0236,,0,2.2794737e-05,False,
T006666,A0026,2026-02-01 16:56:00,141.12,D_A0026,,0,2.2794737e-05,False,
T001895,A0451,2026-01-10 07:59:00,4.6,D_FAM_12,,0,2.2771097e-05,False,
T006968,A0303,2026-02-03 07:28:00,13.58,D_FAM_4,,0,2.2771097e-05,False,
T007447,A0249,2026-02-05 12:42:00,76.76,D_A0249,,0,2.271685e-05,False,
T001650,A0275,2026-01-08 17:29:00,136.65,D_FAM_5,,0,2.2701191e-05,False,
T001580,A0219,2026-01-08 13:40:00,74.51,D_A0219,,0,2.2699569e-05,False,
T005233,A0214,2026-01-25 21:39:00,59.95,D_A0214,,0,2.2690781e-05,False,
T004603,A0161,2026-01-22 17:03:00,124.76,D_A0161,,0,2.2676677e-05,False,
T007942,A0098,2026-02-07 15:09:00,51.6,D_A0098,,0,2.26556e-05,False,
T004522,A0133,2026-01-22 13:40:00,60.17,D_A0133,PAYEE_A0133,0,2.2632841e-05,False,
T004165,A0403,2026-01-20 15:36:00,63.18,D_A0403,PAYEE_A0403,0,2.2632841e-05,False,
T003724,A0260,2026-01-18 13:11:00,138.95,D_A0260,,0,2.2624554e-05,False,
T005172,A0477,2026-01-25 16:24:00,133.62,D_A0477,,0,2.2624554e-05,False,
T010334,A0013,2026-02-18 19:19:00,154.4,D_A0013,,0,2.2611095e-05,False,
T004819,A0337,2026-01-23 20:12:00,205.82,D_A0337,,0,2.258629e-05,False,
T006268,A0258,2026-01-30 19:37:00,177.27,D_A0258,,0,2.258349e-05,False,
T001235,A0263,2026-01-06 18:48:00,209.31,D_A0263,,0,2.256816e-05,False,
T000570,A0111,2026-01-03 17:06:00,186.77,D_A0111,,0,2.2554046e-05,False,
T007699,A0194,2026-02-06 13:20:00,154.26,D_FAM_2,,0,2.2537168e-05,False,
T006252,A0148,2026-01-30 17:15:00,189.88,D_A0148,,0,2.2532462e-05,False,
T008064,A0083,2026-02-08 09:58:00,141.56,D_A0083,,0,2.2526789e-05,False,
T001029,A0229,2026-01-05 19:44:00,161.7,D_A0229,,0,2.2519143e-05,False,
T001757,A0434,2026-01-09 13:01:00,39.55,D_A0434,PAYEE_A0434,0,2.2465754e-05,False,
T010194,A0423,2026-02-18 10:13:00,30.8,D_A0423,,0,2.2463613e-05,False,
T002127,A0005,2026-01-11 10:42:00,55.33,D_A0005,,0,2.2463613e-05,False,
T001089,A0072,2026-01-06 11:01:00,63.67,D_A0072,,0,2.2456928e-05,False,
T002263,A0307,2026-01-11 17:24:00,186.01,D_A0307,,0,2.2455666e-05,False,
T008841,A0444,2026-02-11 18:26:00,195.24,D_A0444,,0,2.245211e-05,False,
T000440,A0387,2026-01-03 10:10:00,78.89,D_A0387,,0,2.2450697e-05,False,
T000616,A0024,2026-01-03 23:20:00,104.68,D_A0024,,0,2.244036e-05,False,
T010569,A0298,2026-02-20 08:06:00,139.7,D_A0298,,0,2.243794e-05,False,
T000089,A0151,2026-01-01 13:15:00,115.02,D_A0151,,0,2.2436294e-05,False,
T009695,A0307,2026-02-15 21:09:00,146.45,D_A0307,,0,2.2436228e-05,False,
T005617,A0496,2026-01-27 15:58:00,139.57,D_A0496,,0,2.2436228e-05,False,
T002133,A0196,2026-01-11 11:00:00,125.18,D_A0196,,0,2.2429684e-05,False,
T011834,A0446,2026-02-26 12:34:00,258.27,D_A0446,,0,2.2417174e-05,False,
T010851,A0456,2026-02-21 11:39:00,77.01,D_A0456,,0,2.2408432e-05,False,
T002149,A0150,2026-01-11 11:59:00,37.06,D_A0150,,0,2.2408432e-05,False,
T004406,A0285,2026-01-21 18:58:00,256.55,D_A0285,,0,2.2391449e-05,False,
T007883,A0195,2026-02-07 11:53:00,23.37,D_FAM_11,,0,2.2384233e-05,False,
T002294,A0449,2026-01-11 20:42:00,354.82,D_FAM_0,,0,2.2380496e-05,False,
T006900,A0371,2026-02-02 16:47:00,265.92,D_A0371,,0,2.2373262e-05,False,
T007859,A0495,2026-02-07 10:18:00,129.69,D_A0495,,0,2.2371962e-05,False,
T004797,A0376,2026-01-23 17:19:00,126.9,D_A0376,,0,2.2366052e-05,False,
T008832,A0018,2026-02-11 17:28:00,154.55,D_A0018,,0,2.2363258e-05,False,
T007461,A0350,2026-02-05 13:18:00,160.01,D_A0350,,0,2.2363258e-05,False,
T001921,A0134,2026-01-10 10:23:00,72.84,D_A0134,,0,2.236102e-05,False,
T000850,A0341,2026-01-05 07:52:00,38.89,D_A0341,,0,2.233553e-05,False,
T002092,A0237,2026-01-11 07:54:00,73.36,D_A0237,,0,2.233553e-05,False,
T011321,A0491,2026-02-23 15:30:00,61.92,D_FAM_2,,0,2.2334676e-05,False,
T008478,A0446,2026-02-10 07:26:00,107.99,D_A0446,,0,2.232022e-05,False,
T006309,A0272,2026-01-31 08:45:00,12.79,D_A0272,,0,2.230024e-05,False,
T012184,A0315,2026-02-28 10:52:00,129.34,D_A0315,,0,2.229486e-05,False,
T004455,A0289,2026-01-22 10:25:00,77.97,D_A0289,,0,2.2275755e-05,False,
T000362,A0091,2026-01-02 17:12:00,272.61,D_A0091,,0,2.2217646e-05,False,
T006239,A0079,2026-01-30 16:23:00,100.37,D_A0079,PAYEE_A0079,0,2.2187452e-05,False,
T005626,A0018,2026-01-27 16:18:00,179.48,D_A0018,,0,2.2181444e-05,False,
T011343,A0238,2026-02-23 16:56:00,230.95,D_A0238,,0,2.2172984e-05,False,
T000020,A0381,2026-01-01 09:12:00,126.94,D_A0381,,0,2.2165563e-05,False,
T002849,A0424,2026-01-14 14:11:00,86.49,D_A0424,,0,2.2158969e-05,False,
T010332,A0413,2026-02-18 18:48:00,130.93,D_A0413,,0,2.2154763e-05,False,
T007747,A0228,2026-02-06 15:29:00,135.69,D_A0228,,0,2.2154763e-05,False,
T009135,A0487,2026-02-13 11:54:00,107.74,D_A0487,,0,2.215018e-05,False,
T008642,A0201,2026-02-10 18:08:00,85.72,D_A0201,,0,2.2099774e-05,False,
T000462,A0293,2026-01-03 11:24:00,59.64,D_A0293,,0,2.2089764e-05,False,
T004971,A0376,2026-01-24 15:40:00,147.11,D_A0376,,0,2.2077003e-05,False,
T007827,A0376,2026-02-06 23:43:00,144.85,D_A0376,,0,2.2077003e-05,False,
T001640,A0376,2026-01-08 17:10:00,141.51,D_A0376,,0,2.2077003e-05,False,
T009879,A0191,2026-02-16 17:04:00,96.5,D_A0191,,0,2.2074477e-05,False,
T000512,A0499,2026-01-03 14:26:00,107.8,D_A0499,,0,2.2055285e-05,False,
T005511,A0472,2026-01-27 10:56:00,169.98,D_A0472,,0,2.2051627e-05,False,
T004281,A0474,2026-01-21 11:52:00,237.21,D_A0474,,0,2.2047378e-05,False,
T008160,A0379,2026-02-08 15:08:00,53.4,D_A0379,PAYEE_A0379,0,2.2012651e-05,False,
T011080,A0124,2026-02-22 13:08:00,139.92,D_A0124,,0,2.199282e-05,False,
T009715,A0237,2026-02-16 07:27:00,22.77,D_FAM_3,,0,2.1991773e-05,False,
T011785,A0316,2026-02-26 07:35:00,31.97,D_FAM_14,,0,2.1991773e-05,False,
T010888,A0094,2026-02-21 13:38:00,77.9,D_A0094,,0,2.1985188e-05,False,
T007627,A0274,2026-02-06 09:22:00,61.29,D_A0274,,0,2.1983218e-05,False,
T004737,A0081,2026-01-23 13:39:00,70.51,D_A0081,PAYEE_A0081,0,2.1975295e-05,False,
T011150,A0081,2026-02-22 15:57:00,69.31,D_A0081,PAYEE_A0081,0,2.1975295e-05,False,
T010478,A0232,2026-02-19 15:18:00,71.62,D_A0232,PAYEE_A0232,0,2.1975295e-05,False,
T009468,A0220,2026-02-14 17:46:00,65.34,D_A0220,PAYEE_A0220,0,2.1975295e-05,False,
T002267,A0249,2026-01-11 17:29:00,49.11,D_A0249,,0,2.1973787e-05,False,
T010892,A0034,2026-02-21 13:56:00,65.07,D_FAM_10,,0,2.1970558e-05,False,
T012395,A0005,2026-03-01 10:48:00,55.67,D_A0005,,0,2.1965783e-05,False,
T008302,A0435,2026-02-09 10:47:00,34.46,D_A0435,,0,2.1965783e-05,False,
T007639,A0220,2026-02-06 10:07:00,28.76,D_A0220,,0,2.1965783e-05,False,
T001721,A0184,2026-01-09 10:58:00,30.18,D_A0184,,0,2.1965783e-05,False,
T000662,A0040,2026-01-04 10:01:00,31.47,D_A0040,,0,2.1965783e-05,False,
T010378,A0462,2026-02-19 10:08:00,34.26,D_A0462,,0,2.1965783e-05,False,
T004460,A0201,2026-01-22 10:52:00,14.56,D_A0201,,0,2.1965783e-05,False,
T007010,A0428,2026-02-03 10:57:00,37.62,D_A0428,,0,2.1965783e-05,False,
T010575,A0366,2026-02-20 08:26:00,29.1,D_FAM_5,,0,2.1957028e-05,False,
T005110,A0296,2026-01-25 12:39:00,132.79,D_A0296,,0,2.1918198e-05,False,
T009889,A0034,2026-02-16 18:00:00,71.02,D_FAM_10,,0,2.1912827e-05,False,
T009137,A0114,2026-02-13 11:55:00,121.32,D_A0114,,0,2.190447e-05,False,
T003591,A0406,2026-01-17 17:20:00,127.17,D_A0406,,0,2.1890604e-05,False,
T009763,A0013,2026-02-16 10:58:00,121.48,D_A0013,,0,2.1882464e-05,False,
T009015,A0449,2026-02-12 15:43:00,126.78,D_FAM_0,,0,2.1881879e-05,False,
T006333,A0064,2026-01-31 10:06:00,36.86,D_A0064,,0,2.1865462e-05,False,
T001513,A0211,2026-01-08 10:35:00,51.76,D_A0211,,0,2.1865462e-05,False,
T004083,A0336,2026-01-20 10:09:00,76.58,D_A0336,,0,2.1865462e-05,False,
T006124,A0365,2026-01-30 10:43:00,23.69,D_A0365,,0,2.1865462e-05,False,
T001738,A0062,2026-01-09 12:11:00,273.29,D_A0062,,0,2.1841433e-05,False,
T008538,A0010,2026-02-10 12:06:00,79.81,D_A0010,,0,2.183933e-05,False,
T000998,A0019,2026-01-05 16:53:00,120.39,D_A0019,,0,2.1837433e-05,False,
T005316,A0109,2026-01-26 11:48:00,44.94,D_FAM_13,,0,2.183304e-05,False,
T004036,A0089,2026-01-19 21:46:00,145.61,D_A0089,,0,2.1832104e-05,False,
T000634,A0026,2026-01-04 07:58:00,30.85,D_A0026,,0,2.1815538e-05,False,
T004350,A0010,2026-01-21 15:20:00,70.04,D_A0010,,0,2.1814269e-05,False,
T004330,A0094,2026-01-21 14:18:00,32.67,D_A0094,,0,2.1814269e-05,False,
T009448,A0308,2026-02-14 16:33:00,96.51,D_A0308,,0,2.1814269e-05,False,
T002664,A0308,2026-01-13 15:39:00,94.57,D_A0308,,0,2.1814269e-05,False,
T010326,A0225,2026-02-18 18:07:00,101.1,D_A0225,,0,2.1814269e-05,False,
T005878,A0017,2026-01-29 07:17:00,45.77,D_A0017,,0,2.1803058e-05,False,
T008870,A0066,2026-02-12 07:09:00,55.75,D_A0066,,0,2.1803058e-05,False,
T004844,A0199,2026-01-24 07:15:00,37.34,D_A0199,,0,2.1803058e-05,False,
T009300,A0472,2026-02-14 07:33:00,63.46,D_A0472,,0,2.1803058e-05,False,
T011208,A0117,2026-02-23 07:36:00,41.64,D_A0117,,0,2.1803058e-05,False,
T003642,A0168,2026-01-18 07:19:00,53.51,D_A0168,,0,2.1803058e-05,False,
T005916,A0052,2026-01-29 10:31:00,52.22,D_A0052,,0,2.1782089e-05,False,
T006530,A0276,2026-02-01 08:23:00,13.5,D_A0276,,0,2.1768612e-05,False,
T011980,A0362,2026-02-27 08:07:00,13.06,D_A0362,,0,2.1768612e-05,False,
T000688,A0166,2026-01-04 12:06:00,133.84,D_A0166,,0,2.176612e-05,False,
T000318,A0217,2026-01-02 14:29:00,347.23,D_A0217,,0,2.1746493e-05,False,
T000811,A0066,2026-01-04 18:15:00,131.75,D_A0066,,0,2.1741143e-05,False,
T000407,A0165,2026-01-03 07:09:00,37.16,D_A0165,,0,2.1740356e-05,False,
T001047,A0425,2026-01-06 07:01:00,39.49,D_A0425,,0,2.1740356e-05,False,
T000205,A0485,2026-01-02 07:42:00,76.81,D_A0485,,0,2.1740356e-05,False,
T007008,A0064,2026-02-03 10:55:00,98.31,D_A0064,,0,2.1737744e-05,False,
T009036,A0266,2026-02-12 17:21:00,131.38,D_A0266,,0,2.171692e-05,False,
T011043,A0135,2026-02-22 11:26:00,251.85,D_A0135,,0,2.169326e-05,False,
T011809,A0412,2026-02-26 10:25:00,105.15,D_A0412,,0,2.1689848e-05,False,
T000002,R003,2026-01-01 07:18:00,83.72,D_R003,,0,2.1680933e-05,False,
T000200,A0022,2026-01-02 07:21:00,20.64,D_A0022,,0,2.1680933e-05,False,
T001363,A0369,2026-01-07 13:15:00,128.38,D_A0369,,0,2.166378e-05,False,
T001862,A0228,2026-01-09 19:37:00,135.22,D_A0228,,0,2.166378e-05,False,
T001822,A0255,2026-01-09 16:22:00,132.05,D_A0255,,0,2.166378e-05,False,
T000734,A0360,2026-01-04 14:01:00,77.08,D_A0360,,0,2.165469e-05,False,
T003186,A0110,2026-01-16 08:28:00,56.78,D_A0110,,0,2.164668e-05,False,
T000224,A0156,2026-01-02 09:57:00,23.32,D_A0156,,0,2.1624746e-05,False,
T008505,A0007,2026-02-10 10:28:00,37.55,D_A0007,,0,2.1622911e-05,False,
T005648,A0146,2026-01-27 17:36:00,71.71,D_A0146,,0,2.159542e-05,False,
T008205,A0098,2026-02-08 16:50:00,45.61,D_A0098,,0,2.159542e-05,False,
T005447,A0131,2026-01-26 19:09:00,111.54,D_A0131,,0,2.1562864e-05,False,
T009542,A0484,2026-02-15 10:11:00,55.37,D_A0484,,0,2.1562864e-05,False,
T000351,A0245,2026-01-02 16:33:00,123.87,D_A0245,,0,2.155205e-05,False,
T005600,A0242,2026-01-27 15:23:00,169.48,D_A0242,,0,2.155088e-05,False,
T012081,A0231,2026-02-27 15:35:00,160.15,D_A0231,,0,2.1540174e-05,False,
T005750,A0136,2026-01-28 12:18:00,213.69,D_FAM_0,,0,2.154001e-05,False,
T008719,A0049,2026-02-11 10:39:00,91.92,D_FAM_8,,0,2.15327e-05,False,
T010133,A0090,2026-02-17 20:00:00,141.75,D_A0090,,0,2.1516707e-05,False,
T008996,A0412,2026-02-12 14:37:00,184.27,D_A0412,,0,2.1508606e-05,False,
T000712,A0211,2026-01-04 12:55:00,119.91,D_A0211,,0,2.1505322e-05,False,
T003793,A0424,2026-01-18 16:37:00,121.47,D_A0424,,0,2.1480644e-05,False,
T003805,A0128,2026-01-18 17:15:00,361.69,D_A0128,,0,2.1473108e-05,False,
T009660,A0401,2026-02-15 17:07:00,297.55,D_A0401,,0,2.1473108e-05,False,
T006832,A0106,2026-02-02 13:12:00,153.05,D_A0106,,0,2.146457e-05,False,
T012056,A0453,2026-02-27 14:26:00,156.21,D_A0453,,0,2.146457e-05,False,
T005654,A0166,2026-01-27 18:12:00,151.31,D_A0166,,0,2.146457e-05,False,
T009424,A0020,2026-02-14 14:56:00,150.51,D_A0020,,0,2.146457e-05,False,
T006788,A0209,2026-02-02 10:51:00,28.83,D_A0209,,0,2.1462707e-05,False,
T003903,A0408,2026-01-19 11:51:00,110.05,D_A0408,,0,2.1456404e-05,False,
T011063,A0283,2026-02-22 12:30:00,66.01,D_A0283,,0,2.1443191e-05,False,
T004716,A0283,2026-01-23 12:01:00,92.41,D_A0283,,0,2.1443191e-05,False,
T002891,A0494,2026-01-14 16:29:00,179.27,D_A0494,,0,2.143119e-05,False,
T004198,A0157,2026-01-20 17:10:00,176.92,D_A0157,,0,2.143119e-05,False,
T005535,A0346,2026-01-27 11:56:00,107.83,D_A0346,,0,2.1419033e-05,False,
T001848,A0283,2026-01-09 18:03:00,93.22,D_A0283,,0,2.1418582e-05,False,
T012109,A0283,2026-02-27 18:24:00,82.16,D_A0283,,0,2.1418582e-05,False,
T002829,A0338,2026-01-14 13:37:00,93.14,D_A0338,,0,2.1418582e-05,False,
T012485,A0214,2026-03-01 15:31:00,57.89,D_A0214,,0,2.1418582e-05,False,
T011876,A0283,2026-02-26 14:33:00,76.06,D_A0283,,0,2.1418582e-05,False,
T008416,A0169,2026-02-09 16:56:00,99.06,D_A0169,,0,2.1399432e-05,False,
T011898,A0352,2026-02-26 15:30:00,68.0,D_A0352,,0,2.1399432e-05,False,
T001825,A0179,2026-01-09 16:25:00,59.03,D_A0179,,0,2.138825e-05,False,
T003809,A0248,2026-01-18 17:37:00,66.05,D_A0248,,0,2.138825e-05,False,
T010016,A0221,2026-02-17 13:01:00,91.22,D_A0221,,0,2.138825e-05,False,
T000047,A0178,2026-01-01 11:25:00,31.66,D_A0178,,0,2.1382826e-05,False,
T002692,A0161,2026-01-13 17:43:00,119.84,D_A0161,,0,2.1382662e-05,False,
T011309,A0178,2026-02-23 14:41:00,65.91,D_A0178,,0,2.1368964e-05,False,
T011566,A0260,2026-02-24 20:15:00,147.76,D_A0260,,0,2.134827e-05,False,
T008515,A0113,2026-02-10 11:10:00,61.39,D_FAM_3,,0,2.1343078e-05,False,
T010422,A0089,2026-02-19 12:30:00,136.65,D_A0089,,0,2.134141e-05,False,
T001550,A0477,2026-01-08 12:23:00,131.04,D_A0477,,0,2.134141e-05,False,
T001724,A0453,2026-01-09 11:10:00,129.19,D_A0453,,0,2.1324586e-05,False,
T011912,A0477,2026-02-26 16:09:00,137.67,D_A0477,,0,2.1316919e-05,False,
T002004,A0415,2026-01-10 15:06:00,120.76,D_A0415,,0,2.1299667e-05,False,
T011413,A0432,2026-02-24 09:42:00,56.64,D_FAM_14,,0,2.129193e-05,False,
T004468,A0320,2026-01-22 11:13:00,28.73,D_FAM_4,PAYEE_A0320,0,2.1274089e-05,False,
T012041,A0108,2026-02-27 13:29:00,127.36,D_A0108,,0,2.1270518e-05,False,
T008020,A0349,2026-02-07 21:13:00,174.83,D_A0349,,0,2.1263359e-05,False,
T004491,A0194,2026-01-22 12:25:00,130.51,D_FAM_2,,0,2.1246069e-05,False,
T006597,A0242,2026-02-01 13:19:00,131.75,D_A0242,,0,2.1222842e-05,False,
T000017,A0192,2026-01-01 08:50:00,115.66,D_A0192,,0,2.1222419e-05,False,
T004528,A0273,2026-01-22 13:58:00,115.81,D_A0273,,0,2.1214546e-05,False,
T011428,A0386,2026-02-24 10:49:00,63.15,D_A0386,,0,2.1196549e-05,False,
T007218,A0370,2026-02-04 10:12:00,84.54,D_A0370,,0,2.1196549e-05,False,
T003213,A0498,2026-01-16 10:12:00,129.37,D_A0498,,0,2.1193011e-05,False,
T000012,A0079,2026-01-01 08:25:00,109.88,D_A0079,,0,2.1164411e-05,False,
T000949,A0015,2026-01-05 14:26:00,71.63,D_FAM_14,,0,2.1151438e-05,False,
T004886,A0052,2026-01-24 10:52:00,43.2,D_A0052,,0,2.1143713e-05,False,
T011230,A0019,2026-02-23 10:20:00,71.56,D_A0019,,0,2.1143713e-05,False,
T004084,A0166,2026-01-20 10:22:00,95.66,D_A0166,,0,2.1143713e-05,False,
T002572,A0365,2026-01-13 10:57:00,50.74,D_A0365,,0,2.1143713e-05,False,
T001711,A0436,2026-01-09 10:04:00,62.52,D_A0436,,0,2.1143713e-05,False,
T011034,A0146,2026-02-22 10:54:00,29.61,D_A0146,,0,2.1143713e-05,False,
T012000,A0210,2026-02-27 10:24:00,65.15,D_A0210,,0,2.1143713e-05,False,
T009848,A0482,2026-02-16 15:27:00,60.97,D_A0482,PAYEE_A0482,0,2.1136253e-05,False,
T009394,A0075,2026-02-14 13:40:00,173.63,D_A0075,,0,2.11058e-05,False,
T002229,A0073,2026-01-11 15:40:00,137.91,D_A0073,,0,2.1103966e-05,False,
T000004,A0230,2026-01-01 07:27:00,69.75,D_A0230,,0,2.1103202e-05,False,
T010216,A0484,2026-02-18 11:27:00,80.58,D_A0484,,0,2.1092037e-05,False,
T011313,A0027,2026-02-23 14:59:00,128.57,D_A0027,,0,2.1086506e-05,False,
T005075,A0203,2026-01-25 10:41:00,38.63,D_A0203,,0,2.1084998e-05,False,
T005908,A0020,2026-01-29 10:02:00,28.95,D_A0020,,0,2.1084998e-05,False,
T011229,A0453,2026-02-23 10:13:00,14.17,D_A0453,,0,2.1084998e-05,False,
T011416,A0484,2026-02-24 10:13:00,46.42,D_A0484,,0,2.1084998e-05,False,
T001299,A0436,2026-01-07 10:12:00,29.44,D_A0436,,0,2.1084998e-05,False,
T008072,A0161,2026-02-08 10:22:00,32.83,D_A0161,,0,2.1084998e-05,False,
T004260,A0187,2026-01-21 10:05:00,8.0,D_A0187,,0,2.1084998e-05,False,
T012001,A0174,2026-02-27 10:25:00,14.3,D_A0174,,0,2.1084998e-05,False,
T010198,A0463,2026-02-18 10:31:00,23.31,D_A0463,,0,2.1084998e-05,False,
T012183,A0352,2026-02-28 10:49:00,27.62,D_A0352,,0,2.1084998e-05,False,
T005503,A0427,2026-01-27 10:33:00,68.99,D_A0427,,0,2.1084576e-05,False,
T005292,A0234,2026-01-26 10:55:00,58.87,D_A0234,,0,2.1084576e-05,False,
T011616,A0387,2026-02-25 10:15:00,116.11,D_A0387,,0,2.1070264e-05,False,
T001188,A0329,2026-01-06 15:50:00,169.09,D_A0329,,0,2.1062167e-05,False,
T008583,A0169,2026-02-10 14:20:00,95.11,D_A0169,,0,2.1036552e-05,False,
T005796,A0352,2026-01-28 15:06:00,69.93,D_A0352,,0,2.1036552e-05,False,
T010700,A0225,2026-02-20 14:45:00,93.19,D_A0225,,0,2.1036552e-05,False,
T000073,A0268,2026-01-01 12:18:00,169.62,D_A0268,,0,2.1035068e-05,False,
T009728,A0251,2026-02-16 08:28:00,37.51,D_A0251,,0,2.1026004e-05,False,
T005737,A0108,2026-01-28 11:26:00,105.92,D_A0108,,0,2.1021331e-05,False,
T004259,A0427,2026-01-21 10:04:00,76.4,D_A0427,,0,2.0993144e-05,False,
T001072,A0465,2026-01-06 09:49:00,67.22,D_A0465,,0,2.0990983e-05,False,
T010384,A0130,2026-02-19 10:30:00,24.27,D_A0130,,0,2.098706e-05,False,
T009965,A0430,2026-02-17 10:22:00,49.29,D_A0430,,0,2.098706e-05,False,
T002564,A0125,2026-01-13 10:29:00,33.38,D_A0125,,0,2.098706e-05,False,
T007443,A0287,2026-02-05 12:38:00,25.96,D_FAM_13,,0,2.0977355e-05,False,
T006883,A0287,2026-02-02 15:45:00,27.03,D_FAM_13,,0,2.0953283e-05,False,
T000022,A0112,2026-01-01 09:22:00,23.1,D_A0112,,0,2.093269e-05,False,
T005319,A0248,2026-01-26 12:01:00,59.66,D_A0248,,0,2.0928319e-05,False,
T005550,A0263,2026-01-27 12:50:00,180.27,D_A0263,,0,2.092343e-05,False,
T004873,A0101,2026-01-24 10:07:00,101.88,D_A0101,,0,2.091565e-05,False,
T005893,A0011,2026-01-29 08:46:00,52.05,D_A0011,,0,2.0910564e-05,False,
T004101,A0353,2026-01-20 12:05:00,126.54,D_A0353,,0,2.0895734e-05,False,
T009145,A0176,2026-02-13 12:16:00,90.63,D_A0176,,0,2.0884676e-05,False,
T005532,A0249,2026-01-27 11:49:00,12.69,D_A0249,,0,2.0873069e-05,False,
T007655,A0335,2026-02-06 11:17:00,28.9,D_A0335,,0,2.0873069e-05,False,
T006129,A0335,2026-01-30 11:06:00,35.26,D_A0335,,0,2.0873069e-05,False,
T001327,A0265,2026-01-07 11:44:00,37.61,D_A0265,,0,2.0873069e-05,False,
T001928,A0367,2026-01-10 11:08:00,32.79,D_A0367,,0,2.0873069e-05,False,
T010123,A0201,2026-02-17 19:17:00,90.4,D_A0201,,0,2.0860709e-05,False,
T001162,A0176,2026-01-06 14:47:00,72.31,D_A0176,,0,2.0860709e-05,False,
T002468,A0176,2026-01-12 16:23:00,82.86,D_A0176,,0,2.0860709e-05,False,
T010395,A0387,2026-02-19 11:21:00,156.4,D_A0387,,0,2.0856036e-05,False,
T002511,A0438,2026-01-12 19:07:00,151.1,D_A0438,,0,2.0850068e-05,False,
T011743,A0210,2026-02-25 18:35:00,155.95,D_A0210,,0,2.0850068e-05,False,
T008614,A0131,2026-02-10 15:50:00,121.47,D_A0131,,0,2.0794112e-05,False,
T000737,A0109,2026-01-04 14:12:00,44.12,D_FAM_13,,0,2.0789414e-05,False,
T001591,R002,2026-01-08 14:06:00,153.2,D_R002,,0,2.077764e-05,False,
T000601,A0072,2026-01-03 19:17:00,74.22,D_A0072,,0,2.0760785e-05,False,
T005855,A0179,2026-01-28 19:37:00,58.49,D_A0179,,0,2.0741787e-05,False,
T006888,A0179,2026-02-02 15:57:00,68.8,D_A0179,,0,2.0741787e-05,False,
T011920,A0098,2026-02-26 16:27:00,41.6,D_A0098,,0,2.0741787e-05,False,
T002210,A0179,2026-01-11 14:31:00,49.25,D_A0179,,0,2.0741787e-05,False,
T001522,A0470,2026-01-08 11:10:00,119.45,D_A0470,,0,2.073356e-05,False,
T007773,A0173,2026-02-06 17:00:00,112.02,D_A0173,,0,2.0714824e-05,False,
T008169,A0173,2026-02-08 15:21:00,120.19,D_A0173,,0,2.0714824e-05,False,
T001536,A0038,2026-01-08 11:44:00,51.01,D_A0038,PAYEE_A0038,0,2.0701196e-05,False,
T001093,R002,2026-01-06 11:09:00,131.02,D_R002,,0,2.0699617e-05,False,
T010598,A0406,2026-02-20 10:27:00,67.79,D_A0406,,0,2.0696223e-05,False,
T010831,A0047,2026-02-21 10:42:00,19.33,D_A0047,,0,2.0696223e-05,False,
T009751,A0201,2026-02-16 10:22:00,33.13,D_A0201,,0,2.0696223e-05,False,
T000445,A0348,2026-01-03 10:30:00,69.87,D_A0348,,0,2.0696223e-05,False,
T008914,A0134,2026-02-12 10:35:00,80.92,D_A0134,,0,2.0696223e-05,False,
T000886,A0280,2026-01-05 10:42:00,70.49,D_A0280,,0,2.0696223e-05,False,
T011619,A0498,2026-02-25 10:32:00,47.71,D_A0498,,0,2.0696223e-05,False,
T004874,A0363,2026-01-24 10:07:00,54.58,D_A0363,,0,2.0696223e-05,False,
T009375,A0178,2026-02-14 12:56:00,71.36,D_A0178,,0,2.0687341e-05,False,
T010739,A0315,2026-02-20 16:58:00,87.84,D_A0315,PAYEE_A0315,0,2.0679197e-05,False,
T009006,A0472,2026-02-12 15:12:00,280.03,D_A0472,,0,2.0673202e-05,False,
T000086,A0492,2026-01-01 13:07:00,169.7,D_A0492,,0,2.0669022e-05,False,
T001285,A0110,2026-01-07 09:02:00,90.34,D_FAM_11,,0,2.066792e-05,False,
T001444,A0360,2026-01-07 17:42:00,83.93,D_A0360,,0,2.0663603e-05,False,
T001373,A0178,2026-01-07 13:29:00,56.14,D_A0178,,0,2.0663603e-05,False,
T009163,A0225,2026-02-13 13:17:00,75.13,D_A0225,,0,2.0657812e-05,False,
T007748,A0128,2026-02-06 15:36:00,315.01,D_A0128,,0,2.065314e-05,False,
T003037,R006,2026-01-15 12:54:00,166.15,D_R006,,0,2.0649497e-05,False,
T001661,A0006,2026-01-08 18:46:00,118.81,D_FAM_7,,0,2.0618958e-05,False,
T007411,A0427,2026-02-05 10:43:00,55.03,D_A0427,,0,2.0617306e-05,False,
T005662,A0448,2026-01-27 18:49:00,238.63,D_A0448,,0,2.0607713e-05,False,
T010774,A0360,2026-02-20 20:13:00,90.22,D_A0360,,0,2.0606221e-05,False,
T001197,A0293,2026-01-06 16:26:00,96.82,D_A0293,,0,2.0606221e-05,False,
T001788,A0075,2026-01-09 14:28:00,121.85,D_A0075,,0,2.0586167e-05,False,
T006789,A0394,2026-02-02 10:58:00,90.41,D_A0394,,0,2.0575333e-05,False,
T009844,A0111,2026-02-16 15:18:00,198.73,D_A0111,,0,2.057433e-05,False,
T006177,A0111,2026-01-30 13:38:00,197.88,D_A0111,,0,2.057433e-05,False,
T005790,A0152,2026-01-28 14:41:00,146.63,D_A0152,,0,2.057027e-05,False,
T001989,A0244,2026-01-10 14:15:00,127.0,D_A0244,,0,2.0569309e-05,False,
T011544,A0399,2026-02-24 17:33:00,131.72,D_A0399,,0,2.0556032e-05,False,
T011951,A0104,2026-02-26 18:58:00,137.89,D_A0104,,0,2.0556032e-05,False,
T001251,A0237,2026-01-06 21:13:00,120.69,D_FAM_3,,0,2.054692e-05,False,
T001948,A0024,2026-01-10 12:20:00,122.64,D_A0024,,0,2.0532561e-05,False,
T009388,A0151,2026-02-14 13:32:00,124.26,D_A0151,,0,2.0527961e-05,False,
T006414,A0063,2026-01-31 14:57:00,127.21,D_A0063,,0,2.0512187e-05,False,
T006361,A0128,2026-01-31 12:21:00,96.62,D_A0128,PAYEE_A0128,0,2.0511523e-05,False,
T008325,A0135,2026-02-09 12:29:00,444.1,D_A0135,,0,2.0508158e-05,False,
T009795,A0243,2026-02-16 12:47:00,287.8,D_A0243,,0,2.0508158e-05,False,
T010158,A0251,2026-02-18 07:16:00,23.94,D_A0251,,0,2.0489002e-05,False,
T007490,A0322,2026-02-05 14:43:00,92.76,D_A0322,PAYEE_A0322,0,2.0487985e-05,False,
T006907,A0135,2026-02-02 17:07:00,386.81,D_A0135,,0,2.0484624e-05,False,
T005758,A0320,2026-01-28 12:41:00,131.19,D_FAM_4,,0,2.0481559e-05,False,
T009341,A0229,2026-02-14 10:50:00,39.05,D_A0229,,0,2.046705e-05,False,
T003450,A0225,2026-01-17 10:22:00,22.85,D_A0225,,0,2.046705e-05,False,
T011030,A0423,2026-02-22 10:45:00,32.08,D_A0423,,0,2.0466641e-05,False,
T011468,A0075,2026-02-24 13:26:00,184.07,D_A0075,,0,2.0447524e-05,False,
T012299,A0017,2026-02-28 16:00:00,145.44,D_A0017,,0,2.0445748e-05,False,
T002131,A0210,2026-01-11 10:59:00,176.85,D_A0210,,0,2.044331e-05,False,
T004775,A0434,2026-01-23 15:39:00,123.29,D_A0434,,0,2.0440288e-05,False,
T010227,A0470,2026-02-18 12:16:00,104.94,D_A0470,,0,2.0439022e-05,False,
T006761,A0070,2026-02-02 08:56:00,118.49,D_A0070,,0,2.043717e-05,False,
T002728,A0227,2026-01-14 07:19:00,77.29,D_A0227,,0,2.041839e-05,False,
T010873,A0306,2026-02-21 13:03:00,55.63,D_A0306,PAYEE_A0306,0,2.0417632e-05,False,
T002890,A0379,2026-01-14 16:23:00,52.57,D_A0379,PAYEE_A0379,0,2.0417632e-05,False,
T004631,A0090,2026-01-22 19:36:00,57.8,D_A0090,PAYEE_A0090,0,2.0417632e-05,False,
T004123,A0080,2026-01-20 13:05:00,34.07,D_A0080,PAYEE_A0080,0,2.0417632e-05,False,
T009845,A0299,2026-02-16 15:20:00,46.68,D_A0299,PAYEE_A0299,0,2.0417632e-05,False,
T001439,A0123,2026-01-07 17:04:00,122.42,D_A0123,,0,2.0412199e-05,False,
T002897,A0433,2026-01-14 16:51:00,76.67,D_A0433,,0,2.0409707e-05,False,
T002473,A0378,2026-01-12 16:36:00,60.07,D_A0378,,0,2.0409707e-05,False,
T011865,A0433,2026-02-26 13:47:00,90.06,D_A0433,,0,2.0409707e-05,False,
T004981,A0378,2026-01-24 16:06:00,71.21,D_A0378,,0,2.0409707e-05,False,
T007158,A0460,2026-02-03 19:34:00,129.95,D_A0460,,0,2.0405816e-05,False,
T004708,A0089,2026-01-23 11:23:00,119.89,D_A0089,,0,2.0401592e-05,False,
T012202,A0206,2026-02-28 11:47:00,112.68,D_A0206,,0,2.0401592e-05,False,
T001414,A0486,2026-01-07 15:29:00,122.35,D_A0486,,0,2.0390544e-05,False,
T001809,A0287,2026-01-09 15:36:00,81.08,D_FAM_13,,0,2.0378979e-05,False,
T002561,A0393,2026-01-13 10:23:00,85.33,D_A0393,,0,2.0373169e-05,False,
T006780,A0133,2026-02-02 10:05:00,80.57,D_A0133,,0,2.0373169e-05,False,
T001241,A0020,2026-01-06 19:24:00,150.0,D_A0020,,0,2.0357651e-05,False,
T012242,A0442,2026-02-28 13:38:00,176.69,D_A0442,,0,2.0352447e-05,False,
T003052,A0193,2026-01-15 13:40:00,176.59,D_A0193,,0,2.0352447e-05,False,
T002132,A0381,2026-01-11 10:59:00,180.95,D_A0381,,0,2.0349536e-05,False,
T012304,A0335,2026-02-28 16:21:00,86.67,D_A0335,,0,2.0347343e-05,False,
T005863,A0179,2026-01-28 20:38:00,73.5,D_A0179,,0,2.0347266e-05,False,
T004399,A0179,2026-01-21 18:38:00,70.89,D_A0179,,0,2.0347266e-05,False,
T005948,A0187,2026-01-29 12:40:00,43.39,D_A0187,,0,2.0342959e-05,False,
T005700,A0401,2026-01-28 08:27:00,99.81,D_A0401,,0,2.0342512e-05,False,
T007658,A0484,2026-02-06 11:26:00,69.48,D_A0484,,0,2.0340069e-05,False,
T003539,A0305,2026-01-17 14:55:00,124.42,D_A0305,,0,2.0327e-05,False,
T005302,A0301,2026-01-26 11:20:00,108.96,D_A0301,,0,2.0323801e-05,False,
T006366,A0443,2026-01-31 12:39:00,223.34,D_A0443,,0,2.0315932e-05,False,
T006374,A0441,2026-01-31 13:07:00,103.67,D_A0441,,0,2.0311827e-05,False,
T007042,A0090,2026-02-03 12:45:00,143.53,D_A0090,,0,2.0310103e-05,False,
T010643,A0315,2026-02-20 12:28:00,142.15,D_A0315,,0,2.0310103e-05,False,
T012115,A0093,2026-02-27 19:09:00,187.48,D_A0093,,0,2.0307798e-05,False,
T008733,A0478,2026-02-11 11:23:00,112.61,D_A0478,,0,2.0282423e-05,False,
T000140,R007,2026-01-01 16:00:00,166.47,D_R007,,0,2.0257063e-05,False,
T000747,A0333,2026-01-04 14:45:00,141.39,D_FAM_9,,0,2.0255093e-05,False,
T006670,A0111,2026-02-01 17:14:00,196.46,D_A0111,,0,2.0252119e-05,False,
T007455,A0111,2026-02-05 13:04:00,194.32,D_A0111,,0,2.0252119e-05,False,
T011232,A0186,2026-02-23 10:26:00,50.35,D_A0186,,0,2.0252097e-05,False,
T002138,A0243,2026-01-11 11:26:00,231.45,D_A0243,,0,2.0225887e-05,False,
T007636,A0405,2026-02-06 10:01:00,78.38,D_A0405,,0,2.0222224e-05,False,
T001918,A0246,2026-01-10 10:19:00,37.06,D_A0246,,0,2.0222224e-05,False,
T008903,A0209,2026-02-12 10:04:00,32.57,D_A0209,,0,2.0222224e-05,False,
T002129,A0002,2026-01-11 10:50:00,34.06,D_A0002,,0,2.0222224e-05,False,
T005181,A0263,2026-01-25 16:58:00,175.58,D_A0263,,0,2.0209558e-05,False,
T008394,A0474,2026-02-09 15:36:00,177.98,D_A0474,,0,2.0203719e-05,False,
T005823,A0401,2026-01-28 16:07:00,216.58,D_A0401,,0,2.0202273e-05,False,
T001859,A0126,2026-01-09 19:16:00,224.18,D_A0126,,0,2.0200057e-05,False,
T005343,A0183,2026-01-26 13:17:00,70.72,D_A0183,,0,2.018908e-05,False,
T009228,A0183,2026-02-13 16:16:00,69.04,D_A0183,,0,2.018908e-05,False,
T008578,A0039,2026-02-10 14:10:00,106.86,D_A0039,,0,2.0183805e-05,False,
T004365,A0133,2026-01-21 16:07:00,120.0,D_A0133,,0,2.0183805e-05,False,
T008534,A0307,2026-02-10 11:44:00,112.76,D_A0307,,0,2.018107e-05,False,
T006860,A0242,2026-02-02 14:55:00,139.39,D_A0242,,0,2.0127525e-05,False,
T000292,A0492,2026-01-02 13:09:00,279.07,D_A0492,,0,2.0122401e-05,False,
T008220,A0375,2026-02-08 17:36:00,145.54,D_A0375,,0,2.01144e-05,False,
T005593,A0096,2026-01-27 15:02:00,147.28,D_A0096,,0,2.01144e-05,False,
T012036,A0096,2026-02-27 13:12:00,141.37,D_A0096,,0,2.01144e-05,False,
T002151,A0065,2026-01-11 12:02:00,56.6,D_A0065,PAYEE_A0065,0,2.0113728e-05,False,
T003680,A0113,2026-01-18 11:01:00,88.83,D_FAM_3,,0,2.0109508e-05,False,
T010838,A0137,2026-02-21 11:06:00,86.3,D_FAM_13,,0,2.0109508e-05,False,
T002658,A0263,2026-01-13 15:23:00,186.48,D_A0263,,0,2.010922e-05,False,
T004833,A0495,2026-01-23 23:41:00,54.56,D_A0495,PAYEE_A0495,0,2.0090647e-05,False,
T009834,A0306,2026-02-16 14:42:00,30.74,D_A0306,PAYEE_A0306,0,2.0090647e-05,False,
T008368,A0336,2026-02-09 14:26:00,156.06,D_A0336,,0,2.0076186e-05,False,
T000169,A0200,2026-01-01 18:44:00,279.95,D_A0200,,0,2.0063e-05,False,
T006371,A0236,2026-01-31 12:51:00,132.27,D_A0236,,0,2.0058236e-05,False,
T001767,A0118,2026-01-09 13:31:00,110.21,D_A0118,,0,2.0057681e-05,False,
T000097,A0301,2026-01-01 13:45:00,111.23,D_A0301,,0,2.0057681e-05,False,
T000116,A0457,2026-01-01 14:41:00,119.47,D_A0457,,0,2.0057681e-05,False,
T005250,A0226,2026-01-26 07:39:00,48.71,D_A0226,,0,2.0048941e-05,False,
T012161,A0443,2026-02-28 09:02:00,109.03,D_A0443,,0,2.0047508e-05,False,
T009214,A0236,2026-02-13 15:36:00,135.23,D_A0236,,0,2.0035219e-05,False,
T001260,A0443,2026-01-07 07:07:00,61.94,D_A0443,,0,2.0034931e-05,False,
T011966,A0389,2026-02-27 07:18:00,58.01,D_A0389,,0,2.0034931e-05,False,
T011973,A0154,2026-02-27 07:35:00,38.12,D_A0154,,0,2.0034931e-05,False,
T011383,A0167,2026-02-24 07:16:00,77.71,D_A0167,,0,2.0034931e-05,False,
T003856,A0381,2026-01-19 07:50:00,41.18,D_A0381,,0,2.0034931e-05,False,
T004848,A0468,2026-01-24 07:42:00,49.79,D_A0468,,0,2.0034931e-05,False,
T001479,A0468,2026-01-08 07:09:00,44.18,D_A0468,,0,2.0034931e-05,False,
T001054,A0133,2026-01-06 07:16:00,38.76,D_A0133,,0,2.0034931e-05,False,
T001057,A0188,2026-01-06 07:34:00,22.47,D_A0188,,0,2.0034931e-05,False,
T011581,A0362,2026-02-25 07:30:00,14.51,D_A0362,,0,2.0034931e-05,False,
T006341,A0372,2026-01-31 10:33:00,72.24,D_A0372,,0,2.0013067e-05,False,
T006549,A0244,2026-02-01 10:23:00,30.88,D_A0244,,0,2.0013067e-05,False,
T005918,A0220,2026-01-29 10:39:00,36.96,D_A0220,,0,2.0013067e-05,False,
T002120,A0281,2026-01-11 10:14:00,93.04,D_A0281,,0,2.0013067e-05,False,
T007949,A0146,2026-02-07 15:30:00,45.95,D_A0146,,0,2.0002304e-05,False,
T008152,A0178,2026-02-08 14:46:00,69.66,D_A0178,,0,2.0002304e-05,False,
T000727,A0191,2026-01-04 13:38:00,54.86,D_A0191,,0,2.0002304e-05,False,
T001554,A0428,2026-01-08 12:29:00,28.59,D_A0428,,0,1.9997327e-05,False,
T003394,A0126,2026-01-16 22:40:00,267.45,D_A0126,,0,1.9986594e-05,False,
T011968,A0165,2026-02-27 07:29:00,36.16,D_A0165,,0,1.9979847e-05,False,
T010797,A0438,2026-02-21 07:59:00,32.07,D_A0438,,0,1.9965886e-05,False,
T009305,A0067,2026-02-14 07:47:00,10.07,D_A0067,,0,1.9965886e-05,False,
T007608,A0278,2026-02-06 07:34:00,84.05,D_A0278,,0,1.9965886e-05,False,
T010819,A0234,2026-02-21 10:10:00,17.11,D_A0234,,0,1.995749e-05,False,
T001311,A0435,2026-01-07 10:53:00,15.48,D_A0435,,0,1.995749e-05,False,
T003886,A0247,2026-01-19 10:48:00,42.62,D_A0247,,0,1.995749e-05,False,
T003456,A0370,2026-01-17 10:37:00,17.45,D_A0370,,0,1.995749e-05,False,
T005722,A0373,2026-01-28 10:06:00,6.27,D_A0373,,0,1.995749e-05,False,
T011812,A0108,2026-02-26 10:47:00,26.89,D_A0108,,0,1.995749e-05,False,
T005497,A0435,2026-01-27 10:08:00,10.79,D_A0435,,0,1.995749e-05,False,
T009968,A0058,2026-02-17 10:39:00,21.9,D_A0058,,0,1.995749e-05,False,
T005499,A0394,2026-01-27 10:24:00,24.75,D_A0394,,0,1.995749e-05,False,
T000890,A0337,2026-01-05 10:59:00,65.07,D_A0337,,0,1.995749e-05,False,
T007650,A0386,2026-02-06 10:59:00,8.43,D_A0386,,0,1.995749e-05,False,
T001507,A0081,2026-01-08 10:08:00,16.34,D_A0081,,0,1.995749e-05,False,
T000876,A0435,2026-01-05 10:04:00,15.38,D_A0435,,0,1.995749e-05,False,
T003676,A0315,2026-01-18 10:44:00,13.67,D_A0315,,0,1.995749e-05,False,
T004088,A0389,2026-01-20 10:42:00,75.92,D_A0389,,0,1.995749e-05,False,
T009192,A0096,2026-02-13 14:24:00,135.94,D_A0096,,0,1.995359e-05,False,
T008688,A0312,2026-02-11 07:45:00,102.68,D_A0312,,0,1.995336e-05,False,
T012156,A0085,2026-02-28 08:46:00,22.45,D_A0085,,0,1.9934341e-05,False,
T005483,A0276,2026-01-27 08:23:00,23.51,D_A0276,,0,1.9934341e-05,False,
T011010,A0043,2026-02-22 08:26:00,25.53,D_A0043,,0,1.9934341e-05,False,
T000429,A0085,2026-01-03 08:53:00,25.33,D_A0085,,0,1.9934341e-05,False,
T006554,A0207,2026-02-01 10:44:00,127.79,D_A0207,,0,1.9925048e-05,False,
T009749,A0073,2026-02-16 10:20:00,48.1,D_A0073,,0,1.9921667e-05,False,
T004263,A0273,2026-01-21 10:18:00,79.08,D_A0273,,0,1.9921667e-05,False,
T004262,A0383,2026-01-21 10:16:00,53.81,D_A0383,,0,1.9921667e-05,False,
T011158,A0011,2026-02-22 16:48:00,113.3,D_A0011,,0,1.9921266e-05,False,
T009239,A0115,2026-02-13 16:50:00,210.3,D_A0115,,0,1.9913346e-05,False,
T000996,A0437,2026-01-05 16:42:00,181.99,D_FAM_3,,0,1.9912834e-05,False,
T004948,A0114,2026-01-24 14:18:00,121.6,D_A0114,,0,1.9907611e-05,False,
T009211,A0346,2026-02-13 15:06:00,226.1,D_A0346,,0,1.990672e-05,False,
T008947,A0344,2026-02-12 12:07:00,117.34,D_A0344,,0,1.9894003e-05,False,
T012566,A0174,2026-03-01 22:14:00,111.28,D_A0174,,0,1.9871175e-05,False,
T003314,A0342,2026-01-16 15:55:00,129.99,D_A0342,,0,1.9862062e-05,False,
T010809,A0429,2026-02-21 09:29:00,134.82,D_A0429,,0,1.981758e-05,False,
T000378,R000,2026-01-02 18:01:00,173.12,D_R000,,0,1.9809926e-05,False,
T004357,A0052,2026-01-21 15:36:00,120.96,D_A0052,,0,1.9799898e-05,False,
T008925,A0393,2026-02-12 11:32:00,103.46,D_A0393,,0,1.9799105e-05,False,
T005589,A0016,2026-01-27 14:56:00,224.07,D_FAM_12,,0,1.978393e-05,False,
T008298,A0204,2026-02-09 10:23:00,22.62,D_A0204,,0,1.9774066e-05,False,
T009546,A0138,2026-02-15 10:23:00,37.7,D_A0138,,0,1.9774066e-05,False,
T006115,A0442,2026-01-30 10:12:00,65.29,D_A0442,,0,1.9774066e-05,False,
T001079,A0046,2026-01-06 10:31:00,25.53,D_A0046,,0,1.9774066e-05,False,
T008501,A0209,2026-02-10 10:14:00,16.02,D_A0209,,0,1.9774066e-05,False,
T009112,A0412,2026-02-13 10:16:00,68.83,D_A0412,,0,1.9774066e-05,False,
T000506,A0139,2026-01-03 14:12:00,60.81,D_FAM_7,,0,1.977052e-05,False,
T010590,A0320,2026-02-20 10:00:00,60.49,D_A0320,PAYEE_A0320,0,1.9770276e-05,False,
T007866,A0116,2026-02-07 10:57:00,63.46,D_A0116,PAYEE_A0116,0,1.9770276e-05,False,
T007354,A0229,2026-02-04 18:44:00,139.2,D_A0229,,0,1.9762905e-05,False,
T006897,A0341,2026-02-02 16:33:00,213.86,D_A0341,,0,1.9754558e-05,False,
T009238,A0341,2026-02-13 16:44:00,218.35,D_A0341,,0,1.9754558e-05,False,
T003333,A0222,2026-01-16 16:40:00,131.07,D_A0222,,0,1.9741827e-05,False,
T008945,A0191,2026-02-12 12:06:00,68.25,D_A0191,,0,1.97298e-05,False,
T006408,A0150,2026-01-31 14:32:00,84.33,D_A0150,,0,1.9707159e-05,False,
T004822,A0203,2026-01-23 20:53:00,62.04,D_A0203,,0,1.9707159e-05,False,
T010239,A0433,2026-02-18 12:54:00,93.51,D_A0433,,0,1.9703813e-05,False,
T011031,A0344,2026-02-22 10:47:00,61.7,D_A0344,,0,1.9698666e-05,False,
T000666,A0239,2026-01-04 10:13:00,51.21,D_A0239,,0,1.9698666e-05,False,
T007007,A0344,2026-02-03 10:55:00,51.91,D_A0344,,0,1.9698666e-05,False,
T000676,A0219,2026-01-04 11:37:00,17.8,D_A0219,,0,1.9694833e-05,False,
T005606,A0245,2026-01-27 15:44:00,112.06,D_A0245,,0,1.9690871e-05,False,
T006561,A0289,2026-02-01 11:03:00,91.83,D_A0289,,0,1.9689123e-05,False,
T008364,A0243,2026-02-09 14:06:00,368.57,D_A0243,,0,1.968415e-05,False,
T004523,A0378,2026-01-22 13:41:00,58.56,D_A0378,,0,1.9682066e-05,False,
T002962,A0439,2026-01-15 08:19:00,86.38,D_A0439,,0,1.9681278e-05,False,
T010095,A0378,2026-02-17 16:49:00,83.21,D_A0378,,0,1.9681203e-05,False,
T003048,A0219,2026-01-15 13:26:00,98.67,D_A0219,,0,1.9681203e-05,False,
T007407,A0381,2026-02-05 10:22:00,148.86,D_A0381,,0,1.9680827e-05,False,
T004736,A0480,2026-01-23 13:36:00,165.27,D_FAM_6,,0,1.9679193e-05,False,
T001531,A0266,2026-01-08 11:29:00,112.87,D_A0266,,0,1.9673378e-05,False,
T005599,A0015,2026-01-27 15:21:00,73.68,D_FAM_14,,0,1.9672983e-05,False,
T002984,A0425,2026-01-15 09:59:00,29.39,D_A0425,,0,1.9668576e-05,False,
T008318,A0133,2026-02-09 12:00:00,112.99,D_A0133,,0,1.9668538e-05,False,
T002052,A0224,2026-01-10 17:58:00,124.95,D_A0224,,0,1.965725e-05,False,
T005886,A0303,2026-01-29 07:45:00,42.22,D_FAM_4,,0,1.9647148e-05,False,
T010160,A0303,2026-02-18 07:21:00,25.99,D_FAM_4,,0,1.9647148e-05,False,
T001428,A0064,2026-01-07 16:07:00,118.04,D_A0064,,0,1.9645968e-05,False,
T008858,A0378,2026-02-11 21:17:00,64.46,D_A0378,,0,1.9630348e-05,False,
T009570,A0219,2026-02-15 12:34:00,89.01,D_A0219,,0,1.9629542e-05,False,
T009220,A0224,2026-02-13 15:52:00,80.5,D_A0224,,0,1.9607018e-05,False,
T002712,A0187,2026-01-13 19:06:00,27.09,D_A0187,,0,1.9595185e-05,False,
T002161,A0284,2026-01-11 12:40:00,158.34,D_A0284,,0,1.9594569e-05,False,
T009017,A0024,2026-02-12 15:44:00,111.66,D_A0024,,0,1.9579513e-05,False,
T009073,A0024,2026-02-12 20:42:00,112.04,D_A0024,,0,1.9579513e-05,False,
T005441,A0414,2026-01-26 18:40:00,122.7,D_A0414,,0,1.957253e-05,False,
T001297,A0102,2026-01-07 10:10:00,74.83,D_FAM_7,,0,1.9563555e-05,False,
T008154,A0263,2026-02-08 14:49:00,177.36,D_A0263,,0,1.956279e-05,False,
T000441,A0364,2026-01-03 10:16:00,86.21,D_A0364,,0,1.9554713e-05,False,
T004818,A0388,2026-01-23 20:09:00,118.95,D_A0388,,0,1.9505003e-05,False,
T006256,A0005,2026-01-30 17:38:00,122.51,D_A0005,,0,1.9504427e-05,False,
T008994,A0370,2026-02-12 14:35:00,123.87,D_A0370,,0,1.9504427e-05,False,
T000070,A0064,2026-01-01 12:10:00,110.07,D_A0064,,0,1.949221e-05,False,
T006427,A0075,2026-01-31 15:41:00,161.8,D_A0075,,0,1.9485798e-05,False,
T002892,A0193,2026-01-14 16:32:00,150.9,D_A0193,,0,1.9485798e-05,False,
T003102,A0492,2026-01-15 16:15:00,158.69,D_A0492,,0,1.9485798e-05,False,
T004439,A0168,2026-01-22 08:18:00,95.89,D_A0168,,0,1.9485258e-05,False,
T007697,A0113,2026-02-06 13:14:00,167.75,D_FAM_3,,0,1.9484014e-05,False,
T011996,A0366,2026-02-27 09:37:00,63.32,D_FAM_5,,0,1.947337e-05,False,
T011710,A0203,2026-02-25 15:35:00,70.31,D_A0203,,0,1.9469304e-05,False,
T008643,A0044,2026-02-10 18:16:00,92.01,D_A0044,,0,1.9469304e-05,False,
T006006,A0356,2026-01-29 15:46:00,66.52,D_A0356,,0,1.9469304e-05,False,
T008009,A0486,2026-02-07 19:19:00,113.63,D_A0486,,0,1.9466426e-05,False,
T009186,A0073,2026-02-13 14:13:00,109.76,D_A0073,,0,1.9464216e-05,False,
T012103,A0161,2026-02-27 17:30:00,116.6,D_A0161,,0,1.9464216e-05,False,
T003240,A0434,2026-01-16 12:07:00,121.93,D_A0434,,0,1.945889e-05,False,
T001718,A0431,2026-01-09 10:46:00,33.92,D_FAM_11,,0,1.9448427e-05,False,
T001546,A0121,2026-01-08 12:11:00,136.5,D_A0121,,0,1.9444198e-05,False,
T006798,A0007,2026-02-02 11:18:00,80.1,D_A0007,,0,1.9441695e-05,False,
T007926,A0242,2026-02-07 14:20:00,130.33,D_A0242,,0,1.943456e-05,False,
T009723,A0448,2026-02-16 08:02:00,108.33,D_A0448,,0,1.942948e-05,False,
T004586,A0282,2026-01-22 16:16:00,130.23,D_A0282,,0,1.9421886e-05,False,
T003166,A0444,2026-01-15 22:53:00,158.96,D_A0444,,0,1.9411498e-05,False,
T000221,A0495,2026-01-02 09:15:00,113.6,D_A0495,,0,1.9404002e-05,False,
T010987,A0417,2026-02-21 20:54:00,201.04,D_A0417,,0,1.9398285e-05,False,
T008962,A0364,2026-02-12 12:33:00,158.61,D_A0364,,0,1.9394232e-05,False,
T009344,A0139,2026-02-14 11:24:00,48.17,D_FAM_7,,0,1.9391719e-05,False,
T008573,A0257,2026-02-10 13:43:00,126.95,D_A0257,,0,1.9380459e-05,False,
T011108,A0286,2026-02-22 14:15:00,87.03,D_FAM_10,,0,1.9379e-05,False,
T006555,A0285,2026-02-01 10:47:00,161.02,D_A0285,,0,1.9377003e-05,False,
T010205,A0394,2026-02-18 10:54:00,45.72,D_A0394,,0,1.9372588e-05,False,
T011617,A0257,2026-02-25 10:17:00,63.95,D_A0257,,0,1.9372588e-05,False,
T009550,A0481,2026-02-15 10:38:00,55.64,D_A0481,,0,1.9372588e-05,False,
T008713,A0257,2026-02-11 10:11:00,84.37,D_A0257,,0,1.9372588e-05,False,
T009119,A0241,2026-02-13 10:51:00,34.65,D_A0241,,0,1.9372588e-05,False,
T008717,A0288,2026-02-11 10:32:00,64.24,D_A0288,,0,1.9372588e-05,False,
T008711,A0481,2026-02-11 10:09:00,56.98,D_A0481,,0,1.9372588e-05,False,
T004085,A0232,2026-01-20 10:26:00,50.96,D_A0232,,0,1.9372588e-05,False,
T001914,A0220,2026-01-10 10:07:00,54.61,D_A0220,,0,1.9372588e-05,False,
T005721,A0423,2026-01-28 10:03:00,22.53,D_A0423,,0,1.9372588e-05,False,
T003550,A0397,2026-01-17 15:13:00,237.6,D_A0397,,0,1.9365902e-05,False,
T010104,A0232,2026-02-17 17:05:00,115.03,D_A0232,,0,1.9353605e-05,False,
T012292,A0261,2026-02-28 15:53:00,162.22,D_A0261,,0,1.9347719e-05,False,
T007542,A0147,2026-02-05 17:22:00,162.44,D_A0147,,0,1.9347719e-05,False,
T005235,A0494,2026-01-25 21:52:00,159.74,D_A0494,,0,1.9347719e-05,False,
T005198,A0316,2026-01-25 17:31:00,182.96,D_A0316,,0,1.933431e-05,False,
T006587,A0139,2026-02-01 12:34:00,27.27,D_FAM_7,,0,1.9321371e-05,False,
T010650,A0431,2026-02-20 12:36:00,55.12,D_FAM_11,,0,1.9321371e-05,False,
T001751,A0113,2026-01-09 12:47:00,68.31,D_FAM_3,,0,1.9321371e-05,False,
T000201,A0334,2026-01-02 07:23:00,105.01,D_A0334,,0,1.9314793e-05,False,
T005054,A0054,2026-01-25 08:18:00,72.68,D_A0054,,0,1.9307003e-05,False,
T000640,A0306,2026-01-04 08:32:00,59.45,D_A0306,,0,1.930693e-05,False,
T003181,A0251,2026-01-16 07:54:00,22.73,D_A0251,,0,1.9304794e-05,False,
T002532,A0088,2026-01-13 07:18:00,61.61,D_A0088,,0,1.9304794e-05,False,
T008336,A0498,2026-02-09 12:55:00,60.5,D_A0498,PAYEE_A0498,0,1.9299492e-05,False,
T004204,A0113,2026-01-20 18:22:00,63.98,D_FAM_3,,0,1.9299197e-05,False,
T000761,A0139,2026-01-04 15:25:00,30.6,D_FAM_7,,0,1.9299197e-05,False,
T007130,A0139,2026-02-03 17:34:00,23.76,D_FAM_7,,0,1.9299197e-05,False,
T000772,A0113,2026-01-04 15:58:00,23.98,D_FAM_3,,0,1.9299197e-05,False,
T012490,A0139,2026-03-01 15:45:00,24.6,D_FAM_7,,0,1.9299197e-05,False,
T000149,A0113,2026-01-01 16:42:00,51.51,D_FAM_3,,0,1.9299197e-05,False,
T004475,A0329,2026-01-22 11:41:00,141.8,D_A0329,,0,1.9298259e-05,False,
T010687,A0263,2026-02-20 14:00:00,150.29,D_A0263,,0,1.929526e-05,False,
T003053,A0135,2026-01-15 13:40:00,313.83,D_A0135,,0,1.9247916e-05,False,
T009829,A0135,2026-02-16 14:24:00,571.45,D_A0135,,0,1.9247916e-05,False,
T011186,A0243,2026-02-22 18:51:00,309.47,D_A0243,,0,1.9247916e-05,False,
T000110,A0113,2026-01-01 14:22:00,67.76,D_FAM_3,,0,1.9243696e-05,False,
T001004,A0041,2026-01-05 17:23:00,99.24,D_FAM_6,,0,1.9241274e-05,False,
T006747,A0371,2026-02-02 07:41:00,61.76,D_A0371,,0,1.9238263e-05,False,
T000957,A0444,2026-01-05 14:39:00,174.71,D_A0444,,0,1.9229532e-05,False,
T002699,A0442,2026-01-13 18:02:00,177.06,D_A0442,,0,1.9229532e-05,False,
T006046,A0097,2026-01-29 18:24:00,111.25,D_FAM_1,,0,1.9228873e-05,False,
T002143,A0024,2026-01-11 11:38:00,92.59,D_A0024,,0,1.9225316e-05,False,
T011442,A0186,2026-02-24 11:43:00,17.91,D_A0186,,0,1.9225316e-05,False,
T005082,A0025,2026-01-25 11:05:00,37.01,D_A0025,,0,1.9225316e-05,False,
T008517,A0205,2026-02-10 11:11:00,37.22,D_A0205,,0,1.9225316e-05,False,
T002246,A0208,2026-01-11 16:32:00,102.5,D_A0208,,0,1.9222161e-05,False,
T005894,A0103,2026-01-29 08:53:00,46.01,D_A0103,,0,1.920787e-05,False,
T009600,A0188,2026-02-15 14:13:00,192.76,D_A0188,,0,1.920155e-05,False,
T012310,A0350,2026-02-28 16:34:00,134.79,D_A0350,,0,1.919289e-05,False,
T008346,A0287,2026-02-09 13:06:00,28.5,D_FAM_13,,0,1.9187712e-05,False,
T010038,A0287,2026-02-17 13:59:00,34.05,D_FAM_13,,0,1.9187712e-05,False,
T011319,A0287,2026-02-23 15:16:00,23.88,D_FAM_13,,0,1.9187712e-05,False,
T000656,R005,2026-01-04 09:37:00,91.1,D_R005,,0,1.9181236e-05,False,
T000920,A0055,2026-01-05 12:47:00,19.78,D_A0055,,0,1.9171634e-05,False,
T001100,A0152,2026-01-06 11:40:00,60.6,D_A0152,,0,1.9170026e-05,False,
T000045,A0399,2026-01-01 11:23:00,85.14,D_A0399,,0,1.9170026e-05,False,
T000051,A0287,2026-01-01 11:34:00,60.06,D_FAM_13,,0,1.916118e-05,False,
T005234,A0132,2026-01-25 21:50:00,319.22,D_A0132,,0,1.9159626e-05,False,
T001027,A0243,2026-01-05 19:40:00,293.18,D_A0243,,0,1.9159626e-05,False,
T006481,A0281,2026-01-31 18:43:00,168.76,D_A0281,,0,1.9157946e-05,False,
T007569,A0195,2026-02-05 19:06:00,21.53,D_FAM_11,,0,1.9147918e-05,False,
T012002,A0343,2026-02-27 10:27:00,42.56,D_A0343,,0,1.9134719e-05,False,
T001510,A0082,2026-01-08 10:25:00,51.42,D_A0082,,0,1.912629e-05,False,
T009759,A0235,2026-02-16 10:53:00,96.12,D_A0235,,0,1.912629e-05,False,
T002779,A0454,2026-01-14 10:52:00,32.59,D_A0454,,0,1.912135e-05,False,
T012178,A0474,2026-02-28 10:13:00,77.63,D_A0474,,0,1.912135e-05,False,
T002118,A0391,2026-01-11 10:04:00,37.18,D_A0391,,0,1.912135e-05,False,
T006126,A0482,2026-01-30 10:49:00,38.25,D_A0482,,0,1.912135e-05,False,
T000081,A0402,2026-01-01 12:53:00,153.7,D_A0402,,0,1.9121093e-05,False,
T009503,A0190,2026-02-14 23:16:00,228.65,D_FAM_13,,0,1.9120109e-05,False,
T010611,A0253,2026-02-20 11:25:00,31.16,D_A0253,,0,1.9114255e-05,False,
T011815,A0051,2026-02-26 11:11:00,97.96,D_A0051,,0,1.9114255e-05,False,
T006792,A0158,2026-02-02 11:08:00,28.93,D_A0158,,0,1.9114255e-05,False,
T007415,A0227,2026-02-05 11:08:00,61.14,D_A0227,,0,1.9114255e-05,False,
T006353,A0146,2026-01-31 11:33:00,26.71,D_A0146,,0,1.9114255e-05,False,
T007239,A0048,2026-02-04 11:56:00,71.47,D_A0048,,0,1.9114255e-05,False,
T001652,A0072,2026-01-08 17:36:00,61.62,D_A0072,,0,1.9104398e-05,False,
T008924,A0296,2026-02-12 11:24:00,109.31,D_A0296,,0,1.9096802e-05,False,
T004375,A0401,2026-01-21 16:44:00,191.1,D_A0401,,0,1.9094488e-05,False,
T007875,A0209,2026-02-07 11:22:00,50.19,D_A0209,,0,1.9074614e-05,False,
T003913,A0480,2026-01-19 12:09:00,159.73,D_FAM_6,,0,1.9071285e-05,False,
T000663,A0143,2026-01-04 10:06:00,16.24,D_A0143,,0,1.9068248e-05,False,
T002559,A0415,2026-01-13 10:02:00,18.23,D_A0415,,0,1.9068248e-05,False,
T007214,A0405,2026-02-04 10:02:00,64.03,D_A0405,,0,1.9068248e-05,False,
T009760,A0002,2026-02-16 10:54:00,27.82,D_A0002,,0,1.9068248e-05,False,
T003673,A0143,2026-01-18 10:41:00,6.32,D_A0143,,0,1.9068248e-05,False,
T008294,A0209,2026-02-09 10:11:00,15.21,D_A0209,,0,1.9068248e-05,False,
T006997,A0415,2026-02-03 10:08:00,25.55,D_A0415,,0,1.9068248e-05,False,
T008304,A0143,2026-02-09 10:59:00,8.92,D_A0143,,0,1.9068248e-05,False,
T006334,A0209,2026-01-31 10:07:00,13.34,D_A0209,,0,1.9068248e-05,False,
T011417,A0099,2026-02-24 10:16:00,18.59,D_A0099,,0,1.9068248e-05,False,
T008076,A0046,2026-02-08 10:56:00,25.31,D_A0046,,0,1.9068248e-05,False,
T011625,A0338,2026-02-25 10:51:00,33.65,D_A0338,,0,1.9068248e-05,False,
T008909,A0002,2026-02-12 10:32:00,25.8,D_A0002,,0,1.9068248e-05,False,
T006563,A0087,2026-02-01 11:05:00,451.83,D_A0087,,0,1.9067047e-05,False,
T002273,A0336,2026-01-11 18:19:00,113.49,D_A0336,,0,1.9055233e-05,False,
T006876,A0258,2026-02-02 15:37:00,113.66,D_A0258,,0,1.9055233e-05,False,
T001983,A0123,2026-01-10 13:55:00,116.45,D_A0123,,0,1.9055233e-05,False,
T012222,A0480,2026-02-28 13:10:00,164.82,D_FAM_6,,0,1.9049401e-05,False,
T008671,A0215,2026-02-10 23:38:00,220.23,D_A0215,,0,1.9045405e-05,False,
T007689,A0242,2026-02-06 12:58:00,133.5,D_A0242,,0,1.9027051e-05,False,
T010017,A0018,2026-02-17 13:03:00,129.63,D_A0018,,0,1.9005216e-05,False,
T001783,A0192,2026-01-09 14:14:00,122.01,D_A0192,,0,1.899891e-05,False,
T008987,A0297,2026-02-12 14:12:00,90.92,D_A0297,,0,1.8979534e-05,False,
T009263,A0297,2026-02-13 18:28:00,88.6,D_A0297,,0,1.8979534e-05,False,
T010246,A0191,2026-02-18 13:08:00,60.48,D_A0191,,0,1.8975696e-05,False,
T004536,A0265,2026-01-22 14:28:00,99.6,D_A0265,,0,1.8975696e-05,False,
T011354,A0456,2026-02-23 18:02:00,94.73,D_A0456,,0,1.8975696e-05,False,
T011520,A0150,2026-02-24 15:27:00,64.99,D_A0150,,0,1.8975696e-05,False,
T004636,A0470,2026-01-22 20:19:00,99.52,D_A0470,,0,1.8975696e-05,False,
T007977,A0470,2026-02-07 17:09:00,88.32,D_A0470,,0,1.8975696e-05,False,
T011008,A0097,2026-02-22 08:07:00,26.69,D_FAM_1,,0,1.8968605e-05,False,
T000363,A0121,2026-01-02 17:12:00,115.54,D_A0121,,0,1.895103e-05,False,
T010871,A0277,2026-02-21 13:02:00,265.55,D_A0277,,0,1.8933957e-05,False,
T011425,A0204,2026-02-24 10:37:00,43.52,D_A0204,,0,1.8928902e-05,False,
T003573,A0479,2026-01-17 16:24:00,176.01,D_A0479,,0,1.8926521e-05,False,
T004114,A0256,2026-01-20 12:38:00,143.96,D_A0256,,0,1.89136e-05,False,
T009120,A0492,2026-02-13 11:00:00,410.7,D_A0492,,0,1.8911978e-05,False,
T010046,A0141,2026-02-17 14:33:00,217.2,D_FAM_2,,0,1.8898798e-05,False,
T009904,A0463,2026-02-16 19:26:00,145.2,D_A0463,,0,1.8891897e-05,False,
T002028,R006,2026-01-10 16:33:00,145.12,D_R006,,0,1.8891897e-05,False,
T002291,A0243,2026-01-11 20:08:00,280.33,D_A0243,,0,1.8890203e-05,False,
T005445,A0061,2026-01-26 18:57:00,137.94,D_A0061,,0,1.8889987e-05,False,
T010707,A0097,2026-02-20 15:07:00,144.34,D_FAM_1,,0,1.8888997e-05,False,
T001769,A0034,2026-01-09 13:36:00,21.62,D_FAM_10,,0,1.8878227e-05,False,
T008485,A0306,2026-02-10 07:58:00,43.35,D_A0306,,0,1.8876966e-05,False,
T003408,A0294,2026-01-17 07:21:00,40.64,D_A0294,,0,1.8876966e-05,False,
T008873,A0122,2026-02-12 07:26:00,42.25,D_A0122,,0,1.8876966e-05,False,
T004237,A0092,2026-01-21 07:00:00,87.19,D_A0092,,0,1.8876966e-05,False,
T003414,A0268,2026-01-17 07:44:00,41.58,D_A0268,,0,1.8876966e-05,False,
T005875,A0395,2026-01-29 07:10:00,30.3,D_A0395,,0,1.8876966e-05,False,
T007840,A0236,2026-02-07 07:57:00,34.64,D_A0236,,0,1.8876966e-05,False,
T008678,A0136,2026-02-11 07:04:00,61.66,D_A0136,,0,1.8876966e-05,False,
T009943,A0311,2026-02-17 07:55:00,27.24,D_A0311,,0,1.8876966e-05,False,
T004426,A0361,2026-01-22 07:16:00,49.0,D_A0361,,0,1.8876966e-05,False,
T003175,A0026,2026-01-16 07:21:00,36.49,D_A0026,,0,1.8876966e-05,False,
T006515,A0028,2026-02-01 07:08:00,59.93,D_A0028,,0,1.8876966e-05,False,
T004664,A0294,2026-01-23 07:21:00,37.99,D_A0294,,0,1.8876966e-05,False,
T008032,A0122,2026-02-08 07:02:00,65.33,D_A0122,,0,1.8876966e-05,False,
T010155,A0452,2026-02-18 07:07:00,52.16,D_A0452,,0,1.8876966e-05,False,
T000415,A0182,2026-01-03 07:33:00,78.02,D_FAM_8,,0,1.887245e-05,False,
T009334,A0151,2026-02-14 10:04:00,71.14,D_A0151,,0,1.8856366e-05,False,
T009111,A0284,2026-02-13 10:14:00,69.2,D_A0284,,0,1.8856366e-05,False,
T001720,A0151,2026-01-09 10:52:00,82.1,D_A0151,,0,1.8856366e-05,False,
T004022,A0364,2026-01-19 17:43:00,163.73,D_A0364,,0,1.8855773e-05,False,
T010330,A0281,2026-02-18 18:40:00,149.65,D_A0281,,0,1.8833147e-05,False,
T007024,A0352,2026-02-03 11:31:00,57.74,D_A0352,,0,1.8830076e-05,False,
T005695,A0199,2026-01-28 07:35:00,48.82,D_A0199,,0,1.8811912e-05,False,
T004238,A0068,2026-01-21 07:04:00,74.63,D_A0068,,0,1.8811912e-05,False,
T002732,A0067,2026-01-14 07:36:00,19.33,D_A0067,,0,1.8811912e-05,False,
T009717,A0060,2026-02-16 07:37:00,50.45,D_A0060,,0,1.8811912e-05,False,
T003861,A0312,2026-01-19 07:58:00,85.2,D_A0312,,0,1.8811912e-05,False,
T011382,A0440,2026-02-24 07:14:00,39.5,D_A0440,,0,1.8811912e-05,False,
T007836,A0061,2026-02-07 07:29:00,38.24,D_A0061,,0,1.8811912e-05,False,
T008874,A0199,2026-02-12 07:30:00,29.55,D_A0199,,0,1.8811912e-05,False,
T009755,A0334,2026-02-16 10:38:00,166.72,D_A0334,,0,1.8809113e-05,False,
T002089,A0065,2026-01-11 07:31:00,51.11,D_A0065,,0,1.8804989e-05,False,
T003354,A0338,2026-01-16 17:39:00,108.65,D_A0338,,0,1.8804341e-05,False,
T010024,A0193,2026-02-17 13:17:00,167.07,D_A0193,,0,1.8790271e-05,False,
T003184,A0434,2026-01-16 08:09:00,20.7,D_A0434,,0,1.8782192e-05,False,
T001490,A0127,2026-01-08 08:42:00,37.82,D_A0127,,0,1.8782192e-05,False,
T004064,A0032,2026-01-20 08:39:00,38.71,D_A0032,,0,1.8782192e-05,False,
T008486,A0127,2026-02-10 08:09:00,79.09,D_A0127,,0,1.8782192e-05,False,
T010335,A0376,2026-02-18 19:39:00,123.72,D_A0376,,0,1.8780866e-05,False,
T010219,A0229,2026-02-18 11:48:00,122.62,D_A0229,,0,1.8773022e-05,False,
T001871,A0082,2026-01-09 20:39:00,145.16,D_A0082,,0,1.8770479e-05,False,
T011053,A0248,2026-02-22 11:59:00,75.96,D_A0248,,0,1.876799e-05,False,
T002734,A0489,2026-01-14 07:41:00,23.75,D_A0489,,0,1.8740182e-05,False,
T005047,A0061,2026-01-25 07:38:00,79.54,D_A0061,,0,1.8740182e-05,False,
T009515,A0285,2026-02-15 07:40:00,87.9,D_A0285,,0,1.8740182e-05,False,
T007611,A0107,2026-02-06 07:49:00,58.59,D_A0107,,0,1.8740182e-05,False,
T009125,A0491,2026-02-13 11:09:00,34.2,D_FAM_2,,0,1.8737053e-05,False,
T011820,A0411,2026-02-26 11:50:00,132.84,D_A0411,,0,1.8719711e-05,False,
T007398,A0132,2026-02-05 09:39:00,88.64,D_A0132,,0,1.8711877e-05,False,
T009958,A0085,2026-02-17 09:24:00,28.1,D_A0085,,0,1.8711877e-05,False,
T010580,A0413,2026-02-20 09:05:00,57.71,D_A0413,,0,1.8711877e-05,False,
T010369,A0252,2026-02-19 08:55:00,9.51,D_A0252,,0,1.8710572e-05,False,
T009210,A0482,2026-02-13 15:06:00,110.28,D_A0482,,0,1.8709592e-05,False,
T010087,A0016,2026-02-17 16:26:00,227.39,D_FAM_12,,0,1.8705006e-05,False,
T001887,A0215,2026-01-10 07:03:00,80.44,D_A0215,,0,1.8702029e-05,False,
T011337,A0474,2026-02-23 16:31:00,158.34,D_A0474,,0,1.8652956e-05,False,
T004637,A0329,2026-01-22 20:35:00,158.22,D_A0329,,0,1.8652956e-05,False,
T009050,A0400,2026-02-12 18:12:00,111.34,D_A0400,,0,1.8621284e-05,False,
T004743,A0370,2026-01-23 13:56:00,118.04,D_A0370,,0,1.8620467e-05,False,
T008631,A0157,2026-02-10 16:58:00,125.73,D_A0157,,0,1.8608856e-05,False,
T000055,A0241,2026-01-01 11:44:00,75.96,D_A0241,,0,1.8608202e-05,False,
T001486,A0048,2026-01-08 07:48:00,88.52,D_A0048,,0,1.8603232e-05,False,
T008853,A0459,2026-02-11 19:31:00,121.92,D_A0459,,0,1.8597893e-05,False,
T006796,A0110,2026-02-02 11:17:00,108.2,D_A0110,,0,1.8587929e-05,False,
T006352,A0121,2026-01-31 11:25:00,117.94,D_A0121,,0,1.8587929e-05,False,
T002791,A0074,2026-01-14 11:38:00,117.67,D_A0074,,0,1.8587929e-05,False,
T010766,A0444,2026-02-20 18:51:00,122.87,D_A0444,,0,1.8577863e-05,False,
T007889,A0410,2026-02-07 12:15:00,68.54,D_A0410,,0,1.857648e-05,False,
T010287,A0055,2026-02-18 15:14:00,42.27,D_A0055,,0,1.8573328e-05,False,
T001350,A0458,2026-01-07 12:53:00,24.03,D_FAM_9,,0,1.8564844e-05,False,
T006041,A0048,2026-01-29 18:07:00,84.35,D_A0048,,0,1.8555163e-05,False,
T004515,A0203,2026-01-22 13:19:00,29.02,D_A0203,,0,1.8555163e-05,False,
T011691,A0017,2026-02-25 14:52:00,46.28,D_A0017,,0,1.8555163e-05,False,
T007353,A0208,2026-02-04 18:39:00,85.12,D_A0208,,0,1.8555163e-05,False,
T011944,A0377,2026-02-26 17:54:00,58.52,D_A0377,,0,1.8555163e-05,False,
T007374,A0390,2026-02-04 22:57:00,95.8,D_A0390,,0,1.8555163e-05,False,
T008342,A0314,2026-02-09 12:59:00,117.55,D_FAM_10,,0,1.8544637e-05,False,
T005556,A0098,2026-01-27 13:19:00,46.28,D_A0098,,0,1.8517529e-05,False,
T003888,A0101,2026-01-19 10:56:00,67.98,D_A0101,,0,1.8509407e-05,False,
T003219,A0292,2026-01-16 10:23:00,40.35,D_A0292,,0,1.8509407e-05,False,
T002778,A0042,2026-01-14 10:51:00,45.44,D_A0042,,0,1.8509407e-05,False,
T008715,A0364,2026-02-11 10:24:00,75.73,D_A0364,,0,1.8509407e-05,False,
T001087,A0283,2026-01-06 10:53:00,31.96,D_A0283,,0,1.8509407e-05,False,
T003448,A0093,2026-01-17 10:13:00,73.72,D_A0093,,0,1.8509407e-05,False,
T008500,A0093,2026-02-10 10:11:00,64.21,D_A0093,,0,1.8509407e-05,False,
T003089,A0109,2026-01-15 15:28:00,44.22,D_FAM_13,,0,1.8488448e-05,False,
T002329,A0306,2026-01-12 09:13:00,82.71,D_A0306,,0,1.8474331e-05,False,
T008200,A0445,2026-02-08 16:35:00,163.41,D_A0445,,0,1.847056e-05,False,
T006431,A0213,2026-01-31 15:46:00,150.76,D_A0213,,0,1.847056e-05,False,
T008526,A0378,2026-02-10 11:24:00,55.7,D_A0378,,0,1.8467514e-05,False,
T005455,A0237,2026-01-26 20:49:00,100.09,D_FAM_3,,0,1.846526e-05,False,
T008739,A0099,2026-02-11 11:38:00,88.93,D_A0099,,0,1.8464169e-05,False,
T002780,A0148,2026-01-14 10:56:00,115.13,D_A0148,,0,1.8461193e-05,False,
T000484,A0171,2026-01-03 12:38:00,73.84,D_A0171,PAYEE_A0171,0,1.8445511e-05,False,
T011245,A0253,2026-02-23 11:18:00,66.15,D_A0253,,0,1.844488e-05,False,
T002607,A0025,2026-01-13 12:37:00,99.98,D_A0025,,0,1.8444456e-05,False,
T010413,A0434,2026-02-19 12:11:00,120.46,D_A0434,,0,1.843257e-05,False,
T001549,A0434,2026-01-08 12:18:00,110.41,D_A0434,,0,1.843257e-05,False,
T010587,A0128,2026-02-20 09:41:00,127.74,D_A0128,,0,1.8431498e-05,False,
T004376,A0257,2026-01-21 16:47:00,125.41,D_A0257,,0,1.84283e-05,False,
T002026,A0084,2026-01-10 16:28:00,41.94,D_A0084,,0,1.8423292e-05,False,
T002271,A0072,2026-01-11 17:59:00,48.07,D_A0072,,0,1.8423292e-05,False,
T007331,A0120,2026-02-04 17:24:00,98.46,D_A0120,,0,1.8423292e-05,False,
T000701,A0447,2026-01-04 12:37:00,45.05,D_A0447,,0,1.8418707e-05,False,
T009986,A0221,2026-02-17 11:38:00,34.05,D_A0221,,0,1.841767e-05,False,
T000391,A0441,2026-01-02 19:53:00,73.71,D_A0441,,0,1.839757e-05,False,
T000352,A0016,2026-01-02 16:40:00,255.82,D_FAM_12,,0,1.8393834e-05,False,
T001792,A0413,2026-01-09 14:53:00,123.43,D_A0413,,0,1.8390887e-05,False,
T003233,A0050,2026-01-16 11:33:00,105.29,D_A0050,,0,1.839085e-05,False,
T009592,A0431,2026-02-15 13:50:00,113.17,D_FAM_11,,0,1.8388519e-05,False,
T012193,A0041,2026-02-28 11:09:00,18.91,D_FAM_6,,0,1.838701e-05,False,
T005929,A0427,2026-01-29 11:22:00,101.87,D_A0427,,0,1.8385732e-05,False,
T009133,A0495,2026-02-13 11:37:00,126.11,D_A0495,,0,1.8383469e-05,False,
T001141,A0006,2026-01-06 14:04:00,95.64,D_FAM_7,,0,1.8353865e-05,False,
T005517,A0253,2026-01-27 11:09:00,71.55,D_A0253,,0,1.8347442e-05,False,
T007847,A0097,2026-02-07 09:19:00,52.72,D_FAM_1,,0,1.8342946e-05,False,
T003876,A0097,2026-01-19 09:36:00,56.75,D_FAM_1,,0,1.8342946e-05,False,
T004929,A0148,2026-01-24 13:19:00,109.39,D_A0148,,0,1.834132e-05,False,
T008388,A0095,2026-02-09 15:27:00,113.17,D_A0095,,0,1.834132e-05,False,
T008107,A0347,2026-02-08 12:30:00,154.29,D_A0347,,0,1.8337752e-05,False,
T005518,A0178,2026-01-27 11:10:00,72.2,D_A0178,,0,1.8334516e-05,False,
T008131,A0154,2026-02-08 13:49:00,154.29,D_A0154,,0,1.8316707e-05,False,
T000272,A0335,2026-01-02 12:21:00,34.01,D_A0335,,0,1.8312307e-05,False,
T011816,A0333,2026-02-26 11:25:00,111.67,D_FAM_9,,0,1.8303122e-05,False,
T000178,A0051,2026-01-01 19:46:00,81.11,D_A0051,,0,1.8291292e-05,False,
T008466,A0366,2026-02-09 23:12:00,142.42,D_FAM_5,,0,1.8286828e-05,False,
T006636,A0014,2026-02-01 15:11:00,80.0,D_FAM_2,,0,1.8284683e-05,False,
T001811,A0093,2026-01-09 15:54:00,149.84,D_A0093,,0,1.8275914e-05,False,
T001741,A0413,2026-01-09 12:24:00,114.63,D_A0413,,0,1.8255134e-05,False,
T012144,A0086,2026-02-28 07:43:00,71.79,D_A0086,,0,1.825386e-05,False,
T002536,A0311,2026-01-13 07:53:00,46.87,D_A0311,,0,1.825386e-05,False,
T010166,A0479,2026-02-18 07:47:00,64.11,D_A0479,,0,1.825386e-05,False,
T006976,A0268,2026-02-03 07:58:00,57.07,D_A0268,,0,1.825386e-05,False,
T004199,A0072,2026-01-20 17:19:00,50.56,D_A0072,,0,1.8241697e-05,False,
T002720,A0020,2026-01-13 20:59:00,129.3,D_A0020,,0,1.8241471e-05,False,
T002894,A0096,2026-01-14 16:40:00,152.37,D_A0096,,0,1.8239576e-05,False,
T006206,A0075,2026-01-30 14:47:00,150.38,D_A0075,,0,1.8239576e-05,False,
T009700,A0492,2026-02-15 22:02:00,164.75,D_A0492,,0,1.8239576e-05,False,
T003159,A0411,2026-01-15 20:35:00,163.26,D_A0411,,0,1.8239576e-05,False,
T006593,A0429,2026-02-01 13:04:00,163.37,D_A0429,,0,1.8239576e-05,False,
T006464,A0411,2026-01-31 17:34:00,159.38,D_A0411,,0,1.8239576e-05,False,
T011726,A0284,2026-02-25 16:41:00,171.0,D_A0284,,0,1.8234185e-05,False,
T011821,A0132,2026-02-26 11:52:00,207.62,D_A0132,,0,1.8227995e-05,False,
T005115,A0298,2026-01-25 12:46:00,218.25,D_A0298,,0,1.8222885e-05,False,
T008399,A0481,2026-02-09 15:44:00,110.35,D_A0481,,0,1.8222276e-05,False,
T003970,A0229,2026-01-19 14:53:00,132.03,D_A0229,,0,1.8204335e-05,False,
T000840,A0122,2026-01-05 07:23:00,32.16,D_A0122,,0,1.820317e-05,False,
T010167,A0126,2026-02-18 07:48:00,75.79,D_A0126,,0,1.820317e-05,False,
T002951,A0167,2026-01-15 07:30:00,44.76,D_A0167,,0,1.820317e-05,False,
T005247,A0439,2026-01-26 07:20:00,16.68,D_A0439,,0,1.820317e-05,False,
T007612,A0012,2026-02-06 07:52:00,88.27,D_A0012,,0,1.820317e-05,False,
T011978,A0251,2026-02-27 07:56:00,11.98,D_A0251,,0,1.820317e-05,False,
T008259,A0012,2026-02-09 07:00:00,73.48,D_A0012,,0,1.820317e-05,False,
T002084,A0298,2026-01-11 07:13:00,26.35,D_A0298,,0,1.820317e-05,False,
T007185,A0026,2026-02-04 07:01:00,20.91,D_A0026,,0,1.820317e-05,False,
T009304,A0404,2026-02-14 07:47:00,15.86,D_A0404,,0,1.820317e-05,False,
T007188,A0341,2026-02-04 07:06:00,20.94,D_A0341,,0,1.820317e-05,False,
T004663,A0180,2026-01-23 07:18:00,19.63,D_A0180,,0,1.820317e-05,False,
T004661,A0439,2026-01-23 07:15:00,8.41,D_A0439,,0,1.820317e-05,False,
T001690,A0026,2026-01-09 07:27:00,19.96,D_A0026,,0,1.820317e-05,False,
T002949,A0127,2026-01-15 07:23:00,18.23,D_A0127,,0,1.820317e-05,False,
T003857,A0180,2026-01-19 07:52:00,13.77,D_A0180,,0,1.820317e-05,False,
T003858,A0351,2026-01-19 07:54:00,11.78,D_A0351,,0,1.820317e-05,False,
T000410,R007,2026-01-03 07:15:00,16.53,D_R007,,0,1.820317e-05,False,
T006971,A0421,2026-02-03 07:40:00,14.87,D_A0421,,0,1.820317e-05,False,
T009404,A0350,2026-02-14 14:18:00,143.86,D_A0350,,0,1.8202338e-05,False,
T006755,A0175,2026-02-02 08:43:00,102.99,D_FAM_7,,0,1.819524e-05,False,
T003412,A0452,2026-01-17 07:33:00,58.97,D_A0452,,0,1.8190955e-05,False,
T010795,A0144,2026-02-21 07:52:00,60.58,D_A0144,,0,1.8190955e-05,False,
T006289,A0295,2026-01-31 07:21:00,49.95,D_A0295,,0,1.8190955e-05,False,
T003252,A0229,2026-01-16 12:51:00,139.11,D_A0229,,0,1.8174514e-05,False,
T006305,A0189,2026-01-31 08:39:00,29.13,D_A0189,,0,1.8162214e-05,False,
T003865,A0189,2026-01-19 08:10:00,43.39,D_A0189,,0,1.8162214e-05,False,
T005055,A0388,2026-01-25 08:22:00,19.04,D_A0388,,0,1.8162214e-05,False,
T011593,A0382,2026-02-25 08:28:00,71.81,D_A0382,,0,1.8162214e-05,False,
T008051,A0316,2026-02-08 08:36:00,56.81,D_FAM_14,,0,1.8143914e-05,False,
T001698,A0316,2026-01-09 08:52:00,45.93,D_FAM_14,,0,1.8143914e-05,False,
T005041,A0237,2026-01-25 07:22:00,22.59,D_A0237,,0,1.8140438e-05,False,
T002319,A0227,2026-01-12 07:59:00,15.23,D_A0227,,0,1.8140438e-05,False,
T010162,A0168,2026-02-18 07:24:00,35.49,D_A0168,,0,1.8140438e-05,False,
T002729,A0399,2026-01-14 07:29:00,39.55,D_A0399,,0,1.8140438e-05,False,
T008882,A0340,2026-02-12 07:57:00,25.2,D_A0340,,0,1.8140438e-05,False,
T010788,A0295,2026-02-21 07:03:00,10.29,D_A0295,,0,1.8140438e-05,False,
T001261,A0358,2026-01-07 07:08:00,27.34,D_A0358,,0,1.8140438e-05,False,
T011974,A0202,2026-02-27 07:45:00,47.0,D_A0202,,0,1.8140438e-05,False,
T009507,A0402,2026-02-15 07:11:00,18.05,D_A0402,,0,1.8140438e-05,False,
T005697,A0358,2026-01-28 07:48:00,18.53,D_A0358,,0,1.8140438e-05,False,
T009931,A0164,2026-02-17 07:15:00,37.05,D_A0164,,0,1.8140438e-05,False,
T001274,A0429,2026-01-07 07:58:00,27.5,D_A0429,,0,1.8140438e-05,False,
T003647,A0429,2026-01-18 07:31:00,25.7,D_A0429,,0,1.8140438e-05,False,
T011778,A0358,2026-02-26 07:11:00,18.82,D_A0358,,0,1.8140438e-05,False,
T001220,A0015,2026-01-06 17:43:00,83.78,D_FAM_14,,0,1.813288e-05,False,
T005742,A0403,2026-01-28 11:48:00,80.45,D_A0403,,0,1.8131166e-05,False,
T001897,A0082,2026-01-10 08:15:00,29.96,D_A0082,,0,1.8111776e-05,False,
T000428,A0323,2026-01-03 08:47:00,16.0,D_A0323,,0,1.8111776e-05,False,
T005256,A0082,2026-01-26 08:37:00,12.18,D_A0082,,0,1.8111776e-05,False,
T004676,A0494,2026-01-23 08:30:00,59.84,D_A0494,,0,1.8111776e-05,False,
T010803,A0471,2026-02-21 08:31:00,26.79,D_A0471,,0,1.8111776e-05,False,
T006300,A0323,2026-01-31 08:05:00,17.62,D_A0323,,0,1.8111776e-05,False,
T008053,A0483,2026-02-08 08:43:00,37.03,D_A0483,,0,1.8111776e-05,False,
T009099,A0483,2026-02-13 08:28:00,8.93,D_A0483,,0,1.8111776e-05,False,
T000858,A0469,2026-01-05 08:42:00,19.53,D_A0469,,0,1.8111776e-05,False,
T005442,A0051,2026-01-26 18:45:00,111.78,D_A0051,,0,1.808749e-05,False,
T007435,A0256,2026-02-05 12:12:00,168.25,D_A0256,,0,1.8081972e-05,False,
T006870,A0109,2026-02-02 15:23:00,58.42,D_FAM_13,,0,1.8078714e-05,False,
T009630,A0109,2026-02-15 15:34:00,62.93,D_FAM_13,,0,1.8078714e-05,False,
T012327,A0109,2026-02-28 17:26:00,67.22,D_FAM_13,,0,1.8078714e-05,False,
T004585,A0109,2026-01-22 16:16:00,47.43,D_FAM_13,,0,1.8078714e-05,False,
T009865,A0109,2026-02-16 16:21:00,51.33,D_FAM_13,,0,1.8078714e-05,False,
T004514,A0109,2026-01-22 13:17:00,51.83,D_FAM_13,,0,1.8078714e-05,False,
T008004,A0491,2026-02-07 18:37:00,14.25,D_FAM_2,,0,1.8078714e-05,False,
T000312,A0352,2026-01-02 14:02:00,72.12,D_A0352,,0,1.8075678e-05,False,
T007362,A0220,2026-02-04 19:28:00,116.64,D_A0220,,0,1.8074748e-05,False,
T002345,A0159,2026-01-12 10:12:00,98.32,D_A0159,,0,1.8071025e-05,False,
T008262,A0311,2026-02-09 07:19:00,47.13,D_A0311,,0,1.8070146e-05,False,
T007924,A0088,2026-02-07 14:18:00,175.42,D_A0088,,0,1.8064806e-05,False,
T004021,A0089,2026-01-19 17:22:00,126.86,D_A0089,,0,1.806348e-05,False,
T006008,A0069,2026-01-29 15:54:00,152.09,D_A0069,,0,1.8061222e-05,False,
T005616,A0281,2026-01-27 15:56:00,153.01,D_A0281,,0,1.8061222e-05,False,
T003569,A0033,2026-01-17 16:17:00,152.06,D_A0033,,0,1.8061222e-05,False,
T003983,A0211,2026-01-19 15:16:00,135.76,D_A0211,,0,1.805788e-05,False,
T000791,A0184,2026-01-04 16:47:00,63.45,D_A0184,PAYEE_A0184,0,1.804738e-05,False,
T003909,A0018,2026-01-19 12:01:00,144.8,D_A0018,,0,1.8045057e-05,False,
T011067,A0287,2026-02-22 12:37:00,38.39,D_FAM_13,,0,1.8030469e-05,False,
T002018,A0118,2026-01-10 15:57:00,124.62,D_A0118,,0,1.8027426e-05,False,
T005196,A0350,2026-01-25 17:29:00,139.38,D_A0350,,0,1.8024348e-05,False,
T007964,A0247,2026-02-07 16:08:00,139.37,D_A0247,,0,1.8024348e-05,False,
T009280,A0018,2026-02-13 20:37:00,140.99,D_A0018,,0,1.8024348e-05,False,
T006537,A0112,2026-02-01 09:11:00,101.57,D_A0112,,0,1.8018642e-05,False,
T005277,A0249,2026-01-26 10:05:00,25.98,D_A0249,,0,1.8016186e-05,False,
T007643,A0143,2026-02-06 10:29:00,48.23,D_A0143,,0,1.8016186e-05,False,
T000939,A0133,2026-01-05 14:04:00,104.17,D_A0133,,0,1.8010414e-05,False,
T004349,A0287,2026-01-21 15:18:00,47.98,D_FAM_13,,0,1.8009778e-05,False,
T004221,A0287,2026-01-20 19:59:00,37.2,D_FAM_13,,0,1.8009778e-05,False,
T007342,A0287,2026-02-04 18:14:00,41.38,D_FAM_13,,0,1.8009778e-05,False,
T000465,A0360,2026-01-03 11:28:00,41.63,D_A0360,,0,1.8009503e-05,False,
T001929,A0410,2026-01-10 11:18:00,44.31,D_A0410,,0,1.8009503e-05,False,
T009354,A0245,2026-02-14 11:46:00,40.52,D_A0245,,0,1.8009503e-05,False,
T001322,A0377,2026-01-07 11:21:00,15.43,D_A0377,,0,1.8009503e-05,False,
T006804,A0245,2026-02-02 11:45:00,55.7,D_A0245,,0,1.8009503e-05,False,
T003476,A0377,2026-01-17 11:49:00,17.43,D_A0377,,0,1.8009503e-05,False,
T012009,A0360,2026-02-27 11:20:00,36.16,D_A0360,,0,1.8009503e-05,False,
T006990,A0054,2026-02-03 09:29:00,79.66,D_A0054,,0,1.7982044e-05,False,
T001011,A0460,2026-01-05 18:06:00,127.79,D_A0460,,0,1.7980621e-05,False,
T005704,A0084,2026-01-28 08:56:00,34.67,D_A0084,,0,1.797942e-05,False,
T011167,A0213,2026-02-22 17:20:00,158.21,D_A0213,,0,1.7978375e-05,False,
T010975,A0364,2026-02-21 19:44:00,150.33,D_A0364,,0,1.7978375e-05,False,
T004972,A0172,2026-01-24 15:42:00,112.79,D_A0172,,0,1.7942235e-05,False,
T011047,A0177,2026-02-22 11:44:00,87.63,D_A0177,,0,1.794083e-05,False,
T005934,A0019,2026-01-29 11:52:00,61.77,D_A0019,,0,1.794083e-05,False,
T010626,A0424,2026-02-20 11:59:00,39.24,D_A0424,,0,1.794083e-05,False,
T005381,A0478,2026-01-26 14:57:00,96.0,D_A0478,,0,1.7932365e-05,False,
T011739,A0241,2026-02-25 18:06:00,67.57,D_A0241,,0,1.7932365e-05,False,
T008188,A0314,2026-02-08 16:03:00,120.51,D_FAM_10,,0,1.7930552e-05,False,
T007235,A0172,2026-02-04 11:36:00,129.65,D_A0172,,0,1.79305e-05,False,
T008282,A0163,2026-02-09 09:16:00,75.19,D_FAM_5,,0,1.7927081e-05,False,
T010621,A0218,2026-02-20 11:54:00,92.82,D_A0218,,0,1.792303e-05,False,
T007664,A0229,2026-02-06 11:44:00,110.85,D_A0229,,0,1.792221e-05,False,
T001074,A0116,2026-01-06 09:57:00,96.96,D_A0116,,0,1.7920072e-05,False,
T010492,A0292,2026-02-19 15:54:00,115.08,D_A0292,,0,1.7906115e-05,False,
T005525,A0130,2026-01-27 11:28:00,80.3,D_A0130,,0,1.7904307e-05,False,
T001924,A0164,2026-01-10 10:46:00,71.24,D_A0164,,0,1.7897119e-05,False,
T010138,A0093,2026-02-17 21:18:00,149.05,D_A0093,,0,1.7870889e-05,False,
T012293,A0432,2026-02-28 15:54:00,85.23,D_FAM_14,,0,1.7870718e-05,False,
T000477,A0083,2026-01-03 12:09:00,288.54,D_A0083,,0,1.786225e-05,False,
T006339,A0471,2026-01-31 10:29:00,69.04,D_A0471,,0,1.7860411e-05,False,
T003908,A0132,2026-01-19 12:00:00,262.22,D_A0132,,0,1.7852186e-05,False,
T006811,A0296,2026-02-02 11:58:00,105.3,D_A0296,,0,1.7851862e-05,False,
T011253,A0087,2026-02-23 11:41:00,419.66,D_A0087,,0,1.7847606e-05,False,
T003840,A0322,2026-01-18 23:06:00,181.43,D_A0322,,0,1.7844663e-05,False,
T007106,A0104,2026-02-03 16:14:00,257.19,D_A0104,,0,1.7831699e-05,False,
T003077,A0132,2026-01-15 14:41:00,262.36,D_A0132,,0,1.7831699e-05,False,
T000139,A0188,2026-01-01 15:52:00,140.46,D_A0188,,0,1.7829114e-05,False,
T009680,A0287,2026-02-15 19:19:00,54.73,D_FAM_13,,0,1.7828519e-05,False,
T001590,A0287,2026-01-08 14:05:00,63.9,D_FAM_13,,0,1.7828519e-05,False,
T009070,A0195,2026-02-12 20:26:00,20.2,D_FAM_11,,0,1.7827346e-05,False,
T000675,A0146,2026-01-04 11:31:00,37.27,D_A0146,,0,1.7809725e-05,False,
T000934,A0159,2026-01-05 13:53:00,104.01,D_A0159,,0,1.7804818e-05,False,
T000145,A0256,2026-01-01 16:24:00,121.64,D_A0256,,0,1.7799232e-05,False,
T001000,A0211,2026-01-05 17:04:00,126.68,D_A0211,,0,1.7796465e-05,False,
T004227,A0270,2026-01-20 21:18:00,130.1,D_A0270,,0,1.7778297e-05,False,
T007276,A0077,2026-02-04 14:22:00,66.65,D_A0077,PAYEE_A0077,0,1.7767483e-05,False,
T010363,A0144,2026-02-19 08:30:00,112.51,D_A0144,,0,1.7757575e-05,False,
T008638,A0443,2026-02-10 17:48:00,201.19,D_A0443,,0,1.775688e-05,False,
T008288,A0300,2026-02-09 09:58:00,54.4,D_FAM_12,,0,1.7755914e-05,False,
T000978,A0314,2026-01-05 15:48:00,34.5,D_A0314,,0,1.7755221e-05,False,
T000329,A0413,2026-01-02 15:05:00,81.46,D_A0413,,0,1.7755221e-05,False,
T000350,A0353,2026-01-02 16:30:00,83.18,D_A0353,,0,1.7755221e-05,False,
T003666,A0076,2026-01-18 09:49:00,99.74,D_A0076,,0,1.775429e-05,False,
T000578,A0283,2026-01-03 17:32:00,74.73,D_A0283,,0,1.7747807e-05,False,
T004344,A0346,2026-01-21 15:11:00,108.69,D_A0346,,0,1.7735894e-05,False,
T000218,A0448,2026-01-02 09:11:00,56.67,D_A0448,,0,1.7729502e-05,False,
T006572,A0052,2026-02-01 11:48:00,66.53,D_A0052,,0,1.772935e-05,False,
T000273,A0017,2026-01-02 12:28:00,47.43,D_A0017,,0,1.7726255e-05,False,
T001753,A0216,2026-01-09 12:53:00,23.51,D_A0216,,0,1.7726255e-05,False,
T000914,A0305,2026-01-05 12:33:00,99.96,D_A0305,,0,1.7726255e-05,False,
T009144,A0015,2026-02-13 12:06:00,105.84,D_FAM_14,,0,1.7724904e-05,False,
T001375,A0209,2026-01-07 13:33:00,25.88,D_A0209,,0,1.7720931e-05,False,
T001120,A0443,2026-01-06 12:52:00,121.02,D_A0443,,0,1.7706961e-05,False,
T000497,A0203,2026-01-03 13:40:00,24.94,D_A0203,,0,1.7705914e-05,False,
T000341,A0098,2026-01-02 15:57:00,13.34,D_A0098,,0,1.7705914e-05,False,
T001381,A0282,2026-01-07 13:52:00,122.72,D_A0282,,0,1.7695382e-05,False,
T007162,A0353,2026-02-03 19:56:00,107.22,D_A0353,,0,1.7686642e-05,False,
T008669,A0293,2026-02-10 23:08:00,116.02,D_A0293,,0,1.7686642e-05,False,
T010008,A0211,2026-02-17 12:44:00,135.94,D_A0211,,0,1.7677974e-05,False,
T008577,A0335,2026-02-10 14:08:00,56.33,D_A0335,,0,1.767553e-05,False,
T012316,A0431,2026-02-28 16:46:00,38.02,D_FAM_11,,0,1.7673001e-05,False,
T002846,A0113,2026-01-14 14:04:00,92.09,D_FAM_3,,0,1.7673001e-05,False,
T001273,A0092,2026-01-07 07:58:00,90.05,D_A0092,,0,1.7669683e-05,False,
T009518,A0065,2026-02-15 07:56:00,37.35,D_A0065,,0,1.7669683e-05,False,
T003178,A0409,2026-01-16 07:36:00,56.05,D_A0409,,0,1.7669683e-05,False,
T004432,A0189,2026-01-22 07:38:00,37.82,D_A0189,,0,1.7669683e-05,False,
T003848,A0065,2026-01-19 07:15:00,39.07,D_A0065,,0,1.7669683e-05,False,
T002703,A0238,2026-01-13 18:18:00,187.43,D_A0238,,0,1.7662269e-05,False,
T004903,A0333,2026-01-24 11:55:00,111.79,D_FAM_9,,0,1.7649809e-05,False,
T000075,A0243,2026-01-01 12:26:00,186.93,D_A0243,,0,1.7643413e-05,False,
T009323,A0148,2026-02-14 09:34:00,64.53,D_A0148,,0,1.7630378e-05,False,
T010583,A0231,2026-02-20 09:22:00,39.12,D_A0231,,0,1.7630378e-05,False,
T006546,A0459,2026-02-01 09:55:00,55.38,D_A0459,,0,1.7630378e-05,False,
T009956,A0032,2026-02-17 09:14:00,33.29,D_A0032,,0,1.7630378e-05,False,
T005904,A0192,2026-01-29 09:53:00,119.11,D_A0192,,0,1.7628261e-05,False,
T008647,A0157,2026-02-10 18:30:00,125.22,D_A0157,,0,1.7627908e-05,False,
T006994,A0070,2026-02-03 09:52:00,110.1,D_A0070,,0,1.7621773e-05,False,
T004517,A0213,2026-01-22 13:23:00,149.13,D_A0213,,0,1.7614968e-05,False,
T010270,A0133,2026-02-18 14:21:00,106.15,D_A0133,,0,1.761302e-05,False,
T002308,A0038,2026-01-12 07:10:00,48.57,D_A0038,,0,1.7608787e-05,False,
T012368,A0485,2026-03-01 07:46:00,51.52,D_A0485,,0,1.7608787e-05,False,
T004046,A0322,2026-01-20 07:16:00,54.11,D_A0322,,0,1.7608787e-05,False,
T006133,A0241,2026-01-30 11:17:00,23.49,D_A0241,,0,1.7605344e-05,False,
T002135,A0201,2026-01-11 11:06:00,25.62,D_A0201,,0,1.7585427e-05,False,
T010799,A0422,2026-02-21 08:22:00,58.07,D_A0422,,0,1.7580966e-05,False,
T002100,A0388,2026-01-11 08:29:00,21.82,D_A0388,,0,1.7580966e-05,False,
T000147,A0033,2026-01-01 16:30:00,152.22,D_A0033,,0,1.7579943e-05,False,
T002869,A0243,2026-01-14 14:59:00,150.1,D_A0243,,0,1.7579943e-05,False,
T008002,A0350,2026-02-07 18:20:00,137.82,D_A0350,,0,1.7575652e-05,False,
T007633,A0483,2026-02-06 09:39:00,41.62,D_A0483,,0,1.7563154e-05,False,
T010814,A0085,2026-02-21 09:45:00,55.27,D_A0085,,0,1.7563154e-05,False,
T009537,A0156,2026-02-15 09:37:00,23.62,D_A0156,,0,1.7563154e-05,False,
T009053,A0413,2026-02-12 18:19:00,110.28,D_A0413,,0,1.7557391e-05,False,
T005582,A0192,2026-01-27 14:21:00,113.02,D_A0192,,0,1.7557391e-05,False,
T009793,A0373,2026-02-16 12:40:00,39.75,D_A0373,,0,1.7552118e-05,False,
T008071,A0070,2026-02-08 10:22:00,129.96,D_A0070,,0,1.7550226e-05,False,
T001244,A0400,2026-01-06 19:42:00,76.49,D_A0400,,0,1.7547633e-05,False,
T008539,A0015,2026-02-10 12:06:00,83.76,D_FAM_14,,0,1.7532595e-05,False,
T010238,A0015,2026-02-18 12:48:00,94.5,D_FAM_14,,0,1.7532595e-05,False,
T010467,A0221,2026-02-19 14:42:00,105.18,D_A0221,,0,1.753049e-05,False,
T008078,A0059,2026-02-08 11:00:00,119.26,D_A0059,,0,1.7525022e-05,False,
T000919,A0207,2026-01-05 12:44:00,152.75,D_A0207,,0,1.7490678e-05,False,
T011248,A0365,2026-02-23 11:28:00,140.69,D_A0365,,0,1.748751e-05,False,
T009776,A0468,2026-02-16 11:41:00,146.77,D_A0468,,0,1.748751e-05,False,
T000040,A0007,2026-01-01 11:03:00,19.26,D_A0007,,0,1.7477223e-05,False,
T000062,A0171,2026-01-01 11:56:00,53.82,D_A0171,,0,1.7477223e-05,False,
T008938,A0266,2026-02-12 12:00:00,122.54,D_A0266,,0,1.747054e-05,False,
T006005,A0264,2026-01-29 15:46:00,129.03,D_A0264,,0,1.7463311e-05,False,
T007895,A0109,2026-02-07 12:24:00,11.49,D_FAM_13,,0,1.7453438e-05,False,
T011458,A0109,2026-02-24 12:37:00,11.4,D_FAM_13,,0,1.7453438e-05,False,
T011272,A0272,2026-02-23 12:44:00,18.32,D_FAM_14,,0,1.7453438e-05,False,
T006151,A0109,2026-01-30 12:17:00,8.38,D_FAM_13,,0,1.7453438e-05,False,
T006842,A0468,2026-02-02 13:42:00,171.37,D_A0468,,0,1.7451373e-05,False,
T004774,A0094,2026-01-23 15:35:00,61.71,D_A0094,,0,1.7447264e-05,False,
T002467,A0132,2026-01-12 16:21:00,240.25,D_A0132,,0,1.7436518e-05,False,
T002974,A0084,2026-01-15 09:09:00,35.32,D_A0084,,0,1.7434806e-05,False,
T003043,A0287,2026-01-15 13:23:00,32.49,D_FAM_13,,0,1.7433409e-05,False,
T008126,A0109,2026-02-08 13:29:00,20.17,D_FAM_13,,0,1.7433409e-05,False,
T007166,A0109,2026-02-03 20:22:00,19.67,D_FAM_13,,0,1.7433409e-05,False,
T003062,A0109,2026-01-15 14:03:00,26.81,D_FAM_13,,0,1.7433409e-05,False,
T002719,A0109,2026-01-13 20:46:00,16.52,D_FAM_13,,0,1.7433409e-05,False,
T001960,A0109,2026-01-10 13:04:00,17.03,D_FAM_13,,0,1.7433409e-05,False,
T007236,A0245,2026-02-04 11:41:00,75.8,D_A0245,,0,1.7415032e-05,False,
T001734,A0120,2026-01-09 11:54:00,78.66,D_A0120,,0,1.7415032e-05,False,
T008628,A0127,2026-02-10 16:34:00,144.2,D_A0127,,0,1.7414699e-05,False,
T005848,A0127,2026-01-28 18:15:00,146.94,D_A0127,,0,1.7414699e-05,False,
T002257,A0045,2026-01-11 17:02:00,181.7,D_A0045,,0,1.7409302e-05,False,
T000257,A0391,2026-01-02 11:32:00,59.93,D_A0391,,0,1.740776e-05,False,
T000956,A0018,2026-01-05 14:38:00,113.17,D_A0018,,0,1.7406015e-05,False,
T005188,A0094,2026-01-25 17:19:00,60.16,D_A0094,,0,1.738546e-05,False,
T007009,A0147,2026-02-03 10:56:00,107.92,D_A0147,,0,1.7382028e-05,False,
T007013,A0265,2026-02-03 11:12:00,23.0,D_A0265,,0,1.736667e-05,False,
T001319,A0294,2026-01-07 11:15:00,59.69,D_A0294,,0,1.736667e-05,False,
T007414,A0321,2026-02-05 11:03:00,26.72,D_A0321,,0,1.736667e-05,False,
T002583,A0248,2026-01-13 11:29:00,11.8,D_A0248,,0,1.736667e-05,False,
T007228,A0248,2026-02-04 11:06:00,11.45,D_A0248,,0,1.736667e-05,False,
T011250,A0305,2026-02-23 11:30:00,26.09,D_A0305,,0,1.736667e-05,False,
T001537,A0293,2026-01-08 11:47:00,79.52,D_A0293,,0,1.736667e-05,False,
T000088,A0141,2026-01-01 13:14:00,48.7,D_FAM_2,,0,1.732624e-05,False,
T008760,A0287,2026-02-11 12:54:00,51.64,D_FAM_13,,0,1.7325892e-05,False,
T005129,A0091,2026-01-25 13:36:00,203.13,D_A0091,,0,1.7325216e-05,False,
T007233,A0286,2026-02-04 11:28:00,42.13,D_FAM_10,,0,1.732429e-05,False,
T012021,A0135,2026-02-27 12:08:00,229.24,D_A0135,,0,1.7321498e-05,False,
T000130,A0087,2026-01-01 15:25:00,432.08,D_A0087,,0,1.7318856e-05,False,
T006236,A0344,2026-01-30 16:06:00,106.26,D_A0344,,0,1.7313869e-05,False,
T001250,A0333,2026-01-06 21:00:00,125.79,D_FAM_9,,0,1.7312745e-05,False,
T010223,A0158,2026-02-18 12:00:00,12.23,D_A0158,,0,1.7303666e-05,False,
T001547,A0051,2026-01-08 12:12:00,33.43,D_A0051,,0,1.7303666e-05,False,
T009998,A0473,2026-02-17 12:16:00,26.01,D_A0473,,0,1.7303666e-05,False,
T008753,A0187,2026-02-11 12:41:00,16.36,D_A0187,,0,1.7303666e-05,False,
T002798,A0051,2026-01-14 12:09:00,65.74,D_A0051,,0,1.7303666e-05,False,
T011563,A0245,2026-02-24 19:47:00,113.88,D_A0245,,0,1.7301803e-05,False,
T005897,A0397,2026-01-29 09:14:00,107.0,D_A0397,,0,1.72972e-05,False,
T004303,A0480,2026-01-21 12:51:00,139.91,D_FAM_6,,0,1.7292252e-05,False,
T006688,A0051,2026-02-01 17:55:00,65.86,D_A0051,,0,1.728381e-05,False,
T001995,A0146,2026-01-10 14:32:00,23.35,D_A0146,,0,1.728381e-05,False,
T009462,A0265,2026-02-14 17:21:00,28.51,D_A0265,,0,1.728381e-05,False,
T001965,A0367,2026-01-10 13:16:00,48.69,D_A0367,,0,1.728381e-05,False,
T011961,A0130,2026-02-26 22:38:00,29.39,D_A0130,,0,1.728381e-05,False,
T009579,A0473,2026-02-15 13:02:00,16.21,D_A0473,,0,1.728381e-05,False,
T011510,A0158,2026-02-24 14:58:00,25.62,D_A0158,,0,1.728381e-05,False,
T004574,A0114,2026-01-22 15:43:00,41.65,D_A0114,,0,1.728381e-05,False,
T012434,A0253,2026-03-01 13:22:00,29.99,D_A0253,,0,1.728381e-05,False,
T009918,A0252,2026-02-16 21:03:00,14.24,D_A0252,,0,1.728381e-05,False,
T003056,A0335,2026-01-15 13:42:00,48.4,D_A0335,,0,1.728381e-05,False,
T010504,A0114,2026-02-19 16:32:00,82.56,D_A0114,,0,1.728381e-05,False,
T000583,A0146,2026-01-03 17:47:00,21.61,D_A0146,,0,1.728381e-05,False,
T012358,A0048,2026-02-28 23:47:00,56.99,D_A0048,,0,1.728381e-05,False,
T009809,A0158,2026-02-16 13:32:00,15.33,D_A0158,,0,1.728381e-05,False,
T004812,A0335,2026-01-23 18:16:00,23.39,D_A0335,,0,1.728381e-05,False,
T012462,A0390,2026-03-01 14:32:00,39.55,D_A0390,,0,1.728381e-05,False,
T000600,A0048,2026-01-03 19:15:00,41.7,D_A0048,,0,1.728381e-05,False,
T011189,A0130,2026-02-22 19:03:00,32.37,D_A0130,,0,1.728381e-05,False,
T006174,A0017,2026-01-30 13:24:00,27.51,D_A0017,,0,1.728381e-05,False,
T000766,A0114,2026-01-04 15:37:00,60.22,D_A0114,,0,1.728381e-05,False,
T000785,A0095,2026-01-04 16:18:00,66.63,D_A0095,,0,1.728381e-05,False,
T010678,A0051,2026-02-20 13:46:00,48.11,D_A0051,,0,1.728381e-05,False,
T003382,A0146,2026-01-16 19:35:00,24.56,D_A0146,,0,1.728381e-05,False,
T004806,A0158,2026-01-23 17:59:00,30.96,D_A0158,,0,1.728381e-05,False,
T007312,A0335,2026-02-04 16:17:00,33.81,D_A0335,,0,1.728381e-05,False,
T003070,A0426,2026-01-15 14:31:00,33.62,D_A0426,,0,1.728381e-05,False,
T010122,A0130,2026-02-17 19:14:00,36.16,D_A0130,,0,1.728381e-05,False,
T006603,A0130,2026-02-01 13:33:00,44.69,D_A0130,,0,1.728381e-05,False,
T000958,A0017,2026-01-05 14:41:00,35.25,D_A0017,,0,1.728381e-05,False,
T005870,A0249,2026-01-28 23:30:00,7.73,D_A0249,,0,1.728381e-05,False,
T011134,A0361,2026-02-22 15:32:00,59.05,D_A0361,,0,1.728381e-05,False,
T004601,A0137,2026-01-22 16:58:00,118.98,D_FAM_13,,0,1.7278355e-05,False,
T002914,A0137,2026-01-14 18:33:00,108.11,D_FAM_13,,0,1.7278355e-05,False,
T007934,A0349,2026-02-07 14:52:00,146.5,D_A0349,,0,1.7278322e-05,False,
T010699,A0465,2026-02-20 14:38:00,108.68,D_A0465,,0,1.727628e-05,False,
T009527,A0089,2026-02-15 09:01:00,111.73,D_A0089,,0,1.723759e-05,False,
T000365,A0009,2026-01-02 17:17:00,49.11,D_A0009,,0,1.7234104e-05,False,
T000189,A0410,2026-01-01 21:21:00,60.2,D_A0410,,0,1.7234104e-05,False,
T000558,A0424,2026-01-03 16:27:00,7.0,D_A0424,,0,1.7234104e-05,False,
T000817,A0108,2026-01-04 19:25:00,109.42,D_A0108,,0,1.72296e-05,False,
T000267,A0360,2026-01-02 12:09:00,43.96,D_A0360,,0,1.7206745e-05,False,
T010556,A0361,2026-02-20 07:13:00,78.85,D_A0361,,0,1.7198836e-05,False,
T001684,A0331,2026-01-09 07:09:00,48.62,D_A0331,,0,1.7198836e-05,False,
T000366,A0150,2026-01-02 17:17:00,19.89,D_A0150,,0,1.7186998e-05,False,
T000813,A0221,2026-01-04 18:27:00,39.98,D_A0221,,0,1.7186998e-05,False,
T009857,A0113,2026-02-16 15:55:00,103.83,D_FAM_3,,0,1.7184344e-05,False,
T012192,A0370,2026-02-28 11:08:00,127.22,D_A0370,,0,1.7179902e-05,False,
T007439,A0193,2026-02-05 12:24:00,144.74,D_A0193,,0,1.7169994e-05,False,
T003326,A0114,2026-01-16 16:18:00,110.85,D_A0114,,0,1.716829e-05,False,
T004166,A0486,2026-01-20 15:42:00,117.03,D_A0486,,0,1.716829e-05,False,
T009977,A0196,2026-02-17 11:05:00,127.27,D_A0196,,0,1.7161088e-05,False,
T012121,A0492,2026-02-27 20:01:00,146.55,D_A0492,,0,1.715029e-05,False,
T007776,A0135,2026-02-06 17:08:00,221.53,D_A0135,,0,1.7150012e-05,False,
T002009,A0247,2026-01-10 15:16:00,77.11,D_A0247,,0,1.7148639e-05,False,
T004386,A0314,2026-01-21 17:29:00,139.98,D_FAM_10,,0,1.7146185e-05,False,
T002070,A0222,2026-01-10 19:40:00,48.44,D_A0222,PAYEE_A0222,0,1.7141492e-05,False,
T008377,A0334,2026-02-09 14:54:00,134.05,D_A0334,,0,1.7140186e-05,False,
T008872,A0061,2026-02-12 07:25:00,43.3,D_A0061,,0,1.7139564e-05,False,
T000629,A0230,2026-01-04 07:31:00,57.82,D_A0230,,0,1.7139564e-05,False,
T006791,A0010,2026-02-02 11:06:00,71.46,D_A0010,,0,1.7130333e-05,False,
T001090,A0220,2026-01-06 11:06:00,81.67,D_A0220,,0,1.7115015e-05,False,
T001569,A0157,2026-01-08 13:09:00,123.95,D_A0157,,0,1.7111279e-05,False,
T007373,A0452,2026-02-04 22:05:00,127.8,D_A0452,,0,1.7100625e-05,False,
T000248,A0220,2026-01-02 11:00:00,27.38,D_A0220,,0,1.7091119e-05,False,
T004606,A0019,2026-01-22 17:10:00,106.57,D_A0019,,0,1.708954e-05,False,
T003355,A0321,2026-01-16 17:39:00,108.37,D_A0321,,0,1.708954e-05,False,
T006701,A0097,2026-02-01 18:56:00,95.61,D_FAM_1,,0,1.7069944e-05,False,
T004558,A0003,2026-01-22 15:08:00,124.78,D_A0003,,0,1.706376e-05,False,
T010680,A0382,2026-02-20 13:49:00,131.47,D_A0382,,0,1.7061562e-05,False,
T001293,A0494,2026-01-07 09:45:00,83.56,D_A0494,,0,1.7048422e-05,False,
T007845,A0483,2026-02-07 09:06:00,40.19,D_A0483,,0,1.7048422e-05,False,
T007625,A0110,2026-02-06 09:19:00,49.56,D_A0110,,0,1.7048422e-05,False,
T003663,A0032,2026-01-18 09:35:00,35.27,D_A0032,,0,1.7048422e-05,False,
T009732,A0388,2026-02-16 09:03:00,34.51,D_A0388,,0,1.7048422e-05,False,
T004080,A0494,2026-01-20 09:57:00,92.63,D_A0494,,0,1.7048422e-05,False,
T011600,A0157,2026-02-25 09:11:00,83.18,D_A0157,,0,1.7048422e-05,False,
T007401,A0461,2026-02-05 09:54:00,58.25,D_FAM_0,,0,1.7017217e-05,False,
T004692,A0285,2026-01-23 10:27:00,135.86,D_A0285,,0,1.7011798e-05,False,
T001708,A0177,2026-01-09 09:43:00,79.83,D_A0177,,0,1.7001077e-05,False,
T009957,A0058,2026-02-17 09:23:00,13.78,D_A0058,,0,1.7001077e-05,False,
T012164,A0422,2026-02-28 09:12:00,70.42,D_A0422,,0,1.7001077e-05,False,
T006327,A0494,2026-01-31 09:47:00,60.2,D_A0494,,0,1.7001077e-05,False,
T007396,A0483,2026-02-05 09:27:00,15.95,D_A0483,,0,1.7001077e-05,False,
T009741,A0216,2026-02-16 09:57:00,16.74,D_A0216,,0,1.7001077e-05,False,
T002754,A0011,2026-01-14 09:34:00,11.52,D_A0011,,0,1.7001077e-05,False,
T004870,A0422,2026-01-24 09:45:00,77.32,D_A0422,,0,1.7001077e-05,False,
T012352,A0263,2026-02-28 21:10:00,144.42,D_A0263,,0,1.6982589e-05,False,
T000444,A0132,2026-01-03 10:26:00,64.32,D_A0132,,0,1.6977618e-05,False,
T006398,A0135,2026-01-31 14:13:00,263.76,D_A0135,,0,1.6971886e-05,False,
T005588,A0257,2026-01-27 14:50:00,112.79,D_A0257,,0,1.6965883e-05,False,
T006347,A0450,2026-01-31 11:03:00,47.62,D_A0450,,0,1.6963746e-05,False,
T010344,A0264,2026-02-18 20:58:00,148.87,D_A0264,,0,1.6959106e-05,False,
T001069,A0303,2026-01-06 09:23:00,26.34,D_FAM_4,,0,1.6956421e-05,False,
T005315,A0406,2026-01-26 11:48:00,57.83,D_A0406,,0,1.6954351e-05,False,
T000929,A0407,2026-01-05 13:25:00,85.53,D_A0407,,0,1.6953267e-05,False,
T004467,A0480,2026-01-22 11:10:00,125.7,D_A0480,,0,1.6946478e-05,False,
T008918,A0499,2026-02-12 11:04:00,105.02,D_A0499,,0,1.6946267e-05,False,
T008085,A0045,2026-02-08 11:18:00,104.52,D_A0045,,0,1.6946267e-05,False,
T001994,A0287,2026-01-10 14:31:00,33.18,D_FAM_13,,0,1.6922479e-05,False,
T004544,A0257,2026-01-22 14:45:00,114.76,D_A0257,,0,1.6921302e-05,False,
T010652,A0266,2026-02-20 12:40:00,116.07,D_A0266,,0,1.6912816e-05,False,
T009153,A0477,2026-02-13 12:44:00,109.57,D_A0477,,0,1.6912816e-05,False,
T001145,A0106,2026-01-06 14:07:00,99.27,D_A0106,,0,1.690693e-05,False,
T001597,A0055,2026-01-08 14:18:00,16.41,D_A0055,,0,1.690693e-05,False,
T004355,A0131,2026-01-21 15:32:00,90.59,D_A0131,,0,1.690693e-05,False,
T007477,A0484,2026-02-05 13:59:00,81.0,D_A0484,,0,1.6906188e-05,False,
T006681,A0484,2026-02-01 17:45:00,79.9,D_A0484,,0,1.6906188e-05,False,
T003445,A0277,2026-01-17 09:56:00,121.9,D_A0277,,0,1.6901125e-05,False,
T010841,A0463,2026-02-21 11:12:00,120.16,D_A0463,,0,1.6899483e-05,False,
T010607,A0211,2026-02-20 11:12:00,117.82,D_A0211,,0,1.6899483e-05,False,
T007018,A0416,2026-02-03 11:19:00,80.54,D_A0416,,0,1.6899063e-05,False,
T004478,A0416,2026-01-22 11:52:00,73.14,D_A0416,,0,1.6899063e-05,False,
T002200,A0477,2026-01-11 14:09:00,117.75,D_A0477,,0,1.6893408e-05,False,
T001160,A0477,2026-01-06 14:44:00,115.58,D_A0477,,0,1.6893408e-05,False,
T007752,A0089,2026-02-06 15:46:00,107.6,D_A0089,,0,1.6893408e-05,False,
T007971,A0089,2026-02-07 16:43:00,107.29,D_A0089,,0,1.6893408e-05,False,
T011768,A0276,2026-02-25 21:40:00,70.26,D_A0276,PAYEE_A0276,0,1.688938e-05,False,
T001784,A0015,2026-01-09 14:16:00,72.01,D_FAM_14,,0,1.6888125e-05,False,
T009988,A0468,2026-02-17 11:41:00,128.51,D_A0468,,0,1.6885435e-05,False,
T010020,A0196,2026-02-17 13:05:00,146.49,D_A0196,,0,1.688339e-05,False,
T010683,A0222,2026-02-20 13:54:00,36.38,D_A0222,PAYEE_A0222,0,1.686699e-05,False,
T000269,A0490,2026-01-02 12:14:00,84.01,D_A0490,,0,1.6866701e-05,False,
T000678,A0245,2026-01-04 11:41:00,60.57,D_A0245,,0,1.6857697e-05,False,
T007022,A0019,2026-02-03 11:28:00,55.93,D_A0019,,0,1.6857697e-05,False,
T011630,A0324,2026-02-25 11:01:00,86.09,D_A0324,,0,1.6857697e-05,False,
T012007,A0487,2026-02-27 11:02:00,82.04,D_A0487,,0,1.6857697e-05,False,
T001731,A0307,2026-01-09 11:40:00,99.32,D_A0307,,0,1.6857697e-05,False,
T011634,A0307,2026-02-25 11:14:00,60.26,D_A0307,,0,1.6857697e-05,False,
T003682,A0360,2026-01-18 11:02:00,52.55,D_A0360,,0,1.6857697e-05,False,
T000971,A0078,2026-01-05 15:24:00,57.85,D_A0078,,0,1.6847345e-05,False,
T000103,A0205,2026-01-01 14:00:00,14.01,D_A0205,,0,1.6847345e-05,False,
T012253,A0491,2026-02-28 14:07:00,46.34,D_FAM_2,,0,1.6844855e-05,False,
T003606,A0375,2026-01-17 17:53:00,119.33,D_A0375,,0,1.6828992e-05,False,
T010904,A0399,2026-02-21 14:50:00,109.87,D_A0399,,0,1.6828992e-05,False,
T001846,A0157,2026-01-09 17:51:00,116.51,D_A0157,,0,1.6828992e-05,False,
T006409,A0003,2026-01-31 14:33:00,109.25,D_A0003,,0,1.6828992e-05,False,
T010941,A0423,2026-02-21 17:06:00,48.42,D_A0423,,0,1.682766e-05,False,
T009876,A0497,2026-02-16 16:52:00,152.52,D_A0497,,0,1.682522e-05,False,
T000184,A0421,2026-01-01 20:22:00,157.98,D_A0421,,0,1.682522e-05,False,
T002008,A0065,2026-01-10 15:13:00,152.92,D_A0065,,0,1.682522e-05,False,
T008731,A0350,2026-02-11 11:14:00,110.15,D_A0350,,0,1.682097e-05,False,
T000783,A0315,2026-01-04 16:14:00,147.15,D_A0315,,0,1.6809983e-05,False,
T000972,A0401,2026-01-05 15:25:00,175.75,D_A0401,,0,1.6801538e-05,False,
T000216,A0361,2026-01-02 08:58:00,23.64,D_A0361,,0,1.6800625e-05,False,
T006013,A0002,2026-01-29 16:14:00,97.98,D_A0002,,0,1.6796812e-05,False,
T000155,A0002,2026-01-01 17:23:00,49.03,D_A0002,,0,1.6796812e-05,False,
T003954,A0499,2026-01-19 14:28:00,121.08,D_A0499,,0,1.679473e-05,False,
T000014,A0179,2026-01-01 08:30:00,33.26,D_A0179,,0,1.6789349e-05,False,
T011837,A0159,2026-02-26 12:37:00,142.9,D_A0159,,0,1.6755152e-05,False,
T000015,A0062,2026-01-01 08:38:00,31.47,D_A0062,,0,1.6742724e-05,False,
T004210,A0209,2026-01-20 18:57:00,69.41,D_A0209,,0,1.6732763e-05,False,
T000326,A0310,2026-01-02 14:57:00,269.46,D_A0310,,0,1.6715874e-05,False,
T002046,A0496,2026-01-10 17:31:00,120.06,D_A0496,,0,1.6710806e-05,False,
T010848,A0041,2026-02-21 11:32:00,9.38,D_FAM_6,,0,1.6705913e-05,False,
T004356,A0472,2026-01-21 15:33:00,133.48,D_A0472,,0,1.6705595e-05,False,
T003010,A0278,2026-01-15 11:21:00,161.43,D_A0278,,0,1.670241e-05,False,
T011724,A0307,2026-02-25 16:34:00,128.17,D_A0307,,0,1.6683449e-05,False,
T000361,A0210,2026-01-02 17:10:00,138.51,D_A0210,,0,1.6683449e-05,False,
T004116,A0113,2026-01-20 12:40:00,54.95,D_FAM_3,,0,1.6670678e-05,False,
T011242,A0275,2026-02-23 11:12:00,20.43,D_FAM_5,,0,1.6657521e-05,False,
T007422,A0240,2026-02-05 11:31:00,53.15,D_FAM_11,,0,1.6657521e-05,False,
T008149,A0491,2026-02-08 14:34:00,14.46,D_FAM_2,,0,1.6651547e-05,False,
T003050,A0491,2026-01-15 13:27:00,17.21,D_FAM_2,,0,1.6651547e-05,False,
T003950,A0491,2026-01-19 14:22:00,28.95,D_FAM_2,,0,1.6651547e-05,False,
T012294,A0137,2026-02-28 15:54:00,71.79,D_FAM_13,,0,1.6651547e-05,False,
T005557,A0491,2026-01-27 13:24:00,16.35,D_FAM_2,,0,1.6651547e-05,False,
T008593,A0113,2026-02-10 14:51:00,71.75,D_FAM_3,,0,1.6651547e-05,False,
T006215,A0491,2026-01-30 15:09:00,19.32,D_FAM_2,,0,1.6651547e-05,False,
T004184,A0137,2026-01-20 16:33:00,80.14,D_FAM_13,,0,1.6651547e-05,False,
T007919,A0491,2026-02-07 14:08:00,19.84,D_FAM_2,,0,1.6651547e-05,False,
T006625,A0351,2026-02-01 14:28:00,58.35,D_A0351,PAYEE_A0351,0,1.6650198e-05,False,
T001180,A0090,2026-01-06 15:33:00,125.55,D_A0090,,0,1.6631424e-05,False,
T008147,A0351,2026-02-08 14:34:00,124.89,D_A0351,,0,1.6631424e-05,False,
T006428,A0041,2026-01-31 15:45:00,27.27,D_FAM_6,,0,1.6626207e-05,False,
T003836,A0041,2026-01-18 21:10:00,10.65,D_FAM_6,,0,1.6626207e-05,False,
T006424,A0104,2026-01-31 15:31:00,230.46,D_A0104,,0,1.6625525e-05,False,
T006569,A0050,2026-02-01 11:36:00,103.85,D_A0050,,0,1.6616856e-05,False,
T004615,A0404,2026-01-22 17:33:00,19.86,D_A0404,,0,1.6602535e-05,False,
T002645,A0095,2026-01-13 14:43:00,105.97,D_A0095,,0,1.6596916e-05,False,
T008022,A0139,2026-02-07 22:07:00,85.13,D_FAM_7,,0,1.6588056e-05,False,
T009900,A0139,2026-02-16 18:52:00,73.18,D_FAM_7,,0,1.6588056e-05,False,
T006632,A0431,2026-02-01 15:05:00,99.89,D_FAM_11,,0,1.6588056e-05,False,
T011338,A0139,2026-02-23 16:34:00,55.9,D_FAM_7,,0,1.6588056e-05,False,
T000677,A0296,2026-01-04 11:41:00,76.81,D_A0296,,0,1.6587801e-05,False,
T009982,A0045,2026-02-17 11:25:00,45.45,D_A0045,,0,1.6587801e-05,False,
T010391,A0030,2026-02-19 11:12:00,42.99,D_A0030,,0,1.6587801e-05,False,
T009990,A0304,2026-02-17 11:54:00,41.15,D_A0304,,0,1.6587801e-05,False,
T001103,A0354,2026-01-06 11:58:00,44.85,D_A0354,,0,1.6587801e-05,False,
T002574,A0499,2026-01-13 11:07:00,28.54,D_A0499,,0,1.6587801e-05,False,
T012419,A0296,2026-03-01 11:56:00,77.43,D_A0296,,0,1.6587801e-05,False,
T005088,A0433,2026-01-25 11:26:00,32.48,D_A0433,,0,1.6587801e-05,False,
T004273,A0266,2026-01-21 11:06:00,64.17,D_A0266,,0,1.6587801e-05,False,
T006139,A0219,2026-01-30 11:47:00,60.66,D_A0219,,0,1.6587801e-05,False,
T006142,A0030,2026-01-30 11:56:00,48.3,D_A0030,,0,1.6587801e-05,False,
T011905,A0345,2026-02-26 15:46:00,94.98,D_A0345,,0,1.6584685e-05,False,
T000332,A0386,2026-01-02 15:21:00,47.12,D_A0386,,0,1.6582582e-05,False,
T002023,A0240,2026-01-10 16:23:00,35.76,D_FAM_11,,0,1.6578044e-05,False,
T008439,A0275,2026-02-09 18:45:00,42.91,D_FAM_5,,0,1.6578044e-05,False,
T009637,A0121,2026-02-15 15:50:00,123.05,D_A0121,,0,1.6563663e-05,False,
T003032,A0169,2026-01-15 12:30:00,77.23,D_A0169,,0,1.6558293e-05,False,
T000488,A0331,2026-01-03 12:46:00,96.63,D_A0331,,0,1.6558293e-05,False,
T004304,A0404,2026-01-21 12:56:00,17.78,D_A0404,,0,1.6558231e-05,False,
T006387,A0017,2026-01-31 13:33:00,66.76,D_A0017,,0,1.6539228e-05,False,
T000527,A0081,2026-01-03 15:10:00,84.04,D_A0081,,0,1.6536533e-05,False,
T010619,A0250,2026-02-20 11:49:00,69.67,D_A0250,,0,1.6524551e-05,False,
T003022,A0078,2026-01-15 11:59:00,54.98,D_A0078,,0,1.6524551e-05,False,
T008734,A0050,2026-02-11 11:26:00,65.11,D_A0050,,0,1.6524551e-05,False,
T001939,A0210,2026-01-10 11:50:00,35.07,D_A0210,,0,1.651458e-05,False,
T007020,A0407,2026-02-03 11:24:00,36.62,D_A0407,,0,1.651458e-05,False,
T002790,A0318,2026-01-14 11:38:00,16.12,D_A0318,,0,1.651458e-05,False,
T008092,A0187,2026-02-08 11:36:00,17.32,D_A0187,,0,1.651458e-05,False,
T012403,A0356,2026-03-01 11:18:00,23.18,D_A0356,,0,1.651458e-05,False,
T000900,A0066,2026-01-05 11:51:00,40.65,D_A0066,,0,1.651458e-05,False,
T010214,A0133,2026-02-18 11:15:00,32.44,D_A0133,,0,1.651458e-05,False,
T006800,A0133,2026-02-02 11:26:00,39.2,D_A0133,,0,1.651458e-05,False,
T000256,A0407,2026-01-02 11:24:00,54.93,D_A0407,,0,1.651458e-05,False,
T012384,A0422,2026-03-01 09:55:00,78.91,D_A0422,,0,1.6502818e-05,False,
T012375,A0032,2026-03-01 09:05:00,40.98,D_A0032,,0,1.6502818e-05,False,
T001700,A0276,2026-01-09 09:02:00,20.69,D_A0276,,0,1.6502818e-05,False,
T005081,A0241,2026-01-25 11:04:00,83.0,D_A0241,,0,1.6490909e-05,False,
T003120,A0342,2026-01-15 17:17:00,124.07,D_A0342,,0,1.6487686e-05,False,
T006100,A0237,2026-01-30 08:40:00,18.01,D_FAM_3,,0,1.6485044e-05,False,
T008664,A0144,2026-02-10 21:26:00,157.05,D_A0144,,0,1.6474969e-05,False,
T001155,A0361,2026-01-06 14:29:00,174.49,D_A0361,,0,1.6458873e-05,False,
T009877,A0202,2026-02-16 17:00:00,182.31,D_A0202,,0,1.645663e-05,False,
T011345,A0468,2026-02-23 17:09:00,156.7,D_A0468,,0,1.6452344e-05,False,
T010059,A0111,2026-02-17 15:13:00,166.29,D_A0111,,0,1.6452344e-05,False,
T010273,A0455,2026-02-18 14:44:00,157.76,D_A0455,,0,1.6452344e-05,False,
T005500,A0022,2026-01-27 10:28:00,29.77,D_FAM_5,,0,1.6447953e-05,False,
T009347,A0062,2026-02-14 11:30:00,172.77,D_A0062,,0,1.6430096e-05,False,
T001407,A0221,2026-01-07 15:01:00,89.82,D_A0221,,0,1.641071e-05,False,
T008095,A0191,2026-02-08 11:50:00,48.29,D_A0191,,0,1.6408487e-05,False,
T000898,A0179,2026-01-05 11:50:00,36.56,D_A0179,,0,1.6408487e-05,False,
T009985,A0365,2026-02-17 11:37:00,106.85,D_A0365,,0,1.6404201e-05,False,
T002789,A0478,2026-01-14 11:33:00,67.01,D_A0478,,0,1.6403794e-05,False,
T003429,A0037,2026-01-17 08:15:00,97.97,D_A0037,,0,1.6400101e-05,False,
T011981,A0497,2026-02-27 08:10:00,57.82,D_A0497,,0,1.6400101e-05,False,
T000636,A0468,2026-01-04 08:01:00,50.59,D_A0468,,0,1.6400101e-05,False,
T000967,A0200,2026-01-05 15:16:00,132.61,D_A0200,,0,1.6397897e-05,False,
T001638,A0200,2026-01-08 17:02:00,136.06,D_A0200,,0,1.6397897e-05,False,
T011469,A0263,2026-02-24 13:26:00,131.71,D_A0263,,0,1.6397897e-05,False,
T003807,A0368,2026-01-18 17:27:00,139.5,D_A0368,,0,1.6376409e-05,False,
T002576,A0344,2026-01-13 11:13:00,124.05,D_A0344,,0,1.6371396e-05,False,
T001946,A0146,2026-01-10 12:17:00,44.96,D_A0146,,0,1.6367634e-05,False,
T001354,A0007,2026-01-07 12:56:00,28.68,D_A0007,,0,1.6367634e-05,False,
T001126,A0051,2026-01-06 13:01:00,105.69,D_A0051,,0,1.6367228e-05,False,
T008851,A0051,2026-02-11 19:30:00,106.13,D_A0051,,0,1.6367228e-05,False,
T000400,A0296,2026-01-02 22:15:00,95.67,D_A0296,,0,1.6353591e-05,False,
T000126,A0478,2026-01-01 15:14:00,59.15,D_A0478,,0,1.6353591e-05,False,
T000875,A0192,2026-01-05 10:00:00,138.05,D_A0192,,0,1.6347029e-05,False,
T006250,A0327,2026-01-30 17:05:00,90.3,D_A0327,,0,1.6346217e-05,False,
T007387,A0417,2026-02-05 08:05:00,66.37,D_A0417,,0,1.6343583e-05,False,
T004680,A0128,2026-01-23 08:54:00,42.92,D_A0128,,0,1.6343583e-05,False,
T008050,A0168,2026-02-08 08:34:00,59.84,D_A0168,,0,1.6343583e-05,False,
T003864,A0067,2026-01-19 08:09:00,13.72,D_A0067,,0,1.6343583e-05,False,
T011130,A0157,2026-02-22 15:19:00,117.61,D_A0157,,0,1.6335776e-05,False,
T007062,A0049,2026-02-03 13:57:00,131.07,D_A0049,,0,1.633537e-05,False,
T010545,A0278,2026-02-19 19:59:00,385.99,D_A0278,,0,1.6334421e-05,False,
T001283,A0036,2026-01-07 08:36:00,50.61,D_FAM_1,,0,1.6333892e-05,False,
T002130,A0371,2026-01-11 10:59:00,104.33,D_A0371,,0,1.6333299e-05,False,
T000278,A0464,2026-01-02 12:39:00,67.4,D_A0464,,0,1.6326914e-05,False,
T000301,A0072,2026-01-02 13:30:00,6.29,D_A0072,,0,1.6308177e-05,False,
T001009,A0172,2026-01-05 17:45:00,31.94,D_A0172,,0,1.6308177e-05,False,
T000087,A0433,2026-01-01 13:08:00,67.89,D_A0433,,0,1.6308177e-05,False,
T000315,A0416,2026-01-02 14:10:00,73.88,D_A0416,,0,1.6308177e-05,False,
T000327,A0436,2026-01-02 15:04:00,80.87,D_A0436,,0,1.6308177e-05,False,
T003392,A0266,2026-01-16 22:13:00,109.18,D_A0266,,0,1.629041e-05,False,
T006685,A0475,2026-02-01 17:51:00,118.62,D_A0475,,0,1.629041e-05,False,
T012195,A0485,2026-02-28 11:11:00,160.97,D_A0485,,0,1.6274247e-05,False,
T003997,A0062,2026-01-19 15:49:00,194.16,D_A0062,,0,1.6272586e-05,False,
T010062,A0348,2026-02-17 15:22:00,146.01,D_A0348,,0,1.6256734e-05,False,
T008712,A0104,2026-02-11 10:09:00,106.09,D_A0104,,0,1.6248876e-05,False,
T000476,A0335,2026-01-03 12:08:00,41.95,D_A0335,,0,1.6204742e-05,False,
T000773,A0140,2026-01-04 16:02:00,272.26,D_A0140,,0,1.6191843e-05,False,
T009815,A0335,2026-02-16 13:49:00,59.85,D_A0335,,0,1.6186146e-05,False,
T008862,A0335,2026-02-11 23:47:00,57.44,D_A0335,,0,1.6186146e-05,False,
T007855,A0272,2026-02-07 10:06:00,17.57,D_FAM_14,,0,1.6181346e-05,False,
T006661,A0409,2026-02-01 16:47:00,140.85,D_A0409,,0,1.6121321e-05,False,
T011556,A0495,2026-02-24 19:11:00,145.91,D_A0495,,0,1.6121321e-05,False,
T008657,A0182,2026-02-10 19:31:00,168.45,D_FAM_8,,0,1.6120091e-05,False,
T005331,A0158,2026-01-26 12:51:00,103.97,D_A0158,,0,1.6117847e-05,False,
T000532,R008,2026-01-03 15:26:00,53.98,D_R008,,0,1.608353e-05,False,
T001038,A0174,2026-01-05 22:09:00,106.33,D_A0174,,0,1.6077074e-05,False,
T000872,A0264,2026-01-05 09:52:00,100.0,D_A0264,,0,1.6063066e-05,False,
T009039,A0431,2026-02-12 17:39:00,24.38,D_FAM_11,,0,1.6057185e-05,False,
T006429,A0431,2026-01-31 15:45:00,39.58,D_FAM_11,,0,1.6057185e-05,False,
T011717,A0491,2026-02-25 16:05:00,9.48,D_FAM_2,,0,1.6057185e-05,False,
T011551,A0491,2026-02-24 18:36:00,10.53,D_FAM_2,,0,1.6057185e-05,False,
T006166,A0139,2026-01-30 13:13:00,43.96,D_FAM_7,,0,1.6057185e-05,False,
T009489,A0431,2026-02-14 20:05:00,99.5,D_FAM_11,,0,1.6057185e-05,False,
T011760,A0431,2026-02-25 20:07:00,21.95,D_FAM_11,,0,1.6057185e-05,False,
T012355,A0139,2026-02-28 22:38:00,64.46,D_FAM_7,,0,1.6057185e-05,False,
T002056,A0431,2026-01-10 18:06:00,34.21,D_FAM_11,,0,1.6057185e-05,False,
T008426,A0431,2026-02-09 17:45:00,22.4,D_FAM_11,,0,1.6057185e-05,False,
T012088,A0178,2026-02-27 16:25:00,64.2,D_A0178,,0,1.6054504e-05,False,
T004988,A0442,2026-01-24 16:35:00,140.53,D_A0442,,0,1.6053433e-05,False,
T000555,A0234,2026-01-03 16:22:00,83.16,D_A0234,,0,1.6051887e-05,False,
T008707,A0190,2026-02-11 09:52:00,100.29,D_FAM_13,,0,1.6046883e-05,False,
T003443,A0022,2026-01-17 09:35:00,12.96,D_FAM_5,,0,1.6046883e-05,False,
T008910,A0362,2026-02-12 10:32:00,18.83,D_A0362,,0,1.604249e-05,False,
T008915,A0132,2026-02-12 10:49:00,92.43,D_A0132,,0,1.604249e-05,False,
T000240,A0434,2026-01-02 10:45:00,14.17,D_A0434,,0,1.604249e-05,False,
T002649,A0104,2026-01-13 14:54:00,220.64,D_A0104,,0,1.6040702e-05,False,
T006797,A0052,2026-02-02 11:17:00,15.22,D_A0052,,0,1.6040258e-05,False,
T005085,A0045,2026-01-25 11:13:00,61.5,D_A0045,,0,1.6040258e-05,False,
T009772,A0460,2026-02-16 11:38:00,88.0,D_A0460,,0,1.6040258e-05,False,
T012401,A0241,2026-03-01 11:08:00,41.96,D_A0241,,0,1.6040258e-05,False,
T000551,A0220,2026-01-03 16:21:00,71.47,D_A0220,,0,1.6038864e-05,False,
T011297,A0333,2026-02-23 13:39:00,127.81,D_A0333,,0,1.602957e-05,False,
T006610,A0444,2026-02-01 13:43:00,135.44,D_A0444,,0,1.6013204e-05,False,
T001017,A0448,2026-01-05 18:44:00,161.98,D_A0448,,0,1.6011738e-05,False,
T002288,A0187,2026-01-11 19:46:00,23.65,D_A0187,,0,1.600992e-05,False,
T005462,A0102,2026-01-26 23:47:00,154.09,D_FAM_7,,0,1.600122e-05,False,
T000233,A0148,2026-01-02 10:21:00,57.37,D_A0148,,0,1.5996355e-05,False,
T008937,A0219,2026-02-12 11:59:00,18.35,D_A0219,,0,1.5995713e-05,False,
T001318,A0084,2026-01-07 11:09:00,9.59,D_A0084,,0,1.5995713e-05,False,
T003232,A0120,2026-01-16 11:21:00,25.59,D_A0120,,0,1.5995713e-05,False,
T001528,A0072,2026-01-08 11:16:00,12.83,D_A0072,,0,1.5995713e-05,False,
T005734,A0260,2026-01-28 11:13:00,41.23,D_A0260,,0,1.5995713e-05,False,
T002365,A0282,2026-01-12 11:24:00,35.2,D_A0282,,0,1.5995713e-05,False,
T007651,A0029,2026-02-06 11:03:00,13.07,D_A0029,,0,1.5995713e-05,False,
T006351,A0084,2026-01-31 11:14:00,12.21,D_A0084,,0,1.5995713e-05,False,
T009561,A0084,2026-02-15 11:38:00,8.65,D_A0084,,0,1.5995713e-05,False,
T002781,A0003,2026-01-14 11:00:00,70.7,D_A0003,,0,1.5995713e-05,False,
T001934,A0099,2026-01-10 11:42:00,15.55,D_A0099,,0,1.5995713e-05,False,
T003694,A0219,2026-01-18 11:56:00,23.26,D_A0219,,0,1.5995713e-05,False,
T006795,A0260,2026-02-02 11:13:00,77.8,D_A0260,,0,1.5995713e-05,False,
T011254,A0464,2026-02-23 11:53:00,55.71,D_A0464,,0,1.5995713e-05,False,
T004899,A0219,2026-01-24 11:37:00,56.02,D_A0219,,0,1.5995713e-05,False,
T008313,A0072,2026-02-09 11:29:00,9.58,D_A0072,,0,1.5995713e-05,False,
T002582,A0416,2026-01-13 11:29:00,63.36,D_A0416,,0,1.5995713e-05,False,
T008083,A0389,2026-02-08 11:13:00,117.92,D_A0389,,0,1.5988271e-05,False,
T002203,A0209,2026-01-11 14:13:00,39.73,D_A0209,,0,1.5979293e-05,False,
T000381,A0002,2026-01-02 18:50:00,62.48,D_A0002,,0,1.5979293e-05,False,
T010206,A0054,2026-02-18 10:55:00,81.87,D_A0054,,0,1.5977328e-05,False,
T011332,A0094,2026-02-23 16:05:00,68.05,D_A0094,,0,1.5973412e-05,False,
T010116,A0007,2026-02-17 18:20:00,69.25,D_A0007,,0,1.5973412e-05,False,
T004610,A0169,2026-01-22 17:23:00,59.75,D_A0169,,0,1.5973412e-05,False,
T006448,A0444,2026-01-31 16:47:00,132.84,D_A0444,,0,1.5968737e-05,False,
T000296,A0444,2026-01-02 13:17:00,130.93,D_A0444,,0,1.5968737e-05,False,
T001424,A0250,2026-01-07 16:04:00,103.72,D_A0250,,0,1.596228e-05,False,
T000031,A0309,2026-01-01 10:31:00,43.6,D_A0309,,0,1.5952632e-05,False,
T005757,A0441,2026-01-28 12:41:00,48.27,D_A0441,,0,1.5937683e-05,False,
T004113,A0450,2026-01-20 12:37:00,31.97,D_A0450,,0,1.5937683e-05,False,
T008951,A0447,2026-02-12 12:19:00,42.32,D_A0447,,0,1.5937683e-05,False,
T007897,A0266,2026-02-07 12:33:00,63.18,D_A0266,,0,1.5937683e-05,False,
T003709,A0441,2026-01-18 12:27:00,30.11,D_A0441,,0,1.5937683e-05,False,
T004909,A0441,2026-01-24 12:18:00,64.57,D_A0441,,0,1.5937683e-05,False,
T010776,A0205,2026-02-20 20:26:00,31.88,D_A0205,,0,1.5919395e-05,False,
T011741,A0205,2026-02-25 18:31:00,50.85,D_A0205,,0,1.5919395e-05,False,
T009593,A0466,2026-02-15 13:54:00,16.28,D_A0466,,0,1.5919395e-05,False,
T002201,A0384,2026-01-11 14:10:00,47.44,D_A0384,,0,1.5919395e-05,False,
T008766,A0079,2026-02-11 13:20:00,17.14,D_A0079,,0,1.5919395e-05,False,
T001040,A0450,2026-01-05 23:01:00,39.18,D_A0450,,0,1.5919395e-05,False,
T003761,A0447,2026-01-18 15:03:00,36.77,D_A0447,,0,1.5919395e-05,False,
T011526,A0441,2026-02-24 15:50:00,42.92,D_A0441,,0,1.5919395e-05,False,
T000607,A0079,2026-01-03 20:01:00,24.91,D_A0079,,0,1.5919395e-05,False,
T011157,A0205,2026-02-22 16:37:00,25.0,D_A0205,,0,1.5919395e-05,False,
T001361,A0441,2026-01-07 13:09:00,37.7,D_A0441,,0,1.5919395e-05,False,
T006671,A0205,2026-02-01 17:17:00,34.6,D_A0205,,0,1.5919395e-05,False,
T008814,A0079,2026-02-11 16:01:00,46.27,D_A0079,,0,1.5919395e-05,False,
T003816,A0025,2026-01-18 17:49:00,33.4,D_A0025,,0,1.5919395e-05,False,
T010936,A0205,2026-02-21 16:33:00,40.31,D_A0205,,0,1.5919395e-05,False,
T009431,A0266,2026-02-14 15:17:00,60.05,D_A0266,,0,1.5919395e-05,False,
T003999,A0186,2026-01-19 15:55:00,21.24,D_A0186,,0,1.5919395e-05,False,
T003110,A0205,2026-01-15 16:35:00,30.28,D_A0205,,0,1.5919395e-05,False,
T009390,A0152,2026-02-14 13:33:00,49.01,D_A0152,,0,1.5919395e-05,False,
T012233,A0241,2026-02-28 13:29:00,24.31,D_A0241,,0,1.5919395e-05,False,
T012272,A0074,2026-02-28 15:08:00,45.1,D_A0074,,0,1.5919395e-05,False,
T009832,A0241,2026-02-16 14:38:00,18.28,D_A0241,,0,1.5919395e-05,False,
T000390,A0241,2026-01-02 19:48:00,19.12,D_A0241,,0,1.5919395e-05,False,
T007751,A0477,2026-02-06 15:41:00,68.09,D_A0477,,0,1.5919395e-05,False,
T007766,A0464,2026-02-06 16:34:00,29.07,D_A0464,,0,1.5919395e-05,False,
T010488,A0260,2026-02-19 15:49:00,79.76,D_A0260,,0,1.5919395e-05,False,
T006382,A0079,2026-01-31 13:26:00,21.57,D_A0079,,0,1.5919395e-05,False,
T002704,A0297,2026-01-13 18:20:00,17.51,D_A0297,,0,1.5919395e-05,False,
T005029,A0464,2026-01-24 22:36:00,31.8,D_A0464,,0,1.5919395e-05,False,
T010479,A0297,2026-02-19 15:21:00,28.6,D_A0297,,0,1.5919395e-05,False,
T002905,A0024,2026-01-14 17:33:00,97.49,D_A0024,,0,1.5919395e-05,False,
T010530,A0481,2026-02-19 18:34:00,145.13,D_A0481,,0,1.5896456e-05,False,
T011152,A0162,2026-02-22 16:03:00,141.98,D_A0162,,0,1.5896456e-05,False,
T002723,A0443,2026-01-13 21:57:00,179.86,D_A0443,,0,1.5888332e-05,False,
T005189,A0333,2026-01-25 17:24:00,121.97,D_FAM_9,,0,1.5875263e-05,False,
T000372,A0354,2026-01-02 17:40:00,39.16,D_A0354,,0,1.5873613e-05,False,
T000160,A0378,2026-01-01 18:00:00,28.87,D_A0378,,0,1.5873613e-05,False,
T000142,A0045,2026-01-01 16:17:00,66.13,D_A0045,,0,1.5873613e-05,False,
T000496,A0297,2026-01-03 13:39:00,31.92,D_A0297,,0,1.5873613e-05,False,
T001579,A0030,2026-01-08 13:32:00,63.32,D_A0030,,0,1.5873613e-05,False,
T006579,A0046,2026-02-01 12:20:00,54.98,D_A0046,,0,1.587328e-05,False,
T007058,A0040,2026-02-03 13:32:00,133.82,D_A0040,,0,1.586771e-05,False,
T005237,A0194,2026-01-25 23:20:00,109.21,D_FAM_2,,0,1.5856243e-05,False,
T004770,A0002,2026-01-23 15:18:00,53.51,D_A0002,,0,1.5855065e-05,False,
T003375,A0002,2026-01-16 19:10:00,53.44,D_A0002,,0,1.5855065e-05,False,
T000344,A0415,2026-01-02 16:13:00,36.39,D_A0415,,0,1.5855065e-05,False,
T000347,A0246,2026-01-02 16:20:00,47.86,D_A0246,,0,1.5855065e-05,False,
T000083,A0084,2026-01-01 12:58:00,30.23,D_A0084,,0,1.5848413e-05,False,
T000714,A0312,2026-01-04 12:56:00,99.87,D_A0312,,0,1.5848413e-05,False,
T008322,A0051,2026-02-09 12:11:00,52.27,D_A0051,,0,1.5845617e-05,False,
T003490,A0470,2026-01-17 12:45:00,34.43,D_A0470,,0,1.5845617e-05,False,
T001336,A0048,2026-01-07 12:19:00,50.44,D_A0048,,0,1.5845617e-05,False,
T008546,A0051,2026-02-10 12:31:00,54.12,D_A0051,,0,1.5845617e-05,False,
T004389,A0486,2026-01-21 17:42:00,310.43,D_A0486,,0,1.5844997e-05,False,
T002837,A0009,2026-01-14 13:47:00,80.16,D_A0009,,0,1.5838501e-05,False,
T003841,A0009,2026-01-18 23:42:00,87.17,D_A0009,,0,1.5838501e-05,False,
T000339,R004,2026-01-02 15:55:00,83.71,D_R004,,0,1.5830226e-05,False,
T004516,A0114,2026-01-22 13:20:00,70.11,D_A0114,,0,1.5827432e-05,False,
T003346,A0257,2026-01-16 17:24:00,40.12,D_A0257,,0,1.5827432e-05,False,
T009193,A0158,2026-02-13 14:26:00,24.88,D_A0158,,0,1.5827432e-05,False,
T003313,A0146,2026-01-16 15:54:00,19.76,D_A0146,,0,1.5827432e-05,False,
T005822,A0130,2026-01-28 16:07:00,32.85,D_A0130,,0,1.5827432e-05,False,
T007270,A0114,2026-02-04 14:03:00,73.02,D_A0114,,0,1.5827432e-05,False,
T012102,A0413,2026-02-27 17:30:00,66.41,D_A0413,,0,1.5827432e-05,False,
T007369,A0146,2026-02-04 20:17:00,21.23,D_A0146,,0,1.5827432e-05,False,
T003589,A0473,2026-01-17 17:18:00,15.0,D_A0473,,0,1.5827432e-05,False,
T006199,A0051,2026-01-30 14:36:00,62.88,D_A0051,,0,1.5827432e-05,False,
T011864,A0486,2026-02-26 13:47:00,69.02,D_A0486,,0,1.5827432e-05,False,
T010728,A0048,2026-02-20 16:04:00,28.83,D_A0048,,0,1.5827432e-05,False,
T011922,A0051,2026-02-26 16:31:00,46.75,D_A0051,,0,1.5827432e-05,False,
T001793,A0335,2026-01-09 14:55:00,30.48,D_A0335,,0,1.5827432e-05,False,
T012482,A0114,2026-03-01 15:16:00,66.5,D_A0114,,0,1.5827432e-05,False,
T009495,A0413,2026-02-14 21:52:00,79.53,D_A0413,,0,1.5827432e-05,False,
T003543,A0051,2026-01-17 14:59:00,58.45,D_A0051,,0,1.5827432e-05,False,
T009583,A0257,2026-02-15 13:17:00,14.57,D_A0257,,0,1.5827432e-05,False,
T003519,A0130,2026-01-17 13:59:00,42.18,D_A0130,,0,1.5827432e-05,False,
T007080,A0265,2026-02-03 14:52:00,34.61,D_A0265,,0,1.5827432e-05,False,
T003974,A0048,2026-01-19 15:02:00,27.89,D_A0048,,0,1.5827432e-05,False,
T004749,A0335,2026-01-23 14:17:00,28.37,D_A0335,,0,1.5827432e-05,False,
T005566,A0048,2026-01-27 13:40:00,30.87,D_A0048,,0,1.5827432e-05,False,
T007741,A0426,2026-02-06 15:12:00,38.83,D_A0426,,0,1.5827432e-05,False,
T011328,A0428,2026-02-23 15:50:00,45.92,D_A0428,,0,1.5827432e-05,False,
T003510,A0335,2026-01-17 13:42:00,45.3,D_A0335,,0,1.5827432e-05,False,
T005348,A0051,2026-01-26 13:23:00,74.51,D_A0051,,0,1.5827432e-05,False,
T008830,A0114,2026-02-11 17:25:00,79.2,D_A0114,,0,1.5827432e-05,False,
T011306,A0367,2026-02-23 14:22:00,47.45,D_A0367,,0,1.5827432e-05,False,
T005578,A0367,2026-01-27 14:11:00,47.79,D_A0367,,0,1.5827432e-05,False,
T007815,A0146,2026-02-06 21:13:00,28.56,D_A0146,,0,1.5827432e-05,False,
T005624,A0253,2026-01-27 16:13:00,24.66,D_A0253,,0,1.5827432e-05,False,
T012471,A0146,2026-03-01 14:52:00,11.2,D_A0146,,0,1.5827432e-05,False,
T006443,A0487,2026-01-31 16:22:00,78.34,D_A0487,,0,1.5827432e-05,False,
T004947,A0048,2026-01-24 14:16:00,35.05,D_A0048,,0,1.5827432e-05,False,
T004949,A0051,2026-01-24 14:25:00,67.21,D_A0051,,0,1.5827432e-05,False,
T012441,A0265,2026-03-01 13:31:00,39.33,D_A0265,,0,1.5827432e-05,False,
T008030,A0335,2026-02-07 23:47:00,37.4,D_A0335,,0,1.5827432e-05,False,
T001402,A0146,2026-01-07 14:57:00,11.25,D_A0146,,0,1.5827432e-05,False,
T008365,A0146,2026-02-09 14:10:00,29.41,D_A0146,,0,1.5827432e-05,False,
T008857,A0253,2026-02-11 20:29:00,26.32,D_A0253,,0,1.5827432e-05,False,
T012245,A0486,2026-02-28 13:42:00,71.51,D_A0486,,0,1.5827432e-05,False,
T007801,A0133,2026-02-06 18:45:00,99.46,D_A0133,,0,1.5825637e-05,False,
T003119,A0356,2026-01-15 17:03:00,52.1,D_A0356,,0,1.5825637e-05,False,
T005449,A0243,2026-01-26 19:18:00,229.87,D_A0243,,0,1.582387e-05,False,
T003624,A0284,2026-01-17 19:41:00,140.53,D_A0284,,0,1.5823538e-05,False,
T008428,A0414,2026-02-09 17:48:00,200.78,D_A0414,,0,1.5818168e-05,False,
T010485,A0124,2026-02-19 15:42:00,113.62,D_A0124,,0,1.581298e-05,False,
T009004,A0322,2026-02-12 15:03:00,108.34,D_A0322,,0,1.581298e-05,False,
T003936,A0475,2026-01-19 13:18:00,116.11,D_A0475,,0,1.581298e-05,False,
T000782,A0133,2026-01-04 16:14:00,38.05,D_A0133,,0,1.5803542e-05,False,
T001003,A0175,2026-01-05 17:14:00,102.31,D_FAM_7,,0,1.5798885e-05,False,
T012428,A0326,2026-03-01 12:41:00,102.28,D_A0326,,0,1.5789788e-05,False,
T006665,A0360,2026-02-01 16:54:00,75.92,D_A0360,,0,1.5778107e-05,False,
T012562,A0253,2026-03-01 21:45:00,62.71,D_A0253,,0,1.5778107e-05,False,
T007774,A0360,2026-02-06 17:00:00,75.32,D_A0360,,0,1.5778107e-05,False,
T002185,A0200,2026-01-11 13:21:00,126.18,D_A0200,,0,1.5755208e-05,False,
T010296,A0229,2026-02-18 15:39:00,108.58,D_A0229,,0,1.5750715e-05,False,
T000222,A0067,2026-01-02 09:22:00,9.68,D_A0067,,0,1.5715981e-05,False,
T011644,A0498,2026-02-25 12:19:00,134.91,D_A0498,,0,1.5715066e-05,False,
T011879,A0445,2026-02-26 14:41:00,131.16,D_A0445,,0,1.5697033e-05,False,
T003815,A0284,2026-01-18 17:48:00,135.54,D_A0284,,0,1.5697033e-05,False,
T009352,A0083,2026-02-14 11:42:00,114.98,D_A0083,,0,1.5693784e-05,False,
T005023,A0034,2026-01-24 21:13:00,54.36,D_FAM_10,,0,1.5679976e-05,False,
T009814,A0007,2026-02-16 13:47:00,63.84,D_A0007,,0,1.5669648e-05,False,
T004212,A0004,2026-01-20 19:01:00,115.43,D_A0004,,0,1.565616e-05,False,
T008218,A0026,2026-02-08 17:30:00,107.72,D_A0026,,0,1.565616e-05,False,
T010146,A0054,2026-02-17 23:25:00,107.53,D_A0054,,0,1.565616e-05,False,
T004409,A0116,2026-01-21 19:33:00,179.64,D_A0116,,0,1.5655667e-05,False,
T000053,A0005,2026-01-01 11:40:00,48.87,D_A0005,,0,1.565098e-05,False,
T002443,A0108,2026-01-12 15:05:00,92.47,D_A0108,,0,1.5640147e-05,False,
T011794,A0461,2026-02-26 08:51:00,46.73,D_FAM_0,,0,1.5630932e-05,False,
T005396,A0156,2026-01-26 15:37:00,67.55,D_A0156,,0,1.5629814e-05,False,
T011541,A0167,2026-02-24 17:20:00,156.14,D_A0167,,0,1.5628219e-05,False,
T004137,A0437,2026-01-20 14:04:00,136.7,D_FAM_3,,0,1.5623807e-05,False,
T011415,A0310,2026-02-24 10:03:00,134.34,D_A0310,,0,1.5612608e-05,False,
T010634,A0225,2026-02-20 12:09:00,80.93,D_A0225,,0,1.5610032e-05,False,
T010862,A0139,2026-02-21 12:41:00,88.39,D_FAM_7,,0,1.5604495e-05,False,
T010695,A0261,2026-02-20 14:24:00,69.95,D_A0261,PAYEE_A0261,0,1.5595717e-05,False,
T003521,A0459,2026-01-17 14:04:00,95.92,D_A0459,,0,1.5592119e-05,False,
T003147,A0137,2026-01-15 18:57:00,77.5,D_FAM_13,,0,1.5586587e-05,False,
T004520,A0137,2026-01-22 13:30:00,45.7,D_FAM_13,,0,1.5586587e-05,False,
T004373,A0137,2026-01-21 16:41:00,100.18,D_FAM_13,,0,1.5586587e-05,False,
T004396,A0139,2026-01-21 18:15:00,82.19,D_FAM_7,,0,1.5586587e-05,False,
T003623,A0137,2026-01-17 19:36:00,44.18,D_FAM_13,,0,1.5586587e-05,False,
T001976,A0449,2026-01-10 13:34:00,74.75,D_FAM_0,,0,1.557476e-05,False,
T005708,A0175,2026-01-28 09:01:00,96.05,D_FAM_7,,0,1.5570855e-05,False,
T001763,A0435,2026-01-09 13:21:00,90.0,D_A0435,,0,1.5568805e-05,False,
T000566,A0160,2026-01-03 17:00:00,113.11,D_A0160,,0,1.555309e-05,False,
T007060,A0403,2026-02-03 13:44:00,103.29,D_A0403,,0,1.5553076e-05,False,
T005357,A0130,2026-01-26 13:54:00,83.53,D_A0130,,0,1.554071e-05,False,
T005560,A0321,2026-01-27 13:27:00,106.24,D_A0321,,0,1.553545e-05,False,
T000881,A0252,2026-01-05 10:21:00,47.93,D_A0252,,0,1.5527541e-05,False,
T009557,A0478,2026-02-15 11:27:00,35.94,D_A0478,,0,1.5526917e-05,False,
T011440,A0416,2026-02-24 11:36:00,34.0,D_A0416,,0,1.5526917e-05,False,
T011044,A0478,2026-02-22 11:28:00,89.71,D_A0478,,0,1.5526917e-05,False,
T012416,A0416,2026-03-01 11:46:00,41.93,D_A0416,,0,1.5526917e-05,False,
T007237,A0152,2026-02-04 11:48:00,68.79,D_A0152,,0,1.5526917e-05,False,
T012204,A0304,2026-02-28 11:57:00,69.9,D_A0304,,0,1.5526917e-05,False,
T007670,A0460,2026-02-06 11:57:00,57.52,D_A0460,,0,1.5526917e-05,False,
T012399,A0301,2026-03-01 11:02:00,69.72,D_A0301,,0,1.5526917e-05,False,
T010319,A0491,2026-02-18 17:16:00,47.39,D_FAM_2,,0,1.5515092e-05,False,
T004907,A0186,2026-01-24 12:11:00,53.88,D_A0186,,0,1.5512045e-05,False,
T002260,A0402,2026-01-11 17:05:00,158.45,D_A0402,,0,1.551191e-05,False,
T000442,A0163,2026-01-03 10:17:00,30.82,D_FAM_5,,0,1.5506186e-05,False,
T012216,A0262,2026-02-28 12:52:00,145.69,D_A0262,,0,1.5490637e-05,False,
T001453,A0441,2026-01-07 18:54:00,79.2,D_A0441,,0,1.5483061e-05,False,
T002980,A0237,2026-01-15 09:51:00,16.91,D_FAM_3,,0,1.5474103e-05,False,
T009464,A0363,2026-02-14 17:32:00,141.03,D_A0363,,0,1.5472862e-05,False,
T005338,A0233,2026-01-26 13:01:00,145.89,D_A0233,,0,1.5472862e-05,False,
T006357,A0006,2026-01-31 11:57:00,92.59,D_FAM_7,,0,1.5469084e-05,False,
T003889,A0275,2026-01-19 10:56:00,115.85,D_FAM_5,,0,1.5463436e-05,False,
T001927,A0083,2026-01-10 10:59:00,126.87,D_A0083,,0,1.5459293e-05,False,
T003472,A0078,2026-01-17 11:32:00,60.59,D_A0078,,0,1.5455696e-05,False,
T006183,A0081,2026-01-30 13:59:00,102.23,D_A0081,,0,1.544653e-05,False,
T007006,A0077,2026-02-03 10:47:00,68.48,D_A0077,,0,1.5441818e-05,False,
T006332,A0271,2026-01-31 10:04:00,93.51,D_A0271,,0,1.5436135e-05,False,
T008940,A0052,2026-02-12 12:02:00,94.41,D_A0052,,0,1.5421627e-05,False,
T010267,A0320,2026-02-18 14:19:00,119.4,D_FAM_4,,0,1.5416626e-05,False,
T003224,A0465,2026-01-16 10:55:00,85.07,D_A0465,,0,1.5410144e-05,False,
T006942,A0308,2026-02-02 20:20:00,79.93,D_A0308,,0,1.540393e-05,False,
T005142,A0007,2026-01-25 14:28:00,48.27,D_A0007,,0,1.540393e-05,False,
T001615,A0393,2026-01-08 15:44:00,91.75,D_A0393,,0,1.540393e-05,False,
T006061,A0356,2026-01-29 19:25:00,71.91,D_A0356,,0,1.540393e-05,False,
T012046,A0438,2026-02-27 13:49:00,107.79,D_A0438,,0,1.5401652e-05,False,
T007456,A0349,2026-02-05 13:07:00,121.42,D_A0349,,0,1.5401652e-05,False,
T008706,A0188,2026-02-11 09:35:00,32.59,D_A0188,,0,1.539437e-05,False,
T011609,A0070,2026-02-25 09:50:00,60.37,D_A0070,,0,1.539437e-05,False,
T008373,A0121,2026-02-09 14:39:00,110.36,D_A0121,,0,1.539161e-05,False,
T009219,A0477,2026-02-13 15:50:00,115.85,D_A0477,,0,1.539161e-05,False,
T009703,A0096,2026-02-15 23:03:00,118.26,D_A0096,,0,1.539161e-05,False,
T007172,A0003,2026-02-03 21:27:00,110.55,D_A0003,,0,1.539161e-05,False,
T011035,A0236,2026-02-22 10:58:00,100.35,D_A0236,,0,1.5384301e-05,False,
T008504,A0189,2026-02-10 10:24:00,91.11,D_A0189,,0,1.5384301e-05,False,
T000112,A0015,2026-01-01 14:34:00,24.8,D_FAM_14,,0,1.5358515e-05,False,
T001150,A0195,2026-01-06 14:17:00,2.35,D_FAM_11,,0,1.5358515e-05,False,
T006208,A0189,2026-01-30 14:51:00,118.28,D_A0189,,0,1.5358428e-05,False,
T008581,A0284,2026-02-10 14:17:00,129.13,D_A0284,,0,1.534916e-05,False,
T011166,A0234,2026-02-22 17:19:00,83.62,D_A0234,,0,1.5342719e-05,False,
T011410,A0013,2026-02-24 09:24:00,43.99,D_A0013,,0,1.5341315e-05,False,
T004257,A0417,2026-01-21 09:36:00,38.54,D_A0417,,0,1.5341315e-05,False,
T003195,A0335,2026-01-16 09:12:00,53.07,D_A0335,,0,1.5341315e-05,False,
T011020,A0037,2026-02-22 09:54:00,61.68,D_A0037,,0,1.5341315e-05,False,
T011016,A0278,2026-02-22 09:27:00,38.87,D_A0278,,0,1.5341315e-05,False,
T001501,A0079,2026-01-08 09:42:00,34.92,D_A0079,,0,1.5341315e-05,False,
T010189,A0142,2026-02-18 09:47:00,36.31,D_A0142,,0,1.5341315e-05,False,
T012424,A0178,2026-03-01 12:19:00,59.12,D_A0178,,0,1.5333286e-05,False,
T003739,A0204,2026-01-18 13:46:00,67.87,D_A0204,,0,1.5331707e-05,False,
T000455,A0498,2026-01-03 11:06:00,122.64,D_A0498,,0,1.5316873e-05,False,
T011202,A0385,2026-02-22 23:29:00,88.49,D_A0385,,0,1.5309293e-05,False,
T006938,A0126,2026-02-02 20:04:00,267.9,D_A0126,,0,1.5303658e-05,False,
T001390,A0008,2026-01-07 14:20:00,74.38,D_A0008,,0,1.5300726e-05,False,
T000063,A0002,2026-01-01 11:56:00,17.12,D_A0002,,0,1.529972e-05,False,
T000061,A0302,2026-01-01 11:54:00,7.71,D_A0302,,0,1.529972e-05,False,
T000892,A0115,2026-01-05 11:08:00,25.11,D_A0115,,0,1.529972e-05,False,
T001781,A0046,2026-01-09 14:10:00,40.78,D_A0046,,0,1.5289801e-05,False,
T005814,A0002,2026-01-28 15:50:00,53.65,D_A0002,,0,1.5289801e-05,False,
T009587,A0002,2026-02-15 13:34:00,54.77,D_A0002,,0,1.5289801e-05,False,
T002525,A0125,2026-01-12 23:12:00,62.4,D_A0125,,0,1.5289801e-05,False,
T010259,A0046,2026-02-18 13:53:00,50.01,D_A0046,,0,1.5289801e-05,False,
T000983,A0249,2026-01-05 16:14:00,23.1,D_A0249,,0,1.5289801e-05,False,
T002237,A0099,2026-01-11 16:08:00,83.15,D_A0099,,0,1.528913e-05,False,
T002899,A0284,2026-01-14 17:03:00,135.71,D_A0284,,0,1.5278752e-05,False,
T000192,A0231,2026-01-01 22:43:00,107.52,D_A0231,,0,1.5256011e-05,False,
T000590,A0014,2026-01-03 18:05:00,42.11,D_FAM_2,,0,1.5250672e-05,False,
T006231,A0360,2026-01-30 15:56:00,61.54,D_A0360,,0,1.5250628e-05,False,
T010972,A0378,2026-02-21 19:17:00,49.49,D_A0378,,0,1.5250628e-05,False,
T009207,A0221,2026-02-13 14:58:00,35.52,D_A0221,,0,1.5250628e-05,False,
T006254,A0415,2026-01-30 17:31:00,65.85,D_A0415,,0,1.5249623e-05,False,
T002269,A0246,2026-01-11 17:44:00,54.99,D_A0246,,0,1.5249623e-05,False,
T011474,A0051,2026-02-24 13:36:00,103.98,D_A0051,,0,1.5234914e-05,False,
T000028,A0421,2026-01-01 10:23:00,118.88,D_A0421,,0,1.52341e-05,False,
T011340,A0186,2026-02-23 16:38:00,61.21,D_A0186,,0,1.5231501e-05,False,
T011873,A0187,2026-02-26 14:27:00,27.2,D_A0187,,0,1.5224398e-05,False,
T000564,A0109,2026-01-03 16:54:00,13.32,D_FAM_13,,0,1.5208319e-05,False,
T000750,A0006,2026-01-04 14:50:00,33.24,D_FAM_7,,0,1.5208319e-05,False,
T005175,A0401,2026-01-25 16:29:00,148.3,D_A0401,,0,1.5198359e-05,False,
T009887,A0323,2026-02-16 17:42:00,155.42,D_A0323,,0,1.51934755e-05,False,
T002255,A0051,2026-01-11 16:58:00,94.3,D_A0051,,0,1.5192476e-05,False,
T000735,A0017,2026-01-04 14:04:00,62.37,D_A0017,,0,1.5192476e-05,False,
T000143,A0387,2026-01-01 16:19:00,34.4,D_A0387,,0,1.5192476e-05,False,
T011766,A0456,2026-02-25 21:14:00,87.67,D_A0456,,0,1.5192476e-05,False,
T009075,A0099,2026-02-12 21:14:00,87.85,D_A0099,,0,1.51914755e-05,False,
T007135,A0240,2026-02-03 17:51:00,37.13,D_FAM_11,,0,1.51811355e-05,False,
T006059,A0240,2026-01-29 19:07:00,51.9,D_FAM_11,,0,1.51811355e-05,False,
T003005,A0364,2026-01-15 11:13:00,109.13,D_A0364,,0,1.517575e-05,False,
T010840,A0071,2026-02-21 11:11:00,108.19,D_A0071,,0,1.5171367e-05,False,
T009484,A0139,2026-02-14 19:32:00,62.98,D_FAM_7,,0,1.5171249e-05,False,
T001673,A0110,2026-01-08 19:54:00,80.55,D_FAM_11,,0,1.5171249e-05,False,
T004573,A0139,2026-01-22 15:35:00,82.76,D_FAM_7,,0,1.5171249e-05,False,
T002613,A0224,2026-01-13 12:48:00,89.81,D_A0224,,0,1.5157006e-05,False,
T006644,A0333,2026-02-01 15:46:00,108.72,D_FAM_9,,0,1.5155778e-05,False,
T006163,A0047,2026-01-30 13:05:00,88.14,D_A0047,,0,1.51539425e-05,False,
T000260,A0386,2026-01-02 11:44:00,9.01,D_A0386,,0,1.5150098e-05,False,
T004976,A0020,2026-01-24 15:51:00,122.73,D_A0020,,0,1.5142413e-05,False,
T003307,A0453,2026-01-16 15:37:00,122.93,D_A0453,,0,1.5142413e-05,False,
T008231,A0224,2026-02-08 19:14:00,94.57,D_A0224,,0,1.51396125e-05,False,
T005207,A0386,2026-01-25 17:50:00,56.9,D_A0386,,0,1.51396125e-05,False,
T005091,A0284,2026-01-25 11:48:00,108.1,D_A0284,,0,1.5133607e-05,False,
T005310,A0131,2026-01-26 11:42:00,79.17,D_A0131,,0,1.5133593e-05,False,
T002141,A0133,2026-01-11 11:29:00,52.16,D_A0133,,0,1.5123018e-05,False,
T006566,A0117,2026-02-01 11:21:00,39.53,D_A0117,,0,1.5123018e-05,False,
T003011,A0133,2026-01-15 11:21:00,30.19,D_A0133,,0,1.5123018e-05,False,
T000466,A0096,2026-01-03 11:30:00,94.67,D_A0096,,0,1.5113171e-05,False,
T001092,A0437,2026-01-06 11:08:00,55.77,D_FAM_3,,0,1.5106197e-05,False,
T008223,A0104,2026-02-08 18:00:00,206.58,D_A0104,,0,1.5105692e-05,False,
T010141,A0090,2026-02-17 21:39:00,118.66,D_A0090,,0,1.5097988e-05,False,
T003168,A0189,2026-01-15 23:51:00,110.8,D_A0189,,0,1.5097988e-05,False,
T004984,A0370,2026-01-24 16:09:00,91.69,D_A0370,,0,1.5082545e-05,False,
T008175,A0370,2026-02-08 15:29:00,99.41,D_A0370,,0,1.5082545e-05,False,
T009160,A0200,2026-02-13 13:13:00,107.96,D_A0200,,0,1.5061401e-05,False,
T002103,A0451,2026-01-11 08:33:00,14.29,D_FAM_12,,0,1.5061287e-05,False,
T009055,A0458,2026-02-12 18:35:00,30.99,D_FAM_9,,0,1.5060656e-05,False,
T007966,A0314,2026-02-07 16:29:00,74.84,D_FAM_10,,0,1.5060656e-05,False,
T006264,A0314,2026-01-30 18:37:00,98.93,D_FAM_10,,0,1.5060656e-05,False,
T000771,A0449,2026-01-04 15:54:00,101.08,D_FAM_0,,0,1.5060656e-05,False,
T006270,A0458,2026-01-30 20:28:00,36.67,D_FAM_9,,0,1.5060656e-05,False,
T007810,A0302,2026-02-06 19:32:00,23.0,D_A0302,,0,1.5040146e-05,False,
T008964,A0458,2026-02-12 12:41:00,10.14,D_FAM_9,,0,1.5036086e-05,False,
T012265,A0229,2026-02-28 14:43:00,122.11,D_A0229,,0,1.50317555e-05,False,
T009952,A0395,2026-02-17 08:39:00,67.43,D_A0395,,0,1.5028689e-05,False,
T003348,A0252,2026-01-16 17:26:00,59.8,D_A0252,,0,1.50271835e-05,False,
T011508,A0010,2026-02-24 14:54:00,90.6,D_A0010,,0,1.50271835e-05,False,
T001454,A0156,2026-01-07 18:56:00,63.55,D_A0156,,0,1.50271835e-05,False,
T006868,A0396,2026-02-02 15:14:00,114.81,D_FAM_3,,0,1.5023445e-05,False,
T006354,A0435,2026-01-31 11:36:00,111.11,D_A0435,,0,1.5023014e-05,False,
T004510,A0458,2026-01-22 13:10:00,12.15,D_FAM_9,,0,1.5018831e-05,False,
T002461,A0458,2026-01-12 15:58:00,11.94,D_FAM_9,,0,1.5018831e-05,False,
T002871,A0458,2026-01-14 15:07:00,10.22,D_FAM_9,,0,1.5018831e-05,False,
T012431,A0458,2026-03-01 13:11:00,10.28,D_FAM_9,,0,1.5018831e-05,False,
T000179,A0217,2026-01-01 19:47:00,191.44,D_A0217,,0,1.501866e-05,False,
T004859,A0361,2026-01-24 08:36:00,61.36,D_A0361,,0,1.5018188e-05,False,
T006531,A0445,2026-02-01 08:29:00,52.92,D_A0445,,0,1.5018188e-05,False,
T001280,A0175,2026-01-07 08:22:00,73.73,D_A0175,,0,1.5018188e-05,False,
T010526,A0225,2026-02-19 18:28:00,72.95,D_A0225,,0,1.5013389e-05,False,
T004583,A0273,2026-01-22 16:13:00,99.41,D_A0273,,0,1.5013389e-05,False,
T011110,A0356,2026-02-22 14:16:00,66.02,D_A0356,,0,1.5013389e-05,False,
T004134,A0352,2026-01-20 13:56:00,62.15,D_A0352,,0,1.5013389e-05,False,
T003693,A0058,2026-01-18 11:55:00,122.03,D_A0058,,0,1.5000954e-05,False,
T009483,A0141,2026-02-14 19:18:00,59.4,D_FAM_2,,0,1.4992372e-05,False,
T005401,A0015,2026-01-26 15:54:00,25.69,D_FAM_14,,0,1.4992372e-05,False,
T006204,A0437,2026-01-30 14:43:00,41.67,D_FAM_3,,0,1.4992372e-05,False,
T003324,A0141,2026-01-16 16:16:00,32.57,D_FAM_2,,0,1.4992372e-05,False,
T005807,A0141,2026-01-28 15:35:00,39.46,D_FAM_2,,0,1.4992372e-05,False,
T012396,A0222,2026-03-01 10:53:00,93.96,D_A0222,,0,1.4991513e-05,False,
T009762,A0222,2026-02-16 10:58:00,73.83,D_A0222,,0,1.4991513e-05,False,
T010577,A0012,2026-02-20 08:51:00,103.3,D_A0012,,0,1.4967086e-05,False,
T008489,A0230,2026-02-10 08:52:00,27.67,D_A0230,,0,1.4966429e-05,False,
T010804,A0067,2026-02-21 08:35:00,17.43,D_A0067,,0,1.4966429e-05,False,
T011012,A0358,2026-02-22 08:56:00,35.25,D_A0358,,0,1.4966429e-05,False,
T009313,A0199,2026-02-14 08:48:00,20.07,D_A0199,,0,1.4966429e-05,False,
T011817,A0082,2026-02-26 11:28:00,110.06,D_A0082,,0,1.49637035e-05,False,
T000448,A0102,2026-01-03 10:35:00,15.79,D_FAM_7,,0,1.4958211e-05,False,
T003489,A0498,2026-01-17 12:45:00,128.23,D_A0498,,0,1.49573125e-05,False,
T011841,A0033,2026-02-26 12:50:00,129.65,D_A0033,,0,1.49573125e-05,False,
T003217,A0122,2026-01-16 10:22:00,80.79,D_A0122,,0,1.4942785e-05,False,
T011324,A0121,2026-02-23 15:38:00,131.81,D_A0121,,0,1.4940148e-05,False,
T010727,A0445,2026-02-20 16:03:00,131.11,D_A0445,,0,1.4940148e-05,False,
T012312,A0140,2026-02-28 16:39:00,453.51,D_A0140,,0,1.4939279e-05,False,
T011928,A0346,2026-02-26 16:50:00,103.12,D_A0346,,0,1.4938767e-05,False,
T005307,A0488,2026-01-26 11:33:00,27.42,D_A0488,,0,1.4934977e-05,False,
T004091,A0218,2026-01-20 11:15:00,18.5,D_A0218,,0,1.4934977e-05,False,
T011050,A0204,2026-02-22 11:54:00,16.91,D_A0204,,0,1.4934977e-05,False,
T004094,A0371,2026-01-20 11:23:00,26.62,D_A0371,,0,1.4934977e-05,False,
T012407,A0211,2026-03-01 11:26:00,50.71,D_A0211,,0,1.4934977e-05,False,
T000743,A0288,2026-01-04 14:37:00,103.94,D_A0288,,0,1.4934606e-05,False,
T004553,A0444,2026-01-22 14:57:00,126.24,D_A0444,,0,1.4934022e-05,False,
T012025,A0360,2026-02-27 12:30:00,22.37,D_A0360,,0,1.4929779e-05,False,
T004505,A0410,2026-01-22 12:59:00,31.49,D_A0410,,0,1.4929779e-05,False,
T004911,A0245,2026-01-24 12:29:00,47.31,D_A0245,,0,1.4929779e-05,False,
T011072,A0095,2026-02-22 12:45:00,98.43,D_A0095,,0,1.4929779e-05,False,
T005334,A0487,2026-01-26 12:57:00,69.8,D_A0487,,0,1.4929779e-05,False,
T001551,A0013,2026-01-08 12:25:00,122.16,D_A0013,,0,1.4927871e-05,False,
T007927,A0018,2026-02-07 14:20:00,335.35,D_A0018,,0,1.4918763e-05,False,
T012203,A0006,2026-02-28 11:49:00,29.56,D_FAM_7,,0,1.4916928e-05,False,
T008843,A0293,2026-02-11 18:37:00,42.73,D_A0293,,0,1.4912646e-05,False,
T009204,A0162,2026-02-13 14:50:00,87.3,D_A0162,,0,1.4912646e-05,False,
T010953,A0377,2026-02-21 17:51:00,25.92,D_A0377,,0,1.4912646e-05,False,
T007347,A0101,2026-02-04 18:22:00,71.74,D_A0101,,0,1.4912646e-05,False,
T010877,A0377,2026-02-21 13:17:00,20.6,D_A0377,,0,1.4912646e-05,False,
T007150,A0009,2026-02-03 18:25:00,47.55,D_A0009,,0,1.4912646e-05,False,
T002033,A0228,2026-01-10 16:41:00,94.98,D_A0228,,0,1.4912646e-05,False,
T007152,A0293,2026-02-03 18:40:00,35.1,D_A0293,,0,1.4912646e-05,False,
T008412,A0410,2026-02-09 16:34:00,44.2,D_A0410,,0,1.4912646e-05,False,
T005966,A0487,2026-01-29 13:27:00,92.48,D_A0487,,0,1.4912646e-05,False,
T002665,A0183,2026-01-13 15:44:00,26.45,D_A0183,,0,1.4912646e-05,False,
T004342,A0221,2026-01-21 15:04:00,35.57,D_A0221,,0,1.4912646e-05,False,
T009837,A0183,2026-02-16 14:50:00,30.44,D_A0183,,0,1.4912646e-05,False,
T008203,A0424,2026-02-08 16:46:00,57.89,D_A0424,,0,1.4912646e-05,False,
T008222,A0458,2026-02-08 17:48:00,51.09,D_A0458,,0,1.4912646e-05,False,
T004530,A0249,2026-01-22 14:07:00,20.39,D_A0249,,0,1.4912646e-05,False,
T012459,A0258,2026-03-01 14:27:00,62.4,D_A0258,,0,1.4912646e-05,False,
T004575,A0410,2026-01-22 15:44:00,37.34,D_A0410,,0,1.4912646e-05,False,
T011868,A0178,2026-02-26 14:06:00,26.77,D_A0178,,0,1.4912646e-05,False,
T008597,A0245,2026-02-10 15:15:00,37.26,D_A0245,,0,1.4912646e-05,False,
T010069,A0191,2026-02-17 15:42:00,18.83,D_A0191,,0,1.4912646e-05,False,
T009598,A0424,2026-02-15 14:09:00,57.39,D_A0424,,0,1.4912646e-05,False,
T009595,A0228,2026-02-15 13:57:00,88.04,D_A0228,,0,1.4912646e-05,False,
T006002,A0009,2026-01-29 15:32:00,52.49,D_A0009,,0,1.4912646e-05,False,
T002832,A0183,2026-01-14 13:41:00,30.12,D_A0183,,0,1.4912646e-05,False,
T008828,A0095,2026-02-11 16:44:00,76.87,D_A0095,,0,1.4912646e-05,False,
T006007,A0191,2026-01-29 15:47:00,8.3,D_A0191,,0,1.4912646e-05,False,
T010777,A0424,2026-02-20 21:02:00,70.78,D_A0424,,0,1.4912646e-05,False,
T008668,A0221,2026-02-10 22:37:00,29.01,D_A0221,,0,1.4912646e-05,False,
T005438,A0221,2026-01-26 18:28:00,34.24,D_A0221,,0,1.4912646e-05,False,
T006437,A0360,2026-01-31 16:04:00,50.76,D_A0360,,0,1.4912646e-05,False,
T003955,A0473,2026-01-19 14:29:00,17.36,D_A0473,,0,1.4912646e-05,False,
T002682,A0360,2026-01-13 16:57:00,48.29,D_A0360,,0,1.4912646e-05,False,
T009697,A0293,2026-02-15 21:17:00,42.06,D_A0293,,0,1.4912646e-05,False,
T006482,A0005,2026-01-31 18:47:00,63.3,D_A0005,,0,1.4912646e-05,False,
T001459,A0192,2026-01-07 19:49:00,56.02,D_A0192,,0,1.4912646e-05,False,
T002713,A0130,2026-01-13 19:08:00,40.26,D_A0130,,0,1.4912646e-05,False,
T005021,A0095,2026-01-24 20:31:00,74.87,D_A0095,,0,1.4912646e-05,False,
T010073,A0192,2026-02-17 15:46:00,76.58,D_A0192,,0,1.4912646e-05,False,
T006503,A0397,2026-01-31 20:50:00,62.13,D_A0397,,0,1.4912646e-05,False,
T002875,A0228,2026-01-14 15:19:00,51.7,D_A0228,,0,1.4912646e-05,False,
T009920,A0176,2026-02-16 21:33:00,12.88,D_A0176,,0,1.4912646e-05,False,
T012483,A0009,2026-03-01 15:17:00,71.92,D_A0009,,0,1.4912646e-05,False,
T001768,A0473,2026-01-09 13:34:00,27.07,D_A0473,,0,1.4912646e-05,False,
T010662,A0293,2026-02-20 13:03:00,65.5,D_A0293,,0,1.4912646e-05,False,
T005353,A0410,2026-01-26 13:37:00,57.22,D_A0410,,0,1.4912646e-05,False,
T003496,A0473,2026-01-17 13:03:00,22.24,D_A0473,,0,1.4912646e-05,False,
T003529,A0178,2026-01-17 14:21:00,35.39,D_A0178,,0,1.4912646e-05,False,
T011684,A0245,2026-02-25 14:21:00,63.84,D_A0245,,0,1.4912646e-05,False,
T009425,A0377,2026-02-14 14:58:00,13.79,D_A0377,,0,1.4912646e-05,False,
T008993,A0360,2026-02-12 14:34:00,29.55,D_A0360,,0,1.4912646e-05,False,
T004335,A0473,2026-01-21 14:35:00,28.29,D_A0473,,0,1.4912646e-05,False,
T000364,A0390,2026-01-02 17:14:00,54.49,D_A0390,,0,1.4912646e-05,False,
T001968,A0245,2026-01-10 13:21:00,51.19,D_A0245,,0,1.4912646e-05,False,
T011934,A0178,2026-02-26 17:16:00,32.46,D_A0178,,0,1.4912646e-05,False,
T005592,A0377,2026-01-27 15:02:00,27.49,D_A0377,,0,1.4912646e-05,False,
T007536,A0424,2026-02-05 17:03:00,46.49,D_A0424,,0,1.4912646e-05,False,
T004590,A0130,2026-01-22 16:28:00,26.39,D_A0130,,0,1.4912646e-05,False,
T012255,A0130,2026-02-28 14:11:00,32.93,D_A0130,,0,1.4912646e-05,False,
T007522,A0293,2026-02-05 16:20:00,52.98,D_A0293,,0,1.4912646e-05,False,
T007547,A0009,2026-02-05 17:36:00,88.26,D_A0009,,0,1.4912646e-05,False,
T003362,A0441,2026-01-16 18:05:00,78.99,D_A0441,,0,1.4908381e-05,False,
T001415,A0472,2026-01-07 15:30:00,220.39,D_A0472,,0,1.4896528e-05,False,
T000041,A0328,2026-01-01 11:05:00,84.09,D_A0328,,0,1.4892026e-05,False,
T008086,A0034,2026-02-08 11:19:00,12.05,D_FAM_10,,0,1.4881591e-05,False,
T005546,A0183,2026-01-27 12:40:00,40.73,D_A0183,,0,1.4872851e-05,False,
T011828,A0305,2026-02-26 12:22:00,49.32,D_A0305,,0,1.4872851e-05,False,
T012421,A0208,2026-03-01 12:12:00,47.42,D_A0208,,0,1.4872851e-05,False,
T005336,A0191,2026-01-26 12:59:00,28.6,D_A0191,,0,1.4872851e-05,False,
T000612,A0058,2026-01-03 21:19:00,161.8,D_A0058,,0,1.4872751e-05,False,
T004295,A0386,2026-01-21 12:17:00,46.43,D_A0386,,0,1.4868768e-05,False,
T008802,A0340,2026-02-11 15:00:00,116.29,D_A0340,,0,1.48622885e-05,False,
T004228,A0265,2026-01-20 21:47:00,58.13,D_A0265,,0,1.4855784e-05,False,
T008630,A0183,2026-02-10 16:55:00,28.17,D_A0183,,0,1.4855784e-05,False,
T009671,A0346,2026-02-15 18:07:00,71.91,D_A0346,,0,1.4855784e-05,False,
T006886,A0265,2026-02-02 15:50:00,49.47,D_A0265,,0,1.4855784e-05,False,
T000987,A0203,2026-01-05 16:20:00,19.1,D_A0203,,0,1.4855784e-05,False,
T005989,A0183,2026-01-29 14:40:00,40.72,D_A0183,,0,1.4855784e-05,False,
T009642,A0377,2026-02-15 16:15:00,36.75,D_A0377,,0,1.4855784e-05,False,
T012449,A0293,2026-03-01 14:07:00,70.48,D_A0293,,0,1.4855784e-05,False,
T008172,A0265,2026-02-08 15:23:00,53.59,D_A0265,,0,1.4855784e-05,False,
T011174,A0305,2026-02-22 17:38:00,48.78,D_A0305,,0,1.4855784e-05,False,
T007814,A0203,2026-02-06 21:04:00,49.27,D_A0203,,0,1.4855784e-05,False,
T009808,A0404,2026-02-16 13:26:00,19.62,D_A0404,,0,1.4855784e-05,False,
T012553,A0191,2026-03-01 20:33:00,34.28,D_A0191,,0,1.4855784e-05,False,
T012517,A0253,2026-03-01 17:17:00,40.89,D_A0253,,0,1.4855784e-05,False,
T006426,A0228,2026-01-31 15:41:00,100.92,D_A0228,,0,1.4855784e-05,False,
T007475,A0456,2026-02-05 13:52:00,76.36,D_A0456,,0,1.4855784e-05,False,
T009083,A0019,2026-02-12 23:46:00,77.44,D_A0019,,0,1.4855784e-05,False,
T007096,A0051,2026-02-03 15:46:00,82.05,D_A0051,,0,1.4855784e-05,False,
T007085,A0203,2026-02-03 15:08:00,32.58,D_A0203,,0,1.4855784e-05,False,
T003258,A0414,2026-01-16 13:06:00,97.61,D_A0414,,0,1.4855784e-05,False,
T003299,A0019,2026-01-16 15:16:00,72.97,D_A0019,,0,1.4855784e-05,False,
T003310,A0203,2026-01-16 15:46:00,24.22,D_A0203,,0,1.4855784e-05,False,
T005385,A0377,2026-01-26 15:16:00,35.98,D_A0377,,0,1.4855784e-05,False,
T011913,A0377,2026-02-26 16:11:00,27.69,D_A0377,,0,1.4855784e-05,False,
T000399,A0301,2026-01-02 21:41:00,99.2,D_A0301,,0,1.4855784e-05,False,
T002173,A0305,2026-01-11 13:03:00,92.3,D_A0305,,0,1.4855784e-05,False,
T012095,A0424,2026-02-27 17:03:00,66.01,D_A0424,,0,1.4855784e-05,False,
T010946,A0360,2026-02-21 17:20:00,41.11,D_A0360,,0,1.4855784e-05,False,
T006724,A0305,2026-02-01 21:14:00,47.93,D_A0305,,0,1.4855784e-05,False,
T004960,A0305,2026-01-24 15:04:00,65.87,D_A0305,,0,1.4855784e-05,False,
T009926,A0265,2026-02-16 23:11:00,65.35,D_A0265,,0,1.4855784e-05,False,
T010466,A0009,2026-02-19 14:34:00,93.26,D_A0009,,0,1.4855784e-05,False,
T000050,A0174,2026-01-01 11:32:00,82.14,D_A0174,,0,1.4851321e-05,False,
T008425,A0172,2026-02-09 17:45:00,134.68,D_A0172,,0,1.484723e-05,False,
T011767,A0058,2026-02-25 21:24:00,133.6,D_A0058,,0,1.484723e-05,False,
T006851,A0261,2026-02-02 14:18:00,128.54,D_A0261,,0,1.484723e-05,False,
T002669,A0396,2026-01-13 15:53:00,69.17,D_FAM_3,,0,1.48457575e-05,False,
T012257,A0396,2026-02-28 14:17:00,49.48,D_FAM_3,,0,1.48457575e-05,False,
T011835,A0360,2026-02-26 12:36:00,76.84,D_A0360,,0,1.4842571e-05,False,
T008574,A0302,2026-02-10 13:52:00,25.54,D_A0302,,0,1.4841043e-05,False,
T011192,A0357,2026-02-22 19:35:00,93.37,D_A0357,,0,1.4841043e-05,False,
T001996,A0384,2026-01-10 14:32:00,66.26,D_A0384,,0,1.4841043e-05,False,
T003706,A0097,2026-01-18 12:24:00,100.34,D_FAM_1,,0,1.4831464e-05,False,
T008966,A0085,2026-02-12 12:49:00,102.32,D_A0085,,0,1.4826698e-05,False,
T000754,A0191,2026-01-04 15:07:00,59.86,D_A0191,,0,1.4825539e-05,False,
T010472,A0335,2026-02-19 14:58:00,69.3,D_A0335,,0,1.4825539e-05,False,
T010147,A0154,2026-02-17 23:39:00,141.97,D_A0154,,0,1.48085965e-05,False,
T012190,A0280,2026-02-28 11:00:00,37.33,D_A0280,,0,1.4788922e-05,False,
T005740,A0257,2026-01-28 11:43:00,44.8,D_A0257,,0,1.4788922e-05,False,
T011819,A0400,2026-02-26 11:41:00,51.41,D_A0400,,0,1.4788922e-05,False,
T011818,A0239,2026-02-26 11:39:00,22.45,D_A0239,,0,1.4788922e-05,False,
T000682,R008,2026-01-04 11:55:00,36.61,D_R008,,0,1.4788922e-05,False,
T010612,A0047,2026-02-20 11:27:00,15.16,D_A0047,,0,1.4788922e-05,False,
T005530,A0005,2026-01-27 11:49:00,63.36,D_A0005,,0,1.4788922e-05,False,
T005314,A0134,2026-01-26 11:47:00,49.6,D_A0134,,0,1.4788922e-05,False,
T004097,A0427,2026-01-20 11:33:00,21.46,D_A0427,,0,1.4788922e-05,False,
T011246,A0373,2026-02-23 11:20:00,13.89,D_A0373,,0,1.4788922e-05,False,
T009560,A0220,2026-02-15 11:34:00,24.93,D_A0220,,0,1.4788922e-05,False,
T003897,A0445,2026-01-19 11:22:00,60.1,D_A0445,,0,1.4788922e-05,False,
T010778,A0454,2026-02-20 21:07:00,51.06,D_A0454,,0,1.4785101e-05,False,
T009478,A0460,2026-02-14 18:48:00,105.26,D_A0460,,0,1.4782113e-05,False,
T001736,A0360,2026-01-09 12:07:00,59.75,D_A0360,,0,1.4764164e-05,False,
T010263,A0425,2026-02-18 14:03:00,30.75,D_A0425,,0,1.4747222e-05,False,
T004230,A0217,2026-01-20 21:50:00,248.37,D_A0217,,0,1.4746799e-05,False,
T004766,A0186,2026-01-23 15:00:00,47.23,D_A0186,,0,1.4744043e-05,False,
T009063,A0475,2026-02-12 19:21:00,105.87,D_A0475,,0,1.4741062e-05,False,
T000235,A0167,2026-01-02 10:25:00,119.17,D_A0167,,0,1.4739741e-05,False,
T010829,A0300,2026-02-21 10:40:00,57.28,D_FAM_12,,0,1.4727448e-05,False,
T006823,A0017,2026-02-02 12:39:00,61.64,D_A0017,,0,1.4723163e-05,False,
T001352,A0427,2026-01-07 12:54:00,60.58,D_A0427,,0,1.4712791e-05,False,
T000193,A0051,2026-01-01 22:46:00,96.19,D_A0051,,0,1.4706267e-05,False,
T002227,A0253,2026-01-11 15:28:00,63.13,D_A0253,,0,1.4706267e-05,False,
T005630,A0305,2026-01-27 16:45:00,91.32,D_A0305,,0,1.4706267e-05,False,
T005650,A0305,2026-01-27 17:50:00,100.61,D_A0305,,0,1.4706267e-05,False,
T009359,A0377,2026-02-14 12:04:00,63.17,D_A0377,,0,1.4697533e-05,False,
T006184,A0220,2026-01-30 13:59:00,100.29,D_A0220,,0,1.4695907e-05,False,
T011228,A0159,2026-02-23 10:07:00,35.99,D_A0159,,0,1.4690709e-05,False,
T010197,A0085,2026-02-18 10:22:00,32.17,D_A0085,,0,1.4690709e-05,False,
T012515,A0377,2026-03-01 17:14:00,74.45,D_A0377,,0,1.4680667e-05,False,
T005134,A0457,2026-01-25 14:00:00,93.7,D_A0457,,0,1.4680667e-05,False,
T005451,A0144,2026-01-26 19:37:00,79.19,D_A0144,,0,1.4680667e-05,False,
T011753,A0365,2026-02-25 19:08:00,95.7,D_A0365,,0,1.4680667e-05,False,
T001233,A0383,2026-01-06 18:43:00,97.36,D_A0383,,0,1.4680667e-05,False,
T003607,A0225,2026-01-17 18:00:00,50.13,D_A0225,,0,1.4680667e-05,False,
T012284,A0383,2026-02-28 15:37:00,71.56,D_A0383,,0,1.4680667e-05,False,
T007368,A0065,2026-02-04 20:16:00,138.02,D_A0065,,0,1.4676496e-05,False,
T008356,A0126,2026-02-09 13:34:00,249.84,D_A0126,,0,1.4668896e-05,False,
T009817,A0234,2026-02-16 13:50:00,75.52,D_A0234,,0,1.4640513e-05,False,
T006365,A0485,2026-01-31 12:39:00,174.08,D_A0485,,0,1.4612895e-05,False,
T001956,A0297,2026-01-10 12:34:00,43.95,D_A0297,,0,1.4604938e-05,False,
T011514,A0370,2026-02-24 15:12:00,97.73,D_A0370,,0,1.4599856e-05,False,
T010715,A0234,2026-02-20 15:27:00,78.11,D_A0234,,0,1.4599856e-05,False,
T007271,A0220,2026-02-04 14:08:00,94.29,D_A0220,,0,1.4599856e-05,False,
T008386,A0427,2026-02-09 15:20:00,88.02,D_A0427,,0,1.4599856e-05,False,
T003054,A0234,2026-01-15 13:41:00,81.07,D_A0234,,0,1.4599856e-05,False,
T006647,A0386,2026-02-01 15:52:00,57.33,D_A0386,,0,1.4599856e-05,False,
T010430,A0426,2026-02-19 12:51:00,49.06,D_A0426,,0,1.4594733e-05,False,
T001104,A0466,2026-01-06 12:06:00,15.76,D_A0466,,0,1.4594733e-05,False,
T010866,A0348,2026-02-21 12:56:00,45.81,D_A0348,,0,1.4594733e-05,False,
T005950,A0205,2026-01-29 12:45:00,24.75,D_A0205,,0,1.4594733e-05,False,
T003707,A0477,2026-01-18 12:25:00,54.22,D_A0477,,0,1.4594733e-05,False,
T005104,A0240,2026-01-25 12:25:00,83.37,D_FAM_11,,0,1.4588846e-05,False,
T012075,A0219,2026-02-27 15:21:00,69.28,D_A0219,,0,1.45881795e-05,False,
T010673,A0314,2026-02-20 13:25:00,93.79,D_FAM_10,,0,1.4578665e-05,False,
T005866,A0314,2026-01-28 21:45:00,57.05,D_FAM_10,,0,1.4578665e-05,False,
T010761,A0458,2026-02-20 18:36:00,31.01,D_FAM_9,,0,1.4578665e-05,False,
T000355,A0100,2026-01-02 16:49:00,40.84,D_A0100,,0,1.4577985e-05,False,
T002035,A0025,2026-01-10 16:43:00,20.24,D_A0025,,0,1.4577985e-05,False,
T003825,A0205,2026-01-18 19:16:00,14.92,D_A0205,,0,1.4577985e-05,False,
T005211,A0205,2026-01-25 18:18:00,73.43,D_A0205,,0,1.4577985e-05,False,
T007955,A0152,2026-02-07 15:39:00,38.66,D_A0152,,0,1.4577985e-05,False,
T007763,A0450,2026-02-06 16:16:00,31.26,D_A0450,,0,1.4577985e-05,False,
T004740,A0450,2026-01-23 13:42:00,27.11,D_A0450,,0,1.4577985e-05,False,
T004759,A0074,2026-01-23 14:48:00,38.9,D_A0074,,0,1.4577985e-05,False,
T002501,A0205,2026-01-12 18:29:00,33.52,D_A0205,,0,1.4577985e-05,False,
T008769,A0441,2026-02-11 13:30:00,66.15,D_A0441,,0,1.4577985e-05,False,
T004596,A0469,2026-01-22 16:43:00,37.66,D_A0469,,0,1.4577985e-05,False,
T012099,A0241,2026-02-27 17:25:00,9.44,D_A0241,,0,1.4577985e-05,False,
T003565,A0079,2026-01-17 16:09:00,38.42,D_A0079,,0,1.4577985e-05,False,
T009249,A0241,2026-02-13 17:20:00,20.98,D_A0241,,0,1.4577985e-05,False,
T002221,A0152,2026-01-11 15:09:00,51.38,D_A0152,,0,1.4577985e-05,False,
T005685,A0152,2026-01-27 23:03:00,47.39,D_A0152,,0,1.4577985e-05,False,
T004353,A0477,2026-01-21 15:24:00,94.79,D_A0477,,0,1.4577985e-05,False,
T006458,A0464,2026-01-31 17:09:00,10.78,D_A0464,,0,1.4577985e-05,False,
T010266,A0441,2026-02-18 14:12:00,53.35,D_A0441,,0,1.4577985e-05,False,
T006962,A0184,2026-02-02 23:27:00,36.69,D_A0184,,0,1.4577985e-05,False,
T008606,A0260,2026-02-10 15:40:00,84.4,D_A0260,,0,1.4577985e-05,False,
T007819,A0186,2026-02-06 21:55:00,28.57,D_A0186,,0,1.4577985e-05,False,
T000548,A0025,2026-01-03 15:59:00,29.78,D_A0025,,0,1.4577985e-05,False,
T006936,A0153,2026-02-02 19:37:00,28.83,D_A0153,,0,1.4577985e-05,False,
T001840,A0487,2026-01-09 17:34:00,63.2,D_A0487,,0,1.4577985e-05,False,
T006214,A0376,2026-01-30 15:07:00,94.69,D_A0376,,0,1.4577985e-05,False,
T011877,A0152,2026-02-26 14:33:00,19.05,D_A0152,,0,1.4577985e-05,False,
T010317,A0074,2026-02-18 17:01:00,33.01,D_A0074,,0,1.4577985e-05,False,
T002672,A0450,2026-01-13 16:07:00,18.75,D_A0450,,0,1.4577985e-05,False,
T012445,A0466,2026-03-01 13:39:00,21.33,D_A0466,,0,1.4577985e-05,False,
T011154,A0079,2026-02-22 16:17:00,34.91,D_A0079,,0,1.4577985e-05,False,
T004999,A0477,2026-01-24 17:33:00,82.53,D_A0477,,0,1.4577985e-05,False,
T011558,A0205,2026-02-24 19:19:00,21.91,D_A0205,,0,1.4577985e-05,False,
T006717,A0426,2026-02-01 20:15:00,35.1,D_A0426,,0,1.4577985e-05,False,
T012545,A0217,2026-03-01 19:30:00,74.13,D_A0217,,0,1.4577985e-05,False,
T000510,R004,2026-01-03 14:20:00,13.59,D_R004,,0,1.4577985e-05,False,
T000338,A0445,2026-01-02 15:51:00,110.3,D_A0445,,0,1.4577943e-05,False,
T005975,A0015,2026-01-29 13:47:00,59.42,D_FAM_14,,0,1.4572105e-05,False,
T004384,A0021,2026-01-21 17:26:00,86.56,D_A0021,,0,1.4558812e-05,False,
T001885,A0141,2026-01-09 23:22:00,105.02,D_FAM_2,,0,1.4544934e-05,False,
T003503,A0433,2026-01-17 13:27:00,70.97,D_A0433,,0,1.4532554e-05,False,
T008465,A0490,2026-02-09 23:08:00,83.11,D_A0490,,0,1.4532554e-05,False,
T005004,A0441,2026-01-24 18:01:00,86.89,D_A0441,,0,1.4532554e-05,False,
T004152,A0003,2026-01-20 14:48:00,175.17,D_A0003,,0,1.45312915e-05,False,
T010423,A0059,2026-02-19 12:31:00,112.27,D_A0059,,0,1.45281465e-05,False,
T003749,A0197,2026-01-18 14:19:00,43.38,D_A0197,,0,1.4523783e-05,False,
T000065,A0446,2026-01-01 12:00:00,220.83,D_A0446,,0,1.4516236e-05,False,
T008804,A0106,2026-02-11 15:07:00,110.24,D_A0106,,0,1.4511475e-05,False,
T001426,A0229,2026-01-07 16:05:00,114.34,D_A0229,,0,1.4511475e-05,False,
T001012,A0059,2026-01-05 18:10:00,109.46,D_A0059,,0,1.4511475e-05,False,
T010989,A0111,2026-02-21 21:14:00,143.81,D_A0111,,0,1.4480411e-05,False,
T000980,A0345,2026-01-05 16:00:00,74.76,D_A0345,,0,1.4471894e-05,False,
T001204,A0463,2026-01-06 16:51:00,119.4,D_A0463,,0,1.4456142e-05,False,
T012318,A0453,2026-02-28 16:58:00,109.71,D_A0453,,0,1.4456142e-05,False,
T002673,R002,2026-01-13 16:07:00,112.04,D_R002,,0,1.4456142e-05,False,
T003378,A0087,2026-01-16 19:25:00,369.87,D_A0087,,0,1.445107e-05,False,
T000707,A0353,2026-01-04 12:44:00,85.16,D_A0353,,0,1.4436964e-05,False,
T008960,A0353,2026-02-12 12:31:00,64.57,D_A0353,,0,1.4436964e-05,False,
T001113,A0360,2026-01-06 12:31:00,26.47,D_A0360,,0,1.4436964e-05,False,
T009369,A0413,2026-02-14 12:44:00,68.61,D_A0413,,0,1.4436964e-05,False,
T001750,A0159,2026-01-09 12:47:00,40.88,D_A0159,,0,1.4436964e-05,False,
T008554,A0470,2026-02-10 12:49:00,65.46,D_A0470,,0,1.4430935e-05,False,
T007863,A0032,2026-02-07 10:31:00,60.89,D_A0032,,0,1.4424578e-05,False,
T002546,A0153,2026-01-13 08:47:00,54.0,D_A0153,,0,1.4421002e-05,False,
T004317,A0228,2026-01-21 13:43:00,94.17,D_A0228,,0,1.4420397e-05,False,
T004366,A0178,2026-01-21 16:20:00,43.98,D_A0178,,0,1.4420397e-05,False,
T002417,A0070,2026-01-12 14:06:00,55.7,D_A0070,,0,1.4420397e-05,False,
T002050,A0291,2026-01-10 17:54:00,53.65,D_A0291,,0,1.4420397e-05,False,
T009470,A0324,2026-02-14 18:01:00,44.75,D_A0324,,0,1.4420397e-05,False,
T002687,A0019,2026-01-13 17:15:00,87.16,D_A0019,,0,1.4420397e-05,False,
T005409,A0413,2026-01-26 16:24:00,93.02,D_A0413,,0,1.4420397e-05,False,
T009010,A0146,2026-02-12 15:16:00,19.64,D_A0146,,0,1.4420397e-05,False,
T003284,A0048,2026-01-16 14:28:00,55.71,D_A0048,,0,1.4420397e-05,False,
T005031,A0019,2026-01-24 23:40:00,80.06,D_A0019,,0,1.4420397e-05,False,
T004831,A0245,2026-01-23 21:48:00,65.16,D_A0245,,0,1.4420397e-05,False,
T009580,A0291,2026-02-15 13:02:00,48.76,D_A0291,,0,1.4420397e-05,False,
T001644,A0114,2026-01-08 17:14:00,72.08,D_A0114,,0,1.4420397e-05,False,
T009257,A0114,2026-02-13 17:56:00,65.49,D_A0114,,0,1.4420397e-05,False,
T007067,A0150,2026-02-03 14:11:00,23.75,D_A0150,,0,1.4420397e-05,False,
T003540,A0324,2026-01-17 14:57:00,44.7,D_A0324,,0,1.4420397e-05,False,
T010922,A0183,2026-02-21 15:33:00,21.22,D_A0183,,0,1.4420397e-05,False,
T000540,A0048,2026-01-03 15:41:00,72.37,D_A0048,,0,1.4420397e-05,False,
T006623,A0424,2026-02-01 14:22:00,91.83,D_A0424,,0,1.4420397e-05,False,
T003731,A0150,2026-01-18 13:20:00,26.33,D_A0150,,0,1.4420397e-05,False,
T012559,A0114,2026-03-01 21:23:00,61.47,D_A0114,,0,1.4420397e-05,False,
T008562,A0048,2026-02-10 13:06:00,61.04,D_A0048,,0,1.4420397e-05,False,
T003514,A0183,2026-01-17 13:51:00,29.83,D_A0183,,0,1.4420397e-05,False,
T001470,A0150,2026-01-07 21:46:00,35.39,D_A0150,,0,1.4420397e-05,False,
T007527,A0324,2026-02-05 16:31:00,52.14,D_A0324,,0,1.4420397e-05,False,
T002926,A0048,2026-01-14 19:35:00,46.55,D_A0048,,0,1.4420397e-05,False,
T004414,A0487,2026-01-21 20:44:00,88.01,D_A0487,,0,1.4420397e-05,False,
T012452,A0372,2026-03-01 14:12:00,83.05,D_A0372,,0,1.4420397e-05,False,
T006918,A0324,2026-02-02 18:28:00,74.27,D_A0324,,0,1.4420397e-05,False,
T004340,A0246,2026-01-21 14:55:00,91.0,D_A0246,,0,1.4416382e-05,False,
T004640,A0156,2026-01-22 21:18:00,85.05,D_A0156,,0,1.4416382e-05,False,
T007911,A0412,2026-02-07 13:43:00,53.08,D_A0412,,0,1.4414374e-05,False,
T009288,A0355,2026-02-13 23:34:00,97.24,D_A0355,,0,1.4414374e-05,False,
T011086,A0249,2026-02-22 13:23:00,80.98,D_A0249,,0,1.4414374e-05,False,
T003626,A0391,2026-01-17 19:48:00,55.41,D_A0391,,0,1.4414374e-05,False,
T007109,A0391,2026-02-03 16:25:00,67.86,D_A0391,,0,1.4414374e-05,False,
T010431,A0203,2026-02-19 12:51:00,9.9,D_A0203,,0,1.4396872e-05,False,
T003705,A0377,2026-01-18 12:22:00,33.77,D_A0377,,0,1.4396872e-05,False,
T004906,A0378,2026-01-24 12:08:00,31.54,D_A0378,,0,1.4396872e-05,False,
T005100,A0414,2026-01-25 12:13:00,35.27,D_A0414,,0,1.4396872e-05,False,
T003924,A0027,2026-01-19 12:30:00,24.71,D_A0027,,0,1.4396872e-05,False,
T011651,A0357,2026-02-25 12:41:00,16.08,D_A0357,,0,1.4396872e-05,False,
T004910,A0248,2026-01-24 12:23:00,6.33,D_A0248,,0,1.4396872e-05,False,
T008536,A0253,2026-02-10 12:00:00,40.81,D_A0253,,0,1.4396872e-05,False,
T009797,A0191,2026-02-16 12:51:00,38.34,D_A0191,,0,1.4396872e-05,False,
T003242,A0321,2026-01-16 12:14:00,28.53,D_A0321,,0,1.4396872e-05,False,
T007029,A0179,2026-02-03 12:02:00,11.8,D_A0179,,0,1.4396872e-05,False,
T005937,A0293,2026-01-29 12:07:00,87.55,D_A0293,,0,1.4396872e-05,False,
T010644,A0305,2026-02-20 12:29:00,70.54,D_A0305,,0,1.4396872e-05,False,
T001107,A0377,2026-01-06 12:09:00,31.86,D_A0377,,0,1.4396872e-05,False,
T002155,A0360,2026-01-11 12:20:00,51.31,D_A0360,,0,1.4396872e-05,False,
T000702,A0098,2026-01-04 12:38:00,8.03,D_A0098,,0,1.4396872e-05,False,
T012026,A0209,2026-02-27 12:30:00,6.75,D_A0209,,0,1.4396872e-05,False,
T009143,A0294,2026-02-13 12:04:00,50.78,D_A0294,,0,1.4396872e-05,False,
T002812,A0191,2026-01-14 12:56:00,26.14,D_A0191,,0,1.4396872e-05,False,
T004808,A0087,2026-01-23 18:07:00,435.28,D_A0087,,0,1.4384781e-05,False,
T005521,A0373,2026-01-27 11:20:00,24.35,D_A0373,,0,1.4383574e-05,False,
T001972,A0179,2026-01-10 13:25:00,12.46,D_A0179,,0,1.4380352e-05,False,
T009079,A0009,2026-02-12 22:12:00,28.59,D_A0009,,0,1.4380352e-05,False,
T002236,A0473,2026-01-11 15:59:00,37.62,D_A0473,,0,1.4380352e-05,False,
T002188,A0178,2026-01-11 13:33:00,21.93,D_A0178,,0,1.4380352e-05,False,
T003725,A0178,2026-01-18 13:11:00,23.72,D_A0178,,0,1.4380352e-05,False,
T009168,A0176,2026-02-13 13:28:00,25.97,D_A0176,,0,1.4380352e-05,False,
T007266,A0380,2026-02-04 13:44:00,31.41,D_A0380,,0,1.4380352e-05,False,
T005003,A0179,2026-01-24 17:59:00,11.23,D_A0179,,0,1.4380352e-05,False,
T009171,A0019,2026-02-13 13:43:00,61.66,D_A0019,,0,1.4380352e-05,False,
T010933,A0098,2026-02-21 16:18:00,19.6,D_A0098,,0,1.4380352e-05,False,
T001609,A0248,2026-01-08 15:19:00,9.45,D_A0248,,0,1.4380352e-05,False,
T005563,A0424,2026-01-27 13:34:00,67.4,D_A0424,,0,1.4380352e-05,False,
T010505,A0470,2026-02-19 16:33:00,11.49,D_A0470,,0,1.4380352e-05,False,
T010503,A0019,2026-02-19 16:29:00,56.49,D_A0019,,0,1.4380352e-05,False,
T004132,A0470,2026-01-20 13:51:00,24.19,D_A0470,,0,1.4380352e-05,False,
T009502,A0424,2026-02-14 22:48:00,66.49,D_A0424,,0,1.4380352e-05,False,
T004310,A0486,2026-01-21 13:22:00,35.75,D_A0486,,0,1.4380352e-05,False,
T004829,A0017,2026-01-23 21:34:00,41.13,D_A0017,,0,1.4380352e-05,False,
T012440,A0294,2026-03-01 13:31:00,56.04,D_A0294,,0,1.4380352e-05,False,
T000926,A0456,2026-01-05 13:14:00,14.35,D_A0456,,0,1.4380352e-05,False,
T007929,A0426,2026-02-07 14:29:00,38.34,D_A0426,,0,1.4380352e-05,False,
T004964,A0248,2026-01-24 15:22:00,5.9,D_A0248,,0,1.4380352e-05,False,
T004151,A0305,2026-01-20 14:48:00,74.66,D_A0305,,0,1.4380352e-05,False,
T001979,A0208,2026-01-10 13:44:00,60.59,D_A0208,,0,1.4380352e-05,False,
T004143,A0378,2026-01-20 14:21:00,28.27,D_A0378,,0,1.4380352e-05,False,
T008161,A0456,2026-02-08 15:09:00,8.84,D_A0456,,0,1.4380352e-05,False,
T004140,A0456,2026-01-20 14:18:00,94.44,D_A0456,,0,1.4380352e-05,False,
T006698,A0456,2026-02-01 18:36:00,15.31,D_A0456,,0,1.4380352e-05,False,
T003548,A0265,2026-01-17 15:11:00,13.54,D_A0265,,0,1.4380352e-05,False,
T011481,A0248,2026-02-24 13:46:00,10.66,D_A0248,,0,1.4380352e-05,False,
T010664,A0265,2026-02-20 13:06:00,34.02,D_A0265,,0,1.4380352e-05,False,
T003063,A0424,2026-01-15 14:04:00,53.61,D_A0424,,0,1.4380352e-05,False,
T002437,A0176,2026-01-12 14:40:00,28.98,D_A0176,,0,1.4380352e-05,False,
T002440,A0098,2026-01-12 14:46:00,12.35,D_A0098,,0,1.4380352e-05,False,
T004336,A0305,2026-01-21 14:48:00,16.7,D_A0305,,0,1.4380352e-05,False,
T010075,A0178,2026-02-17 15:52:00,21.92,D_A0178,,0,1.4380352e-05,False,
T006032,A0248,2026-01-29 17:21:00,10.76,D_A0248,,0,1.4380352e-05,False,
T011302,A0456,2026-02-23 13:57:00,14.03,D_A0456,,0,1.4380352e-05,False,
T007728,A0098,2026-02-06 14:39:00,15.87,D_A0098,,0,1.4380352e-05,False,
T008848,A0380,2026-02-11 19:11:00,32.23,D_A0380,,0,1.4380352e-05,False,
T002681,A0380,2026-01-13 16:54:00,34.83,D_A0380,,0,1.4380352e-05,False,
T006689,A0221,2026-02-01 17:55:00,10.41,D_A0221,,0,1.4380352e-05,False,
T007730,A0248,2026-02-06 14:44:00,10.53,D_A0248,,0,1.4380352e-05,False,
T010771,A0414,2026-02-20 19:24:00,28.14,D_A0414,,0,1.4380352e-05,False,
T001366,A0360,2026-01-07 13:17:00,47.51,D_A0360,,0,1.4380352e-05,False,
T005847,A0179,2026-01-28 18:12:00,9.88,D_A0179,,0,1.4380352e-05,False,
T004778,A0414,2026-01-23 15:46:00,61.28,D_A0414,,0,1.4380352e-05,False,
T005971,A0377,2026-01-29 13:37:00,39.29,D_A0377,,0,1.4380352e-05,False,
T007757,A0470,2026-02-06 16:01:00,10.94,D_A0470,,0,1.4380352e-05,False,
T008382,A0179,2026-02-09 15:13:00,12.03,D_A0179,,0,1.4380352e-05,False,
T004783,A0191,2026-01-23 16:03:00,44.47,D_A0191,,0,1.4380352e-05,False,
T010661,A0027,2026-02-20 13:03:00,32.13,D_A0027,,0,1.4380352e-05,False,
T001971,A0473,2026-01-10 13:25:00,46.57,D_A0473,,0,1.4380352e-05,False,
T011132,A0248,2026-02-22 15:23:00,8.93,D_A0248,,0,1.4380352e-05,False,
T007326,A0293,2026-02-04 17:04:00,95.3,D_A0293,,0,1.4380352e-05,False,
T009864,A0106,2026-02-16 16:16:00,33.93,D_A0106,,0,1.4380352e-05,False,
T010938,A0221,2026-02-21 16:39:00,13.85,D_A0221,,0,1.4380352e-05,False,
T011564,A0054,2026-02-24 20:06:00,7.22,D_A0054,,0,1.4380352e-05,False,
T009061,A0209,2026-02-12 19:00:00,9.69,D_A0209,,0,1.4380352e-05,False,
T009051,A0098,2026-02-12 18:15:00,13.64,D_A0098,,0,1.4380352e-05,False,
T002259,A0321,2026-01-11 17:04:00,48.11,D_A0321,,0,1.4380352e-05,False,
T007361,A0305,2026-02-04 19:27:00,19.66,D_A0305,,0,1.4380352e-05,False,
T002277,A0293,2026-01-11 18:36:00,48.08,D_A0293,,0,1.4380352e-05,False,
T011334,A0098,2026-02-23 16:13:00,5.02,D_A0098,,0,1.4380352e-05,False,
T002519,A0293,2026-01-12 21:01:00,75.45,D_A0293,,0,1.4380352e-05,False,
T001041,A0179,2026-01-05 23:03:00,8.38,D_A0179,,0,1.4380352e-05,False,
T011730,A0305,2026-02-25 16:54:00,20.45,D_A0305,,0,1.4380352e-05,False,
T010720,A0203,2026-02-20 15:40:00,19.2,D_A0203,,0,1.4380352e-05,False,
T008582,A0305,2026-02-10 14:19:00,15.58,D_A0305,,0,1.4380352e-05,False,
T005992,A0293,2026-01-29 14:56:00,65.48,D_A0293,,0,1.4380352e-05,False,
T000988,A0380,2026-01-05 16:22:00,25.07,D_A0380,,0,1.4380352e-05,False,
T010316,A0321,2026-02-18 16:58:00,25.02,D_A0321,,0,1.4380352e-05,False,
T001866,A0265,2026-01-09 20:15:00,73.65,D_A0265,,0,1.4380352e-05,False,
T005157,A0019,2026-01-25 15:17:00,44.81,D_A0019,,0,1.4380352e-05,False,
T002472,A0103,2026-01-12 16:36:00,27.62,D_A0103,,0,1.4380352e-05,False,
T001814,A0178,2026-01-09 16:00:00,24.39,D_A0178,,0,1.4380352e-05,False,
T007532,A0221,2026-02-05 16:59:00,10.61,D_A0221,,0,1.4380352e-05,False,
T006498,A0414,2026-01-31 20:32:00,23.06,D_A0414,,0,1.4380352e-05,False,
T002488,A0456,2026-01-12 17:13:00,41.67,D_A0456,,0,1.4380352e-05,False,
T006508,A0456,2026-01-31 21:59:00,30.84,D_A0456,,0,1.4380352e-05,False,
T010336,A0009,2026-02-18 19:52:00,43.65,D_A0009,,0,1.4380352e-05,False,
T001462,A0027,2026-01-07 20:10:00,24.37,D_A0027,,0,1.4380352e-05,False,
T008644,A0208,2026-02-10 18:18:00,72.66,D_A0208,,0,1.4380352e-05,False,
T007118,A0098,2026-02-03 16:46:00,15.15,D_A0098,,0,1.4380352e-05,False,
T007571,A0456,2026-02-05 19:21:00,60.43,D_A0456,,0,1.4380352e-05,False,
T002506,A0380,2026-01-12 18:52:00,29.38,D_A0380,,0,1.4380352e-05,False,
T004750,A0027,2026-01-23 14:18:00,19.51,D_A0027,,0,1.4380352e-05,False,
T012276,A0351,2026-02-28 15:13:00,15.59,D_A0351,,0,1.4380352e-05,False,
T009382,A0098,2026-02-14 13:19:00,16.04,D_A0098,,0,1.4380352e-05,False,
T009430,A0265,2026-02-14 15:15:00,13.06,D_A0265,,0,1.4380352e-05,False,
T009473,A0321,2026-02-14 18:34:00,24.54,D_A0321,,0,1.4380352e-05,False,
T007148,A0265,2026-02-03 18:22:00,43.84,D_A0265,,0,1.4380352e-05,False,
T012446,A0248,2026-03-01 13:43:00,3.46,D_A0248,,0,1.4380352e-05,False,
T002854,A0456,2026-01-14 14:24:00,70.38,D_A0456,,0,1.4380352e-05,False,
T002893,A0305,2026-01-14 16:40:00,82.09,D_A0305,,0,1.4380352e-05,False,
T010461,A0380,2026-02-19 14:26:00,46.94,D_A0380,,0,1.4380352e-05,False,
T001064,A0038,2026-01-06 08:44:00,54.43,D_A0038,,0,1.4366014e-05,False,
T000763,A0459,2026-01-04 15:26:00,107.53,D_A0459,,0,1.4363232e-05,False,
T011059,A0451,2026-02-22 12:17:00,16.51,D_FAM_12,,0,1.436174e-05,False,
T000664,A0387,2026-01-04 10:10:00,66.94,D_A0387,,0,1.4359754e-05,False,
T004192,A0397,2026-01-20 16:56:00,241.37,D_A0397,,0,1.4353839e-05,False,
T000054,A0285,2026-01-01 11:43:00,158.93,D_A0285,,0,1.4351554e-05,False,
T004572,A0195,2026-01-22 15:35:00,12.54,D_FAM_11,,0,1.4346504e-05,False,
T011859,A0286,2026-02-26 13:39:00,49.28,D_FAM_10,,0,1.4345258e-05,False,
T007100,A0286,2026-02-03 16:00:00,46.4,D_FAM_10,,0,1.4345258e-05,False,
T008137,A0458,2026-02-08 14:02:00,25.49,D_FAM_9,,0,1.4345258e-05,False,
T005569,A0006,2026-01-27 13:50:00,122.08,D_FAM_7,,0,1.4342564e-05,False,
T004206,A0083,2026-01-20 18:38:00,226.77,D_A0083,,0,1.43350835e-05,False,
T012426,A0302,2026-03-01 12:29:00,23.91,D_A0302,,0,1.4328373e-05,False,
T006155,A0240,2026-01-30 12:38:00,43.75,D_FAM_11,,0,1.4320135e-05,False,
T010988,A0035,2026-02-21 21:11:00,156.93,D_FAM_9,,0,1.4314361e-05,False,
T005145,A0218,2026-01-25 14:35:00,57.33,D_A0218,,0,1.4311931e-05,False,
T008217,A0454,2026-02-08 17:29:00,45.7,D_A0454,,0,1.4311931e-05,False,
T010348,A0454,2026-02-18 21:55:00,48.91,D_A0454,,0,1.4311931e-05,False,
T004401,A0021,2026-01-21 18:46:00,85.52,D_A0021,,0,1.4311931e-05,False,
T009251,A0126,2026-02-13 17:27:00,105.2,D_A0126,,0,1.4309038e-05,False,
T006037,A0194,2026-01-29 17:43:00,90.17,D_FAM_2,,0,1.4303702e-05,False,
T001621,A0194,2026-01-08 15:52:00,95.85,D_FAM_2,,0,1.4303702e-05,False,
T006078,A0194,2026-01-29 22:14:00,54.88,D_FAM_2,,0,1.4303702e-05,False,
T003088,A0194,2026-01-15 15:28:00,48.46,D_FAM_2,,0,1.4303702e-05,False,
T002283,A0194,2026-01-11 19:11:00,100.05,D_FAM_2,,0,1.4303702e-05,False,
T011187,A0194,2026-02-22 18:54:00,55.02,D_FAM_2,,0,1.4303702e-05,False,
T005387,A0194,2026-01-26 15:19:00,65.7,D_FAM_2,,0,1.4303702e-05,False,
T008440,A0194,2026-02-09 18:54:00,100.06,D_FAM_2,,0,1.4303702e-05,False,
T001215,A0194,2026-01-06 17:23:00,94.55,D_FAM_2,,0,1.4303702e-05,False,
T006021,A0240,2026-01-29 16:46:00,42.97,D_FAM_11,,0,1.4303702e-05,False,
T003894,A0284,2026-01-19 11:19:00,109.59,D_A0284,,0,1.4298629e-05,False,
T003453,A0035,2026-01-17 10:35:00,79.91,D_FAM_9,,0,1.4295821e-05,False,
T001622,A0384,2026-01-08 15:57:00,32.82,D_A0384,,0,1.429195e-05,False,
T000758,A0350,2026-01-04 15:17:00,87.92,D_A0350,,0,1.429195e-05,False,
T000293,A0186,2026-01-02 13:10:00,18.36,D_A0186,,0,1.429195e-05,False,
T000123,A0488,2026-01-01 15:10:00,59.69,D_A0488,,0,1.429195e-05,False,
T007245,A0158,2026-02-04 12:24:00,95.73,D_A0158,,0,1.4291664e-05,False,
T004481,A0041,2026-01-22 12:00:00,91.27,D_FAM_6,,0,1.427785e-05,False,
T006864,A0248,2026-02-02 15:11:00,73.0,D_A0248,,0,1.4275262e-05,False,
T006894,A0178,2026-02-02 16:23:00,48.21,D_A0178,,0,1.4275262e-05,False,
T004402,A0470,2026-01-21 18:48:00,97.6,D_A0470,,0,1.4275262e-05,False,
T001879,A0203,2026-01-09 21:53:00,26.37,D_A0203,,0,1.4275262e-05,False,
T007557,A0130,2026-02-05 18:29:00,67.5,D_A0130,,0,1.4275262e-05,False,
T004795,A0150,2026-01-23 16:57:00,75.97,D_A0150,,0,1.4275262e-05,False,
T010899,A0146,2026-02-21 14:21:00,34.45,D_A0146,,0,1.4275262e-05,False,
T011915,A0335,2026-02-26 16:12:00,59.32,D_A0335,,0,1.4275262e-05,False,
T003368,A0179,2026-01-16 18:29:00,32.17,D_A0179,,0,1.4275262e-05,False,
T005631,A0130,2026-01-27 16:46:00,74.54,D_A0130,,0,1.4275262e-05,False,
T009769,A0336,2026-02-16 11:34:00,102.28,D_A0336,,0,1.4273902e-05,False,
T003300,A0167,2026-01-16 15:18:00,143.35,D_A0167,,0,1.4263586e-05,False,
T009523,A0016,2026-02-15 08:39:00,46.8,D_FAM_12,,0,1.4250928e-05,False,
T003112,A0240,2026-01-15 16:39:00,38.12,D_FAM_11,,0,1.4249163e-05,False,
T009552,A0064,2026-02-15 11:01:00,48.22,D_A0064,,0,1.4248943e-05,False,
T006807,A0166,2026-02-02 11:50:00,65.06,D_A0166,,0,1.4248943e-05,False,
T011632,A0046,2026-02-25 11:08:00,28.96,D_A0046,,0,1.4248943e-05,False,
T009983,A0082,2026-02-17 11:28:00,55.58,D_A0082,,0,1.4248943e-05,False,
T009556,A0191,2026-02-15 11:25:00,22.05,D_A0191,,0,1.4248943e-05,False,
T006567,A0365,2026-02-01 11:29:00,48.51,D_A0365,,0,1.4248943e-05,False,
T010408,A0028,2026-02-19 11:59:00,33.82,D_A0028,,0,1.4248943e-05,False,
T002367,A0053,2026-01-12 11:41:00,73.61,D_A0053,,0,1.4248943e-05,False,
T011446,A0053,2026-02-24 11:57:00,54.19,D_A0053,,0,1.4248943e-05,False,
T003686,A0166,2026-01-18 11:27:00,74.55,D_A0166,,0,1.4248943e-05,False,
T009767,A0106,2026-02-16 11:29:00,97.06,D_A0106,,0,1.4248943e-05,False,
T008315,A0053,2026-02-09 11:37:00,61.69,D_A0053,,0,1.4248943e-05,False,
T001726,A0055,2026-01-09 11:24:00,10.47,D_A0055,,0,1.4248943e-05,False,
T003007,A0028,2026-01-15 11:17:00,31.07,D_A0028,,0,1.4248943e-05,False,
T001722,A0106,2026-01-09 11:05:00,84.56,D_A0106,,0,1.4248943e-05,False,
T004901,A0289,2026-01-24 11:51:00,49.99,D_A0289,,0,1.4248943e-05,False,
T004898,A0064,2026-01-24 11:36:00,49.81,D_A0064,,0,1.4248943e-05,False,
T011071,A0296,2026-02-22 12:45:00,105.03,D_A0296,,0,1.4245507e-05,False,
T000166,A0333,2026-01-01 18:32:00,97.63,D_FAM_9,,0,1.4240862e-05,False,
T006164,A0016,2026-01-30 13:06:00,224.07,D_FAM_12,,0,1.4233924e-05,False,
T000709,A0010,2026-01-04 12:46:00,75.7,D_A0010,,0,1.4200949e-05,False,
T003905,A0382,2026-01-19 11:53:00,97.36,D_A0382,,0,1.4194612e-05,False,
T009576,A0267,2026-02-15 12:50:00,52.47,D_A0267,,0,1.4188251e-05,False,
T002602,A0178,2026-01-13 12:30:00,69.45,D_A0178,,0,1.4188251e-05,False,
T012247,A0333,2026-02-28 13:45:00,107.07,D_FAM_9,,0,1.4186478e-05,False,
T010253,A0252,2026-02-18 13:26:00,77.87,D_A0252,,0,1.4184652e-05,False,
T008861,A0156,2026-02-11 21:26:00,86.15,D_A0156,,0,1.4184652e-05,False,
T011374,A0252,2026-02-23 23:52:00,66.0,D_A0252,,0,1.4184652e-05,False,
T007759,A0388,2026-02-06 16:07:00,79.27,D_A0388,,0,1.4184652e-05,False,
T006711,A0252,2026-02-01 19:51:00,85.1,D_A0252,,0,1.4184652e-05,False,
T010032,A0157,2026-02-17 13:46:00,103.22,D_A0157,,0,1.4174903e-05,False,
T004532,A0050,2026-01-22 14:14:00,101.6,D_A0050,,0,1.4174903e-05,False,
T005844,A0499,2026-01-28 17:55:00,102.49,D_A0499,,0,1.4174903e-05,False,
T003780,A0428,2026-01-18 16:00:00,93.31,D_A0428,,0,1.417197e-05,False,
T002198,A0400,2026-01-11 13:57:00,98.93,D_A0400,,0,1.417197e-05,False,
T006253,A0428,2026-01-30 17:26:00,95.63,D_A0428,,0,1.417197e-05,False,
T000485,A0373,2026-01-03 12:42:00,23.02,D_A0373,,0,1.4168442e-05,False,
T007662,A0345,2026-02-06 11:36:00,73.2,D_A0345,,0,1.4165714e-05,False,
T000090,A0280,2026-01-01 13:18:00,75.86,D_A0280,,0,1.4152183e-05,False,
T000581,A0201,2026-01-03 17:43:00,15.46,D_A0201,,0,1.4152183e-05,False,
T000100,A0040,2026-01-01 13:56:00,41.66,D_A0040,,0,1.4152183e-05,False,
T000984,A0196,2026-01-05 16:15:00,64.54,D_A0196,,0,1.4152183e-05,False,
T002541,A0086,2026-01-13 08:26:00,58.66,D_A0086,,0,1.4150172e-05,False,
T005703,A0004,2026-01-28 08:52:00,25.37,D_A0004,,0,1.4150172e-05,False,
T006978,A0088,2026-02-03 08:04:00,48.12,D_A0088,,0,1.4150172e-05,False,
T006752,A0236,2026-02-02 08:01:00,39.66,D_A0236,,0,1.4150172e-05,False,
T001066,A0395,2026-01-06 08:58:00,18.87,D_A0395,,0,1.4150172e-05,False,
T011037,A0066,2026-02-22 11:11:00,103.28,D_A0066,,0,1.4130243e-05,False,
T010475,A0374,2026-02-19 15:02:00,112.45,D_A0374,,0,1.4128314e-05,False,
T011984,A0371,2026-02-27 08:34:00,45.56,D_A0371,,0,1.4101408e-05,False,
T011594,A0402,2026-02-25 08:28:00,35.19,D_A0402,,0,1.4101408e-05,False,
T002544,A0068,2026-01-13 08:42:00,51.85,D_A0068,,0,1.4101408e-05,False,
T001896,A0288,2026-01-10 08:05:00,59.55,D_A0288,,0,1.4101408e-05,False,
T008046,A0489,2026-02-08 08:00:00,33.5,D_A0489,,0,1.4101408e-05,False,
T002322,A0199,2026-01-12 08:18:00,35.66,D_A0199,,0,1.4101408e-05,False,
T004856,A0153,2026-01-24 08:19:00,43.84,D_A0153,,0,1.4101408e-05,False,
T004865,A0167,2026-01-24 09:19:00,59.49,D_A0167,,0,1.4097199e-05,False,
T002558,A0310,2026-01-13 09:59:00,71.23,D_A0310,,0,1.4097199e-05,False,
T007400,A0217,2026-02-05 09:52:00,75.45,D_A0217,,0,1.4097199e-05,False,
T008274,A0381,2026-02-09 08:11:00,97.58,D_A0381,,0,1.40962175e-05,False,
T011982,A0404,2026-02-27 08:23:00,12.34,D_A0404,,0,1.40962175e-05,False,
T002196,A0126,2026-01-11 13:56:00,220.08,D_A0126,,0,1.4079396e-05,False,
T011769,A0140,2026-02-25 22:33:00,311.36,D_A0140,,0,1.40659895e-05,False,
T008378,A0087,2026-02-09 14:57:00,356.56,D_A0087,,0,1.40659895e-05,False,
T006228,A0140,2026-01-30 15:52:00,304.66,D_A0140,,0,1.40659895e-05,False,
T005952,A0026,2026-01-29 12:50:00,46.08,D_A0026,,0,1.4062851e-05,False,
T012160,A0322,2026-02-28 09:00:00,38.83,D_A0322,,0,1.4048615e-05,False,
T006543,A0371,2026-02-01 09:52:00,35.48,D_A0371,,0,1.4048615e-05,False,
T000486,A0233,2026-01-03 12:42:00,75.74,D_A0233,,0,1.4048402e-05,False,
T000152,A0114,2026-01-01 16:58:00,73.86,D_A0114,,0,1.4047759e-05,False,
T000538,A0088,2026-01-03 15:37:00,67.95,D_A0088,,0,1.4047759e-05,False,
T000102,A0225,2026-01-01 14:00:00,29.35,D_A0225,,0,1.4047759e-05,False,
T011988,A0076,2026-02-27 08:42:00,50.77,D_A0076,,0,1.4047637e-05,False,
T011143,A0378,2026-02-22 15:53:00,49.17,D_A0378,,0,1.4046714e-05,False,
T011948,A0172,2026-02-26 18:34:00,90.59,D_A0172,,0,1.4046714e-05,False,
T000565,A0297,2026-01-03 16:56:00,36.64,D_A0297,,0,1.4046714e-05,False,
T003630,A0378,2026-01-17 20:21:00,43.63,D_A0378,,0,1.4046714e-05,False,
T008242,A0406,2026-02-08 20:24:00,86.73,D_A0406,,0,1.4038931e-05,False,
T001158,A0081,2026-01-06 14:32:00,44.32,D_A0081,,0,1.4038931e-05,False,
T003635,A0262,2026-01-17 23:40:00,33.6,D_A0262,,0,1.4038931e-05,False,
T001611,A0151,2026-01-08 15:32:00,80.45,D_A0151,,0,1.4038931e-05,False,
T003992,A0232,2026-01-19 15:35:00,99.89,D_A0232,,0,1.4038931e-05,False,
T005524,A0344,2026-01-27 11:25:00,124.07,D_A0344,,0,1.4036026e-05,False,
T008375,A0093,2026-02-09 14:51:00,127.69,D_A0093,,0,1.4032414e-05,False,
T003601,A0003,2026-01-17 17:38:00,103.72,D_A0003,,0,1.403224e-05,False,
T000480,A0055,2026-01-03 12:19:00,6.79,D_A0055,,0,1.4024841e-05,False,
T000377,A0359,2026-01-02 17:54:00,69.9,D_A0359,,0,1.4008748e-05,False,
T000195,A0131,2026-01-01 23:00:00,41.72,D_A0131,,0,1.4008748e-05,False,
T000288,A0331,2026-01-02 13:00:00,39.63,D_A0331,,0,1.4008748e-05,False,
T000718,A0463,2026-01-04 13:18:00,28.1,D_A0463,,0,1.4008748e-05,False,
T009923,A0396,2026-02-16 22:31:00,121.06,D_FAM_3,,0,1.4002871e-05,False,
T002727,A0403,2026-01-13 23:21:00,114.54,D_A0403,,0,1.3993498e-05,False,
T006422,A0059,2026-01-31 15:21:00,112.24,D_A0059,,0,1.3993498e-05,False,
T007967,A0463,2026-02-07 16:33:00,109.12,D_A0463,,0,1.3993498e-05,False,
T005981,A0020,2026-01-29 14:22:00,114.03,D_A0020,,0,1.3993498e-05,False,
T005827,A0433,2026-01-28 16:25:00,63.58,D_A0433,,0,1.3993151e-05,False,
T012541,A0426,2026-03-01 19:02:00,72.05,D_A0426,,0,1.3993151e-05,False,
T005389,A0386,2026-01-26 15:25:00,41.14,D_A0386,,0,1.3993151e-05,False,
T001036,R004,2026-01-05 21:03:00,55.58,D_R004,,0,1.3993151e-05,False,
T009906,A0172,2026-02-16 19:33:00,92.16,D_A0172,,0,1.3993151e-05,False,
T011770,A0297,2026-02-25 23:06:00,70.79,D_A0297,,0,1.3993151e-05,False,
T006212,A0433,2026-01-30 15:03:00,60.81,D_A0433,,0,1.3993151e-05,False,
T002675,A0318,2026-01-13 16:11:00,18.92,D_A0318,,0,1.3984708e-05,False,
T009196,A0187,2026-02-13 14:28:00,24.27,D_A0187,,0,1.3984708e-05,False,
T009442,A0111,2026-02-14 16:03:00,133.61,D_A0111,,0,1.3981866e-05,False,
T011532,A0455,2026-02-24 16:36:00,129.43,D_A0455,,0,1.3981866e-05,False,
T012176,A0097,2026-02-28 10:05:00,42.97,D_FAM_1,,0,1.3979e-05,False,
T006003,A0045,2026-01-29 15:36:00,169.15,D_A0045,,0,1.397728e-05,False,
T001947,A0413,2026-01-10 12:17:00,83.42,D_A0413,,0,1.39749345e-05,False,
T008946,A0019,2026-02-12 12:07:00,39.52,D_A0019,,0,1.39749345e-05,False,
T010004,A0291,2026-02-17 12:34:00,60.2,D_A0291,,0,1.39749345e-05,False,
T011266,A0027,2026-02-23 12:29:00,70.19,D_A0027,,0,1.39749345e-05,False,
T002386,A0130,2026-01-12 12:48:00,67.57,D_A0130,,0,1.39749345e-05,False,
T000704,A0027,2026-01-04 12:38:00,86.1,D_A0027,,0,1.39749345e-05,False,
T000918,A0114,2026-01-05 12:44:00,91.32,D_A0114,,0,1.39749345e-05,False,
T002802,A0158,2026-01-14 12:22:00,58.18,D_A0158,,0,1.39749345e-05,False,
T005940,A0291,2026-01-29 12:10:00,30.7,D_A0291,,0,1.39749345e-05,False,
T003109,A0150,2026-01-15 16:32:00,27.53,D_A0150,,0,1.3958898e-05,False,
T002462,A0048,2026-01-12 15:59:00,47.74,D_A0048,,0,1.3958898e-05,False,
T006010,A0309,2026-01-29 16:00:00,35.49,D_A0309,,0,1.3958898e-05,False,
T012259,A0425,2026-02-28 14:20:00,24.62,D_A0425,,0,1.3958898e-05,False,
T010045,A0019,2026-02-17 14:26:00,55.06,D_A0019,,0,1.3958898e-05,False,
T000550,A0487,2026-01-03 16:10:00,68.22,D_A0487,,0,1.3958898e-05,False,
T000745,A0496,2026-01-04 14:39:00,72.93,D_A0496,,0,1.3958898e-05,False,
T010519,A0054,2026-02-19 17:42:00,59.46,D_A0054,,0,1.3958898e-05,False,
T009475,A0019,2026-02-14 18:38:00,94.87,D_A0019,,0,1.3958898e-05,False,
T001824,A0019,2026-01-09 16:24:00,46.05,D_A0019,,0,1.3958898e-05,False,
T012345,A0228,2026-02-28 19:50:00,91.51,D_A0228,,0,1.3958898e-05,False,
T008434,A0413,2026-02-09 18:06:00,81.8,D_A0413,,0,1.3958898e-05,False,
T003094,A0027,2026-01-15 15:47:00,51.45,D_A0027,,0,1.3958898e-05,False,
T007472,A0245,2026-02-05 13:44:00,80.52,D_A0245,,0,1.3958898e-05,False,
T002450,A0324,2026-01-12 15:22:00,79.9,D_A0324,,0,1.3958898e-05,False,
T006225,A0017,2026-01-30 15:37:00,36.31,D_A0017,,0,1.3958898e-05,False,
T003604,A0114,2026-01-17 17:49:00,92.25,D_A0114,,0,1.3958898e-05,False,
T005959,A0152,2026-01-29 13:04:00,94.0,D_A0152,,0,1.3958898e-05,False,
T012131,A0413,2026-02-27 22:22:00,99.28,D_A0413,,0,1.3958898e-05,False,
T010760,A0248,2026-02-20 18:36:00,56.56,D_A0248,,0,1.3958898e-05,False,
T010955,A0146,2026-02-21 17:57:00,20.06,D_A0146,,0,1.3958898e-05,False,
T004033,A0150,2026-01-19 20:24:00,36.16,D_A0150,,0,1.3958898e-05,False,
T001602,A0027,2026-01-08 14:39:00,43.82,D_A0027,,0,1.3958898e-05,False,
T010126,A0048,2026-02-17 19:34:00,53.37,D_A0048,,0,1.3958898e-05,False,
T001604,A0324,2026-01-08 14:49:00,68.18,D_A0324,,0,1.3958898e-05,False,
T003579,A0150,2026-01-17 16:44:00,27.43,D_A0150,,0,1.3958898e-05,False,
T009067,A0203,2026-02-12 19:59:00,28.27,D_A0203,,0,1.3958898e-05,False,
T011886,A0324,2026-02-26 14:59:00,50.96,D_A0324,,0,1.3958898e-05,False,
T011311,A0150,2026-02-23 14:45:00,17.59,D_A0150,,0,1.3958898e-05,False,
T007784,A0017,2026-02-06 17:40:00,49.73,D_A0017,,0,1.3958898e-05,False,
T010115,A0324,2026-02-17 18:09:00,38.8,D_A0324,,0,1.3958898e-05,False,
T007325,A0114,2026-02-04 17:02:00,79.71,D_A0114,,0,1.3958898e-05,False,
T003753,A0324,2026-01-18 14:34:00,55.15,D_A0324,,0,1.3958898e-05,False,
T008252,A0048,2026-02-08 23:14:00,53.49,D_A0048,,0,1.3958898e-05,False,
T010783,A0324,2026-02-20 23:11:00,63.27,D_A0324,,0,1.3958898e-05,False,
T007275,A0248,2026-02-04 14:18:00,53.69,D_A0248,,0,1.3958898e-05,False,
T012044,A0245,2026-02-27 13:38:00,57.08,D_A0245,,0,1.3958898e-05,False,
T011713,A0324,2026-02-25 15:39:00,53.55,D_A0324,,0,1.3958898e-05,False,
T010434,A0291,2026-02-19 13:02:00,72.18,D_A0291,,0,1.3958898e-05,False,
T007912,A0353,2026-02-07 13:43:00,48.19,D_A0353,,0,1.3958898e-05,False,
T007992,A0291,2026-02-07 17:52:00,63.46,D_A0291,,0,1.3958898e-05,False,
T012511,A0413,2026-03-01 17:04:00,94.98,D_A0413,,0,1.3958898e-05,False,
T005542,A0354,2026-01-27 12:22:00,97.89,D_A0354,,0,1.3948478e-05,False,
T003115,A0111,2026-01-15 16:51:00,71.61,D_A0111,PAYEE_A0111,0,1.3946936e-05,False,
T009798,A0350,2026-02-16 12:54:00,119.56,D_A0350,,0,1.3944488e-05,False,
T002565,A0300,2026-01-13 10:30:00,17.75,D_FAM_12,,0,1.394018e-05,False,
T011628,A0300,2026-02-25 10:55:00,17.43,D_FAM_12,,0,1.394018e-05,False,
T002037,A0078,2026-01-10 16:59:00,71.64,D_A0078,,0,1.3932472e-05,False,
T005640,A0408,2026-01-27 17:09:00,91.32,D_A0408,,0,1.3930558e-05,False,
T010711,A0350,2026-02-20 15:21:00,117.24,D_A0350,,0,1.3928486e-05,False,
T006054,A0388,2026-01-29 18:47:00,79.39,D_A0388,,0,1.3914904e-05,False,
T009103,A0000,2026-02-13 08:49:00,91.9,D_A0000,,0,1.3906255e-05,False,
T008602,A0119,2026-02-10 15:26:00,237.62,D_A0119,,0,1.3903855e-05,False,
T003301,A0172,2026-01-16 15:22:00,112.06,D_A0172,,0,1.3903564e-05,False,
T001864,A0396,2026-01-09 19:45:00,41.78,D_FAM_3,,0,1.3902926e-05,False,
T009412,A0012,2026-02-14 14:35:00,125.72,D_A0012,,0,1.3895199e-05,False,
T007111,A0158,2026-02-03 16:31:00,89.54,D_A0158,,0,1.3894867e-05,False,
T007069,A0158,2026-02-03 14:18:00,86.81,D_A0158,,0,1.3894867e-05,False,
T006836,A0191,2026-02-02 13:24:00,56.95,D_A0191,,0,1.3894867e-05,False,
T010251,A0150,2026-02-18 13:26:00,67.74,D_A0150,,0,1.3894867e-05,False,
T005522,A0285,2026-01-27 11:21:00,195.28,D_A0285,,0,1.3888866e-05,False,
T000133,A0399,2026-01-01 15:30:00,159.09,D_A0399,,0,1.3882642e-05,False,
T005864,A0340,2026-01-28 21:24:00,151.12,D_A0340,,0,1.3882642e-05,False,
T003893,A0069,2026-01-19 11:16:00,118.43,D_A0069,,0,1.3880829e-05,False,
T004326,A0458,2026-01-21 14:06:00,39.23,D_FAM_9,,0,1.3871738e-05,False,
T010265,A0051,2026-02-18 14:11:00,122.73,D_A0051,,0,1.3867465e-05,False,
T007637,A0045,2026-02-06 10:01:00,107.45,D_A0045,,0,1.38604055e-05,False,
T001733,A0246,2026-01-09 11:54:00,39.23,D_A0246,,0,1.3849703e-05,False,
T001596,A0278,2026-01-08 14:12:00,170.47,D_A0278,,0,1.3849439e-05,False,
T005328,A0240,2026-01-26 12:24:00,45.16,D_FAM_11,,0,1.3847444e-05,False,
T004289,A0163,2026-01-21 12:05:00,61.52,D_FAM_5,,0,1.3847444e-05,False,
T010380,A0362,2026-02-19 10:10:00,12.17,D_A0362,,0,1.3841621e-05,False,
T012386,A0148,2026-03-01 10:01:00,78.86,D_A0148,,0,1.3841621e-05,False,
T010592,A0336,2026-02-20 10:02:00,71.82,D_A0336,,0,1.3841621e-05,False,
T001061,A0182,2026-01-06 08:04:00,65.97,D_FAM_8,,0,1.3833268e-05,False,
T009003,A0041,2026-02-12 15:00:00,15.73,D_FAM_6,,0,1.3833215e-05,False,
T006702,A0041,2026-02-01 19:00:00,11.65,D_FAM_6,,0,1.3833215e-05,False,
T004953,A0041,2026-01-24 14:47:00,12.67,D_FAM_6,,0,1.3833215e-05,False,
T002718,A0036,2026-01-13 20:20:00,12.86,D_FAM_1,,0,1.3833215e-05,False,
T004138,A0041,2026-01-20 14:07:00,14.53,D_FAM_6,,0,1.3833215e-05,False,
T007463,A0041,2026-02-05 13:21:00,13.3,D_FAM_6,,0,1.3833215e-05,False,
T006638,A0041,2026-02-01 15:13:00,13.82,D_FAM_6,,0,1.3833215e-05,False,
T006173,A0041,2026-01-30 13:24:00,19.86,D_FAM_6,,0,1.3833215e-05,False,
T003323,A0240,2026-01-16 16:15:00,62.9,D_FAM_11,,0,1.3831553e-05,False,
T001127,A0240,2026-01-06 13:03:00,85.78,D_FAM_11,,0,1.3831553e-05,False,
T006314,A0320,2026-01-31 09:17:00,30.67,D_FAM_4,,0,1.38243395e-05,False,
T004444,A0320,2026-01-22 09:31:00,35.67,D_FAM_4,,0,1.38243395e-05,False,
T002889,A0310,2026-01-14 16:21:00,259.87,D_A0310,,0,1.382107e-05,False,
T001975,A0217,2026-01-10 13:32:00,252.5,D_A0217,,0,1.382107e-05,False,
T011842,A0239,2026-02-26 12:52:00,75.56,D_A0239,,0,1.3810174e-05,False,
T012028,A0427,2026-02-27 12:49:00,89.04,D_A0427,,0,1.3810174e-05,False,
T003103,A0241,2026-01-15 16:16:00,79.09,D_A0241,,0,1.3794327e-05,False,
T008622,A0240,2026-02-10 16:03:00,59.02,D_FAM_11,,0,1.3793144e-05,False,
T007043,A0200,2026-02-03 13:00:00,120.46,D_A0200,,0,1.3792287e-05,False,
T002570,A0156,2026-01-13 10:49:00,27.77,D_A0156,,0,1.3788842e-05,False,
T008314,A0292,2026-02-09 11:35:00,47.44,D_A0292,,0,1.3778602e-05,False,
T009461,A0302,2026-02-14 17:19:00,22.25,D_A0302,,0,1.3768199e-05,False,
T010948,A0254,2026-02-21 17:42:00,122.49,D_A0254,,0,1.3760074e-05,False,
T010446,A0296,2026-02-19 13:46:00,104.43,D_A0296,,0,1.375947e-05,False,
T002616,A0259,2026-01-13 12:55:00,45.96,D_A0259,,0,1.3751193e-05,False,
T002377,A0219,2026-01-12 12:25:00,39.83,D_A0219,,0,1.3751193e-05,False,
T008941,A0499,2026-02-12 12:05:00,43.56,D_A0499,,0,1.3751193e-05,False,
T008114,A0426,2026-02-08 12:37:00,51.01,D_A0426,,0,1.3751193e-05,False,
T005327,A0415,2026-01-26 12:21:00,25.29,D_A0415,,0,1.3751193e-05,False,
T003701,A0121,2026-01-18 12:09:00,46.4,D_A0121,,0,1.3751193e-05,False,
T006363,A0499,2026-01-31 12:32:00,45.86,D_A0499,,0,1.3751193e-05,False,
T011838,A0266,2026-02-26 12:38:00,73.21,D_A0266,,0,1.3751193e-05,False,
T008749,A0297,2026-02-11 12:22:00,34.87,D_A0297,,0,1.3751193e-05,False,
T011274,A0050,2026-02-23 12:46:00,64.26,D_A0050,,0,1.3751193e-05,False,
T009146,A0304,2026-02-13 12:18:00,31.91,D_A0304,,0,1.3751193e-05,False,
T007036,A0045,2026-02-03 12:20:00,32.34,D_A0045,,0,1.3751193e-05,False,
T003930,A0477,2026-01-19 12:52:00,97.72,D_A0477,,0,1.3751193e-05,False,
T010421,A0118,2026-02-19 12:29:00,60.76,D_A0118,,0,1.3751193e-05,False,
T010637,A0030,2026-02-20 12:19:00,78.85,D_A0030,,0,1.3751193e-05,False,
T000913,A0296,2026-01-05 12:27:00,63.4,D_A0296,,0,1.3751193e-05,False,
T011646,A0259,2026-02-25 12:26:00,55.57,D_A0259,,0,1.3751193e-05,False,
T005947,A0219,2026-01-29 12:34:00,42.61,D_A0219,,0,1.3751193e-05,False,
T012213,A0426,2026-02-28 12:46:00,10.01,D_A0426,,0,1.3751193e-05,False,
T000174,A0334,2026-01-01 19:14:00,191.98,D_A0334,,0,1.3745174e-05,False,
T008115,A0287,2026-02-08 12:40:00,25.09,D_FAM_13,,0,1.3744847e-05,False,
T011045,A0059,2026-02-22 11:36:00,94.96,D_A0059,,0,1.3740339e-05,False,
T006562,A0453,2026-02-01 11:04:00,32.21,D_A0453,,0,1.3740339e-05,False,
T004896,A0044,2026-01-24 11:30:00,33.56,D_A0044,,0,1.3740339e-05,False,
T012409,A0106,2026-03-01 11:33:00,37.84,D_A0106,,0,1.3740339e-05,False,
T011641,A0059,2026-02-25 11:42:00,93.57,D_A0059,,0,1.3740339e-05,False,
T007870,A0131,2026-02-07 11:10:00,39.63,D_A0131,,0,1.3740339e-05,False,
T001098,A0161,2026-01-06 11:38:00,25.12,D_A0161,,0,1.3740339e-05,False,
T001326,A0187,2026-01-07 11:43:00,13.61,D_A0187,,0,1.3740339e-05,False,
T008929,A0131,2026-02-12 11:44:00,41.79,D_A0131,,0,1.3740339e-05,False,
T007423,A0436,2026-02-05 11:38:00,31.95,D_A0436,,0,1.3740339e-05,False,
T003463,A0484,2026-01-17 11:04:00,10.99,D_A0484,,0,1.3740339e-05,False,
T008732,A0171,2026-02-11 11:17:00,44.84,D_A0171,,0,1.3740339e-05,False,
T012199,A0463,2026-02-28 11:30:00,46.53,D_A0463,,0,1.3740339e-05,False,
T003468,A0289,2026-01-17 11:24:00,24.86,D_A0289,,0,1.3740339e-05,False,
T010843,A0169,2026-02-21 11:18:00,10.91,D_A0169,,0,1.3740339e-05,False,
T008741,A0289,2026-02-11 11:49:00,14.23,D_A0289,,0,1.3740339e-05,False,
T008740,A0028,2026-02-11 11:44:00,13.86,D_A0028,,0,1.3740339e-05,False,
T001525,A0318,2026-01-08 11:14:00,8.55,D_A0318,,0,1.3740339e-05,False,
T008935,A0055,2026-02-12 11:52:00,5.03,D_A0055,,0,1.3740339e-05,False,
T009764,A0438,2026-02-16 11:17:00,41.72,D_A0438,,0,1.3740339e-05,False,
T001321,A0131,2026-01-07 11:20:00,27.69,D_A0131,,0,1.3740339e-05,False,
T010618,A0020,2026-02-20 11:46:00,35.44,D_A0020,,0,1.3740339e-05,False,
T009766,A0352,2026-02-16 11:29:00,24.76,D_A0352,,0,1.3740339e-05,False,
T003015,R002,2026-01-15 11:40:00,30.56,D_R002,,0,1.3740339e-05,False,
T004394,A0045,2026-01-21 18:11:00,50.2,D_A0045,,0,1.3735414e-05,False,
T007139,A0426,2026-02-03 17:55:00,32.3,D_A0426,,0,1.3735414e-05,False,
T010294,A0426,2026-02-18 15:35:00,63.79,D_A0426,,0,1.3735414e-05,False,
T005350,A0304,2026-01-26 13:26:00,46.83,D_A0304,,0,1.3735414e-05,False,
T004604,A0450,2026-01-22 17:03:00,36.17,D_A0450,,0,1.3735414e-05,False,
T011344,A0266,2026-02-23 16:59:00,94.21,D_A0266,,0,1.3735414e-05,False,
T002661,A0030,2026-01-13 15:34:00,44.51,D_A0030,,0,1.3735414e-05,False,
T008449,A0304,2026-02-09 20:04:00,35.24,D_A0304,,0,1.3735414e-05,False,
T007712,A0296,2026-02-06 13:44:00,86.94,D_A0296,,0,1.3735414e-05,False,
T006903,A0045,2026-02-02 16:57:00,25.69,D_A0045,,0,1.3735414e-05,False,
T003153,A0259,2026-01-15 19:52:00,56.28,D_A0259,,0,1.3735414e-05,False,
T005988,A0118,2026-01-29 14:38:00,70.66,D_A0118,,0,1.3735414e-05,False,
T006233,A0475,2026-01-30 16:02:00,59.03,D_A0475,,0,1.3735414e-05,False,
T001578,A0121,2026-01-08 13:30:00,58.08,D_A0121,,0,1.3735414e-05,False,
T006617,A0378,2026-02-01 13:55:00,30.57,D_A0378,,0,1.3735414e-05,False,
T000936,A0312,2026-01-05 13:58:00,31.39,D_A0312,,0,1.3735414e-05,False,
T012324,A0030,2026-02-28 17:21:00,64.62,D_A0030,,0,1.3735414e-05,False,
T004791,A0433,2026-01-23 16:32:00,44.7,D_A0433,,0,1.3735414e-05,False,
T010148,A0153,2026-02-17 23:46:00,37.75,D_A0153,,0,1.3735414e-05,False,
T008590,A0433,2026-02-10 14:47:00,48.28,D_A0433,,0,1.3735414e-05,False,
T001379,A0354,2026-01-07 13:46:00,36.15,D_A0354,,0,1.3735414e-05,False,
T000808,A0433,2026-01-04 17:54:00,27.18,D_A0433,,0,1.3735414e-05,False,
T007092,A0296,2026-02-03 15:41:00,87.38,D_A0296,,0,1.3735414e-05,False,
T012295,A0426,2026-02-28 15:57:00,51.81,D_A0426,,0,1.3735414e-05,False,
T012308,A0219,2026-02-28 16:30:00,42.52,D_A0219,,0,1.3735414e-05,False,
T012283,A0354,2026-02-28 15:35:00,16.33,D_A0354,,0,1.3735414e-05,False,
T006407,A0378,2026-01-31 14:30:00,39.25,D_A0378,,0,1.3735414e-05,False,
T009650,A0064,2026-02-15 16:37:00,51.02,D_A0064,,0,1.3735414e-05,False,
T005423,A0153,2026-01-26 17:06:00,35.6,D_A0153,,0,1.3735414e-05,False,
T005800,A0426,2026-01-28 15:16:00,56.8,D_A0426,,0,1.3735414e-05,False,
T008445,A0433,2026-02-09 19:19:00,45.27,D_A0433,,0,1.3735414e-05,False,
T001830,A0219,2026-01-09 16:42:00,28.0,D_A0219,,0,1.3735414e-05,False,
T009253,A0450,2026-02-13 17:32:00,23.39,D_A0450,,0,1.3735414e-05,False,
T002709,A0354,2026-01-13 18:42:00,33.86,D_A0354,,0,1.3735414e-05,False,
T010539,A0121,2026-02-19 19:10:00,54.56,D_A0121,,0,1.3735414e-05,False,
T006272,A0282,2026-01-30 21:24:00,70.45,D_A0282,,0,1.3735414e-05,False,
T001248,A0259,2026-01-06 20:53:00,62.03,D_A0259,,0,1.3735414e-05,False,
T004369,A0375,2026-01-21 16:25:00,61.85,D_A0375,,0,1.3735414e-05,False,
T008859,A0282,2026-02-11 21:21:00,65.65,D_A0282,,0,1.3735414e-05,False,
T003803,A0266,2026-01-18 17:05:00,72.79,D_A0266,,0,1.3735414e-05,False,
T005858,A0003,2026-01-28 19:47:00,90.41,D_A0003,,0,1.3735414e-05,False,
T005182,A0118,2026-01-25 16:59:00,70.95,D_A0118,,0,1.3735414e-05,False,
T003818,A0304,2026-01-18 17:55:00,40.95,D_A0304,,0,1.3735414e-05,False,
T007529,A0118,2026-02-05 16:40:00,61.6,D_A0118,,0,1.3735414e-05,False,
T003093,A0465,2026-01-15 15:46:00,56.6,D_A0465,,0,1.3735414e-05,False,
T009681,A0402,2026-02-15 19:25:00,34.82,D_A0402,,0,1.3735414e-05,False,
T006914,A0121,2026-02-02 17:58:00,37.41,D_A0121,,0,1.3735414e-05,False,
T004986,A0286,2026-01-24 16:17:00,27.43,D_A0286,,0,1.3735414e-05,False,
T008168,A0003,2026-02-08 15:21:00,64.73,D_A0003,,0,1.3735414e-05,False,
T011674,A0172,2026-02-25 13:38:00,37.75,D_A0172,,0,1.3735414e-05,False,
T005784,A0450,2026-01-28 14:10:00,17.4,D_A0450,,0,1.3735414e-05,False,
T005411,A0118,2026-01-26 16:33:00,60.42,D_A0118,,0,1.3735414e-05,False,
T007510,A0464,2026-02-05 15:54:00,27.81,D_A0464,,0,1.3735414e-05,False,
T002447,A0304,2026-01-12 15:15:00,42.67,D_A0304,,0,1.3735414e-05,False,
T007474,A0089,2026-02-05 13:50:00,94.48,D_A0089,,0,1.3735414e-05,False,
T008788,A0025,2026-02-11 14:20:00,45.13,D_A0025,,0,1.3735414e-05,False,
T000194,A0045,2026-01-01 23:00:00,41.71,D_A0045,,0,1.3735414e-05,False,
T008376,A0286,2026-02-09 14:51:00,44.85,D_A0286,,0,1.3735414e-05,False,
T001775,A0282,2026-01-09 13:51:00,74.94,D_A0282,,0,1.3735414e-05,False,
T000777,A0375,2026-01-04 16:10:00,68.06,D_A0375,,0,1.3735414e-05,False,
T006071,A0045,2026-01-29 21:15:00,65.06,D_A0045,,0,1.3735414e-05,False,
T004646,A0224,2026-01-22 21:50:00,57.09,D_A0224,,0,1.3735414e-05,False,
T003602,A0045,2026-01-17 17:44:00,56.73,D_A0045,,0,1.3735414e-05,False,
T000720,A0464,2026-01-04 13:20:00,24.36,D_A0464,,0,1.3735414e-05,False,
T004542,A0030,2026-01-22 14:39:00,42.79,D_A0030,,0,1.3735414e-05,False,
T004133,A0475,2026-01-20 13:54:00,52.63,D_A0475,,0,1.3735414e-05,False,
T011692,A0475,2026-02-25 14:52:00,55.57,D_A0475,,0,1.3735414e-05,False,
T008226,A0025,2026-02-08 18:37:00,40.87,D_A0025,,0,1.3735414e-05,False,
T003383,A0477,2026-01-16 19:43:00,62.04,D_A0477,,0,1.3735414e-05,False,
T000313,A0464,2026-01-02 14:05:00,26.98,D_A0464,,0,1.3735414e-05,False,
T002182,A0266,2026-01-11 13:17:00,76.21,D_A0266,,0,1.3735414e-05,False,
T010759,A0499,2026-02-20 18:24:00,49.58,D_A0499,,0,1.3735414e-05,False,
T009882,A0025,2026-02-16 17:17:00,29.01,D_A0025,,0,1.3735414e-05,False,
T010959,A0289,2026-02-21 18:10:00,31.45,D_A0289,,0,1.3735414e-05,False,
T008989,A0003,2026-02-12 14:18:00,53.35,D_A0003,,0,1.3735414e-05,False,
T004191,A0297,2026-01-20 16:53:00,46.47,D_A0297,,0,1.3735414e-05,False,
T002258,A0399,2026-01-11 17:02:00,92.96,D_A0399,,0,1.3735414e-05,False,
T003575,A0375,2026-01-17 16:28:00,62.49,D_A0375,,0,1.3735414e-05,False,
T012100,A0354,2026-02-27 17:26:00,28.91,D_A0354,,0,1.3735414e-05,False,
T004180,A0402,2026-01-20 16:16:00,63.51,D_A0402,,0,1.3735414e-05,False,
T007265,A0399,2026-02-04 13:37:00,77.53,D_A0399,,0,1.3735414e-05,False,
T000968,A0433,2026-01-05 15:18:00,44.15,D_A0433,,0,1.3735414e-05,False,
T005783,A0025,2026-01-28 14:08:00,48.72,D_A0025,,0,1.3735414e-05,False,
T003327,A0297,2026-01-16 16:22:00,16.82,D_A0297,,0,1.3735414e-05,False,
T011114,A0121,2026-02-22 14:30:00,50.16,D_A0121,,0,1.3735414e-05,False,
T003045,A0050,2026-01-15 13:24:00,64.99,D_A0050,,0,1.3735414e-05,False,
T003732,A0121,2026-01-18 13:24:00,39.82,D_A0121,,0,1.3735414e-05,False,
T012473,A0030,2026-03-01 14:54:00,64.82,D_A0030,,0,1.3735414e-05,False,
T010450,A0475,2026-02-19 13:55:00,73.01,D_A0475,,0,1.3735414e-05,False,
T012568,A0025,2026-03-01 22:44:00,57.54,D_A0025,,0,1.3735414e-05,False,
T007958,A0064,2026-02-07 15:49:00,47.56,D_A0064,,0,1.3735414e-05,False,
T002192,A0041,2026-01-11 13:41:00,87.31,D_FAM_6,,0,1.3732126e-05,False,
T005779,A0041,2026-01-28 13:43:00,69.06,D_FAM_6,,0,1.3732126e-05,False,
T010347,A0015,2026-02-18 21:36:00,30.1,D_FAM_14,,0,1.37290735e-05,False,
T006861,A0015,2026-02-02 15:03:00,27.87,D_FAM_14,,0,1.37290735e-05,False,
T001860,A0141,2026-01-09 19:24:00,55.81,D_FAM_2,,0,1.37290735e-05,False,
T005416,A0437,2026-01-26 16:47:00,57.74,D_FAM_3,,0,1.37290735e-05,False,
T010900,A0015,2026-02-21 14:36:00,28.42,D_FAM_14,,0,1.37290735e-05,False,
T000749,A0437,2026-01-04 14:49:00,52.17,D_FAM_3,,0,1.37290735e-05,False,
T005215,A0141,2026-01-25 18:34:00,113.09,D_FAM_2,,0,1.3726705e-05,False,
T008442,A0003,2026-02-09 19:09:00,102.81,D_A0003,,0,1.372126e-05,False,
T001821,A0457,2026-01-09 16:21:00,102.61,D_A0457,,0,1.372126e-05,False,
T009704,A0399,2026-02-15 23:27:00,101.58,D_A0399,,0,1.372126e-05,False,
T010617,A0193,2026-02-20 11:43:00,141.27,D_A0193,,0,1.3716589e-05,False,
T001936,A0339,2026-01-10 11:47:00,91.97,D_A0339,,0,1.3698916e-05,False,
T001950,A0208,2026-01-10 12:28:00,59.26,D_A0208,,0,1.3698759e-05,False,
T003247,A0208,2026-01-16 12:28:00,78.98,D_A0208,,0,1.3698759e-05,False,
T008141,A0240,2026-02-08 14:11:00,84.02,D_FAM_11,,0,1.3692345e-05,False,
T004724,A0083,2026-01-23 12:55:00,225.36,D_A0083,,0,1.3691105e-05,False,
T005763,A0407,2026-01-28 12:57:00,26.79,D_A0407,,0,1.3690491e-05,False,
T002805,A0326,2026-01-14 12:32:00,30.23,D_A0326,,0,1.3690491e-05,False,
T005102,A0308,2026-01-25 12:18:00,18.25,D_A0308,,0,1.3690491e-05,False,
T006585,A0308,2026-02-01 12:32:00,29.73,D_A0308,,0,1.3690491e-05,False,
T005748,A0197,2026-01-28 12:10:00,55.99,D_A0197,,0,1.3690491e-05,False,
T010241,A0007,2026-02-18 12:57:00,15.49,D_A0007,,0,1.3690491e-05,False,
T002167,A0308,2026-01-11 12:49:00,14.49,D_A0308,,0,1.3690491e-05,False,
T012219,A0352,2026-02-28 12:56:00,20.36,D_A0352,,0,1.3690491e-05,False,
T002603,A0117,2026-01-13 12:31:00,52.78,D_A0117,,0,1.3690491e-05,False,
T004691,A0465,2026-01-23 10:24:00,74.02,D_A0465,,0,1.3688077e-05,False,
T011436,A0046,2026-02-24 11:21:00,41.06,D_A0046,,0,1.3686079e-05,False,
T005257,A0092,2026-01-26 08:44:00,50.9,D_A0092,,0,1.368309e-05,False,
T005961,A0457,2026-01-29 13:05:00,76.44,D_A0457,,0,1.36830395e-05,False,
T006723,A0250,2026-02-01 20:41:00,80.99,D_A0250,,0,1.36830395e-05,False,
T000715,A0416,2026-01-04 13:08:00,77.04,D_A0416,,0,1.36830395e-05,False,
T004566,A0354,2026-01-22 15:25:00,58.44,D_A0354,,0,1.36830395e-05,False,
T004824,A0208,2026-01-23 21:01:00,58.54,D_A0208,,0,1.36830395e-05,False,
T004186,A0354,2026-01-20 16:39:00,58.12,D_A0354,,0,1.36830395e-05,False,
T005554,A0045,2026-01-27 13:02:00,62.65,D_A0045,,0,1.36830395e-05,False,
T003533,A0208,2026-01-17 14:38:00,74.97,D_A0208,,0,1.36830395e-05,False,
T008427,A0053,2026-02-09 17:47:00,34.37,D_A0053,,0,1.36830395e-05,False,
T005152,A0078,2026-01-25 15:00:00,38.41,D_A0078,,0,1.36830395e-05,False,
T003592,A0301,2026-01-17 17:21:00,54.79,D_A0301,,0,1.36830395e-05,False,
T006040,A0457,2026-01-29 18:04:00,81.2,D_A0457,,0,1.36830395e-05,False,
T004541,A0457,2026-01-22 14:38:00,93.24,D_A0457,,0,1.36830395e-05,False,
T002465,A0426,2026-01-12 16:09:00,72.48,D_A0426,,0,1.36830395e-05,False,
T010054,A0416,2026-02-17 14:52:00,55.8,D_A0416,,0,1.36830395e-05,False,
T008627,A0475,2026-02-10 16:31:00,77.4,D_A0475,,0,1.36830395e-05,False,
T009449,A0416,2026-02-14 16:35:00,53.64,D_A0416,,0,1.36830395e-05,False,
T001236,A0499,2026-01-06 18:50:00,96.92,D_A0499,,0,1.36830395e-05,False,
T001253,A0208,2026-01-06 21:28:00,74.78,D_A0208,,0,1.36830395e-05,False,
T009436,A0457,2026-02-14 15:37:00,76.04,D_A0457,,0,1.36830395e-05,False,
T007775,A0208,2026-02-06 17:05:00,56.06,D_A0208,,0,1.36830395e-05,False,
T012525,A0466,2026-03-01 17:47:00,64.66,D_A0466,,0,1.36830395e-05,False,
T007511,A0172,2026-02-05 16:01:00,84.11,D_A0172,,0,1.36830395e-05,False,
T010872,A0416,2026-02-21 13:02:00,64.8,D_A0416,,0,1.36830395e-05,False,
T010723,A0156,2026-02-20 15:56:00,75.3,D_A0156,,0,1.3678942e-05,False,
T008253,A0388,2026-02-08 23:22:00,75.48,D_A0388,,0,1.3678942e-05,False,
T008620,A0434,2026-02-10 16:02:00,85.57,D_A0434,,0,1.3678942e-05,False,
T007012,A0204,2026-02-03 11:11:00,30.93,D_A0204,,0,1.3676516e-05,False,
T006794,A0249,2026-02-02 11:11:00,18.32,D_A0249,,0,1.3676516e-05,False,
T003226,A0001,2026-01-16 11:01:00,67.05,D_A0001,,0,1.3676516e-05,False,
T004715,A0246,2026-01-23 11:56:00,31.45,D_A0246,,0,1.3676516e-05,False,
T006137,A0412,2026-01-30 11:39:00,52.36,D_A0412,,0,1.3676516e-05,False,
T001937,A0385,2026-01-10 11:47:00,14.03,D_A0385,,0,1.3676516e-05,False,
T005317,A0374,2026-01-26 11:50:00,84.92,D_A0374,,0,1.3676516e-05,False,
T005738,A0357,2026-01-28 11:35:00,27.67,D_A0357,,0,1.3676516e-05,False,
T007690,A0318,2026-02-06 13:01:00,14.3,D_A0318,,0,1.3674781e-05,False,
T004368,A0318,2026-01-21 16:23:00,13.49,D_A0318,,0,1.3674781e-05,False,
T001589,A0007,2026-01-08 14:02:00,19.59,D_A0007,,0,1.3674781e-05,False,
T004626,A0197,2026-01-22 18:57:00,29.91,D_A0197,,0,1.3674781e-05,False,
T000183,A0094,2026-01-01 20:10:00,22.93,D_A0094,,0,1.3674781e-05,False,
T003567,A0302,2026-01-17 16:16:00,11.15,D_A0302,,0,1.3674781e-05,False,
T006012,A0210,2026-01-29 16:06:00,48.91,D_A0210,,0,1.3674781e-05,False,
T005028,A0133,2026-01-24 22:21:00,25.62,D_A0133,,0,1.3674781e-05,False,
T012331,A0117,2026-02-28 17:42:00,45.4,D_A0117,,0,1.3674781e-05,False,
T003047,A0359,2026-01-15 13:25:00,31.43,D_A0359,,0,1.3674781e-05,False,
T004985,A0359,2026-01-24 16:14:00,30.87,D_A0359,,0,1.3674781e-05,False,
T001631,A0359,2026-01-08 16:27:00,33.27,D_A0359,,0,1.3674781e-05,False,
T012502,A0066,2026-03-01 16:34:00,45.73,D_A0066,,0,1.3674781e-05,False,
T007136,A0318,2026-02-03 17:51:00,16.2,D_A0318,,0,1.3674781e-05,False,
T011771,A0210,2026-02-25 23:06:00,46.26,D_A0210,,0,1.3674781e-05,False,
T002856,A0407,2026-01-14 14:27:00,27.01,D_A0407,,0,1.3674781e-05,False,
T000804,A0407,2026-01-04 17:43:00,26.81,D_A0407,,0,1.3674781e-05,False,
T007059,A0066,2026-02-03 13:33:00,46.38,D_A0066,,0,1.3674781e-05,False,
T004820,A0066,2026-01-23 20:18:00,71.04,D_A0066,,0,1.3674781e-05,False,
T008159,A0392,2026-02-08 15:06:00,65.51,D_A0392,,0,1.3674781e-05,False,
T012548,A0358,2026-03-01 19:40:00,21.61,D_A0358,,0,1.3674781e-05,False,
T002896,A0349,2026-01-14 16:46:00,81.43,D_A0349,,0,1.3674781e-05,False,
T007464,A0210,2026-02-05 13:23:00,35.12,D_A0210,,0,1.3674781e-05,False,
T010081,A0066,2026-02-17 16:08:00,38.37,D_A0066,,0,1.3674781e-05,False,
T006242,A0383,2026-01-30 16:36:00,23.56,D_A0383,,0,1.3674781e-05,False,
T006955,A0187,2026-02-02 22:47:00,21.26,D_A0187,,0,1.3674781e-05,False,
T007104,A0133,2026-02-03 16:11:00,30.09,D_A0133,,0,1.3674781e-05,False,
T008433,A0441,2026-02-09 18:00:00,36.15,D_A0441,,0,1.3674781e-05,False,
T011851,A0407,2026-02-26 13:20:00,36.77,D_A0407,,0,1.3674781e-05,False,
T011355,A0318,2026-02-23 18:43:00,8.23,D_A0318,,0,1.3674781e-05,False,
T001411,A0066,2026-01-07 15:12:00,58.18,D_A0066,,0,1.3674781e-05,False,
T012241,A0326,2026-02-28 13:38:00,64.56,D_A0326,,0,1.3674781e-05,False,
T004543,A0326,2026-01-22 14:43:00,80.63,D_A0326,,0,1.3674781e-05,False,
T008437,A0383,2026-02-09 18:25:00,25.02,D_A0383,,0,1.3674781e-05,False,
T010023,A0013,2026-02-17 13:14:00,26.68,D_A0013,,0,1.3674781e-05,False,
T006067,A0318,2026-01-29 20:36:00,18.16,D_A0318,,0,1.3674781e-05,False,
T010537,A0438,2026-02-19 18:54:00,88.67,D_A0438,,0,1.3674781e-05,False,
T009259,A0308,2026-02-13 18:10:00,21.29,D_A0308,,0,1.3674781e-05,False,
T010885,A0066,2026-02-21 13:29:00,67.55,D_A0066,,0,1.3674781e-05,False,
T005608,A0384,2026-01-27 15:45:00,83.91,D_A0384,,0,1.3655182e-05,False,
T002463,A0401,2026-01-12 16:04:00,142.29,D_A0401,,0,1.3652694e-05,False,
T001559,A0194,2026-01-08 12:46:00,99.33,D_A0194,,0,1.3651119e-05,False,
T000695,A0392,2026-01-04 12:30:00,45.12,D_A0392,,0,1.3651119e-05,False,
T007620,A0251,2026-02-06 08:37:00,9.25,D_A0251,,0,1.3645093e-05,False,
T000857,A0054,2026-01-05 08:33:00,8.79,D_A0054,,0,1.3645093e-05,False,
T005057,A0111,2026-01-25 08:35:00,15.55,D_A0111,,0,1.3645093e-05,False,
T000209,R007,2026-01-02 08:24:00,18.82,D_R007,,0,1.3645093e-05,False,
T006307,A0122,2026-01-31 08:42:00,29.62,D_A0122,,0,1.3645093e-05,False,
T006793,A0173,2026-02-02 11:09:00,79.76,D_A0173,,0,1.3639928e-05,False,
T002738,A0393,2026-01-14 08:06:00,10.38,D_A0393,,0,1.3635935e-05,False,
T011393,A0199,2026-02-24 08:12:00,48.64,D_A0199,,0,1.3635935e-05,False,
T000596,R002,2026-01-03 18:47:00,48.81,D_R002,,0,1.3635454e-05,False,
T003791,A0397,2026-01-18 16:37:00,220.68,D_A0397,,0,1.362881e-05,False,
T005194,A0079,2026-01-25 17:28:00,102.99,D_A0079,,0,1.3620989e-05,False,
T003764,A0328,2026-01-18 15:11:00,123.46,D_A0328,,0,1.3612042e-05,False,
T003711,A0291,2026-01-18 12:41:00,78.46,D_A0291,,0,1.3602542e-05,False,
T008754,A0248,2026-02-11 12:43:00,38.13,D_A0248,,0,1.3602542e-05,False,
T006583,A0248,2026-02-01 12:23:00,55.14,D_A0248,,0,1.3602542e-05,False,
T000319,A0052,2026-01-02 14:43:00,98.64,D_A0052,,0,1.35981845e-05,False,
T000925,A0161,2026-01-05 13:12:00,89.19,D_A0161,,0,1.35981845e-05,False,
T000979,A0326,2026-01-05 15:57:00,67.76,D_A0326,,0,1.35981845e-05,False,
T001618,A0382,2026-01-08 15:47:00,58.82,D_A0382,,0,1.35981845e-05,False,
T000959,A0393,2026-01-05 14:43:00,72.92,D_A0393,,0,1.35981845e-05,False,
T002539,A0076,2026-01-13 08:04:00,58.27,D_A0076,,0,1.3598068e-05,False,
T002545,A0164,2026-01-13 08:43:00,14.87,D_A0164,,0,1.3598068e-05,False,
T000642,A0164,2026-01-04 08:39:00,28.09,D_A0164,,0,1.3598068e-05,False,
T004063,A0440,2026-01-20 08:36:00,16.64,D_A0440,,0,1.3598068e-05,False,
T003650,A0315,2026-01-18 08:01:00,15.93,D_A0315,,0,1.3598068e-05,False,
T004673,A0425,2026-01-23 08:17:00,15.92,D_A0425,,0,1.3598068e-05,False,
T008049,A0171,2026-02-08 08:15:00,23.61,D_A0171,,0,1.3598068e-05,False,
T006527,A0274,2026-02-01 08:14:00,42.0,D_A0274,,0,1.3598068e-05,False,
T006525,A0164,2026-02-01 08:07:00,25.55,D_A0164,,0,1.3598068e-05,False,
T006529,A0448,2026-02-01 08:16:00,33.98,D_A0448,,0,1.3598068e-05,False,
T001275,A0202,2026-01-07 08:01:00,39.13,D_A0202,,0,1.3598068e-05,False,
T006535,A0060,2026-02-01 08:48:00,16.72,D_A0060,,0,1.3598068e-05,False,
T011394,A0116,2026-02-24 08:17:00,14.32,D_A0116,,0,1.3598068e-05,False,
T011362,A0396,2026-02-23 19:30:00,48.71,D_FAM_3,,0,1.3594812e-05,False,
T002470,A0396,2026-01-12 16:29:00,50.79,D_FAM_3,,0,1.3594812e-05,False,
T011866,A0461,2026-02-26 13:48:00,112.31,D_FAM_0,,0,1.3593374e-05,False,
T007359,A0248,2026-02-04 19:24:00,51.92,D_A0248,,0,1.3586932e-05,False,
T005419,A0203,2026-01-26 16:51:00,31.31,D_A0203,,0,1.3586932e-05,False,
T004979,A0291,2026-01-24 16:00:00,81.96,D_A0291,,0,1.3586932e-05,False,
T004588,A0258,2026-01-22 16:22:00,95.8,D_A0258,,0,1.3586932e-05,False,
T010040,A0203,2026-02-17 14:13:00,41.77,D_A0203,,0,1.3586932e-05,False,
T009221,A0470,2026-02-13 15:52:00,69.57,D_A0470,,0,1.3586932e-05,False,
T009648,A0130,2026-02-15 16:31:00,54.04,D_A0130,,0,1.3586932e-05,False,
T010710,A0221,2026-02-20 15:21:00,42.0,D_A0221,,0,1.3586932e-05,False,
T002898,R006,2026-01-14 16:58:00,112.33,D_R006,,0,1.35833825e-05,False,
T006479,A0120,2026-01-31 18:34:00,72.85,D_A0120,,0,1.3583046e-05,False,
T002427,A0450,2026-01-12 14:20:00,50.27,D_A0450,,0,1.3583046e-05,False,
T001032,A0478,2026-01-05 20:18:00,61.64,D_A0478,,0,1.3583046e-05,False,
T001857,A0084,2026-01-09 18:56:00,30.36,D_A0084,,0,1.3583046e-05,False,
T001083,A0322,2026-01-06 10:46:00,125.08,D_A0322,,0,1.3569815e-05,False,
T007646,A0192,2026-02-06 10:36:00,123.46,D_A0192,,0,1.3569815e-05,False,
T003883,A0107,2026-01-19 10:32:00,93.66,D_A0107,,0,1.3567471e-05,False,
T011488,A0337,2026-02-24 14:13:00,124.3,D_A0337,,0,1.3560138e-05,False,
T008180,A0014,2026-02-08 15:39:00,72.77,D_FAM_2,,0,1.3552445e-05,False,
T000170,A0164,2026-01-01 18:51:00,32.2,D_A0164,,0,1.35453265e-05,False,
T003797,A0416,2026-01-18 16:46:00,81.5,D_A0416,,0,1.35453265e-05,False,
T005344,A0441,2026-01-26 13:19:00,88.49,D_A0441,,0,1.35453265e-05,False,
T008014,A0490,2026-02-07 20:02:00,71.08,D_A0490,,0,1.35453265e-05,False,
T005528,A0363,2026-01-27 11:46:00,28.43,D_A0363,,0,1.3542768e-05,False,
T001094,A0091,2026-01-06 11:12:00,95.52,D_A0091,,0,1.3542768e-05,False,
T008928,A0239,2026-02-12 11:40:00,18.28,D_A0239,,0,1.3542768e-05,False,
T004480,A0280,2026-01-22 11:59:00,89.11,D_A0280,,0,1.3542768e-05,False,
T004253,A0153,2026-01-21 09:10:00,53.28,D_A0153,,0,1.3536635e-05,False,
T000887,A0097,2026-01-05 10:46:00,22.04,D_FAM_1,,0,1.3531627e-05,False,
T012297,A0033,2026-02-28 15:59:00,125.95,D_A0033,,0,1.3524931e-05,False,
T007444,A0054,2026-02-05 12:39:00,61.84,D_A0054,PAYEE_A0054,0,1.3519193e-05,False,
T005735,A0288,2026-01-28 11:16:00,87.69,D_A0288,,0,1.3500563e-05,False,
T000975,A0110,2026-01-05 15:29:00,150.77,D_FAM_11,,0,1.3497834e-05,False,
T004071,A0067,2026-01-20 09:19:00,35.12,D_A0067,,0,1.3485019e-05,False,
T012182,A0285,2026-02-28 10:47:00,116.63,D_A0285,,0,1.3481637e-05,False,
T005362,A0277,2026-01-26 14:09:00,138.24,D_A0277,,0,1.3481418e-05,False,
T009486,A0449,2026-02-14 19:42:00,150.66,D_FAM_0,,0,1.34776e-05,False,
T005460,A0000,2026-01-26 23:07:00,162.98,D_A0000,,0,1.3475775e-05,False,
T001941,A0471,2026-01-10 11:54:00,64.07,D_A0471,,0,1.34585525e-05,False,
T006140,A0060,2026-01-30 11:48:00,139.36,D_A0060,,0,1.34449165e-05,False,
T012494,A0065,2026-03-01 16:09:00,126.21,D_A0065,,0,1.3443263e-05,False,
T008421,A0346,2026-02-09 17:06:00,189.38,D_A0346,,0,1.3442903e-05,False,
T007762,A0041,2026-02-06 16:14:00,90.47,D_FAM_6,,0,1.3427796e-05,False,
T004832,A0310,2026-01-23 22:32:00,193.14,D_A0310,,0,1.3425274e-05,False,
T005891,A0320,2026-01-29 08:31:00,59.05,D_FAM_4,,0,1.3418247e-05,False,
T007506,A0347,2026-02-05 15:48:00,152.29,D_A0347,,0,1.3415918e-05,False,
T009040,A0240,2026-02-12 17:44:00,44.1,D_FAM_11,,0,1.3388899e-05,False,
T004576,A0163,2026-01-22 15:55:00,48.99,D_FAM_5,,0,1.3388899e-05,False,
T011190,A0240,2026-02-22 19:21:00,43.46,D_FAM_11,,0,1.3388899e-05,False,
T011529,A0240,2026-02-24 16:18:00,32.47,D_FAM_11,,0,1.3388899e-05,False,
T004617,A0240,2026-01-22 17:37:00,65.4,D_FAM_11,,0,1.3388899e-05,False,
T011810,A0408,2026-02-26 10:26:00,43.12,D_A0408,,0,1.3384723e-05,False,
T009754,A0032,2026-02-16 10:38:00,43.03,D_A0032,,0,1.3384723e-05,False,
T003671,A0091,2026-01-18 10:22:00,38.15,D_A0091,,0,1.3384723e-05,False,
T008287,A0016,2026-02-09 09:56:00,63.68,D_FAM_12,,0,1.3376991e-05,False,
T007151,A0270,2026-02-03 18:33:00,107.5,D_A0270,,0,1.33697085e-05,False,
T000349,A0041,2026-01-02 16:27:00,88.35,D_FAM_6,,0,1.3366203e-05,False,
T011626,A0082,2026-02-25 10:52:00,14.64,D_A0082,,0,1.3347554e-05,False,
T011620,A0254,2026-02-25 10:36:00,29.48,D_A0254,,0,1.3347554e-05,False,
T008720,A0332,2026-02-11 10:43:00,16.74,D_A0332,,0,1.3347554e-05,False,
T010193,A0469,2026-02-18 10:10:00,15.61,D_A0469,,0,1.3347554e-05,False,
T005506,A0011,2026-01-27 10:39:00,24.77,D_A0011,,0,1.3347554e-05,False,
T009974,A0309,2026-02-17 10:58:00,14.3,D_A0309,,0,1.3347554e-05,False,
T002348,A0010,2026-01-12 10:25:00,6.55,D_A0010,,0,1.3347554e-05,False,
T005293,A0254,2026-01-26 10:59:00,12.73,D_A0254,,0,1.3347554e-05,False,
T011639,A0073,2026-02-25 11:37:00,40.84,D_A0073,,0,1.3337643e-05,False,
T000671,A0028,2026-01-04 11:07:00,41.8,D_A0028,,0,1.3337643e-05,False,
T002788,A0207,2026-01-14 11:30:00,86.5,D_A0207,,0,1.3337643e-05,False,
T006346,A0166,2026-01-31 11:01:00,82.88,D_A0166,,0,1.3337643e-05,False,
T012381,A0016,2026-03-01 09:48:00,36.84,D_FAM_12,,0,1.333089e-05,False,
T008284,A0036,2026-02-09 09:34:00,9.95,D_FAM_1,,0,1.333089e-05,False,
T004440,A0036,2026-01-22 09:07:00,8.42,D_FAM_1,,0,1.333089e-05,False,
T001068,A0036,2026-01-06 09:13:00,16.06,D_FAM_1,,0,1.333089e-05,False,
T007269,A0016,2026-02-04 13:52:00,188.43,D_FAM_12,,0,1.3322908e-05,False,
T007482,A0058,2026-02-05 14:23:00,126.6,D_A0058,,0,1.33164685e-05,False,
T001606,A0326,2026-01-08 14:57:00,95.05,D_A0326,,0,1.3299969e-05,False,
T004020,A0007,2026-01-19 17:22:00,40.65,D_A0007,,0,1.3299969e-05,False,
T010856,A0241,2026-02-21 12:13:00,26.59,D_A0241,,0,1.3297281e-05,False,
T001943,A0475,2026-01-10 12:03:00,54.0,D_A0475,,0,1.3297281e-05,False,
T006159,A0475,2026-01-30 12:54:00,31.7,D_A0475,,0,1.3297281e-05,False,
T002795,A0120,2026-01-14 12:06:00,44.86,D_A0120,,0,1.3297281e-05,False,
T006588,A0388,2026-02-01 12:39:00,33.12,D_A0388,,0,1.3297281e-05,False,
T007038,A0475,2026-02-03 12:35:00,77.78,D_A0475,,0,1.3297281e-05,False,
T008702,A0251,2026-02-11 09:12:00,19.57,D_A0251,,0,1.3282414e-05,False,
T002553,A0236,2026-01-13 09:30:00,41.44,D_A0236,,0,1.3282414e-05,False,
T007624,A0026,2026-02-06 09:13:00,15.94,D_A0026,,0,1.3282414e-05,False,
T008285,A0404,2026-02-09 09:40:00,7.7,D_A0404,,0,1.3282414e-05,False,
T005896,A0198,2026-01-29 09:14:00,94.45,D_A0198,,0,1.3282414e-05,False,
T005066,A0268,2026-01-25 09:44:00,36.47,D_A0268,,0,1.3282414e-05,False,
T009212,A0241,2026-02-13 15:24:00,37.45,D_A0241,,0,1.3282021e-05,False,
T005158,A0084,2026-01-25 15:17:00,24.52,D_A0084,,0,1.3282021e-05,False,
T005394,A0029,2026-01-26 15:35:00,40.54,D_A0029,,0,1.3282021e-05,False,
T001678,A0478,2026-01-08 21:46:00,43.04,D_A0478,,0,1.3282021e-05,False,
T003505,A0354,2026-01-17 13:30:00,49.59,D_A0354,,0,1.3282021e-05,False,
T007586,A0304,2026-02-05 21:32:00,44.27,D_A0304,,0,1.3282021e-05,False,
T003498,A0475,2026-01-17 13:07:00,81.83,D_A0475,,0,1.3282021e-05,False,
T006034,A0181,2026-01-29 17:36:00,66.61,D_A0181,,0,1.3282021e-05,False,
T011662,A0074,2026-02-25 13:15:00,98.08,D_A0074,,0,1.3282021e-05,False,
T008591,A0343,2026-02-10 14:48:00,24.46,D_A0343,,0,1.3282021e-05,False,
T010278,A0181,2026-02-18 14:55:00,60.59,D_A0181,,0,1.3282021e-05,False,
T010318,A0475,2026-02-18 17:04:00,59.57,D_A0475,,0,1.3282021e-05,False,
T009189,A0478,2026-02-13 14:21:00,84.0,D_A0478,,0,1.3282021e-05,False,
T001627,A0304,2026-01-08 16:19:00,47.76,D_A0304,,0,1.3282021e-05,False,
T007285,A0045,2026-02-04 14:48:00,78.17,D_A0045,,0,1.3282021e-05,False,
T010436,A0084,2026-02-19 13:08:00,19.67,D_A0084,,0,1.3282021e-05,False,
T010510,A0250,2026-02-19 16:55:00,78.62,D_A0250,,0,1.3282021e-05,False,
T009411,A0223,2026-02-14 14:33:00,80.42,D_A0223,,0,1.3282021e-05,False,
T000993,A0052,2026-01-05 16:35:00,27.92,D_A0052,,0,1.3282021e-05,False,
T007264,A0084,2026-02-04 13:35:00,26.52,D_A0084,,0,1.3282021e-05,False,
T012333,A0354,2026-02-28 17:44:00,62.27,D_A0354,,0,1.3282021e-05,False,
T007717,A0181,2026-02-06 13:57:00,69.82,D_A0181,,0,1.3282021e-05,False,
T005428,A0490,2026-01-26 17:41:00,48.32,D_A0490,,0,1.3282021e-05,False,
T012244,A0124,2026-02-28 13:40:00,89.69,D_A0124,,0,1.3282021e-05,False,
T007783,A0029,2026-02-06 17:32:00,39.88,D_A0029,,0,1.3282021e-05,False,
T002883,A0416,2026-01-14 15:49:00,48.03,D_A0416,,0,1.3282021e-05,False,
T008027,A0354,2026-02-07 22:50:00,36.6,D_A0354,,0,1.3282021e-05,False,
T000935,A0223,2026-01-05 13:54:00,56.27,D_A0223,,0,1.3282021e-05,False,
T006402,A0029,2026-01-31 14:22:00,43.6,D_A0029,,0,1.3282021e-05,False,
T001393,A0074,2026-01-07 14:29:00,57.64,D_A0074,,0,1.3282021e-05,False,
T009632,A0304,2026-02-15 15:38:00,39.98,D_A0304,,0,1.3282021e-05,False,
T001669,A0030,2026-01-08 19:43:00,54.59,D_A0030,,0,1.3282021e-05,False,
T001254,A0490,2026-01-06 21:38:00,26.21,D_A0490,,0,1.3282021e-05,False,
T006230,A0342,2026-01-30 15:53:00,41.95,D_A0342,,0,1.3282021e-05,False,
T000562,A0296,2026-01-03 16:52:00,79.74,D_A0296,,0,1.3282021e-05,False,
T007515,A0447,2026-02-05 16:09:00,44.03,D_A0447,,0,1.3282021e-05,False,
T002483,A0223,2026-01-12 17:06:00,79.27,D_A0223,,0,1.3282021e-05,False,
T004359,A0157,2026-01-21 15:42:00,61.22,D_A0157,,0,1.3282021e-05,False,
T007798,A0475,2026-02-06 18:36:00,68.62,D_A0475,,0,1.3282021e-05,False,
T005575,A0030,2026-01-27 14:08:00,50.91,D_A0030,,0,1.3282021e-05,False,
T003617,A0384,2026-01-17 18:53:00,20.87,D_A0384,,0,1.3282021e-05,False,
T003621,A0030,2026-01-17 19:33:00,50.49,D_A0030,,0,1.3282021e-05,False,
T009130,A0133,2026-02-13 11:19:00,79.54,D_A0133,,0,1.3276462e-05,False,
T005298,A0356,2026-01-26 11:12:00,47.24,D_A0356,,0,1.3276462e-05,False,
T010846,A0331,2026-02-21 11:29:00,80.12,D_A0331,,0,1.3276462e-05,False,
T009616,A0344,2026-02-15 14:55:00,58.34,D_A0344,PAYEE_A0344,0,1.3274436e-05,False,
T010919,A0016,2026-02-21 15:32:00,197.57,D_FAM_12,,0,1.3272259e-05,False,
T006683,A0397,2026-02-01 17:48:00,222.45,D_A0397,,0,1.3265641e-05,False,
T010224,A0378,2026-02-18 12:08:00,36.08,D_A0378,,0,1.32603545e-05,False,
T005951,A0260,2026-01-29 12:50:00,90.5,D_A0260,,0,1.32603545e-05,False,
T003248,A0466,2026-01-16 12:46:00,71.28,D_A0466,,0,1.32603545e-05,False,
T010417,A0301,2026-02-19 12:21:00,24.74,D_A0301,,0,1.32603545e-05,False,
T003246,A0399,2026-01-16 12:25:00,36.26,D_A0399,,0,1.32603545e-05,False,
T004297,A0416,2026-01-21 12:28:00,44.4,D_A0416,,0,1.32603545e-05,False,
T006814,A0378,2026-02-02 12:11:00,27.21,D_A0378,,0,1.32603545e-05,False,
T009366,A0120,2026-02-14 12:29:00,19.0,D_A0120,,0,1.32603545e-05,False,
T008540,A0099,2026-02-10 12:14:00,16.94,D_A0099,,0,1.32603545e-05,False,
T000710,A0460,2026-01-04 12:47:00,40.9,D_A0460,,0,1.32603545e-05,False,
T008557,A0460,2026-02-10 12:57:00,18.26,D_A0460,,0,1.32603545e-05,False,
T005113,A0457,2026-01-25 12:43:00,56.88,D_A0457,,0,1.32603545e-05,False,
T005118,A0080,2026-01-25 12:55:00,11.62,D_A0080,,0,1.32603545e-05,False,
T010001,A0433,2026-02-17 12:21:00,18.11,D_A0433,,0,1.32603545e-05,False,
T003239,A0378,2026-01-16 12:02:00,37.22,D_A0378,,0,1.32603545e-05,False,
T005941,A0490,2026-01-29 12:15:00,20.25,D_A0490,,0,1.32603545e-05,False,
T001334,A0120,2026-01-07 12:07:00,26.45,D_A0120,,0,1.32603545e-05,False,
T008943,A0259,2026-02-12 12:06:00,33.53,D_A0259,,0,1.32603545e-05,False,
T012425,A0259,2026-03-01 12:24:00,21.13,D_A0259,,0,1.32603545e-05,False,
T006575,A0378,2026-02-01 12:03:00,26.21,D_A0378,,0,1.32603545e-05,False,
T001552,A0072,2026-01-08 12:27:00,8.68,D_A0072,,0,1.32603545e-05,False,
T002776,A0084,2026-01-14 10:48:00,33.18,D_A0084,,0,1.32500145e-05,False,
T006618,A0195,2026-02-01 13:56:00,12.85,D_FAM_11,,0,1.3248282e-05,False,
T003870,A0090,2026-01-19 08:52:00,30.28,D_A0090,,0,1.3245188e-05,False,
T009614,A0260,2026-02-15 14:50:00,60.89,D_A0260,,0,1.3245137e-05,False,
T008770,A0490,2026-02-11 13:30:00,13.13,D_A0490,,0,1.3245137e-05,False,
T008777,A0378,2026-02-11 13:54:00,24.01,D_A0378,,0,1.3245137e-05,False,
T010522,A0208,2026-02-19 17:50:00,63.68,D_A0208,,0,1.3245137e-05,False,
T000302,A0124,2026-01-02 13:30:00,42.87,D_A0124,,0,1.3245137e-05,False,
T012031,A0378,2026-02-27 13:02:00,32.44,D_A0378,,0,1.3245137e-05,False,
T006720,A0490,2026-02-01 20:30:00,19.22,D_A0490,,0,1.3245137e-05,False,
T011113,A0433,2026-02-22 14:29:00,12.19,D_A0433,,0,1.3245137e-05,False,
T009245,A0416,2026-02-13 17:11:00,23.23,D_A0416,,0,1.3245137e-05,False,
T002831,A0223,2026-01-14 13:41:00,81.13,D_A0223,,0,1.3245137e-05,False,
T010986,A0457,2026-02-21 20:52:00,50.84,D_A0457,,0,1.3245137e-05,False,
T006221,A0219,2026-01-30 15:27:00,25.97,D_A0219,,0,1.3245137e-05,False,
T007754,A0172,2026-02-06 15:51:00,36.43,D_A0172,,0,1.3245137e-05,False,
T008402,A0378,2026-02-09 15:51:00,26.52,D_A0378,,0,1.3245137e-05,False,
T002685,A0416,2026-01-13 17:07:00,17.73,D_A0416,,0,1.3245137e-05,False,
T008424,A0099,2026-02-09 17:41:00,30.31,D_A0099,,0,1.3245137e-05,False,
T007503,A0084,2026-02-05 15:34:00,3.57,D_A0084,,0,1.3245137e-05,False,
T008847,A0219,2026-02-11 18:58:00,27.5,D_A0219,,0,1.3245137e-05,False,
T007459,A0345,2026-02-05 13:10:00,19.66,D_A0345,,0,1.3245137e-05,False,
T008209,A0124,2026-02-08 17:03:00,31.7,D_A0124,,0,1.3245137e-05,False,
T001399,A0460,2026-01-07 14:47:00,17.25,D_A0460,,0,1.3245137e-05,False,
T001568,A0345,2026-01-08 13:05:00,19.77,D_A0345,,0,1.3245137e-05,False,
T008031,A0416,2026-02-07 23:51:00,35.18,D_A0416,,0,1.3245137e-05,False,
T001212,A0084,2026-01-06 17:17:00,8.28,D_A0084,,0,1.3245137e-05,False,
T012508,A0282,2026-03-01 17:01:00,33.18,D_A0282,,0,1.3245137e-05,False,
T009410,A0402,2026-02-14 14:33:00,19.14,D_A0402,,0,1.3245137e-05,False,
T009402,A0053,2026-02-14 14:16:00,85.48,D_A0053,,0,1.3245137e-05,False,
T007968,A0447,2026-02-07 16:34:00,18.2,D_A0447,,0,1.3245137e-05,False,
T002867,A0003,2026-01-14 14:53:00,87.54,D_A0003,,0,1.3245137e-05,False,
T002887,A0460,2026-01-14 16:01:00,25.77,D_A0460,,0,1.3245137e-05,False,
T007986,A0072,2026-02-07 17:38:00,8.31,D_A0072,,0,1.3245137e-05,False,
T002923,R004,2026-01-14 19:27:00,53.42,D_R004,,0,1.3245137e-05,False,
T011503,A0172,2026-02-24 14:44:00,30.42,D_A0172,,0,1.3245137e-05,False,
T011283,A0024,2026-02-23 13:03:00,76.87,D_A0024,,0,1.3245137e-05,False,
T003808,A0282,2026-01-18 17:28:00,29.63,D_A0282,,0,1.3245137e-05,False,
T004343,A0378,2026-01-21 15:05:00,32.09,D_A0378,,0,1.3245137e-05,False,
T008361,A0416,2026-02-09 13:47:00,59.86,D_A0416,,0,1.3245137e-05,False,
T011709,A0120,2026-02-25 15:33:00,33.83,D_A0120,,0,1.3245137e-05,False,
T001771,A0072,2026-01-09 13:38:00,11.65,D_A0072,,0,1.3245137e-05,False,
T006243,A0219,2026-01-30 16:40:00,20.67,D_A0219,,0,1.3245137e-05,False,
T008343,A0026,2026-02-09 13:03:00,11.84,D_A0026,,0,1.3245137e-05,False,
T007084,A0345,2026-02-03 15:07:00,21.79,D_A0345,,0,1.3245137e-05,False,
T001156,A0433,2026-01-06 14:31:00,14.44,D_A0433,,0,1.3245137e-05,False,
T004145,A0464,2026-01-20 14:24:00,49.81,D_A0464,,0,1.3245137e-05,False,
T009636,A0301,2026-02-15 15:50:00,71.16,D_A0301,,0,1.3245137e-05,False,
T003069,A0475,2026-01-15 14:30:00,94.34,D_A0475,,0,1.3245137e-05,False,
T008979,A0208,2026-02-12 13:39:00,47.61,D_A0208,,0,1.3245137e-05,False,
T003321,A0447,2026-01-16 16:10:00,24.72,D_A0447,,0,1.3245137e-05,False,
T002176,A0120,2026-01-11 13:10:00,36.64,D_A0120,,0,1.3245137e-05,False,
T002175,A0259,2026-01-11 13:09:00,21.26,D_A0259,,0,1.3245137e-05,False,
T001867,A0460,2026-01-09 20:29:00,34.81,D_A0460,,0,1.3245137e-05,False,
T007733,A0436,2026-02-06 14:52:00,22.26,D_A0436,,0,1.3245137e-05,False,
T003627,A0499,2026-01-17 19:56:00,92.15,D_A0499,,0,1.3245137e-05,False,
T009666,A0219,2026-02-15 17:32:00,16.92,D_A0219,,0,1.3245137e-05,False,
T007372,A0100,2026-02-04 20:53:00,25.06,D_A0100,,0,1.3245137e-05,False,
T011903,A0282,2026-02-26 15:41:00,40.0,D_A0282,,0,1.3245137e-05,False,
T012436,A0084,2026-03-01 13:28:00,11.1,D_A0084,,0,1.3245137e-05,False,
T001850,A0217,2026-01-09 18:32:00,55.03,D_A0217,,0,1.3245137e-05,False,
T002075,A0219,2026-01-10 21:43:00,22.03,D_A0219,,0,1.3245137e-05,False,
T011704,A0084,2026-02-25 15:26:00,9.03,D_A0084,,0,1.3245137e-05,False,
T002509,A0301,2026-01-12 19:01:00,12.9,D_A0301,,0,1.3245137e-05,False,
T000348,A0124,2026-01-02 16:27:00,35.97,D_A0124,,0,1.3245137e-05,False,
T003778,A0124,2026-01-18 16:00:00,46.07,D_A0124,,0,1.3245137e-05,False,
T005391,A0172,2026-01-26 15:28:00,22.46,D_A0172,,0,1.3245137e-05,False,
T012127,A0447,2026-02-27 21:33:00,21.59,D_A0447,,0,1.3245137e-05,False,
T009014,A0416,2026-02-12 15:34:00,60.06,D_A0416,,0,1.3245137e-05,False,
T007377,A0490,2026-02-04 23:50:00,35.9,D_A0490,,0,1.3245137e-05,False,
T003962,A0169,2026-01-19 14:46:00,6.01,D_A0169,,0,1.3245137e-05,False,
T002721,A0078,2026-01-13 21:45:00,40.04,D_A0078,,0,1.3245137e-05,False,
T001884,A0282,2026-01-09 22:42:00,28.5,D_A0282,,0,1.3245137e-05,False,
T012042,A0464,2026-02-27 13:31:00,55.29,D_A0464,,0,1.3245137e-05,False,
T006029,A0172,2026-01-29 17:14:00,16.51,D_A0172,,0,1.3245137e-05,False,
T012052,A0399,2026-02-27 14:06:00,83.33,D_A0399,,0,1.3245137e-05,False,
T011862,A0282,2026-02-26 13:44:00,42.83,D_A0282,,0,1.3245137e-05,False,
T009585,A0375,2026-02-15 13:22:00,47.04,D_A0375,,0,1.3245137e-05,False,
T010762,A0490,2026-02-20 18:38:00,50.31,D_A0490,,0,1.3245137e-05,False,
T010128,A0126,2026-02-17 19:43:00,76.42,D_A0126,,0,1.3245137e-05,False,
T007564,A0208,2026-02-05 18:48:00,60.65,D_A0208,,0,1.3245137e-05,False,
T004746,A0378,2026-01-23 14:03:00,24.88,D_A0378,,0,1.3245137e-05,False,
T011683,A0301,2026-02-25 14:13:00,22.17,D_A0301,,0,1.3245137e-05,False,
T009072,A0072,2026-02-12 20:40:00,8.06,D_A0072,,0,1.3245137e-05,False,
T005124,A0450,2026-01-25 13:10:00,18.14,D_A0450,,0,1.3245137e-05,False,
T005121,A0120,2026-01-25 13:02:00,10.8,D_A0120,,0,1.3245137e-05,False,
T008645,A0301,2026-02-10 18:22:00,86.69,D_A0301,,0,1.3245137e-05,False,
T007349,A0147,2026-02-04 18:31:00,100.61,D_A0147,,0,1.3245137e-05,False,
T009030,A0072,2026-02-12 16:52:00,12.43,D_A0072,,0,1.3245137e-05,False,
T002228,A0460,2026-01-11 15:31:00,19.62,D_A0460,,0,1.3245137e-05,False,
T011505,A0050,2026-02-24 14:48:00,66.97,D_A0050,,0,1.3245137e-05,False,
T009891,A0378,2026-02-16 18:03:00,23.83,D_A0378,,0,1.3245137e-05,False,
T012339,A0447,2026-02-28 18:20:00,26.85,D_A0447,,0,1.3245137e-05,False,
T011509,A0259,2026-02-24 14:56:00,17.67,D_A0259,,0,1.3245137e-05,False,
T007324,A0259,2026-02-04 16:59:00,22.69,D_A0259,,0,1.3245137e-05,False,
T004519,A0301,2026-01-22 13:28:00,25.24,D_A0301,,0,1.3245137e-05,False,
T007921,A0003,2026-02-07 14:12:00,39.45,D_A0003,,0,1.3245137e-05,False,
T011346,A0120,2026-02-23 17:11:00,18.54,D_A0120,,0,1.3245137e-05,False,
T012285,A0250,2026-02-28 15:41:00,93.11,D_A0250,,0,1.3245137e-05,False,
T008128,A0378,2026-02-08 13:40:00,30.79,D_A0378,,0,1.3245137e-05,False,
T011370,A0490,2026-02-23 21:46:00,14.28,D_A0490,,0,1.3245137e-05,False,
T010509,A0219,2026-02-19 16:52:00,20.41,D_A0219,,0,1.3245137e-05,False,
T005458,A0399,2026-01-26 22:01:00,48.67,D_A0399,,0,1.3245137e-05,False,
T010325,A0415,2026-02-18 18:04:00,17.11,D_A0415,,0,1.3245137e-05,False,
T001465,A0416,2026-01-07 20:52:00,62.89,D_A0416,,0,1.3245137e-05,False,
T009441,A0084,2026-02-14 16:02:00,3.93,D_A0084,,0,1.3245137e-05,False,
T009455,A0493,2026-02-14 16:50:00,69.4,D_A0493,,0,1.3245137e-05,False,
T006846,A0450,2026-02-02 14:00:00,14.71,D_A0450,,0,1.3245137e-05,False,
T002213,A0124,2026-01-11 14:44:00,32.29,D_A0124,,0,1.3245137e-05,False,
T003049,A0289,2026-01-15 13:26:00,24.68,D_A0289,,0,1.3245137e-05,False,
T012077,A0301,2026-02-27 15:28:00,22.16,D_A0301,,0,1.3245137e-05,False,
T002194,A0260,2026-01-11 13:47:00,58.44,D_A0260,,0,1.3245137e-05,False,
T010345,A0208,2026-02-18 21:14:00,65.73,D_A0208,,0,1.3245137e-05,False,
T006469,A0415,2026-01-31 17:48:00,12.4,D_A0415,,0,1.3245137e-05,False,
T010744,A0029,2026-02-20 17:14:00,11.64,D_A0029,,0,1.3245137e-05,False,
T011850,A0269,2026-02-26 13:20:00,111.65,D_A0269,,0,1.3238974e-05,False,
T000940,A0026,2026-01-05 14:06:00,103.61,D_A0026,,0,1.3237712e-05,False,
T007392,A0452,2026-02-05 09:20:00,56.92,D_A0452,,0,1.3236639e-05,False,
T001707,A0371,2026-01-09 09:25:00,48.5,D_A0371,,0,1.3236639e-05,False,
T003206,A0485,2026-01-16 09:59:00,59.71,D_A0485,,0,1.3236639e-05,False,
T012168,A0199,2026-02-28 09:37:00,51.75,D_A0199,,0,1.3236639e-05,False,
T008497,A0312,2026-02-10 09:54:00,75.13,D_A0312,,0,1.3236639e-05,False,
T006538,A0236,2026-02-01 09:20:00,45.79,D_A0236,,0,1.3236639e-05,False,
T011452,A0006,2026-02-24 12:07:00,103.63,D_FAM_7,,0,1.3234102e-05,False,
T002748,A0497,2026-01-14 09:17:00,82.13,D_A0497,,0,1.3231767e-05,False,
T002975,R000,2026-01-15 09:15:00,103.83,D_R000,,0,1.3228335e-05,False,
T011937,A0149,2026-02-26 17:20:00,232.08,D_A0149,,0,1.3226607e-05,False,
T003294,A0319,2026-01-16 14:58:00,229.81,D_A0319,,0,1.3226607e-05,False,
T003431,A0485,2026-01-17 08:33:00,56.15,D_A0485,,0,1.3199541e-05,False,
T005892,A0149,2026-01-29 08:43:00,29.36,D_A0149,,0,1.3199541e-05,False,
T010283,A0110,2026-02-18 15:01:00,157.01,D_FAM_11,,0,1.3198697e-05,False,
T011822,A0195,2026-02-26 12:02:00,15.49,D_FAM_11,,0,1.3193438e-05,False,
T009325,A0295,2026-02-14 09:42:00,41.12,D_A0295,,0,1.3186166e-05,False,
T001187,A0214,2026-01-06 15:48:00,51.69,D_A0214,,0,1.3174866e-05,False,
T010411,A0148,2026-02-19 12:09:00,150.64,D_A0148,,0,1.31618945e-05,False,
T008461,A0078,2026-02-09 21:42:00,71.67,D_A0078,,0,1.3148344e-05,False,
T002051,A0120,2026-01-10 17:54:00,93.18,D_A0120,,0,1.3148344e-05,False,
T002641,A0084,2026-01-13 14:28:00,35.06,D_A0084,,0,1.3148344e-05,False,
T006016,A0478,2026-01-29 16:36:00,93.67,D_A0478,,0,1.3148344e-05,False,
T003631,A0120,2026-01-17 20:52:00,82.26,D_A0120,,0,1.3148344e-05,False,
T011906,A0241,2026-02-26 15:47:00,51.06,D_A0241,,0,1.3148344e-05,False,
T005184,A0084,2026-01-25 17:03:00,31.94,D_A0084,,0,1.3148344e-05,False,
T007318,A0478,2026-02-04 16:34:00,89.43,D_A0478,,0,1.3148344e-05,False,
T011141,A0120,2026-02-22 15:52:00,73.36,D_A0120,,0,1.3148344e-05,False,
T004483,A0217,2026-01-22 12:08:00,224.03,D_A0217,,0,1.3138028e-05,False,
T003834,A0197,2026-01-18 20:37:00,66.23,D_A0197,,0,1.3135762e-05,False,
T000797,A0392,2026-01-04 17:14:00,69.9,D_A0392,,0,1.3135762e-05,False,
T001680,A0302,2026-01-08 23:00:00,19.97,D_A0302,,0,1.3134596e-05,False,
T004545,A0488,2026-01-22 14:46:00,63.23,D_A0488,,0,1.3134596e-05,False,
T011897,A0421,2026-02-26 15:29:00,145.13,D_A0421,,0,1.3133344e-05,False,
T003508,A0166,2026-01-17 13:36:00,106.33,D_A0166,,0,1.31313145e-05,False,
T005512,A0099,2026-01-27 11:03:00,81.53,D_A0099,,0,1.3127847e-05,False,
T002924,A0492,2026-01-14 19:28:00,118.44,D_A0492,,0,1.3123453e-05,False,
T009863,A0075,2026-02-16 16:13:00,109.62,D_A0075,,0,1.3123453e-05,False,
T000076,A0246,2026-01-01 12:28:00,22.88,D_A0246,,0,1.3102706e-05,False,
T007450,A0049,2026-02-05 12:52:00,110.6,D_FAM_8,,0,1.31026945e-05,False,
T004070,A0227,2026-01-20 09:12:00,80.22,D_A0227,,0,1.3089804e-05,False,
T000533,A0042,2026-01-03 15:27:00,91.97,D_A0042,,0,1.3087671e-05,False,
T004009,A0049,2026-01-19 16:39:00,107.19,D_FAM_8,,0,1.3087658e-05,False,
T010751,A0256,2026-02-20 17:45:00,105.84,D_A0256,,0,1.3081244e-05,False,
T009883,A0193,2026-02-16 17:24:00,111.12,D_A0193,,0,1.3073412e-05,False,
T004187,A0278,2026-01-20 16:39:00,110.71,D_A0278,,0,1.3073412e-05,False,
T009423,A0041,2026-02-14 14:54:00,74.57,D_FAM_6,,0,1.3069984e-05,False,
T007280,A0041,2026-02-04 14:35:00,90.67,D_FAM_6,,0,1.3069984e-05,False,
T008305,A0412,2026-02-09 11:01:00,105.7,D_A0412,,0,1.3066482e-05,False,
T002913,A0268,2026-01-14 18:28:00,67.0,D_A0268,PAYEE_A0268,0,1.3057065e-05,False,
T000659,A0202,2026-01-04 09:49:00,47.4,D_A0202,,0,1.3053455e-05,False,
T001908,A0253,2026-01-10 09:35:00,61.43,D_A0253,,0,1.3053455e-05,False,
T001289,A0076,2026-01-07 09:25:00,64.89,D_A0076,,0,1.3053455e-05,False,
T007070,A0014,2026-02-03 14:18:00,66.84,D_FAM_2,,0,1.3049422e-05,False,
T004104,A0139,2026-01-20 12:08:00,63.09,D_FAM_7,,0,1.3047095e-05,False,
T006195,A0272,2026-01-30 14:28:00,59.72,D_FAM_14,,0,1.3028606e-05,False,
T001635,A0163,2026-01-08 16:43:00,108.71,D_FAM_5,,0,1.3026382e-05,False,
T011058,A0280,2026-02-22 12:12:00,109.3,D_A0280,,0,1.3010056e-05,False,
T003473,A0155,2026-01-17 11:40:00,96.98,D_A0155,,0,1.2999465e-05,False,
T003907,A0063,2026-01-19 11:59:00,94.39,D_A0063,,0,1.2999465e-05,False,
T004539,A0112,2026-01-22 14:34:00,125.52,D_A0112,,0,1.2995361e-05,False,
T005995,A0200,2026-01-29 15:04:00,118.03,D_A0200,,0,1.2995127e-05,False,
T003891,A0073,2026-01-19 11:05:00,87.33,D_A0073,,0,1.2982232e-05,False,
T005308,A0292,2026-01-26 11:38:00,60.54,D_A0292,,0,1.2982232e-05,False,
T010390,A0300,2026-02-19 11:12:00,12.13,D_FAM_12,,0,1.29778e-05,False,
T000265,A0162,2026-01-02 12:04:00,62.0,D_A0162,,0,1.297457e-05,False,
T004139,A0211,2026-01-20 14:11:00,101.48,D_A0211,,0,1.2972653e-05,False,
T006686,A0074,2026-02-01 17:52:00,103.77,D_A0074,,0,1.2964206e-05,False,
T005833,A0049,2026-01-28 17:04:00,33.26,D_A0049,,0,1.2959681e-05,False,
T000290,A0224,2026-01-02 13:03:00,85.51,D_A0224,,0,1.2959681e-05,False,
T000353,A0239,2026-01-02 16:40:00,42.59,D_A0239,,0,1.2959681e-05,False,
T012189,A0309,2026-02-28 10:59:00,26.85,D_A0309,,0,1.295637e-05,False,
T001301,A0056,2026-01-07 10:21:00,41.1,D_A0056,,0,1.295637e-05,False,
T011421,A0388,2026-02-24 10:24:00,33.79,D_A0388,,0,1.295637e-05,False,
T008508,A0276,2026-02-10 10:33:00,36.45,D_A0276,,0,1.295637e-05,False,
T001303,A0160,2026-01-07 10:28:00,55.7,D_A0160,,0,1.295637e-05,False,
T007857,A0110,2026-02-07 10:15:00,87.38,D_A0110,,0,1.295637e-05,False,
T000463,A0239,2026-01-03 11:25:00,73.34,D_A0239,,0,1.2943094e-05,False,
T009161,A0141,2026-02-13 13:16:00,61.99,D_FAM_2,,0,1.2935566e-05,False,
T007947,A0141,2026-02-07 15:26:00,48.8,D_FAM_2,,0,1.2935566e-05,False,
T007806,A0141,2026-02-06 19:10:00,72.4,D_FAM_2,,0,1.2935566e-05,False,
T008420,A0432,2026-02-09 17:04:00,47.29,D_FAM_14,,0,1.2935566e-05,False,
T006156,A0136,2026-01-30 12:38:00,74.69,D_FAM_0,,0,1.2930719e-05,False,
T012539,A0408,2026-03-01 18:46:00,59.82,D_A0408,PAYEE_A0408,0,1.2927612e-05,False,
T012435,A0182,2026-03-01 13:27:00,131.36,D_A0182,,0,1.2927007e-05,False,
T010443,A0087,2026-02-19 13:35:00,219.13,D_A0087,,0,1.292527e-05,False,
T007122,A0049,2026-02-03 16:54:00,43.22,D_FAM_8,,0,1.2915882e-05,False,
T002231,A0148,2026-01-11 15:48:00,119.13,D_A0148,,0,1.29143045e-05,False,
T002911,A0439,2026-01-14 17:52:00,137.52,D_A0439,,0,1.2913787e-05,False,
T006708,A0285,2026-02-01 19:28:00,236.56,D_A0285,,0,1.2911152e-05,False,
T010918,A0217,2026-02-21 15:27:00,218.46,D_A0217,,0,1.290549e-05,False,
T003249,A0432,2026-01-16 12:47:00,69.13,D_FAM_14,,0,1.2901046e-05,False,
T002355,A0254,2026-01-12 10:49:00,54.34,D_A0254,,0,1.2896939e-05,False,
T002101,A0214,2026-01-11 08:31:00,31.13,D_A0214,,0,1.289224e-05,False,
T001671,A0432,2026-01-08 19:51:00,47.06,D_FAM_14,,0,1.2886242e-05,False,
T004895,A0329,2026-01-24 11:29:00,55.61,D_A0329,,0,1.2886046e-05,False,
T003683,A0270,2026-01-18 11:04:00,87.18,D_A0270,,0,1.2886046e-05,False,
T009351,A0432,2026-02-14 11:42:00,46.31,D_A0432,,0,1.2886046e-05,False,
T006136,A0042,2026-01-30 11:39:00,59.25,D_A0042,,0,1.2886046e-05,False,
T005739,A0405,2026-01-28 11:35:00,54.47,D_A0405,,0,1.2886046e-05,False,
T008727,A0226,2026-02-11 11:01:00,33.41,D_A0226,,0,1.2886046e-05,False,
T002580,A0204,2026-01-13 11:26:00,25.67,D_A0204,,0,1.2886046e-05,False,
T011438,A0412,2026-02-24 11:27:00,57.97,D_A0412,,0,1.2886046e-05,False,
T010401,A0046,2026-02-19 11:39:00,30.62,D_A0046,,0,1.2886046e-05,False,
T012404,A0270,2026-03-01 11:19:00,66.69,D_A0270,,0,1.2886046e-05,False,
T000896,A0246,2026-01-05 11:41:00,16.69,D_A0246,,0,1.2886046e-05,False,
T009562,A0042,2026-02-15 11:40:00,70.69,D_A0042,,0,1.2886046e-05,False,
T008525,A0329,2026-02-10 11:21:00,51.2,D_A0329,,0,1.2886046e-05,False,
T008523,A0415,2026-02-10 11:19:00,32.14,D_A0415,,0,1.2886046e-05,False,
T002144,A0246,2026-01-11 11:40:00,21.57,D_A0246,,0,1.2886046e-05,False,
T002794,A0405,2026-01-14 11:55:00,33.64,D_A0405,,0,1.2886046e-05,False,
T007021,A0415,2026-02-03 11:25:00,28.66,D_A0415,,0,1.2886046e-05,False,
T002364,A0270,2026-01-12 11:18:00,101.31,D_A0270,,0,1.2872769e-05,False,
T006157,A0490,2026-01-30 12:40:00,46.59,D_A0490,,0,1.2871725e-05,False,
T005943,A0084,2026-01-29 12:26:00,21.68,D_A0084,,0,1.2871725e-05,False,
T004725,A0478,2026-01-23 12:58:00,54.02,D_A0478,,0,1.2871725e-05,False,
T007676,A0391,2026-02-06 12:13:00,33.95,D_A0391,,0,1.2871725e-05,False,
T002593,A0304,2026-01-13 12:05:00,58.34,D_A0304,,0,1.2871725e-05,False,
T005745,A0029,2026-01-28 12:00:00,32.98,D_A0029,,0,1.2871725e-05,False,
T005549,A0050,2026-01-27 12:49:00,61.33,D_A0050,,0,1.2871725e-05,False,
T011839,A0342,2026-02-26 12:44:00,97.92,D_A0342,,0,1.2871725e-05,False,
T005933,A0300,2026-01-29 11:43:00,67.18,D_FAM_12,,0,1.2871038e-05,False,
T010460,A0342,2026-02-19 14:24:00,91.96,D_A0342,,0,1.2856954e-05,False,
T012493,A0241,2026-03-01 16:02:00,24.62,D_A0241,,0,1.2856954e-05,False,
T006599,A0223,2026-02-01 13:26:00,99.1,D_A0223,,0,1.2856954e-05,False,
T011183,A0030,2026-02-22 18:23:00,84.02,D_A0030,,0,1.2856954e-05,False,
T007160,A0375,2026-02-03 19:47:00,93.25,D_A0375,,0,1.2856954e-05,False,
T004029,A0025,2026-01-19 18:32:00,48.1,D_A0025,,0,1.2856954e-05,False,
T006687,A0490,2026-02-01 17:53:00,48.28,D_A0490,,0,1.2856954e-05,False,
T003792,A0084,2026-01-18 16:37:00,29.54,D_A0084,,0,1.2856954e-05,False,
T008444,A0354,2026-02-09 19:12:00,25.35,D_A0354,,0,1.2856954e-05,False,
T001829,A0078,2026-01-09 16:32:00,40.43,D_A0078,,0,1.2856954e-05,False,
T012239,A0460,2026-02-28 13:37:00,81.99,D_A0460,,0,1.2856954e-05,False,
T010313,A0447,2026-02-18 16:40:00,71.59,D_A0447,,0,1.2856954e-05,False,
T003155,A0078,2026-01-15 19:58:00,47.46,D_A0078,,0,1.2856954e-05,False,
T010047,A0045,2026-02-17 14:35:00,59.14,D_A0045,,0,1.2856954e-05,False,
T008431,A0342,2026-02-09 17:52:00,43.14,D_A0342,,0,1.2856954e-05,False,
T001863,A0078,2026-01-09 19:43:00,43.65,D_A0078,,0,1.2856954e-05,False,
T001006,A0157,2026-01-05 17:43:00,98.71,D_A0157,,0,1.2856954e-05,False,
T007769,A0074,2026-02-06 16:45:00,58.99,D_A0074,,0,1.2856954e-05,False,
T010990,A0030,2026-02-21 21:54:00,84.59,D_A0030,,0,1.2856954e-05,False,
T003295,A0157,2026-01-16 14:58:00,68.81,D_A0157,,0,1.2856954e-05,False,
T004549,A0447,2026-01-22 14:52:00,93.25,D_A0447,,0,1.2856954e-05,False,
T006197,A0074,2026-01-30 14:33:00,94.89,D_A0074,,0,1.2856954e-05,False,
T002189,A0072,2026-01-11 13:37:00,29.47,D_A0072,,0,1.2856954e-05,False,
T012092,A0030,2026-02-27 16:54:00,41.52,D_A0030,,0,1.2856954e-05,False,
T004156,A0196,2026-01-20 15:05:00,59.49,D_A0196,,0,1.2856954e-05,False,
T005364,A0157,2026-01-26 14:20:00,68.37,D_A0157,,0,1.2856954e-05,False,
T002423,A0029,2026-01-12 14:15:00,35.27,D_A0029,,0,1.2856954e-05,False,
T008345,A0241,2026-02-09 13:04:00,48.75,D_A0241,,0,1.2856954e-05,False,
T010908,A0241,2026-02-21 15:00:00,24.24,D_A0241,,0,1.2856954e-05,False,
T006178,A0045,2026-01-30 13:52:00,86.33,D_A0045,,0,1.2856954e-05,False,
T004332,A0157,2026-01-21 14:32:00,95.13,D_A0157,,0,1.2856954e-05,False,
T008842,A0301,2026-02-11 18:34:00,61.64,D_A0301,,0,1.2856954e-05,False,
T001218,A0157,2026-01-06 17:35:00,90.05,D_A0157,,0,1.2856954e-05,False,
T001670,A0478,2026-01-08 19:46:00,55.36,D_A0478,,0,1.2856954e-05,False,
T008672,A0416,2026-02-10 23:56:00,60.61,D_A0416,,0,1.2856954e-05,False,
T005830,A0342,2026-01-28 16:44:00,43.59,D_A0342,,0,1.2856954e-05,False,
T007492,A0478,2026-02-05 14:45:00,62.58,D_A0478,,0,1.2856954e-05,False,
T000756,A0342,2026-01-04 15:12:00,73.53,D_A0342,,0,1.2856954e-05,False,
T006649,A0250,2026-02-01 16:10:00,67.85,D_A0250,,0,1.2856954e-05,False,
T001365,A0304,2026-01-07 13:16:00,26.02,D_A0304,,0,1.2856954e-05,False,
T011572,A0466,2026-02-24 23:24:00,44.09,D_A0466,,0,1.2856954e-05,False,
T004592,A0030,2026-01-22 16:42:00,63.24,D_A0030,,0,1.2856954e-05,False,
T011916,A0223,2026-02-26 16:15:00,59.62,D_A0223,,0,1.2856954e-05,False,
T002274,A0084,2026-01-11 18:25:00,15.75,D_A0084,,0,1.2856954e-05,False,
T005218,A0078,2026-01-25 18:47:00,31.02,D_A0078,,0,1.2856954e-05,False,
T012505,A0030,2026-03-01 16:50:00,64.75,D_A0030,,0,1.2856954e-05,False,
T002929,A0223,2026-01-14 20:09:00,66.97,D_A0223,,0,1.2856954e-05,False,
T002861,A0460,2026-01-14 14:37:00,80.01,D_A0460,,0,1.2856954e-05,False,
T006615,A0050,2026-02-01 13:53:00,83.8,D_A0050,,0,1.2856954e-05,False,
T010327,A0030,2026-02-18 18:27:00,68.14,D_A0030,,0,1.2856954e-05,False,
T011219,A0268,2026-02-23 09:07:00,62.06,D_A0268,,0,1.2843975e-05,False,
T004687,A0479,2026-01-23 09:32:00,56.18,D_A0479,,0,1.2843975e-05,False,
T009736,A0409,2026-02-16 09:10:00,69.15,D_A0409,,0,1.2843975e-05,False,
T009318,A0180,2026-02-14 09:25:00,48.12,D_A0180,,0,1.2843975e-05,False,
T002981,A0065,2026-01-15 09:55:00,44.75,D_A0065,,0,1.2843975e-05,False,
T011598,A0311,2026-02-25 09:11:00,39.68,D_A0311,,0,1.2843975e-05,False,
T006326,A0306,2026-01-31 09:45:00,39.1,D_A0306,,0,1.2843975e-05,False,
T010845,A0240,2026-02-21 11:24:00,112.53,D_FAM_11,,0,1.28369475e-05,False,
T003002,A0482,2026-01-15 11:05:00,65.34,D_A0482,,0,1.283691e-05,False,
T004096,A0444,2026-01-20 11:31:00,82.49,D_A0444,,0,1.283691e-05,False,
T002588,A0239,2026-01-13 11:53:00,47.85,D_A0239,,0,1.283691e-05,False,
T000883,A0313,2026-01-05 10:25:00,25.63,D_A0313,,0,1.28364945e-05,False,
T009673,A0314,2026-02-15 18:32:00,108.59,D_FAM_10,,0,1.2829542e-05,False,
T000563,A0175,2026-01-03 16:53:00,179.96,D_A0175,,0,1.2827842e-05,False,
T001958,A0006,2026-01-10 12:44:00,45.29,D_FAM_7,,0,1.2823781e-05,False,
T010863,A0006,2026-02-21 12:45:00,61.31,D_FAM_7,,0,1.2823781e-05,False,
T004183,A0051,2026-01-20 16:20:00,107.84,D_A0051,,0,1.2815285e-05,False,
T010274,A0014,2026-02-18 14:47:00,34.63,D_FAM_2,,0,1.2809065e-05,False,
T010049,A0006,2026-02-17 14:46:00,70.04,D_FAM_7,,0,1.2809065e-05,False,
T006882,A0014,2026-02-02 15:45:00,37.8,D_FAM_2,,0,1.2809065e-05,False,
T007802,A0014,2026-02-06 18:53:00,43.41,D_FAM_2,,0,1.2809065e-05,False,
T005719,A0298,2026-01-28 09:54:00,28.14,D_A0298,,0,1.28083075e-05,False,
T005265,A0054,2026-01-26 09:09:00,10.54,D_A0054,,0,1.28083075e-05,False,
T002332,A0167,2026-01-12 09:25:00,32.09,D_A0167,,0,1.28083075e-05,False,
T010806,A0476,2026-02-21 09:06:00,49.84,D_A0476,,0,1.28083075e-05,False,
T004068,A0347,2026-01-20 09:00:00,19.7,D_A0347,,0,1.28083075e-05,False,
T003436,A0271,2026-01-17 09:15:00,25.87,D_A0271,,0,1.28083075e-05,False,
T001494,A0497,2026-01-08 09:05:00,44.54,D_A0497,,0,1.28083075e-05,False,
T002107,R005,2026-01-11 09:10:00,26.72,D_R005,,0,1.28083075e-05,False,
T001904,A0122,2026-01-10 09:26:00,31.37,D_A0122,,0,1.28083075e-05,False,
T005060,A0054,2026-01-25 09:19:00,7.07,D_A0054,,0,1.28083075e-05,False,
T011221,A0313,2026-02-23 09:28:00,12.34,D_A0313,,0,1.28083075e-05,False,
T004073,A0111,2026-01-20 09:25:00,19.6,D_A0111,,0,1.28083075e-05,False,
T002751,A0251,2026-01-14 09:24:00,5.55,D_A0251,,0,1.28083075e-05,False,
T007852,A0080,2026-02-07 09:46:00,26.64,D_A0080,,0,1.28083075e-05,False,
T004683,A0313,2026-01-23 09:02:00,13.98,D_A0313,,0,1.28083075e-05,False,
T001291,A0439,2026-01-07 09:29:00,12.64,D_A0439,,0,1.28083075e-05,False,
T006540,A0227,2026-02-01 09:25:00,73.87,D_A0227,,0,1.2799712e-05,False,
T007850,A0192,2026-02-07 09:46:00,58.16,D_A0192,,0,1.2799712e-05,False,
T003198,A0038,2026-01-16 09:22:00,40.1,D_A0038,,0,1.2799712e-05,False,
T006775,A0393,2026-02-02 09:40:00,70.05,D_A0393,,0,1.2799712e-05,False,
T007849,A0039,2026-02-07 09:45:00,27.98,D_A0039,,0,1.2799712e-05,False,
T011759,A0064,2026-02-25 20:01:00,81.62,D_A0064,,0,1.2797978e-05,False,
T012048,A0025,2026-02-27 13:56:00,76.93,D_A0025,,0,1.2797978e-05,False,
T003149,A0079,2026-01-15 19:03:00,94.77,D_A0079,,0,1.2797978e-05,False,
T005376,A0041,2026-01-26 14:52:00,34.07,D_FAM_6,,0,1.2789571e-05,False,
T003026,A0014,2026-01-15 12:06:00,48.35,D_FAM_2,,0,1.27748835e-05,False,
T010497,A0397,2026-02-19 16:16:00,207.32,D_A0397,,0,1.2765262e-05,False,
T002113,A0425,2026-01-11 09:35:00,11.25,D_A0425,,0,1.2764166e-05,False,
T000868,A0448,2026-01-05 09:27:00,33.91,D_A0448,,0,1.2764166e-05,False,
T011990,A0037,2026-02-27 09:02:00,30.98,D_A0037,,0,1.2764166e-05,False,
T010370,A0277,2026-02-19 09:02:00,30.28,D_A0277,,0,1.2764166e-05,False,
T004447,A0140,2026-01-22 09:38:00,53.96,D_A0140,,0,1.2764166e-05,False,
T009526,A0039,2026-02-15 09:00:00,14.29,D_A0039,,0,1.2764166e-05,False,
T004684,A0060,2026-01-23 09:03:00,89.35,D_A0060,,0,1.2764166e-05,False,
T002757,A0274,2026-01-14 09:40:00,36.87,D_A0274,,0,1.2764166e-05,False,
T002756,A0164,2026-01-14 09:37:00,26.87,D_A0164,,0,1.2764166e-05,False,
T009539,A0315,2026-02-15 09:51:00,15.61,D_A0315,,0,1.2764166e-05,False,
T003442,A0119,2026-01-17 09:35:00,25.59,D_A0119,,0,1.2764166e-05,False,
T001902,A0062,2026-01-10 09:18:00,29.41,D_A0062,,0,1.2764166e-05,False,
T001709,A0171,2026-01-09 09:46:00,8.02,D_A0171,,0,1.2764166e-05,False,
T007213,A0323,2026-02-04 09:59:00,15.51,D_A0323,,0,1.2764166e-05,False,
T002330,A0230,2026-01-12 09:20:00,13.52,D_A0230,,0,1.2764166e-05,False,
T011225,A0062,2026-02-23 09:57:00,33.18,D_A0062,,0,1.2764166e-05,False,
T011224,A0164,2026-02-23 09:57:00,24.61,D_A0164,,0,1.2764166e-05,False,
T004258,A0116,2026-01-21 09:43:00,19.29,D_A0116,,0,1.2764166e-05,False,
T006545,A0341,2026-02-01 09:54:00,46.79,D_A0341,,0,1.2764166e-05,False,
T001169,A0014,2026-01-06 15:05:00,40.61,D_FAM_2,,0,1.27602225e-05,False,
T004993,A0006,2026-01-24 17:10:00,68.18,D_FAM_7,,0,1.27602225e-05,False,
T004470,A0328,2026-01-22 11:26:00,80.88,D_A0328,,0,1.2760028e-05,False,
T010852,A0247,2026-02-21 11:41:00,37.63,D_A0247,,0,1.2760028e-05,False,
T000680,A0162,2026-01-04 11:47:00,74.35,D_A0162,,0,1.2760028e-05,False,
T007663,A0499,2026-02-06 11:39:00,52.16,D_A0499,,0,1.2760028e-05,False,
T002363,A0232,2026-01-12 11:15:00,33.19,D_A0232,,0,1.2760028e-05,False,
T009777,A0247,2026-02-16 11:47:00,65.24,D_A0247,,0,1.2760028e-05,False,
T010220,A0327,2026-02-18 11:50:00,32.59,D_A0327,,0,1.2760028e-05,False,
T009979,A0232,2026-02-17 11:18:00,34.03,D_A0232,,0,1.2760028e-05,False,
T010393,A0418,2026-02-19 11:16:00,44.2,D_A0418,,0,1.2760028e-05,False,
T011516,A0287,2026-02-24 15:23:00,53.82,D_FAM_13,,0,1.2756549e-05,False,
T007723,A0287,2026-02-06 14:08:00,50.4,D_FAM_13,,0,1.2756549e-05,False,
T004805,A0126,2026-01-23 17:58:00,210.23,D_A0126,,0,1.2756342e-05,False,
T012408,A0343,2026-03-01 11:30:00,36.99,D_A0343,,0,1.27431e-05,False,
T004710,A0454,2026-01-23 11:34:00,38.49,D_A0454,,0,1.27431e-05,False,
T004275,A0218,2026-01-21 11:20:00,40.93,D_A0218,,0,1.27431e-05,False,
T011846,A0140,2026-02-26 13:10:00,252.64,D_A0140,,0,1.274225e-05,False,
T009237,A0148,2026-02-13 16:43:00,155.24,D_A0148,,0,1.272605e-05,False,
T008178,A0217,2026-02-08 15:31:00,208.43,D_A0217,,0,1.2720917e-05,False,
T000077,A0357,2026-01-01 12:29:00,89.28,D_A0357,,0,1.2718697e-05,False,
T011257,A0155,2026-02-23 11:58:00,86.26,D_A0155,,0,1.27113735e-05,False,
T012018,A0343,2026-02-27 11:59:00,35.55,D_A0343,,0,1.2707713e-05,False,
T000162,A0364,2026-01-01 18:16:00,75.61,D_A0364,,0,1.2704102e-05,False,
T001660,A0474,2026-01-08 18:29:00,116.89,D_A0474,,0,1.2690262e-05,False,
T010547,A0368,2026-02-19 20:17:00,103.84,D_A0368,,0,1.2686062e-05,False,
T011238,A0428,2026-02-23 11:05:00,84.42,D_A0428,,0,1.2685495e-05,False,
T010473,A0299,2026-02-19 15:01:00,146.79,D_A0299,,0,1.2678238e-05,False,
T004224,A0231,2026-01-20 20:25:00,111.81,D_A0231,,0,1.2671408e-05,False,
T007846,A0107,2026-02-07 09:07:00,63.25,D_A0107,,0,1.2670888e-05,False,
T000291,A0415,2026-01-02 13:06:00,18.64,D_A0415,,0,1.2668822e-05,False,
T000188,A0099,2026-01-01 21:06:00,17.44,D_A0099,,0,1.2668822e-05,False,
T011342,A0484,2026-02-23 16:55:00,63.74,D_A0484,,0,1.266689e-05,False,
T002920,A0101,2026-01-14 19:06:00,112.13,D_A0101,,0,1.265502e-05,False,
T010542,A0101,2026-02-19 19:27:00,112.85,D_A0101,,0,1.265502e-05,False,
T000499,A0270,2026-01-03 13:51:00,117.6,D_A0270,,0,1.265502e-05,False,
T011482,A0442,2026-02-24 13:51:00,109.81,D_A0442,,0,1.265502e-05,False,
T006605,A0277,2026-02-01 13:35:00,161.4,D_A0277,,0,1.2649048e-05,False,
T002623,A0246,2026-01-13 13:15:00,44.2,D_A0246,,0,1.2647081e-05,False,
T006039,A0186,2026-01-29 18:03:00,34.93,D_A0186,,0,1.2647081e-05,False,
T009962,A0163,2026-02-17 10:08:00,50.21,D_FAM_5,,0,1.2641982e-05,False,
T008908,A0240,2026-02-12 10:31:00,41.2,D_FAM_11,,0,1.2641982e-05,False,
T003152,A0448,2026-01-15 19:45:00,146.08,D_A0448,,0,1.26226705e-05,False,
T008730,A0330,2026-02-11 11:14:00,57.27,D_A0330,,0,1.2618482e-05,False,
T003661,A0320,2026-01-18 09:28:00,73.37,D_FAM_4,,0,1.2595373e-05,False,
T008950,A0347,2026-02-12 12:18:00,194.12,D_A0347,,0,1.2589885e-05,False,
T000132,A0232,2026-01-01 15:26:00,45.73,D_A0232,,0,1.2579863e-05,False,
T001445,A0291,2026-01-07 17:44:00,50.29,D_A0291,,0,1.2579863e-05,False,
T003534,A0213,2026-01-17 14:38:00,114.54,D_A0213,,0,1.2566171e-05,False,
T007485,A0358,2026-02-05 14:32:00,144.06,D_A0358,,0,1.2565093e-05,False,
T000078,A0184,2026-01-01 12:31:00,15.13,D_A0184,,0,1.25593415e-05,False,
T000270,R008,2026-01-02 12:15:00,20.01,D_R008,,0,1.25593415e-05,False,
T010414,A0131,2026-02-19 12:14:00,100.75,D_A0131,,0,1.2545659e-05,False,
T000330,A0453,2026-01-02 15:06:00,26.88,D_A0453,,0,1.2544929e-05,False,
T000294,A0269,2026-01-02 13:10:00,22.57,D_A0269,,0,1.2544929e-05,False,
T000105,A0233,2026-01-01 14:03:00,41.98,D_A0233,,0,1.2544929e-05,False,
T001132,A0248,2026-01-06 13:15:00,9.74,D_A0248,,0,1.2544929e-05,False,
T001021,A0063,2026-01-05 19:08:00,64.64,D_A0063,,0,1.2544929e-05,False,
T000568,A0247,2026-01-03 17:01:00,22.97,D_A0247,,0,1.2544929e-05,False,
T000328,A0493,2026-01-02 15:04:00,64.33,D_A0493,,0,1.2544929e-05,False,
T004105,A0364,2026-01-20 12:10:00,121.84,D_A0364,,0,1.2538805e-05,False,
T011456,A0288,2026-02-24 12:20:00,69.25,D_A0288,,0,1.253779e-05,False,
T008323,A0066,2026-02-09 12:17:00,57.6,D_A0066,,0,1.2536892e-05,False,
T010628,A0010,2026-02-20 12:05:00,12.54,D_A0010,,0,1.2536892e-05,False,
T006590,A0201,2026-02-01 12:46:00,27.21,D_A0201,,0,1.2536892e-05,False,
T008158,A0284,2026-02-08 15:01:00,116.67,D_A0284,,0,1.25312745e-05,False,
T005839,A0233,2026-01-28 17:28:00,117.92,D_A0233,,0,1.25312745e-05,False,
T004031,A0284,2026-01-19 20:03:00,119.03,D_A0284,,0,1.25312745e-05,False,
T000799,A0122,2026-01-04 17:19:00,75.39,D_A0122,,0,1.2531262e-05,False,
T006022,A0132,2026-01-29 16:48:00,170.24,D_A0132,,0,1.2528848e-05,False,
T001735,A0260,2026-01-09 12:01:00,88.61,D_A0260,,0,1.2528729e-05,False,
T004002,A0412,2026-01-19 16:08:00,124.04,D_A0412,,0,1.2524417e-05,False,
T005571,A0318,2026-01-27 13:53:00,19.22,D_A0318,,0,1.2522506e-05,False,
T001418,A0117,2026-01-07 15:39:00,56.96,D_A0117,,0,1.2522506e-05,False,
T008467,A0187,2026-02-09 23:19:00,20.13,D_A0187,,0,1.2522506e-05,False,
T009467,A0438,2026-02-14 17:43:00,65.44,D_A0438,,0,1.2522506e-05,False,
T003594,A0318,2026-01-17 17:23:00,15.17,D_A0318,,0,1.2522506e-05,False,
T004550,A0094,2026-01-22 14:52:00,18.14,D_A0094,,0,1.2522506e-05,False,
T004994,A0407,2026-01-24 17:12:00,54.87,D_A0407,,0,1.2522506e-05,False,
T002622,A0359,2026-01-13 13:13:00,26.87,D_A0359,,0,1.2522506e-05,False,
T008021,A0197,2026-02-07 21:51:00,37.69,D_A0197,,0,1.2522506e-05,False,
T011101,A0392,2026-02-22 14:00:00,34.73,D_A0392,,0,1.2522506e-05,False,
T004945,A0229,2026-01-24 14:10:00,49.99,D_A0229,,0,1.2522506e-05,False,
T002391,A0352,2026-01-12 13:04:00,9.63,D_A0352,,0,1.2522506e-05,False,
T006210,A0349,2026-01-30 14:57:00,70.78,D_A0349,,0,1.2522506e-05,False,
T006455,A0383,2026-01-31 17:06:00,37.47,D_A0383,,0,1.2522506e-05,False,
T009886,A0146,2026-02-16 17:35:00,19.52,D_A0146,,0,1.2522506e-05,False,
T008429,A0229,2026-02-09 17:48:00,83.87,D_A0229,,0,1.2522506e-05,False,
T004548,A0197,2026-01-22 14:52:00,33.95,D_A0197,,0,1.2522506e-05,False,
T007048,A0197,2026-02-03 13:04:00,58.87,D_A0197,,0,1.2522506e-05,False,
T010730,A0117,2026-02-20 16:09:00,44.67,D_A0117,,0,1.2522506e-05,False,
T006885,A0352,2026-02-02 15:49:00,11.9,D_A0352,,0,1.2522506e-05,False,
T004807,A0007,2026-01-23 18:04:00,24.24,D_A0007,,0,1.2522506e-05,False,
T010733,A0349,2026-02-20 16:28:00,52.71,D_A0349,,0,1.2522506e-05,False,
T006082,A0117,2026-01-29 23:44:00,61.66,D_A0117,,0,1.2522506e-05,False,
T004321,A0359,2026-01-21 13:55:00,23.86,D_A0359,,0,1.2522506e-05,False,
T012277,A0133,2026-02-28 15:14:00,24.77,D_A0133,,0,1.2522506e-05,False,
T008406,A0318,2026-02-09 16:08:00,21.29,D_A0318,,0,1.2522506e-05,False,
T011351,A0242,2026-02-23 17:31:00,68.07,D_A0242,,0,1.2522506e-05,False,
T006180,A0094,2026-01-30 13:54:00,18.36,D_A0094,,0,1.2522506e-05,False,
T012273,A0066,2026-02-28 15:09:00,63.82,D_A0066,,0,1.2522506e-05,False,
T012059,A0326,2026-02-27 14:32:00,57.87,D_A0326,,0,1.2522506e-05,False,
T007170,A0007,2026-02-03 21:18:00,15.28,D_A0007,,0,1.2522506e-05,False,
T003735,A0007,2026-01-18 13:28:00,14.24,D_A0007,,0,1.2522506e-05,False,
T005623,A0007,2026-01-27 16:12:00,15.22,D_A0007,,0,1.2522506e-05,False,
T005635,A0352,2026-01-27 16:55:00,9.25,D_A0352,,0,1.2522506e-05,False,
T001588,A0066,2026-01-08 13:58:00,71.25,D_A0066,,0,1.2522506e-05,False,
T012570,A0438,2026-03-01 23:10:00,88.88,D_A0438,,0,1.2522506e-05,False,
T006680,A0326,2026-02-01 17:42:00,42.92,D_A0326,,0,1.2522506e-05,False,
T012106,A0318,2026-02-27 17:53:00,21.66,D_A0318,,0,1.2522506e-05,False,
T004958,A0211,2026-01-24 14:55:00,76.44,D_A0211,,0,1.2522506e-05,False,
T009012,A0229,2026-02-12 15:29:00,44.12,D_A0229,,0,1.2522506e-05,False,
T003144,A0318,2026-01-15 18:52:00,19.8,D_A0318,,0,1.2522506e-05,False,
T006489,A0447,2026-01-31 19:12:00,96.47,D_A0447,,0,1.2514352e-05,False,
T012085,A0342,2026-02-27 16:11:00,95.14,D_A0342,,0,1.2514352e-05,False,
T001878,A0342,2026-01-09 21:51:00,96.45,D_A0342,,0,1.2514352e-05,False,
T001777,A0245,2026-01-09 13:57:00,94.79,D_A0245,,0,1.2514352e-05,False,
T004942,A0003,2026-01-24 14:01:00,84.78,D_A0003,,0,1.2514352e-05,False,
T001765,A0287,2026-01-09 13:29:00,47.97,D_FAM_13,,0,1.2508576e-05,False,
T009613,A0054,2026-02-15 14:48:00,103.4,D_A0054,,0,1.24955095e-05,False,
T008744,A0296,2026-02-11 12:13:00,159.36,D_A0296,,0,1.2493008e-05,False,
T011448,A0195,2026-02-24 12:02:00,11.81,D_FAM_11,,0,1.2488172e-05,False,
T010005,A0432,2026-02-17 12:39:00,28.64,D_FAM_14,,0,1.2488172e-05,False,
T007445,A0141,2026-02-05 12:39:00,17.54,D_FAM_2,,0,1.2488172e-05,False,
T000473,A0015,2026-01-03 12:01:00,9.34,D_FAM_14,,0,1.2488172e-05,False,
T007991,A0055,2026-02-07 17:48:00,25.57,D_A0055,,0,1.24834805e-05,False,
T006175,A0368,2026-01-30 13:28:00,106.36,D_A0368,,0,1.2480527e-05,False,
T003211,A0063,2026-01-16 10:07:00,105.81,D_A0063,,0,1.2475911e-05,False,
T011942,A0195,2026-02-26 17:46:00,3.86,D_FAM_11,,0,1.247384e-05,False,
T012349,A0141,2026-02-28 20:53:00,30.25,D_FAM_2,,0,1.247384e-05,False,
T000401,A0141,2026-01-02 23:09:00,30.57,D_FAM_2,,0,1.247384e-05,False,
T006171,A0015,2026-01-30 13:20:00,19.54,D_FAM_14,,0,1.247384e-05,False,
T007970,A0015,2026-02-07 16:42:00,33.23,D_FAM_14,,0,1.247384e-05,False,
T011188,A0195,2026-02-22 18:57:00,6.73,D_FAM_11,,0,1.247384e-05,False,
T010305,A0195,2026-02-18 16:29:00,4.03,D_FAM_11,,0,1.247384e-05,False,
T005629,A0432,2026-01-27 16:31:00,18.77,D_FAM_14,,0,1.247384e-05,False,
T012488,A0195,2026-03-01 15:40:00,9.88,D_FAM_11,,0,1.247384e-05,False,
T003067,A0195,2026-01-15 14:23:00,6.46,D_FAM_11,,0,1.247384e-05,False,
T005223,A0432,2026-01-25 19:44:00,65.37,D_FAM_14,,0,1.247384e-05,False,
T007064,A0432,2026-02-03 14:03:00,44.77,D_FAM_14,,0,1.247384e-05,False,
T004722,A0275,2026-01-23 12:32:00,133.49,D_FAM_5,,0,1.2472259e-05,False,
T011636,A0343,2026-02-25 11:23:00,17.65,D_A0343,,0,1.246069e-05,False,
T006143,A0374,2026-01-30 11:57:00,66.18,D_A0374,,0,1.246069e-05,False,
T009355,A0482,2026-02-14 11:47:00,52.64,D_A0482,,0,1.246069e-05,False,
T009127,A0204,2026-02-13 11:11:00,34.49,D_A0204,,0,1.246069e-05,False,
T002783,A0364,2026-01-14 11:05:00,60.17,D_A0364,,0,1.246069e-05,False,
T002581,A0071,2026-01-13 11:28:00,78.78,D_A0071,,0,1.246069e-05,False,
T011824,A0462,2026-02-26 12:06:00,108.61,D_A0462,,0,1.2453991e-05,False,
T002611,R008,2026-01-13 12:47:00,107.08,D_R008,,0,1.2453991e-05,False,
T008561,A0271,2026-02-10 13:02:00,108.8,D_A0271,,0,1.2453336e-05,False,
T005213,A0474,2026-01-25 18:21:00,188.62,D_A0474,,0,1.2448421e-05,False,
T008798,A0147,2026-02-11 14:51:00,155.12,D_A0147,,0,1.2444018e-05,False,
T001171,A0233,2026-01-06 15:08:00,114.33,D_A0233,,0,1.2439699e-05,False,
T004690,A0347,2026-01-23 09:45:00,88.39,D_A0347,,0,1.2432926e-05,False,
T002976,A0439,2026-01-15 09:29:00,27.96,D_A0439,,0,1.2432926e-05,False,
T006312,A0090,2026-01-31 09:14:00,45.91,D_A0090,,0,1.2432926e-05,False,
T001070,A0268,2026-01-06 09:26:00,54.61,D_A0268,,0,1.2432926e-05,False,
T005489,A0090,2026-01-27 09:01:00,59.37,D_A0090,,0,1.2432926e-05,False,
T009328,A0070,2026-02-14 09:50:00,80.36,D_A0070,,0,1.2432926e-05,False,
T007667,A0338,2026-02-06 11:51:00,52.36,D_A0338,,0,1.2426087e-05,False,
T003690,A0344,2026-01-18 11:39:00,47.61,D_A0344,,0,1.2426087e-05,False,
T004092,A0174,2026-01-20 11:21:00,14.06,D_A0174,,0,1.2426087e-05,False,
T008524,A0002,2026-02-10 11:20:00,22.27,D_A0002,,0,1.2426087e-05,False,
T003004,A0174,2026-01-15 11:13:00,16.03,D_A0174,,0,1.2426087e-05,False,
T006808,A0338,2026-02-02 11:53:00,29.9,D_A0338,,0,1.2426087e-05,False,
T002369,A0488,2026-01-12 11:42:00,34.86,D_A0488,,0,1.2426087e-05,False,
T007419,A0302,2026-02-05 11:20:00,7.96,D_A0302,,0,1.2426087e-05,False,
T007231,A0115,2026-02-04 11:20:00,35.4,D_A0115,,0,1.2426087e-05,False,
T009353,A0115,2026-02-14 11:46:00,20.61,D_A0115,,0,1.2426087e-05,False,
T010616,A0343,2026-02-20 11:40:00,24.15,D_A0343,,0,1.2426087e-05,False,
T005523,A0338,2026-01-27 11:22:00,14.05,D_A0338,,0,1.2426087e-05,False,
T005313,A0343,2026-01-26 11:46:00,25.55,D_A0343,,0,1.2426087e-05,False,
T009780,A0344,2026-02-16 11:59:00,93.13,D_A0344,,0,1.2426087e-05,False,
T006348,A0143,2026-01-31 11:09:00,11.54,D_A0143,,0,1.2426087e-05,False,
T002717,A0175,2026-01-13 20:18:00,102.51,D_FAM_7,,0,1.242085e-05,False,
T007440,A0014,2026-02-05 12:31:00,39.28,D_FAM_2,,0,1.2400481e-05,False,
T011133,A0231,2026-02-22 15:24:00,113.3,D_A0231,,0,1.2390587e-05,False,
T008063,A0144,2026-02-08 09:58:00,36.01,D_A0144,,0,1.2390079e-05,False,
T000431,A0038,2026-01-03 09:12:00,49.21,D_A0038,,0,1.2390079e-05,False,
T011596,A0039,2026-02-25 09:02:00,52.07,D_A0039,,0,1.2390079e-05,False,
T004076,A0312,2026-01-20 09:33:00,97.42,D_A0312,,0,1.2390079e-05,False,
T007631,A0142,2026-02-06 09:33:00,50.63,D_A0142,,0,1.2390079e-05,False,
T005707,A0038,2026-01-28 09:01:00,32.57,D_A0038,,0,1.2390079e-05,False,
T000880,A0351,2026-01-05 10:16:00,14.32,D_A0351,,0,1.2381291e-05,False,
T008721,A0182,2026-02-11 10:48:00,51.47,D_A0182,,0,1.2381291e-05,False,
T000033,A0122,2026-01-01 10:33:00,26.13,D_A0122,,0,1.2381291e-05,False,
T007677,A0385,2026-02-06 12:17:00,13.63,D_A0385,,0,1.2381008e-05,False,
T002597,A0186,2026-01-13 12:15:00,13.49,D_A0186,,0,1.2381008e-05,False,
T011844,A0328,2026-02-26 12:59:00,70.73,D_A0328,,0,1.2381008e-05,False,
T010635,A0186,2026-02-20 12:12:00,19.14,D_A0186,,0,1.2381008e-05,False,
T004723,A0328,2026-01-23 12:38:00,90.57,D_A0328,,0,1.2381008e-05,False,
T000027,A0452,2026-01-01 10:06:00,59.63,D_A0452,,0,1.23729815e-05,False,
T007790,A0119,2026-02-06 18:08:00,225.76,D_A0119,,0,1.2372828e-05,False,
T008303,A0154,2026-02-09 10:58:00,109.19,D_A0154,,0,1.2372792e-05,False,
T012415,A0271,2026-03-01 11:45:00,115.79,D_A0271,,0,1.2371931e-05,False,
T002019,A0001,2026-01-10 16:00:00,51.7,D_A0001,,0,1.23668e-05,False,
T009481,A0125,2026-02-14 18:57:00,23.17,D_A0125,,0,1.23668e-05,False,
T012519,A0249,2026-03-01 17:29:00,28.16,D_A0249,,0,1.23668e-05,False,
T007983,A0488,2026-02-07 17:32:00,64.21,D_A0488,,0,1.23668e-05,False,
T007692,A0001,2026-02-06 13:02:00,60.86,D_A0001,,0,1.23668e-05,False,
T007963,A0357,2026-02-07 15:56:00,44.05,D_A0357,,0,1.23668e-05,False,
T004417,A0021,2026-01-21 21:46:00,23.59,D_A0021,,0,1.23668e-05,False,
T010895,A0021,2026-02-21 14:10:00,24.11,D_A0021,,0,1.23668e-05,False,
T000522,A0211,2026-01-03 15:02:00,22.5,D_A0211,,0,1.23668e-05,False,
T012112,A0001,2026-02-27 18:38:00,59.1,D_A0001,,0,1.23668e-05,False,
T010993,A0249,2026-02-21 23:11:00,19.07,D_A0249,,0,1.23668e-05,False,
T001647,A0278,2026-01-08 17:19:00,74.29,D_A0278,,0,1.23668e-05,False,
T005642,A0385,2026-01-27 17:10:00,17.21,D_A0385,,0,1.23668e-05,False,
T004320,A0249,2026-01-21 13:53:00,11.27,D_A0249,,0,1.23668e-05,False,
T005205,A0385,2026-01-25 17:48:00,22.97,D_A0385,,0,1.23668e-05,False,
T006388,A0186,2026-01-31 13:38:00,21.15,D_A0186,,0,1.23668e-05,False,
T011124,A0218,2026-02-22 14:46:00,21.78,D_A0218,,0,1.23668e-05,False,
T000942,A0125,2026-01-05 14:09:00,23.83,D_A0125,,0,1.23668e-05,False,
T008018,A0209,2026-02-07 20:50:00,24.1,D_A0209,,0,1.23668e-05,False,
T003557,A0021,2026-01-17 15:51:00,30.71,D_A0021,,0,1.23668e-05,False,
T002939,A0186,2026-01-14 22:33:00,19.3,D_A0186,,0,1.23668e-05,False,
T006432,A0125,2026-01-31 15:48:00,38.09,D_A0125,,0,1.23668e-05,False,
T004796,A0100,2026-01-23 17:02:00,32.07,D_A0100,,0,1.23668e-05,False,
T006731,A0001,2026-02-01 22:46:00,60.0,D_A0001,,0,1.23668e-05,False,
T006845,A0408,2026-02-02 13:57:00,34.72,D_A0408,,0,1.23668e-05,False,
T010665,A0249,2026-02-20 13:06:00,22.13,D_A0249,,0,1.23668e-05,False,
T006838,A0071,2026-02-02 13:28:00,44.63,D_A0071,,0,1.23668e-05,False,
T001256,A0125,2026-01-06 23:13:00,30.23,D_A0125,,0,1.23668e-05,False,
T008360,A0209,2026-02-09 13:45:00,24.17,D_A0209,,0,1.23668e-05,False,
T006901,A0001,2026-02-02 16:48:00,72.17,D_A0001,,0,1.23668e-05,False,
T011511,A0021,2026-02-24 15:06:00,38.23,D_A0021,,0,1.23668e-05,False,
T001646,A0371,2026-01-08 17:17:00,39.44,D_A0371,,0,1.23668e-05,False,
T001843,A0357,2026-01-09 17:44:00,44.83,D_A0357,,0,1.23668e-05,False,
T009401,A0384,2026-02-14 14:03:00,53.41,D_A0384,,0,1.23668e-05,False,
T010250,A0125,2026-02-18 13:23:00,39.47,D_A0125,,0,1.23668e-05,False,
T011517,A0302,2026-02-24 15:23:00,13.23,D_A0302,,0,1.23668e-05,False,
T001592,A0021,2026-01-08 14:06:00,24.44,D_A0021,,0,1.23668e-05,False,
T011159,A0302,2026-02-22 16:51:00,16.28,D_A0302,,0,1.23668e-05,False,
T010544,A0125,2026-02-19 19:51:00,34.62,D_A0125,,0,1.23668e-05,False,
T005568,A0021,2026-01-27 13:50:00,15.16,D_A0021,,0,1.23668e-05,False,
T005579,A0423,2026-01-27 14:12:00,20.26,D_A0423,,0,1.23668e-05,False,
T005591,A0125,2026-01-27 15:01:00,38.91,D_A0125,,0,1.23668e-05,False,
T004745,A0071,2026-01-23 14:00:00,62.87,D_A0071,,0,1.23668e-05,False,
T012291,A0186,2026-02-28 15:51:00,27.01,D_A0186,,0,1.23668e-05,False,
T009827,A0071,2026-02-16 14:20:00,42.49,D_A0071,,0,1.23668e-05,False,
T005545,A0006,2026-01-27 12:27:00,48.79,D_FAM_7,,0,1.2366045e-05,False,
T000917,A0083,2026-01-05 12:41:00,200.03,D_A0083,,0,1.2357557e-05,False,
T001974,A0396,2026-01-10 13:30:00,34.15,D_FAM_3,,0,1.2351854e-05,False,
T001630,A0396,2026-01-08 16:23:00,36.23,D_FAM_3,,0,1.2351854e-05,False,
T005958,A0396,2026-01-29 13:03:00,19.76,D_FAM_3,,0,1.2351854e-05,False,
T011762,A0006,2026-02-25 20:31:00,36.77,D_FAM_7,,0,1.2351854e-05,False,
T002863,A0006,2026-01-14 14:44:00,27.55,D_FAM_7,,0,1.2351854e-05,False,
T011179,A0006,2026-02-22 18:02:00,36.03,D_FAM_7,,0,1.2351854e-05,False,
T005446,A0006,2026-01-26 19:09:00,22.78,D_FAM_7,,0,1.2351854e-05,False,
T000689,A0249,2026-01-04 12:16:00,13.76,D_A0249,,0,1.23454e-05,False,
T000279,A0086,2026-01-02 12:43:00,88.31,D_A0086,,0,1.23454e-05,False,
T002579,A0483,2026-01-13 11:23:00,36.66,D_A0483,,0,1.2338834e-05,False,
T003231,A0220,2026-01-16 11:19:00,55.64,D_A0220,,0,1.2338834e-05,False,
T005930,A0330,2026-01-29 11:24:00,47.86,D_A0330,,0,1.2338834e-05,False,
T006138,A0063,2026-01-30 11:41:00,63.0,D_A0063,,0,1.2338834e-05,False,
T011243,A0063,2026-02-23 11:14:00,50.86,D_A0063,,0,1.2338834e-05,False,
T005306,A0178,2026-01-26 11:32:00,25.6,D_A0178,,0,1.2338834e-05,False,
T000437,A0340,2026-01-03 10:02:00,52.71,D_A0340,,0,1.2338621e-05,False,
T006582,A0034,2026-02-01 12:22:00,9.16,D_FAM_10,,0,1.233675e-05,False,
T010006,A0286,2026-02-17 12:40:00,24.94,D_FAM_10,,0,1.233675e-05,False,
T007448,A0034,2026-02-05 12:48:00,13.09,D_FAM_10,,0,1.233675e-05,False,
T000730,A0101,2026-01-04 13:43:00,60.32,D_A0101,,0,1.2331234e-05,False,
T000299,A0226,2026-01-02 13:22:00,44.37,D_A0226,,0,1.2331234e-05,False,
T012558,A0034,2026-03-01 21:22:00,14.98,D_FAM_10,,0,1.2322593e-05,False,
T012329,A0034,2026-02-28 17:34:00,10.66,D_FAM_10,,0,1.2322593e-05,False,
T012484,A0333,2026-03-01 15:18:00,87.82,D_FAM_9,,0,1.2322593e-05,False,
T002431,A0333,2026-01-12 14:31:00,67.72,D_FAM_9,,0,1.2322593e-05,False,
T002290,A0034,2026-01-11 20:06:00,14.71,D_FAM_10,,0,1.2322593e-05,False,
T004900,A0145,2026-01-24 11:37:00,17.7,D_A0145,,0,1.23045675e-05,False,
T011251,A0453,2026-02-23 11:32:00,26.65,D_A0453,,0,1.23045675e-05,False,
T001314,A0370,2026-01-07 11:04:00,67.34,D_A0370,,0,1.23045675e-05,False,
T000895,A0224,2026-01-05 11:36:00,11.67,D_A0224,,0,1.23045675e-05,False,
T012412,A0493,2026-03-01 11:39:00,49.31,D_A0493,,0,1.23045675e-05,False,
T005311,A0213,2026-01-26 11:43:00,33.39,D_A0213,,0,1.23045675e-05,False,
T005526,A0339,2026-01-27 11:44:00,99.8,D_A0339,,0,1.23045675e-05,False,
T004272,A0386,2026-01-21 11:03:00,11.0,D_A0386,,0,1.23045675e-05,False,
T009765,A0108,2026-02-16 11:26:00,32.92,D_A0108,,0,1.23045675e-05,False,
T008735,A0453,2026-02-11 11:29:00,33.81,D_A0453,,0,1.23045675e-05,False,
T011237,A0386,2026-02-23 11:02:00,14.61,D_A0386,,0,1.23045675e-05,False,
T006130,A0224,2026-01-30 11:11:00,17.37,D_A0224,,0,1.23045675e-05,False,
T010855,A0418,2026-02-21 11:57:00,72.84,D_A0418,,0,1.23045675e-05,False,
T002139,A0330,2026-01-11 11:26:00,36.87,D_A0330,,0,1.23045675e-05,False,
T007421,A0269,2026-02-05 11:27:00,36.75,D_A0269,,0,1.23045675e-05,False,
T004894,A0394,2026-01-24 11:27:00,35.55,D_A0394,,0,1.23045675e-05,False,
T010405,A0269,2026-02-19 11:48:00,42.16,D_A0269,,0,1.23045675e-05,False,
T011052,A0233,2026-02-22 11:58:00,50.25,D_A0233,,0,1.23045675e-05,False,
T012013,A0224,2026-02-27 11:33:00,17.84,D_A0224,,0,1.23045675e-05,False,
T003465,A0368,2026-01-17 11:17:00,51.76,D_A0368,,0,1.23045675e-05,False,
T003470,A0233,2026-01-17 11:29:00,63.69,D_A0233,,0,1.23045675e-05,False,
T005865,A0393,2026-01-28 21:31:00,88.38,D_A0393,,0,1.22956535e-05,False,
T008556,A0303,2026-02-10 12:56:00,34.54,D_FAM_4,,0,1.2289709e-05,False,
T006696,A0355,2026-02-01 18:23:00,109.65,D_A0355,,0,1.2284132e-05,False,
T006620,A0329,2026-02-01 14:03:00,109.64,D_A0329,,0,1.2284132e-05,False,
T009835,A0246,2026-02-16 14:44:00,118.74,D_A0246,,0,1.2284132e-05,False,
T011497,A0364,2026-02-24 14:28:00,114.02,D_A0364,,0,1.2284132e-05,False,
T005679,A0353,2026-01-27 20:44:00,108.79,D_A0353,,0,1.2284132e-05,False,
T002042,A0016,2026-01-10 17:14:00,187.26,D_FAM_12,,0,1.2272166e-05,False,
T009149,A0461,2026-02-13 12:23:00,125.74,D_FAM_0,,0,1.2268713e-05,False,
T006730,A0429,2026-02-01 22:08:00,208.01,D_A0429,,0,1.2265601e-05,False,
T011048,A0272,2026-02-22 11:49:00,39.18,D_FAM_14,,0,1.2262466e-05,False,
T006369,A0241,2026-01-31 12:46:00,17.62,D_A0241,,0,1.22599295e-05,False,
T009568,A0204,2026-02-15 12:29:00,19.32,D_A0204,,0,1.22599295e-05,False,
T001351,A0134,2026-01-07 12:53:00,53.96,D_A0134,,0,1.22599295e-05,False,
T010012,A0176,2026-02-17 12:50:00,29.47,D_A0176,,0,1.22599295e-05,False,
T001557,A0462,2026-01-08 12:36:00,22.38,D_A0462,,0,1.22599295e-05,False,
T001565,A0257,2026-01-08 12:59:00,22.62,D_A0257,,0,1.22599295e-05,False,
T004504,A0239,2026-01-22 12:57:00,24.34,D_A0239,,0,1.22599295e-05,False,
T011263,A0239,2026-02-23 12:22:00,23.91,D_A0239,,0,1.22599295e-05,False,
T001561,A0199,2026-01-08 12:50:00,40.23,D_A0199,,0,1.22599295e-05,False,
T010867,A0040,2026-02-21 12:56:00,18.27,D_A0040,,0,1.22599295e-05,False,
T010861,A0280,2026-02-21 12:39:00,64.24,D_A0280,,0,1.22599295e-05,False,
T010003,A0423,2026-02-17 12:25:00,16.31,D_A0423,,0,1.22599295e-05,False,
T012023,A0400,2026-02-27 12:20:00,84.05,D_A0400,,0,1.22599295e-05,False,
T011279,A0428,2026-02-23 12:54:00,57.18,D_A0428,,0,1.22599295e-05,False,
T004107,A0418,2026-01-20 12:15:00,38.18,D_A0418,,0,1.22599295e-05,False,
T008751,A0428,2026-02-11 12:29:00,43.76,D_A0428,,0,1.22599295e-05,False,
T010632,A0005,2026-02-20 12:09:00,41.28,D_A0005,,0,1.22599295e-05,False,
T005938,A0184,2026-01-29 12:08:00,24.39,D_A0184,,0,1.22599295e-05,False,
T012043,A0198,2026-02-27 13:33:00,37.92,D_A0198,,0,1.22458605e-05,False,
T009224,A0220,2026-02-13 16:05:00,18.9,D_A0220,,0,1.22458605e-05,False,
T007508,A0213,2026-02-05 15:49:00,63.83,D_A0213,,0,1.22458605e-05,False,
T008763,A0423,2026-02-11 13:02:00,13.22,D_A0423,,0,1.22458605e-05,False,
T000541,A0445,2026-01-03 15:42:00,60.68,D_A0445,,0,1.22458605e-05,False,
T011734,A0213,2026-02-25 17:46:00,69.27,D_A0213,,0,1.22458605e-05,False,
T006487,A0198,2026-01-31 18:58:00,19.38,D_A0198,,0,1.22458605e-05,False,
T010674,A0462,2026-02-20 13:30:00,27.72,D_A0462,,0,1.22458605e-05,False,
T010784,A0428,2026-02-20 23:40:00,44.57,D_A0428,,0,1.22458605e-05,False,
T001213,A0445,2026-01-06 17:22:00,57.7,D_A0445,,0,1.22458605e-05,False,
T003279,A0257,2026-01-16 14:16:00,23.36,D_A0257,,0,1.22458605e-05,False,
T009165,A0047,2026-02-13 13:19:00,12.7,D_A0047,,0,1.22458605e-05,False,
T002295,A0074,2026-01-11 21:04:00,51.49,D_A0074,,0,1.22458605e-05,False,
T007909,A0288,2026-02-07 13:27:00,11.15,D_A0288,,0,1.22458605e-05,False,
T002065,A0257,2026-01-10 18:59:00,27.32,D_A0257,,0,1.22458605e-05,False,
T001237,A0427,2026-01-06 19:02:00,22.52,D_A0427,,0,1.22458605e-05,False,
T009289,A0288,2026-02-13 23:49:00,38.95,D_A0288,,0,1.22458605e-05,False,
T003608,A0280,2026-01-17 18:03:00,42.86,D_A0280,,0,1.22458605e-05,False,
T003113,A0327,2026-01-15 16:42:00,49.97,D_A0327,,0,1.22458605e-05,False,
T005355,A0196,2026-01-26 13:43:00,52.61,D_A0196,,0,1.22458605e-05,False,
T007735,A0288,2026-02-06 14:56:00,21.65,D_A0288,,0,1.22458605e-05,False,
T006940,A0423,2026-02-02 20:14:00,29.51,D_A0423,,0,1.22458605e-05,False,
T011178,A0363,2026-02-22 18:00:00,50.07,D_A0363,,0,1.22458605e-05,False,
T010543,A0196,2026-02-19 19:49:00,92.86,D_A0196,,0,1.22458605e-05,False,
T005390,A0389,2026-01-26 15:27:00,41.39,D_A0389,,0,1.22458605e-05,False,
T010483,A0184,2026-02-19 15:34:00,28.82,D_A0184,,0,1.22458605e-05,False,
T010491,A0462,2026-02-19 15:50:00,20.39,D_A0462,,0,1.22458605e-05,False,
T006385,A0008,2026-01-31 13:30:00,25.21,D_A0008,,0,1.22458605e-05,False,
T012091,A0155,2026-02-27 16:49:00,42.87,D_A0155,,0,1.22458605e-05,False,
T007988,A0196,2026-02-07 17:44:00,69.48,D_A0196,,0,1.22458605e-05,False,
T005461,A0418,2026-01-26 23:14:00,63.17,D_A0418,,0,1.22458605e-05,False,
T004554,A0162,2026-01-22 14:59:00,55.15,D_A0162,,0,1.22458605e-05,False,
T010280,A0423,2026-02-18 14:57:00,20.74,D_A0423,,0,1.22458605e-05,False,
T001868,A0134,2026-01-09 20:30:00,55.23,D_A0134,,0,1.22458605e-05,False,
T012514,A0472,2026-03-01 17:10:00,91.96,D_A0472,,0,1.22458605e-05,False,
T010992,A0196,2026-02-21 23:01:00,45.24,D_A0196,,0,1.22458605e-05,False,
T003523,A0435,2026-01-17 14:07:00,41.89,D_A0435,,0,1.22458605e-05,False,
T003629,A0257,2026-01-17 20:10:00,32.98,D_A0257,,0,1.22458605e-05,False,
T006626,A0247,2026-02-01 14:41:00,57.49,D_A0247,,0,1.22458605e-05,False,
T010110,A0327,2026-02-17 17:27:00,39.64,D_A0327,,0,1.22458605e-05,False,
T004990,A0018,2026-01-24 16:48:00,93.83,D_A0018,,0,1.22458605e-05,False,
T007099,A0196,2026-02-03 15:55:00,82.12,D_A0196,,0,1.22458605e-05,False,
T011137,A0012,2026-02-22 15:37:00,62.54,D_A0012,,0,1.22458605e-05,False,
T011156,A0348,2026-02-22 16:33:00,32.91,D_A0348,,0,1.22458605e-05,False,
T002625,A0155,2026-01-13 13:22:00,28.74,D_A0155,,0,1.22458605e-05,False,
T011754,A0196,2026-02-25 19:47:00,73.01,D_A0196,,0,1.22458605e-05,False,
T003634,A0162,2026-01-17 23:22:00,35.66,D_A0162,,0,1.22458605e-05,False,
T006648,A0134,2026-02-01 15:59:00,63.44,D_A0134,,0,1.22458605e-05,False,
T002824,A0423,2026-01-14 13:22:00,22.87,D_A0423,,0,1.22458605e-05,False,
T009032,A0497,2026-02-12 16:56:00,52.48,D_A0497,,0,1.22458605e-05,False,
T009042,A0280,2026-02-12 17:51:00,68.74,D_A0280,,0,1.22458605e-05,False,
T004185,A0246,2026-01-20 16:38:00,36.51,D_A0246,,0,1.22458605e-05,False,
T005625,A0373,2026-01-27 16:14:00,18.47,D_A0373,,0,1.22458605e-05,False,
T010914,A0162,2026-02-21 15:10:00,62.35,D_A0162,,0,1.22458605e-05,False,
T008599,A0288,2026-02-10 15:16:00,38.56,D_A0288,,0,1.22458605e-05,False,
T009825,A0049,2026-02-16 14:05:00,36.11,D_A0049,,0,1.22458605e-05,False,
T004017,A0348,2026-01-19 17:12:00,60.65,D_A0348,,0,1.22458605e-05,False,
T000832,A0154,2026-01-04 23:01:00,146.79,D_A0154,,0,1.2244459e-05,False,
T010135,A0136,2026-02-17 20:22:00,130.06,D_FAM_0,,0,1.2233592e-05,False,
T000094,A0013,2026-01-01 13:27:00,108.95,D_A0013,,0,1.2231399e-05,False,
T001869,A0116,2026-01-09 20:30:00,141.15,D_A0116,,0,1.2230268e-05,False,
T009989,A0103,2026-02-17 11:45:00,61.9,D_A0103,,0,1.2228588e-05,False,
T007973,A0166,2026-02-07 16:50:00,102.79,D_A0166,,0,1.2222863e-05,False,
T000190,A0176,2026-01-01 21:41:00,21.27,D_A0176,,0,1.2210642e-05,False,
T000523,A0339,2026-01-03 15:04:00,52.35,D_A0339,,0,1.2210642e-05,False,
T002010,A0006,2026-01-10 15:24:00,58.58,D_A0006,,0,1.2210642e-05,False,
T003949,A0171,2026-01-19 14:18:00,126.16,D_A0171,,0,1.2204378e-05,False,
T009337,A0275,2026-02-14 10:08:00,13.67,D_FAM_5,,0,1.2190734e-05,False,
T008084,A0149,2026-02-08 11:18:00,182.54,D_A0149,,0,1.2188386e-05,False,
T000092,A0059,2026-01-01 13:19:00,182.49,D_A0059,,0,1.2184389e-05,False,
T011271,A0033,2026-02-23 12:42:00,119.29,D_A0033,,0,1.2177988e-05,False,
T001238,A0330,2026-01-06 19:03:00,95.3,D_A0330,,0,1.2177266e-05,False,
T000556,A0435,2026-01-03 16:23:00,55.64,D_A0435,,0,1.2177266e-05,False,
T000165,A0418,2026-01-01 18:29:00,62.42,D_A0418,,0,1.2177266e-05,False,
T001185,A0427,2026-01-06 15:42:00,39.44,D_A0427,,0,1.2177266e-05,False,
T007716,A0233,2026-02-06 13:55:00,121.73,D_A0233,,0,1.2164012e-05,False,
T003065,A0368,2026-01-15 14:15:00,109.5,D_A0368,,0,1.2164012e-05,False,
T003297,A0498,2026-01-16 15:07:00,114.63,D_A0498,,0,1.2164012e-05,False,
T003524,A0348,2026-01-17 14:08:00,111.87,D_A0348,,0,1.2164012e-05,False,
T008608,A0087,2026-02-10 15:44:00,174.45,D_A0087,,0,1.2162713e-05,False,
T002068,A0054,2026-01-10 19:33:00,97.07,D_A0054,,0,1.2156428e-05,False,
T009903,A0303,2026-02-16 19:26:00,52.14,D_FAM_4,,0,1.2152058e-05,False,
T007648,A0237,2026-02-06 10:50:00,14.05,D_FAM_3,,0,1.2148722e-05,False,
T002679,R007,2026-01-13 16:47:00,141.38,D_R007,,0,1.2131181e-05,False,
T011494,A0146,2026-02-24 14:27:00,41.22,D_A0146,,0,1.2117618e-05,False,
T006024,A0044,2026-01-29 16:52:00,68.45,D_A0044,,0,1.2117618e-05,False,
T005208,A0197,2026-01-25 17:59:00,72.46,D_A0197,,0,1.2117618e-05,False,
T008113,A0446,2026-02-08 12:35:00,223.66,D_A0446,,0,1.2112523e-05,False,
T011929,A0040,2026-02-26 16:51:00,116.34,D_A0040,,0,1.2108215e-05,False,
T001883,A0284,2026-01-09 22:41:00,120.04,D_A0284,,0,1.2108215e-05,False,
T007248,A0319,2026-02-04 12:33:00,188.55,D_A0319,,0,1.210511e-05,False,
T008330,A0330,2026-02-09 12:41:00,68.91,D_A0330,,0,1.209785e-05,False,
T007552,A0365,2026-02-05 17:47:00,101.42,D_A0365,,0,1.2087275e-05,False,
T002360,A0007,2026-01-12 10:54:00,21.59,D_A0007,,0,1.2086122e-05,False,
T003458,A0167,2026-01-17 10:39:00,47.4,D_A0167,,0,1.2086122e-05,False,
T010381,A0299,2026-02-19 10:17:00,20.11,D_A0299,,0,1.2086122e-05,False,
T008300,A0012,2026-02-09 10:33:00,62.4,D_A0012,,0,1.2086122e-05,False,
T004450,A0361,2026-01-22 10:04:00,75.52,D_A0361,,0,1.2086122e-05,False,
T011233,A0198,2026-02-23 10:35:00,25.93,D_A0198,,0,1.2086122e-05,False,
T007491,A0173,2026-02-05 14:44:00,94.39,D_A0173,,0,1.2083968e-05,False,
T004776,A0098,2026-01-23 15:39:00,16.36,D_A0098,,0,1.2083968e-05,False,
T006824,A0131,2026-02-02 12:41:00,95.52,D_A0131,,0,1.2080004e-05,False,
T010642,A0289,2026-02-20 12:26:00,64.89,D_A0289,,0,1.2080004e-05,False,
T007509,A0119,2026-02-05 15:52:00,233.18,D_A0119,,0,1.2076019e-05,False,
T000468,A0455,2026-01-03 11:37:00,90.67,D_A0455,,0,1.2070273e-05,False,
T008438,A0197,2026-02-09 18:37:00,63.51,D_A0197,,0,1.20661425e-05,False,
T007800,A0131,2026-02-06 18:42:00,84.7,D_A0131,,0,1.20661425e-05,False,
T011087,A0131,2026-02-22 13:31:00,96.37,D_A0131,,0,1.20661425e-05,False,
T000574,A0106,2026-01-03 17:22:00,77.39,D_A0106,,0,1.20661425e-05,False,
T003528,A0004,2026-01-17 14:21:00,92.04,D_A0004,,0,1.2061919e-05,False,
T001806,A0004,2026-01-09 15:29:00,89.0,D_A0004,,0,1.2061919e-05,False,
T007424,A0143,2026-02-05 11:40:00,62.8,D_A0143,,0,1.2061908e-05,False,
T005531,A0204,2026-01-27 11:49:00,34.74,D_A0204,,0,1.2061908e-05,False,
T009779,A0204,2026-02-16 11:54:00,39.71,D_A0204,,0,1.2061908e-05,False,
T003237,A0338,2026-01-16 11:52:00,46.92,D_A0338,,0,1.2061908e-05,False,
T006564,A0170,2026-02-01 11:18:00,48.83,D_A0170,,0,1.2061908e-05,False,
T008080,A0292,2026-02-08 11:08:00,25.84,D_A0292,,0,1.2061908e-05,False,
T000039,A0236,2026-01-01 10:59:00,55.48,D_A0236,,0,1.2051364e-05,False,
T008531,A0361,2026-02-10 11:38:00,172.33,D_A0361,,0,1.2048606e-05,False,
T006113,A0079,2026-01-30 10:02:00,34.53,D_A0079,,0,1.2044471e-05,False,
T011424,A0335,2026-02-24 10:36:00,42.76,D_A0335,,0,1.2044471e-05,False,
T008916,A0149,2026-02-12 10:52:00,67.08,D_A0149,,0,1.2044471e-05,False,
T007451,A0484,2026-02-05 12:55:00,55.67,D_A0484,,0,1.2033942e-05,False,
T000691,A0173,2026-01-04 12:22:00,54.2,D_A0173,,0,1.2033942e-05,False,
T007545,A0185,2026-02-05 17:35:00,203.53,D_A0185,,0,1.20287095e-05,False,
T006847,A0126,2026-02-02 14:01:00,197.43,D_A0126,,0,1.20287095e-05,False,
T008013,A0173,2026-02-07 19:53:00,96.88,D_A0173,,0,1.2020133e-05,False,
T007263,A0161,2026-02-04 13:34:00,93.03,D_A0161,,0,1.2020133e-05,False,
T007327,A0359,2026-02-04 17:05:00,67.99,D_A0359,,0,1.2020133e-05,False,
T010437,A0073,2026-02-19 13:15:00,81.3,D_A0073,,0,1.2020133e-05,False,
T006592,A0217,2026-02-01 13:02:00,206.87,D_A0217,,0,1.2019054e-05,False,
T000038,A0069,2026-01-01 10:59:00,90.91,D_A0069,,0,1.2018425e-05,False,
T001076,A0189,2026-01-06 10:09:00,28.61,D_A0189,,0,1.2018425e-05,False,
T000227,A0288,2026-01-02 10:07:00,43.96,D_A0288,,0,1.2009831e-05,False,
T011447,A0343,2026-02-24 11:59:00,40.72,D_A0343,,0,1.2006579e-05,False,
T003900,A0214,2026-01-19 11:34:00,29.3,D_A0214,,0,1.2006579e-05,False,
T008519,A0250,2026-02-10 11:12:00,109.07,D_A0250,,0,1.1997045e-05,False,
T002279,A0014,2026-01-11 18:38:00,54.09,D_FAM_2,,0,1.19898505e-05,False,
T001201,A0014,2026-01-06 16:43:00,42.1,D_FAM_2,,0,1.19898505e-05,False,
T003777,A0014,2026-01-18 15:56:00,50.0,D_FAM_2,,0,1.19898505e-05,False,
T001423,A0381,2026-01-07 16:04:00,188.58,D_A0381,,0,1.1986374e-05,False,
T000487,A0093,2026-01-03 12:44:00,114.66,D_A0093,,0,1.1970531e-05,False,
T001668,A0343,2026-01-08 19:24:00,67.6,D_A0343,,0,1.1969834e-05,False,
T000099,A0138,2026-01-01 13:51:00,99.58,D_A0138,,0,1.1969834e-05,False,
T001667,A0169,2026-01-08 19:24:00,59.65,D_A0169,,0,1.1968008e-05,False,
T006619,A0044,2026-02-01 13:57:00,80.24,D_A0044,,0,1.1968008e-05,False,
T005794,A0258,2026-01-28 15:03:00,106.14,D_A0258,,0,1.1963957e-05,False,
T007328,A0340,2026-02-04 17:09:00,133.74,D_A0340,,0,1.1956304e-05,False,
T002785,A0281,2026-01-14 11:20:00,19.75,D_A0281,,0,1.194395e-05,False,
T012198,A0386,2026-02-28 11:15:00,31.06,D_A0386,,0,1.194395e-05,False,
T008090,A0262,2026-02-08 11:30:00,99.73,D_A0262,,0,1.194395e-05,False,
T008094,A0386,2026-02-08 11:49:00,38.54,D_A0386,,0,1.194395e-05,False,
T006132,A0372,2026-01-30 11:15:00,33.41,D_A0372,,0,1.194395e-05,False,
T011244,A0056,2026-02-23 11:15:00,95.63,D_A0056,,0,1.194395e-05,False,
T003227,A0257,2026-01-16 11:02:00,77.85,D_A0257,,0,1.194395e-05,False,
T010842,A0372,2026-02-21 11:12:00,87.76,D_A0372,,0,1.194395e-05,False,
T002136,A0244,2026-01-11 11:06:00,69.78,D_A0244,,0,1.194395e-05,False,
T012413,A0239,2026-03-01 11:41:00,45.34,D_A0239,,0,1.194395e-05,False,
T009140,A0281,2026-02-13 11:59:00,52.71,D_A0281,,0,1.194395e-05,False,
T000461,A0262,2026-01-03 11:16:00,84.24,D_A0262,,0,1.194395e-05,False,
T002432,A0319,2026-01-12 14:32:00,170.12,D_A0319,,0,1.1931484e-05,False,
T010396,A0112,2026-02-19 11:24:00,127.47,D_A0112,,0,1.1919724e-05,False,
T009043,A0163,2026-02-12 17:51:00,115.43,D_A0163,,0,1.1918849e-05,False,
T001798,A0180,2026-01-09 15:05:00,135.12,D_A0180,,0,1.191553e-05,False,
T005321,A0125,2026-01-26 12:02:00,61.14,D_A0125,,0,1.1892984e-05,False,
T005756,A0046,2026-01-28 12:32:00,39.31,D_A0046,,0,1.1892984e-05,False,
T003229,A0262,2026-01-16 11:17:00,82.45,D_A0262,,0,1.1889163e-05,False,
T009052,A0083,2026-02-12 18:17:00,196.68,D_A0083,,0,1.1880798e-05,False,
T003140,A0046,2026-01-15 18:41:00,37.46,D_A0046,,0,1.1879336e-05,False,
T011100,A0209,2026-02-22 14:00:00,35.71,D_A0209,,0,1.1879336e-05,False,
T004950,A0002,2026-01-24 14:27:00,46.83,D_A0002,,0,1.1879336e-05,False,
T004019,A0042,2026-01-19 17:19:00,94.28,D_A0042,,0,1.1879336e-05,False,
T002464,A0065,2026-01-12 16:08:00,125.57,D_A0065,,0,1.1869518e-05,False,
T006678,A0485,2026-02-01 17:34:00,147.5,D_A0485,,0,1.1860601e-05,False,
T004200,A0485,2026-01-20 17:22:00,141.79,D_A0485,,0,1.1860601e-05,False,
T000380,A0262,2026-01-02 18:44:00,88.51,D_A0262,,0,1.1852777e-05,False,
T000158,A0462,2026-01-01 17:39:00,96.58,D_A0462,,0,1.1852777e-05,False,
T008563,A0049,2026-02-10 13:07:00,105.27,D_FAM_8,,0,1.18429125e-05,False,
T011557,A0262,2026-02-24 19:12:00,111.46,D_A0262,,0,1.1839875e-05,False,
T009878,A0281,2026-02-16 17:04:00,110.62,D_A0281,,0,1.1839875e-05,False,
T011664,A0262,2026-02-25 13:21:00,107.29,D_A0262,,0,1.1839875e-05,False,
T003804,A0498,2026-01-18 17:06:00,111.66,D_A0498,,0,1.1839875e-05,False,
T002633,A0343,2026-01-13 13:44:00,54.73,D_A0343,,0,1.18340395e-05,False,
T003957,A0004,2026-01-19 14:32:00,99.37,D_A0004,,0,1.1832539e-05,False,
T010140,A0114,2026-02-17 21:30:00,105.15,D_A0114,,0,1.18194e-05,False,
T002799,A0064,2026-01-14 12:12:00,36.91,D_A0064,,0,1.181229e-05,False,
T006152,A0258,2026-01-30 12:20:00,62.72,D_A0258,,0,1.181229e-05,False,
T005538,A0020,2026-01-27 12:01:00,61.71,D_A0020,,0,1.181229e-05,False,
T008748,A0020,2026-02-11 12:22:00,42.65,D_A0020,,0,1.181229e-05,False,
T000276,A0064,2026-01-02 12:32:00,41.17,D_A0064,,0,1.181229e-05,False,
T005322,A0289,2026-01-26 12:04:00,40.73,D_A0289,,0,1.181229e-05,False,
T011065,A0197,2026-02-22 12:36:00,45.4,D_A0197,,0,1.181229e-05,False,
T002811,R002,2026-01-14 12:54:00,81.73,D_R002,,0,1.181229e-05,False,
T004718,A0131,2026-01-23 12:14:00,55.63,D_A0131,,0,1.181229e-05,False,
T007244,A0392,2026-02-04 12:22:00,87.02,D_A0392,,0,1.181229e-05,False,
T011836,A0131,2026-02-26 12:37:00,78.61,D_A0131,,0,1.181229e-05,False,
T005107,A0053,2026-01-25 12:32:00,39.59,D_A0053,,0,1.181229e-05,False,
T009784,A0123,2026-02-16 12:18:00,29.94,D_A0123,,0,1.181229e-05,False,
T002906,A0211,2026-01-14 17:34:00,61.12,D_A0211,,0,1.1798734e-05,False,
T011675,A0131,2026-02-25 13:42:00,52.11,D_A0131,,0,1.1798734e-05,False,
T005646,A0064,2026-01-27 17:23:00,53.95,D_A0064,,0,1.1798734e-05,False,
T006275,A0377,2026-01-30 21:55:00,31.68,D_A0377,,0,1.1798734e-05,False,
T006069,A0197,2026-01-29 21:00:00,53.49,D_A0197,,0,1.1798734e-05,False,
T003141,A0064,2026-01-15 18:43:00,46.22,D_A0064,,0,1.1798734e-05,False,
T008422,A0020,2026-02-09 17:11:00,95.2,D_A0020,,0,1.1798734e-05,False,
T009174,A0258,2026-02-13 13:56:00,42.06,D_A0258,,0,1.1798734e-05,False,
T010889,A0053,2026-02-21 13:45:00,47.29,D_A0053,,0,1.1798734e-05,False,
T011359,A0106,2026-02-23 18:54:00,92.23,D_A0106,,0,1.1798734e-05,False,
T004639,A0053,2026-01-22 21:05:00,43.49,D_A0053,,0,1.1798734e-05,False,
T012040,A0392,2026-02-27 13:23:00,57.12,D_A0392,,0,1.1798734e-05,False,
T009432,A0336,2026-02-14 15:17:00,44.35,D_A0336,,0,1.1798734e-05,False,
T005398,A0020,2026-01-26 15:43:00,63.43,D_A0020,,0,1.1798734e-05,False,
T006921,A0336,2026-02-02 18:31:00,83.37,D_A0336,,0,1.1798734e-05,False,
T004787,A0064,2026-01-23 16:24:00,31.02,D_A0064,,0,1.1798734e-05,False,
T003316,A0028,2026-01-16 16:03:00,33.83,D_A0028,,0,1.1798734e-05,False,
T006190,A0365,2026-01-30 14:12:00,80.53,D_A0365,,0,1.1798734e-05,False,
T006473,A0392,2026-01-31 18:11:00,40.58,D_A0392,,0,1.1798734e-05,False,
T011485,A0336,2026-02-24 14:04:00,60.83,D_A0336,,0,1.1798734e-05,False,
T008658,A0436,2026-02-10 19:51:00,54.71,D_A0436,,0,1.1798734e-05,False,
T006380,A0020,2026-01-31 13:18:00,73.56,D_A0020,,0,1.1798734e-05,False,
T009247,A0134,2026-02-13 17:19:00,85.13,D_A0134,,0,1.1798734e-05,False,
T005778,A0258,2026-01-28 13:42:00,53.17,D_A0258,,0,1.1798734e-05,False,
T011138,A0131,2026-02-22 15:45:00,48.49,D_A0131,,0,1.1798734e-05,False,
T008654,A0053,2026-02-10 19:15:00,39.5,D_A0053,,0,1.1798734e-05,False,
T010346,A0123,2026-02-18 21:16:00,35.32,D_A0123,,0,1.1798734e-05,False,
T007159,A0336,2026-02-03 19:41:00,78.76,D_A0336,,0,1.1798734e-05,False,
T009209,A0392,2026-02-13 15:03:00,46.8,D_A0392,,0,1.1798734e-05,False,
T000379,A0289,2026-01-02 18:38:00,33.79,D_A0289,,0,1.1798734e-05,False,
T000828,A0064,2026-01-04 21:30:00,42.68,D_A0064,,0,1.1798734e-05,False,
T007771,A0053,2026-02-06 16:49:00,35.87,D_A0053,,0,1.1798734e-05,False,
T010320,A0392,2026-02-18 17:22:00,51.04,D_A0392,,0,1.1798734e-05,False,
T002401,A0123,2026-01-12 13:25:00,49.76,D_A0123,,0,1.1798734e-05,False,
T003157,A0436,2026-01-15 19:59:00,60.63,D_A0436,,0,1.1798734e-05,False,
T003146,A0123,2026-01-15 18:55:00,33.11,D_A0123,,0,1.1798734e-05,False,
T007512,A0436,2026-02-05 16:05:00,50.84,D_A0436,,0,1.1798734e-05,False,
T002402,A0064,2026-01-12 13:26:00,43.25,D_A0064,,0,1.1798734e-05,False,
T004729,A0392,2026-01-23 13:15:00,43.85,D_A0392,,0,1.1798734e-05,False,
T002907,A0123,2026-01-14 17:35:00,41.69,D_A0123,,0,1.1798734e-05,False,
T010529,A0028,2026-02-19 18:31:00,44.09,D_A0028,,0,1.1798734e-05,False,
T002866,A0258,2026-01-14 14:53:00,69.26,D_A0258,,0,1.1798734e-05,False,
T012301,A0053,2026-02-28 16:13:00,32.17,D_A0053,,0,1.1798734e-05,False,
T009218,A0336,2026-02-13 15:47:00,80.49,D_A0336,,0,1.1798734e-05,False,
T010949,A0392,2026-02-21 17:44:00,81.97,D_A0392,,0,1.1798734e-05,False,
T007296,A0020,2026-02-04 15:14:00,72.19,D_A0020,,0,1.1798734e-05,False,
T000793,A0436,2026-01-04 17:00:00,61.54,D_A0436,,0,1.1798734e-05,False,
T002888,A0020,2026-01-14 16:18:00,50.06,D_A0020,,0,1.1798734e-05,False,
T000950,A0053,2026-01-05 14:27:00,60.98,D_A0053,,0,1.1798734e-05,False,
T005997,A0028,2026-01-29 15:09:00,36.73,D_A0028,,0,1.1798734e-05,False,
T009620,A0064,2026-02-15 15:07:00,41.98,D_A0064,,0,1.1798734e-05,False,
T005994,A0392,2026-01-29 15:01:00,58.41,D_A0392,,0,1.1798734e-05,False,
T012238,A0229,2026-02-28 13:35:00,96.81,D_A0229,,0,1.1798734e-05,False,
T001045,A0289,2026-01-05 23:57:00,97.75,D_A0289,,0,1.1798734e-05,False,
T002214,R006,2026-01-11 14:46:00,60.88,D_R006,,0,1.1798734e-05,False,
T010455,A0211,2026-02-19 14:12:00,75.36,D_A0211,,0,1.1798734e-05,False,
T001593,A0053,2026-01-08 14:07:00,31.48,D_A0053,,0,1.1798734e-05,False,
T011676,A0392,2026-02-25 13:43:00,39.05,D_A0392,,0,1.1798734e-05,False,
T008922,A0272,2026-02-12 11:15:00,54.5,D_A0272,,0,1.1792097e-05,False,
T004474,A0459,2026-01-22 11:37:00,95.53,D_A0459,,0,1.1792097e-05,False,
T010321,A0394,2026-02-18 17:28:00,104.0,D_A0394,,0,1.1783767e-05,False,
T003218,A0182,2026-01-16 10:22:00,103.43,D_FAM_8,,0,1.1780868e-05,False,
T002374,A0211,2026-01-12 12:07:00,98.58,D_A0211,,0,1.1767247e-05,False,
T008944,A0331,2026-02-12 12:06:00,39.47,D_A0331,,0,1.1767247e-05,False,
T003035,A0403,2026-01-15 12:41:00,52.32,D_A0403,,0,1.1767247e-05,False,
T008157,A0134,2026-02-08 15:01:00,92.68,D_A0134,,0,1.1763164e-05,False,
T009902,A0247,2026-02-16 19:06:00,106.03,D_A0247,,0,1.1759182e-05,False,
T000611,A0484,2026-01-03 21:12:00,57.15,D_A0484,,0,1.1753744e-05,False,
T005378,A0331,2026-01-26 14:54:00,37.03,D_A0331,,0,1.1753744e-05,False,
T004173,A0352,2026-01-20 16:06:00,38.45,D_A0352,,0,1.1753744e-05,False,
T006867,A0207,2026-02-02 15:13:00,92.04,D_A0207,,0,1.1753744e-05,False,
T000546,A0436,2026-01-03 15:51:00,82.2,D_A0436,,0,1.1753744e-05,False,
T006714,A0484,2026-02-01 19:57:00,32.5,D_A0484,,0,1.1753744e-05,False,
T009862,A0258,2026-02-16 16:13:00,45.31,D_A0258,,0,1.1753744e-05,False,
T011562,A0331,2026-02-24 19:40:00,36.51,D_A0331,,0,1.1753744e-05,False,
T008250,A0055,2026-02-08 21:51:00,16.22,D_A0055,,0,1.1753744e-05,False,
T001800,A0171,2026-01-09 15:23:00,41.19,D_A0171,,0,1.1753744e-05,False,
T007466,A0331,2026-02-05 13:30:00,43.52,D_A0331,,0,1.1753744e-05,False,
T004975,A0331,2026-01-24 15:51:00,40.79,D_A0331,,0,1.1753744e-05,False,
T005972,A0073,2026-01-29 13:43:00,54.95,D_A0073,,0,1.1753744e-05,False,
T009591,A0053,2026-02-15 13:47:00,56.18,D_A0053,,0,1.1753744e-05,False,
T010458,A0377,2026-02-19 14:15:00,37.63,D_A0377,,0,1.1753744e-05,False,
T008138,A0273,2026-02-08 14:04:00,75.87,D_A0273,,0,1.1753744e-05,False,
T001574,A0258,2026-01-08 13:18:00,68.72,D_A0258,,0,1.1753744e-05,False,
T007297,A0013,2026-02-04 15:19:00,53.7,D_A0013,,0,1.1753744e-05,False,
T005204,A0207,2026-01-25 17:48:00,82.69,D_A0207,,0,1.1753744e-05,False,
T011947,A0331,2026-02-26 18:31:00,32.51,D_A0331,,0,1.1753744e-05,False,
T011201,A0073,2026-02-22 22:03:00,48.22,D_A0073,,0,1.1753744e-05,False,
T009670,A0359,2026-02-15 18:03:00,62.34,D_A0359,,0,1.1753744e-05,False,
T004416,A0403,2026-01-21 21:33:00,39.47,D_A0403,,0,1.1753744e-05,False,
T000325,A0388,2026-01-02 14:57:00,96.6,D_A0388,,0,1.1753633e-05,False,
T008745,A0007,2026-02-11 12:14:00,50.24,D_A0007,,0,1.1743291e-05,False,
T008927,A0163,2026-02-12 11:39:00,58.72,D_A0163,,0,1.1741645e-05,False,
T012058,A0374,2026-02-27 14:27:00,101.08,D_A0374,,0,1.1729815e-05,False,
T006611,A0064,2026-02-01 13:46:00,91.99,D_A0064,,0,1.1729815e-05,False,
T008191,A0044,2026-02-08 16:07:00,72.82,D_A0044,,0,1.1729815e-05,False,
T005456,A0403,2026-01-26 20:56:00,87.7,D_A0403,,0,1.1729815e-05,False,
T003275,A0427,2026-01-16 13:52:00,70.79,D_A0427,,0,1.171831e-05,False,
T011368,A0190,2026-02-23 21:07:00,187.55,D_FAM_13,,0,1.1718031e-05,False,
T007709,A0049,2026-02-06 13:42:00,42.66,D_FAM_8,,0,1.1711886e-05,False,
T009223,A0049,2026-02-13 16:03:00,59.08,D_FAM_8,,0,1.1711886e-05,False,
T012236,A0375,2026-02-28 13:32:00,204.04,D_A0375,,0,1.1708178e-05,False,
T000985,A0407,2026-01-05 16:18:00,65.15,D_A0407,,0,1.1667851e-05,False,
T001031,A0326,2026-01-05 19:55:00,84.13,D_A0326,,0,1.1667851e-05,False,
T007095,A0055,2026-02-03 15:46:00,23.88,D_A0055,,0,1.1667851e-05,False,
T009272,A0044,2026-02-13 19:54:00,66.03,D_A0044,,0,1.1667851e-05,False,
T007732,A0197,2026-02-06 14:52:00,67.57,D_A0197,,0,1.1667851e-05,False,
T004525,A0055,2026-01-22 13:51:00,15.37,D_A0055,,0,1.1667851e-05,False,
T002003,A0055,2026-01-10 15:06:00,14.45,D_A0055,,0,1.1667851e-05,False,
T007234,A0083,2026-02-04 11:35:00,159.11,D_A0083,,0,1.1656006e-05,False,
T009060,A0073,2026-02-12 18:51:00,76.19,D_A0073,,0,1.1635449e-05,False,
T009894,A0062,2026-02-16 18:14:00,139.64,D_A0062,,0,1.1635049e-05,False,
T006074,A0004,2026-01-29 21:28:00,93.56,D_A0004,,0,1.1631888e-05,False,
T001396,A0214,2026-01-07 14:43:00,47.89,D_A0214,,0,1.1631888e-05,False,
T010645,A0455,2026-02-20 12:32:00,124.91,D_A0455,,0,1.16198025e-05,False,
T003331,A0480,2026-01-16 16:34:00,106.19,D_FAM_6,,0,1.1609347e-05,False,
T011336,A0214,2026-02-23 16:23:00,44.96,D_A0214,,0,1.16013225e-05,False,
T007939,A0230,2026-02-07 15:01:00,105.26,D_A0230,,0,1.1588385e-05,False,
T000591,A0300,2026-01-03 18:13:00,54.4,D_FAM_12,,0,1.157342e-05,False,
T010601,A0136,2026-02-20 10:50:00,59.93,D_FAM_0,,0,1.1559113e-05,False,
T000905,A0006,2026-01-05 11:59:00,69.81,D_FAM_7,,0,1.1541742e-05,False,
T000187,A0460,2026-01-01 20:43:00,167.94,D_A0460,,0,1.1527629e-05,False,
T002615,A0196,2026-01-13 12:54:00,100.02,D_A0196,,0,1.1481319e-05,False,
T001655,A0110,2026-01-08 17:52:00,136.89,D_FAM_11,,0,1.1470999e-05,False,
T007034,A0015,2026-02-03 12:18:00,64.71,D_A0015,,0,1.1468472e-05,False,
T004974,A0373,2026-01-24 15:48:00,18.57,D_A0373,,0,1.1468143e-05,False,
T003620,A0288,2026-01-17 19:17:00,69.27,D_A0288,,0,1.1468143e-05,False,
T008387,A0134,2026-02-09 15:23:00,78.3,D_A0134,,0,1.1468143e-05,False,
T000388,A0276,2026-01-02 19:44:00,41.89,D_A0276,,0,1.1455311e-05,False,
T002179,A0405,2026-01-11 13:13:00,73.78,D_A0405,,0,1.1455311e-05,False,
T006186,A0455,2026-01-30 14:04:00,61.5,D_A0455,PAYEE_A0455,0,1.1454001e-05,False,
T002007,A0358,2026-01-10 15:12:00,131.99,D_A0358,,0,1.1452253e-05,False,
T002573,A0142,2026-01-13 11:05:00,78.35,D_A0142,,0,1.1446498e-05,False,
T000454,A0008,2026-01-03 11:05:00,28.31,D_A0008,,0,1.1430518e-05,False,
T011264,A0395,2026-02-23 12:25:00,125.49,D_A0395,,0,1.1424829e-05,False,
T007888,A0359,2026-02-07 12:14:00,46.45,D_A0359,,0,1.1422378e-05,False,
T004717,A0256,2026-01-23 12:12:00,68.24,D_A0256,,0,1.1422378e-05,False,
T011276,A0256,2026-02-23 12:50:00,71.11,D_A0256,,0,1.1422378e-05,False,
T002599,A0173,2026-01-13 12:22:00,85.74,D_A0173,,0,1.1422378e-05,False,
T001556,A0028,2026-01-08 12:34:00,53.81,D_A0028,,0,1.1422378e-05,False,
T009995,A0393,2026-02-17 12:13:00,37.73,D_A0393,,0,1.1422378e-05,False,
T003241,A0394,2026-01-16 12:13:00,68.52,D_A0394,,0,1.1422378e-05,False,
T007284,A0007,2026-02-04 14:47:00,48.79,D_A0007,,0,1.1417248e-05,False,
T009007,A0393,2026-02-12 15:13:00,93.5,D_A0393,,0,1.1417248e-05,False,
T012507,A0336,2026-03-01 16:56:00,59.93,D_A0336,,0,1.1409269e-05,False,
T008838,A0256,2026-02-11 17:56:00,71.29,D_A0256,,0,1.1409269e-05,False,
T011665,A0407,2026-02-25 13:29:00,58.24,D_A0407,,0,1.1409269e-05,False,
T001151,A0393,2026-01-06 14:17:00,57.15,D_A0393,,0,1.1409269e-05,False,
T006223,A0382,2026-01-30 15:32:00,70.04,D_A0382,,0,1.1409269e-05,False,
T007138,A0359,2026-02-03 17:53:00,22.58,D_A0359,,0,1.1409269e-05,False,
T001802,A0422,2026-01-09 15:24:00,59.62,D_A0422,,0,1.1409269e-05,False,
T008632,A0345,2026-02-10 16:59:00,46.96,D_A0345,,0,1.1409269e-05,False,
T010681,A0066,2026-02-20 13:50:00,76.06,D_A0066,,0,1.1409269e-05,False,
T005666,A0052,2026-01-27 18:56:00,29.62,D_A0052,,0,1.1409269e-05,False,
T002041,A0028,2026-01-10 17:13:00,21.13,D_A0028,,0,1.1409269e-05,False,
T003060,A0007,2026-01-15 13:54:00,31.96,D_A0007,,0,1.1409269e-05,False,
T011899,A0394,2026-02-26 15:33:00,60.17,D_A0394,,0,1.1409269e-05,False,
T006278,A0422,2026-01-30 23:42:00,64.49,D_A0422,,0,1.1409269e-05,False,
T001389,A0374,2026-01-07 14:19:00,72.49,D_A0374,,0,1.1409269e-05,False,
T006056,A0407,2026-01-29 18:57:00,51.66,D_A0407,,0,1.1409269e-05,False,
T011870,A0393,2026-02-26 14:17:00,42.43,D_A0393,,0,1.1409269e-05,False,
T012556,A0436,2026-03-01 21:02:00,53.46,D_A0436,,0,1.1409269e-05,False,
T009443,A0173,2026-02-14 16:05:00,82.22,D_A0173,,0,1.1409269e-05,False,
T005429,A0144,2026-01-26 17:45:00,59.61,D_A0144,,0,1.1409269e-05,False,
T001209,A0173,2026-01-06 17:06:00,86.48,D_A0173,,0,1.1409269e-05,False,
T009916,A0359,2026-02-16 20:58:00,33.82,D_A0359,,0,1.1409269e-05,False,
T003304,A0407,2026-01-16 15:29:00,59.82,D_A0407,,0,1.1409269e-05,False,
T002183,A0326,2026-01-11 13:17:00,92.14,D_A0326,,0,1.1409269e-05,False,
T007590,A0359,2026-02-05 23:23:00,36.07,D_A0359,,0,1.1409269e-05,False,
T010903,A0393,2026-02-21 14:48:00,69.45,D_A0393,,0,1.1409269e-05,False,
T004741,A0028,2026-01-23 13:52:00,37.56,D_A0028,,0,1.1409269e-05,False,
T009656,A0393,2026-02-15 16:53:00,34.0,D_A0393,,0,1.1409269e-05,False,
T005787,A0256,2026-01-28 14:29:00,77.74,D_A0256,,0,1.1409269e-05,False,
T009571,A0161,2026-02-15 12:35:00,41.68,D_A0161,,0,1.1390657e-05,False,
T005755,A0289,2026-01-28 12:26:00,17.66,D_A0289,,0,1.1390657e-05,False,
T007683,A0094,2026-02-06 12:46:00,5.42,D_A0094,,0,1.1390657e-05,False,
T002605,R002,2026-01-13 12:36:00,33.88,D_R002,,0,1.1390657e-05,False,
T000698,A0055,2026-01-04 12:35:00,4.37,D_A0055,,0,1.1390657e-05,False,
T003031,A0221,2026-01-15 12:23:00,26.92,D_A0221,,0,1.1390657e-05,False,
T007674,A0044,2026-02-06 12:08:00,11.91,D_A0044,,0,1.1390657e-05,False,
T008324,A0020,2026-02-09 12:24:00,28.26,D_A0020,,0,1.1390657e-05,False,
T006825,A0053,2026-02-02 12:43:00,71.88,D_A0053,,0,1.1390657e-05,False,
T007251,A0436,2026-02-04 12:43:00,60.61,D_A0436,,0,1.1390657e-05,False,
T009147,A0258,2026-02-13 12:21:00,82.26,D_A0258,,0,1.1390657e-05,False,
T007441,A0463,2026-02-05 12:33:00,48.45,D_A0463,,0,1.1390657e-05,False,
T002596,A0161,2026-01-13 12:15:00,40.96,D_A0161,,0,1.1390657e-05,False,
T009361,A0059,2026-02-14 12:08:00,94.69,D_A0059,,0,1.1390657e-05,False,
T008955,A0436,2026-02-12 12:22:00,24.43,D_A0436,,0,1.1390657e-05,False,
T002170,R006,2026-01-11 12:53:00,18.62,D_R006,,0,1.1390657e-05,False,
T005541,A0229,2026-01-27 12:17:00,48.83,D_A0229,,0,1.1390657e-05,False,
T000700,A0207,2026-01-04 12:37:00,77.92,D_A0207,,0,1.1390657e-05,False,
T005103,A0484,2026-01-25 12:23:00,13.65,D_A0484,,0,1.1390657e-05,False,
T005116,A0131,2026-01-25 12:49:00,27.53,D_A0131,,0,1.1390657e-05,False,
T002936,A0289,2026-01-14 21:23:00,78.33,D_A0289,,0,1.1377586e-05,False,
T008011,A0359,2026-02-07 19:33:00,58.79,D_A0359,,0,1.1377586e-05,False,
T007088,A0438,2026-02-03 15:28:00,55.12,D_A0438,,0,1.1377586e-05,False,
T007081,A0106,2026-02-03 14:55:00,43.98,D_A0106,,0,1.1377586e-05,False,
T000580,A0052,2026-01-03 17:38:00,28.81,D_A0052,,0,1.1377586e-05,False,
T010516,A0318,2026-02-19 17:32:00,7.46,D_A0318,,0,1.1377586e-05,False,
T001360,A0356,2026-01-07 13:09:00,7.67,D_A0356,,0,1.1377586e-05,False,
T007052,A0484,2026-02-03 13:14:00,16.22,D_A0484,,0,1.1377586e-05,False,
T002663,A0122,2026-01-13 15:35:00,19.13,D_A0122,,0,1.1377586e-05,False,
T002652,A0289,2026-01-13 15:12:00,20.71,D_A0289,,0,1.1377586e-05,False,
T010079,A0233,2026-02-17 16:01:00,29.27,D_A0233,,0,1.1377586e-05,False,
T003352,A0373,2026-01-16 17:35:00,9.23,D_A0373,,0,1.1377586e-05,False,
T003351,A0345,2026-01-16 17:30:00,32.58,D_A0345,,0,1.1377586e-05,False,
T003814,A0094,2026-01-18 17:46:00,5.36,D_A0094,,0,1.1377586e-05,False,
T003813,A0326,2026-01-18 17:46:00,43.07,D_A0326,,0,1.1377586e-05,False,
T010121,A0169,2026-02-17 18:51:00,11.62,D_A0169,,0,1.1377586e-05,False,
T002933,A0438,2026-01-14 20:37:00,36.31,D_A0438,,0,1.1377586e-05,False,
T002507,A0289,2026-01-12 18:58:00,54.82,D_A0289,,0,1.1377586e-05,False,
T000599,A0173,2026-01-03 19:14:00,25.68,D_A0173,,0,1.1377586e-05,False,
T011300,A0191,2026-02-23 13:54:00,30.85,D_A0191,,0,1.1377586e-05,False,
T005826,A0273,2026-01-28 16:20:00,19.93,D_A0273,,0,1.1377586e-05,False,
T005817,A0173,2026-01-28 15:57:00,69.76,D_A0173,,0,1.1377586e-05,False,
T002500,A0073,2026-01-12 18:25:00,58.18,D_A0073,,0,1.1377586e-05,False,
T002481,A0161,2026-01-12 16:57:00,14.31,D_A0161,,0,1.1377586e-05,False,
T011690,A0308,2026-02-25 14:45:00,11.89,D_A0308,,0,1.1377586e-05,False,
T006193,A0457,2026-01-30 14:26:00,52.24,D_A0457,,0,1.1377586e-05,False,
T004148,A0318,2026-01-20 14:33:00,6.78,D_A0318,,0,1.1377586e-05,False,
T004944,A0169,2026-01-24 14:04:00,9.84,D_A0169,,0,1.1377586e-05,False,
T007257,A0059,2026-02-04 13:05:00,64.4,D_A0059,,0,1.1377586e-05,False,
T003776,A0403,2026-01-18 15:53:00,16.65,D_A0403,,0,1.1377586e-05,False,
T003771,A0318,2026-01-18 15:37:00,10.13,D_A0318,,0,1.1377586e-05,False,
T004962,A0382,2026-01-24 15:14:00,92.8,D_A0382,,0,1.1377586e-05,False,
T004383,A0484,2026-01-21 17:17:00,39.28,D_A0484,,0,1.1377586e-05,False,
T007538,A0098,2026-02-05 17:17:00,11.46,D_A0098,,0,1.1377586e-05,False,
T010725,A0169,2026-02-20 16:01:00,6.58,D_A0169,,0,1.1377586e-05,False,
T001820,A0453,2026-01-09 16:17:00,40.88,D_A0453,,0,1.1377586e-05,False,
T006875,A0059,2026-02-02 15:36:00,70.98,D_A0059,,0,1.1377586e-05,False,
T006863,A0436,2026-02-02 15:10:00,20.35,D_A0436,,0,1.1377586e-05,False,
T001427,A0059,2026-01-07 16:06:00,91.33,D_A0059,,0,1.1377586e-05,False,
T003303,A0403,2026-01-16 15:27:00,8.67,D_A0403,,0,1.1377586e-05,False,
T010350,A0073,2026-02-18 22:35:00,57.92,D_A0073,,0,1.1377586e-05,False,
T007592,A0403,2026-02-05 23:43:00,11.99,D_A0403,,0,1.1377586e-05,False,
T011939,A0403,2026-02-26 17:28:00,8.15,D_A0403,,0,1.1377586e-05,False,
T011736,A0258,2026-02-25 17:55:00,90.3,D_A0258,,0,1.1377586e-05,False,
T002860,A0171,2026-01-14 14:34:00,49.51,D_A0171,,0,1.1377586e-05,False,
T009691,A0403,2026-02-15 20:23:00,11.03,D_A0403,,0,1.1377586e-05,False,
T008660,A0187,2026-02-10 20:17:00,14.62,D_A0187,,0,1.1377586e-05,False,
T007154,A0044,2026-02-03 19:07:00,11.92,D_A0044,,0,1.1377586e-05,False,
T012463,A0187,2026-03-01 14:34:00,8.51,D_A0187,,0,1.1377586e-05,False,
T012460,A0131,2026-03-01 14:28:00,34.23,D_A0131,,0,1.1377586e-05,False,
T003066,A0345,2026-01-15 14:18:00,20.26,D_A0345,,0,1.1377586e-05,False,
T006232,A0187,2026-01-30 16:00:00,8.4,D_A0187,,0,1.1377586e-05,False,
T001810,A0020,2026-01-09 15:48:00,48.23,D_A0020,,0,1.1377586e-05,False,
T007258,A0273,2026-02-04 13:10:00,49.31,D_A0273,,0,1.1377586e-05,False,
T007760,A0028,2026-02-06 16:12:00,15.91,D_A0028,,0,1.1377586e-05,False,
T006494,A0122,2026-01-31 19:43:00,24.68,D_A0122,,0,1.1377586e-05,False,
T000137,A0117,2026-01-01 15:42:00,21.54,D_A0117,,0,1.1377586e-05,False,
T009179,A0094,2026-02-13 14:02:00,7.15,D_A0094,,0,1.1377586e-05,False,
T009201,A0055,2026-02-13 14:44:00,6.95,D_A0055,,0,1.1377586e-05,False,
T006727,A0187,2026-02-01 21:36:00,13.06,D_A0187,,0,1.1377586e-05,False,
T007588,A0484,2026-02-05 23:06:00,34.05,D_A0484,,0,1.1377586e-05,False,
T007142,A0169,2026-02-03 18:14:00,6.51,D_A0169,,0,1.1377586e-05,False,
T007141,A0161,2026-02-03 18:12:00,31.44,D_A0161,,0,1.1377586e-05,False,
T012229,A0059,2026-02-28 13:18:00,80.43,D_A0059,,0,1.1377586e-05,False,
T012225,A0020,2026-02-28 13:14:00,38.33,D_A0020,,0,1.1377586e-05,False,
T004341,A0273,2026-01-21 15:01:00,11.13,D_A0273,,0,1.1377586e-05,False,
T004380,A0059,2026-01-21 17:04:00,48.02,D_A0059,,0,1.1377586e-05,False,
T004635,A0044,2026-01-22 20:02:00,16.41,D_A0044,,0,1.1377586e-05,False,
T012039,A0098,2026-02-27 13:17:00,17.88,D_A0098,,0,1.1377586e-05,False,
T012038,A0326,2026-02-27 13:16:00,33.97,D_A0326,,0,1.1377586e-05,False,
T001403,A0207,2026-01-07 14:57:00,23.85,D_A0207,,0,1.1377586e-05,False,
T009912,A0435,2026-02-16 19:58:00,16.54,D_A0435,,0,1.1377586e-05,False,
T004363,A0073,2026-01-21 15:55:00,22.72,D_A0073,,0,1.1377586e-05,False,
T005032,A0318,2026-01-24 23:43:00,8.62,D_A0318,,0,1.1377586e-05,False,
T005030,A0331,2026-01-24 22:38:00,55.73,D_A0331,,0,1.1377586e-05,False,
T008791,A0463,2026-02-11 14:29:00,16.34,D_A0463,,0,1.1377586e-05,False,
T008779,A0453,2026-02-11 14:00:00,52.13,D_A0453,,0,1.1377586e-05,False,
T010667,A0484,2026-02-20 13:07:00,44.68,D_A0484,,0,1.1377586e-05,False,
T006234,A0318,2026-01-30 16:05:00,10.97,D_A0318,,0,1.1377586e-05,False,
T010679,A0258,2026-02-20 13:47:00,85.67,D_A0258,,0,1.1377586e-05,False,
T001228,A0094,2026-01-06 18:19:00,7.69,D_A0094,,0,1.1377586e-05,False,
T011680,A0028,2026-02-25 14:00:00,13.95,D_A0028,,0,1.1377586e-05,False,
T010897,A0463,2026-02-21 14:17:00,41.82,D_A0463,,0,1.1377586e-05,False,
T010915,A0484,2026-02-21 15:13:00,15.61,D_A0484,,0,1.1377586e-05,False,
T010913,A0308,2026-02-21 15:05:00,16.77,D_A0308,,0,1.1377586e-05,False,
T007593,A0345,2026-02-05 23:53:00,12.51,D_A0345,,0,1.1377586e-05,False,
T006505,A0131,2026-01-31 20:58:00,33.96,D_A0131,,0,1.1377586e-05,False,
T006504,A0207,2026-01-31 20:54:00,18.96,D_A0207,,0,1.1377586e-05,False,
T007365,A0052,2026-02-04 19:58:00,60.14,D_A0052,,0,1.1377586e-05,False,
T010260,A0106,2026-02-18 13:54:00,25.61,D_A0106,,0,1.1377586e-05,False,
T012128,A0359,2026-02-27 21:46:00,33.79,D_A0359,,0,1.1377586e-05,False,
T012114,A0345,2026-02-27 19:04:00,18.73,D_A0345,,0,1.1377586e-05,False,
T008600,A0207,2026-02-10 15:16:00,47.08,D_A0207,,0,1.1377586e-05,False,
T011891,A0131,2026-02-26 15:08:00,25.33,D_A0131,,0,1.1377586e-05,False,
T007943,A0436,2026-02-07 15:12:00,22.5,D_A0436,,0,1.1377586e-05,False,
T004347,A0484,2026-01-21 15:17:00,25.39,D_A0484,,0,1.1377586e-05,False,
T010476,A0082,2026-02-19 15:04:00,16.86,D_A0082,,0,1.1377586e-05,False,
T002403,A0453,2026-01-12 13:28:00,13.65,D_A0453,,0,1.1377586e-05,False,
T000770,A0169,2026-01-04 15:49:00,10.95,D_A0169,,0,1.1377586e-05,False,
T000731,A0352,2026-01-04 13:45:00,22.76,D_A0352,,0,1.1377586e-05,False,
T004828,A0020,2026-01-23 21:32:00,85.07,D_A0020,,0,1.1377586e-05,False,
T008413,A0166,2026-02-09 16:41:00,68.62,D_A0166,,0,1.1377586e-05,False,
T009679,A0256,2026-02-15 19:14:00,96.34,D_A0256,,0,1.1377586e-05,False,
T006929,A0010,2026-02-02 18:58:00,10.89,D_A0010,,0,1.1377586e-05,False,
T004970,A0403,2026-01-24 15:39:00,12.52,D_A0403,,0,1.1377586e-05,False,
T010932,A0318,2026-02-21 16:15:00,7.21,D_A0318,,0,1.1377586e-05,False,
T009027,A0059,2026-02-12 16:34:00,44.55,D_A0059,,0,1.1377586e-05,False,
T005219,A0463,2026-01-25 18:55:00,49.3,D_A0463,,0,1.1377586e-05,False,
T003839,A0438,2026-01-18 21:53:00,53.43,D_A0438,,0,1.1377586e-05,False,
T010950,A0207,2026-02-21 17:46:00,20.64,D_A0207,,0,1.1377586e-05,False,
T002039,A0020,2026-01-10 17:05:00,29.6,D_A0020,,0,1.1377586e-05,False,
T002254,A0403,2026-01-11 16:57:00,12.87,D_A0403,,0,1.1377586e-05,False,
T009661,A0326,2026-02-15 17:07:00,22.71,D_A0326,,0,1.1377586e-05,False,
T007126,A0053,2026-02-03 17:07:00,42.83,D_A0053,,0,1.1377586e-05,False,
T007123,A0044,2026-02-03 16:54:00,19.89,D_A0044,,0,1.1377586e-05,False,
T008166,A0073,2026-02-08 15:20:00,24.11,D_A0073,,0,1.1377586e-05,False,
T006706,A0173,2026-02-01 19:23:00,27.1,D_A0173,,0,1.1377586e-05,False,
T007295,A0463,2026-02-04 15:13:00,18.16,D_A0463,,0,1.1377586e-05,False,
T011908,A0373,2026-02-26 15:59:00,13.18,D_A0373,,0,1.1377586e-05,False,
T007805,A0094,2026-02-06 19:04:00,7.38,D_A0094,,0,1.1377586e-05,False,
T008357,A0345,2026-02-09 13:38:00,20.09,D_A0345,,0,1.1377586e-05,False,
T001787,A0169,2026-01-09 14:27:00,8.86,D_A0169,,0,1.1377586e-05,False,
T009853,A0055,2026-02-16 15:47:00,7.69,D_A0055,,0,1.1377586e-05,False,
T002820,A0229,2026-01-14 13:14:00,56.52,D_A0229,,0,1.1377586e-05,False,
T001037,A0187,2026-01-05 21:36:00,6.05,D_A0187,,0,1.1377586e-05,False,
T005340,A0131,2026-01-26 13:03:00,28.53,D_A0131,,0,1.1377586e-05,False,
T006027,A0073,2026-01-29 17:05:00,21.26,D_A0073,,0,1.1377586e-05,False,
T006014,A0094,2026-01-29 16:15:00,9.56,D_A0094,,0,1.1377586e-05,False,
T009262,A0052,2026-02-13 18:27:00,42.3,D_A0052,,0,1.1377586e-05,False,
T009260,A0403,2026-02-13 18:11:00,47.86,D_A0403,,0,1.1377586e-05,False,
T008827,A0117,2026-02-11 16:41:00,31.2,D_A0117,,0,1.1377586e-05,False,
T008826,A0331,2026-02-11 16:38:00,56.6,D_A0331,,0,1.1377586e-05,False,
T004003,A0173,2026-01-19 16:10:00,24.79,D_A0173,,0,1.1377586e-05,False,
T003995,A0484,2026-01-19 15:39:00,10.9,D_A0484,,0,1.1377586e-05,False,
T011367,A0059,2026-02-23 20:38:00,76.43,D_A0059,,0,1.1377586e-05,False,
T003769,A0289,2026-01-18 15:35:00,22.51,D_A0289,,0,1.1377586e-05,False,
T007691,A0463,2026-02-06 13:01:00,32.41,D_A0463,,0,1.1377586e-05,False,
T008430,A0073,2026-02-09 17:50:00,12.9,D_A0073,,0,1.1377586e-05,False,
T003831,A0229,2026-01-18 20:03:00,43.65,D_A0229,,0,1.1377586e-05,False,
T009081,A0273,2026-02-12 23:21:00,36.33,D_A0273,,0,1.1377586e-05,False,
T004792,A0201,2026-01-23 16:38:00,10.66,D_A0201,,0,1.1377586e-05,False,
T010528,A0326,2026-02-19 18:28:00,22.28,D_A0326,,0,1.1377586e-05,False,
T001368,A0059,2026-01-07 13:24:00,71.26,D_A0059,,0,1.1377586e-05,False,
T009275,A0161,2026-02-13 19:56:00,30.81,D_A0161,,0,1.1377586e-05,False,
T003726,A0403,2026-01-18 13:15:00,11.22,D_A0403,,0,1.1377586e-05,False,
T009870,A0463,2026-02-16 16:30:00,28.33,D_A0463,,0,1.1377586e-05,False,
T012307,A0094,2026-02-28 16:28:00,14.63,D_A0094,,0,1.1377586e-05,False,
T000790,A0059,2026-01-04 16:43:00,71.89,D_A0059,,0,1.1377586e-05,False,
T011107,A0345,2026-02-22 14:14:00,30.25,D_A0345,,0,1.1377586e-05,False,
T010041,A0318,2026-02-17 14:14:00,11.35,D_A0318,,0,1.1377586e-05,False,
T002215,A0059,2026-01-11 14:46:00,57.34,D_A0059,,0,1.1377586e-05,False,
T011954,A0117,2026-02-26 20:35:00,27.61,D_A0117,,0,1.1377586e-05,False,
T004306,A0173,2026-01-21 13:12:00,21.24,D_A0173,,0,1.1377586e-05,False,
T007738,A0403,2026-02-06 15:03:00,11.89,D_A0403,,0,1.1377586e-05,False,
T005346,A0258,2026-01-26 13:20:00,80.35,D_A0258,,0,1.1377586e-05,False,
T000521,A0094,2026-01-03 14:59:00,6.17,D_A0094,,0,1.1377586e-05,False,
T012264,A0273,2026-02-28 14:41:00,11.7,D_A0273,,0,1.1377586e-05,False,
T010532,A0453,2026-02-19 18:39:00,46.19,D_A0453,,0,1.1377586e-05,False,
T005019,A0106,2026-01-24 20:13:00,37.12,D_A0106,,0,1.1377586e-05,False,
T011096,A0318,2026-02-22 13:54:00,9.39,D_A0318,,0,1.1377586e-05,False,
T002639,A0484,2026-01-13 14:18:00,65.71,D_A0484,,0,1.1377586e-05,False,
T004927,A0020,2026-01-24 13:07:00,28.83,D_A0020,,0,1.1377586e-05,False,
T011155,A0169,2026-02-22 16:30:00,7.76,D_A0169,,0,1.1377586e-05,False,
T008448,A0094,2026-02-09 19:50:00,22.03,D_A0094,,0,1.1377586e-05,False,
T008446,A0187,2026-02-09 19:37:00,15.99,D_A0187,,0,1.1377586e-05,False,
T008443,A0484,2026-02-09 19:10:00,17.45,D_A0484,,0,1.1377586e-05,False,
T001982,A0453,2026-01-10 13:55:00,34.84,D_A0453,,0,1.1377586e-05,False,
T003108,R006,2026-01-15 16:31:00,28.1,D_R006,,0,1.1377586e-05,False,
T011123,A0073,2026-02-22 14:44:00,13.3,D_A0073,,0,1.1377586e-05,False,
T011139,A0052,2026-02-22 15:47:00,55.4,D_A0052,,0,1.1377586e-05,False,
T010061,A0207,2026-02-17 15:15:00,16.8,D_A0207,,0,1.1377586e-05,False,
T009490,A0463,2026-02-14 20:06:00,34.87,D_A0463,,0,1.1377586e-05,False,
T005440,A0484,2026-01-26 18:37:00,27.24,D_A0484,,0,1.1377586e-05,False,
T010291,A0340,2026-02-18 15:24:00,132.62,D_A0340,,0,1.1377401e-05,False,
T002262,A0428,2026-01-11 17:12:00,43.09,D_A0428,,0,1.1374874e-05,False,
T008829,A0178,2026-02-11 17:13:00,65.4,D_A0178,,0,1.1374874e-05,False,
T003273,A0222,2026-01-16 13:47:00,94.56,D_A0222,,0,1.13724445e-05,False,
T001443,A0222,2026-01-07 17:32:00,77.99,D_A0222,,0,1.13724445e-05,False,
T012492,A0100,2026-03-01 15:57:00,105.35,D_A0100,,0,1.1367738e-05,False,
T011462,A0128,2026-02-24 12:41:00,202.42,D_A0128,,0,1.1354162e-05,False,
T006931,A0042,2026-02-02 19:08:00,103.23,D_A0042,,0,1.1352506e-05,False,
T010231,A0140,2026-02-18 12:29:00,208.61,D_A0140,,0,1.1345049e-05,False,
T009492,A0224,2026-02-14 20:50:00,78.31,D_A0224,,0,1.1343285e-05,False,
T008939,A0488,2026-02-12 12:01:00,61.75,D_A0488,,0,1.1337748e-05,False,
T000697,A0218,2026-01-04 12:35:00,22.53,D_A0218,,0,1.1337748e-05,False,
T011061,A0384,2026-02-22 12:28:00,42.2,D_A0384,,0,1.1337748e-05,False,
T005761,A0249,2026-01-28 12:46:00,14.38,D_A0249,,0,1.1337748e-05,False,
T010636,A0357,2026-02-20 12:13:00,46.38,D_A0357,,0,1.1337748e-05,False,
T008098,A0001,2026-02-08 12:17:00,64.3,D_A0001,,0,1.1337748e-05,False,
T008568,A0125,2026-02-10 13:19:00,58.77,D_A0125,,0,1.1332657e-05,False,
T005846,A0002,2026-01-28 18:09:00,44.92,D_A0002,,0,1.1332657e-05,False,
T006866,A0125,2026-02-02 15:13:00,60.28,D_A0125,,0,1.1332657e-05,False,
T010487,A0385,2026-02-19 15:46:00,29.0,D_A0385,,0,1.1324738e-05,False,
T004642,A0204,2026-01-22 21:22:00,28.61,D_A0204,,0,1.1324738e-05,False,
T010701,A0186,2026-02-20 14:48:00,32.54,D_A0186,,0,1.1324738e-05,False,
T001405,A0001,2026-01-07 14:59:00,57.95,D_A0001,,0,1.1324738e-05,False,
T004324,A0125,2026-01-21 13:58:00,34.31,D_A0125,,0,1.1324738e-05,False,
T005454,A0186,2026-01-26 20:36:00,11.13,D_A0186,,0,1.1324738e-05,False,
T007693,A0408,2026-02-06 13:06:00,40.95,D_A0408,,0,1.1324738e-05,False,
T004328,A0385,2026-01-21 14:10:00,17.62,D_A0385,,0,1.1324738e-05,False,
T008198,A0001,2026-02-08 16:26:00,60.04,D_A0001,,0,1.1324738e-05,False,
T005131,A0001,2026-01-25 13:40:00,58.12,D_A0001,,0,1.1324738e-05,False,
T005138,A0408,2026-01-25 14:12:00,33.99,D_A0408,,0,1.1324738e-05,False,
T005453,A0125,2026-01-26 19:52:00,22.74,D_A0125,,0,1.1324738e-05,False,
T010029,A0430,2026-02-17 13:36:00,65.14,D_A0430,,0,1.1324738e-05,False,
T010712,A0385,2026-02-20 15:24:00,22.57,D_A0385,,0,1.1324738e-05,False,
T003938,A0313,2026-01-19 13:20:00,16.34,D_A0313,,0,1.1324738e-05,False,
T001819,A0357,2026-01-09 16:16:00,37.79,D_A0357,,0,1.1324738e-05,False,
T006168,A0488,2026-01-30 13:14:00,55.53,D_A0488,,0,1.1324738e-05,False,
T001147,A0100,2026-01-06 14:12:00,62.27,D_A0100,,0,1.1324738e-05,False,
T011492,A0125,2026-02-24 14:20:00,37.99,D_A0125,,0,1.1324738e-05,False,
T011479,A0246,2026-02-24 13:44:00,22.89,D_A0246,,0,1.1324738e-05,False,
T007570,A0488,2026-02-05 19:09:00,47.27,D_A0488,,0,1.1324738e-05,False,
T003812,A0186,2026-01-18 17:44:00,16.27,D_A0186,,0,1.1324738e-05,False,
T008441,A0000,2026-02-09 19:08:00,34.81,D_A0000,,0,1.1324738e-05,False,
T005968,A0021,2026-01-29 13:28:00,30.45,D_A0021,,0,1.1324738e-05,False,
T005598,A0374,2026-01-27 15:11:00,47.42,D_A0374,,0,1.1324738e-05,False,
T001991,A0100,2026-01-10 14:29:00,52.74,D_A0100,,0,1.1324738e-05,False,
T010874,A0001,2026-02-21 13:06:00,69.96,D_A0001,,0,1.1324738e-05,False,
T008636,A0385,2026-02-10 17:26:00,23.48,D_A0385,,0,1.1324738e-05,False,
T005963,A0209,2026-01-29 13:13:00,19.56,D_A0209,,0,1.1324738e-05,False,
T008815,A0125,2026-02-11 16:08:00,42.05,D_A0125,,0,1.1324738e-05,False,
T005427,A0357,2026-01-26 17:27:00,41.91,D_A0357,,0,1.1324738e-05,False,
T006068,A0357,2026-01-29 20:43:00,42.05,D_A0357,,0,1.1324738e-05,False,
T000529,A0488,2026-01-03 15:19:00,50.8,D_A0488,,0,1.1324738e-05,False,
T010974,A0001,2026-02-21 19:40:00,23.52,D_A0001,,0,1.1324738e-05,False,
T001450,A0218,2026-01-07 18:05:00,9.08,D_A0218,,0,1.1324738e-05,False,
T012499,A0374,2026-03-01 16:27:00,73.7,D_A0374,,0,1.1324738e-05,False,
T004195,A0021,2026-01-20 17:06:00,33.63,D_A0021,,0,1.1324738e-05,False,
T010767,A0374,2026-02-20 18:52:00,50.62,D_A0374,,0,1.1324738e-05,False,
T001194,A0145,2026-01-06 16:09:00,45.36,D_A0145,,0,1.1324738e-05,False,
T007551,A0357,2026-02-05 17:42:00,28.87,D_A0357,,0,1.1324738e-05,False,
T005169,A0328,2026-01-25 16:13:00,82.57,D_A0328,,0,1.1324738e-05,False,
T002064,A0412,2026-01-10 18:54:00,39.15,D_A0412,,0,1.1324738e-05,False,
T007119,A0246,2026-02-03 16:47:00,34.22,D_A0246,,0,1.1324738e-05,False,
T001833,A0015,2026-01-09 16:51:00,33.93,D_A0015,,0,1.1324738e-05,False,
T000475,A0328,2026-01-03 12:06:00,103.59,D_A0328,,0,1.1317266e-05,False,
T003914,A0405,2026-01-19 12:09:00,74.35,D_A0405,,0,1.1302414e-05,False,
T001739,A0102,2026-01-09 12:17:00,124.2,D_FAM_7,,0,1.1301186e-05,False,
T000768,A0403,2026-01-04 15:46:00,53.8,D_A0403,,0,1.1294441e-05,False,
T008592,A0161,2026-02-10 14:50:00,98.15,D_A0161,,0,1.1294441e-05,False,
T011478,A0330,2026-02-24 13:41:00,55.35,D_A0330,,0,1.1294441e-05,False,
T005977,A0044,2026-01-29 14:08:00,57.21,D_A0044,,0,1.1294441e-05,False,
T010292,A0133,2026-02-18 15:25:00,85.28,D_A0133,,0,1.1294441e-05,False,
T007553,A0066,2026-02-05 17:59:00,98.85,D_A0066,,0,1.1294441e-05,False,
T001658,A0066,2026-01-08 18:20:00,101.09,D_A0066,,0,1.1294441e-05,False,
T002827,A0331,2026-01-14 13:35:00,76.55,D_A0331,,0,1.1294441e-05,False,
T010935,A0405,2026-02-21 16:31:00,73.16,D_A0405,,0,1.1289444e-05,False,
T011033,A0164,2026-02-22 10:50:00,44.56,D_A0164,,0,1.1279543e-05,False,
T004487,A0134,2026-01-22 12:18:00,78.49,D_A0134,,0,1.12347225e-05,False,
T005114,A0196,2026-01-25 12:44:00,92.1,D_A0196,,0,1.1226872e-05,False,
T001742,A0198,2026-01-09 12:27:00,58.31,D_A0198,,0,1.1226872e-05,False,
T001353,A0162,2026-01-07 12:56:00,79.9,D_A0162,,0,1.1226872e-05,False,
T006821,A0047,2026-02-02 12:34:00,23.91,D_A0047,,0,1.1226872e-05,False,
T003919,A0428,2026-01-19 12:19:00,38.14,D_A0428,,0,1.1226872e-05,False,
T010860,A0423,2026-02-21 12:33:00,19.85,D_A0423,,0,1.1226872e-05,False,
T011057,A0400,2026-02-22 12:10:00,79.13,D_A0400,,0,1.1226872e-05,False,
T003024,A0145,2026-01-15 12:04:00,29.64,D_A0145,,0,1.1226872e-05,False,
T007432,A0213,2026-02-05 12:10:00,78.99,D_A0213,,0,1.1226872e-05,False,
T000915,A0239,2026-01-05 12:36:00,20.73,D_A0239,,0,1.1226872e-05,False,
T005936,A0327,2026-01-29 12:03:00,47.76,D_A0327,,0,1.1226872e-05,False,
T000285,A0327,2026-01-02 12:51:00,23.47,D_A0327,,0,1.1226872e-05,False,
T002159,A0220,2026-01-11 12:36:00,19.8,D_A0220,,0,1.1226872e-05,False,
T006118,A0379,2026-01-30 10:17:00,75.92,D_A0379,,0,1.1226498e-05,False,
T010085,A0395,2026-02-17 16:25:00,68.15,D_A0395,,0,1.122183e-05,False,
T006713,A0134,2026-02-01 19:54:00,86.78,D_A0134,,0,1.122183e-05,False,
T006628,A0373,2026-02-01 14:49:00,9.62,D_A0373,,0,1.1213989e-05,False,
T001013,A0462,2026-01-05 18:19:00,55.77,D_A0462,,0,1.1213989e-05,False,
T006660,A0418,2026-02-01 16:46:00,49.61,D_A0418,,0,1.1213989e-05,False,
T009873,A0005,2026-02-16 16:43:00,64.87,D_A0005,,0,1.1213989e-05,False,
T001023,A0257,2026-01-05 19:13:00,32.28,D_A0257,,0,1.1213989e-05,False,
T002815,A0288,2026-01-14 13:05:00,34.24,D_A0288,,0,1.1213989e-05,False,
T001594,A0445,2026-01-08 14:08:00,25.46,D_A0445,,0,1.1213989e-05,False,
T006622,A0280,2026-02-01 14:21:00,50.19,D_A0280,,0,1.1213989e-05,False,
T006030,A0423,2026-01-29 17:18:00,20.87,D_A0423,,0,1.1213989e-05,False,
T011350,A0427,2026-02-23 17:30:00,32.08,D_A0427,,0,1.1213989e-05,False,
T002250,A0145,2026-01-11 16:44:00,40.31,D_A0145,,0,1.1213989e-05,False,
T006852,A0423,2026-02-02 14:19:00,12.07,D_A0423,,0,1.1213989e-05,False,
T008249,A0423,2026-02-08 21:33:00,23.18,D_A0423,,0,1.1213989e-05,False,
T001446,A0280,2026-01-07 17:44:00,58.27,D_A0280,,0,1.1213989e-05,False,
T003942,A0428,2026-01-19 13:32:00,58.28,D_A0428,,0,1.1213989e-05,False,
T006855,A0247,2026-02-02 14:36:00,68.77,D_A0247,,0,1.1213989e-05,False,
T004403,A0239,2026-01-21 18:51:00,23.95,D_A0239,,0,1.1213989e-05,False,
T003513,A0288,2026-01-17 13:48:00,22.81,D_A0288,,0,1.1213989e-05,False,
T005382,A0373,2026-01-26 14:59:00,12.89,D_A0373,,0,1.1213989e-05,False,
T000515,A0176,2026-01-03 14:39:00,14.34,D_A0176,,0,1.1213989e-05,False,
T003367,A0145,2026-01-16 18:28:00,56.92,D_A0145,,0,1.1213989e-05,False,
T009038,A0327,2026-02-12 17:29:00,37.49,D_A0327,,0,1.1213989e-05,False,
T011703,A0400,2026-02-25 15:25:00,45.35,D_A0400,,0,1.1213989e-05,False,
T008349,A0239,2026-02-09 13:19:00,27.39,D_A0239,,0,1.1213989e-05,False,
T005788,A0162,2026-01-28 14:32:00,37.04,D_A0162,,0,1.1213989e-05,False,
T011358,A0428,2026-02-23 18:48:00,69.4,D_A0428,,0,1.1213989e-05,False,
T003741,A0145,2026-01-18 13:53:00,84.44,D_A0145,,0,1.1213989e-05,False,
T000825,A0005,2026-01-04 19:55:00,31.17,D_A0005,,0,1.1213989e-05,False,
T002404,A0427,2026-01-12 13:29:00,12.59,D_A0427,,0,1.1213989e-05,False,
T003371,A0427,2026-01-16 18:49:00,23.88,D_A0427,,0,1.1213989e-05,False,
T009640,A0239,2026-02-15 16:12:00,17.85,D_A0239,,0,1.1213989e-05,False,
T009405,A0040,2026-02-14 14:27:00,33.75,D_A0040,,0,1.1213989e-05,False,
T008579,A0239,2026-02-10 14:12:00,16.86,D_A0239,,0,1.1213989e-05,False,
T012223,A0423,2026-02-28 13:13:00,19.81,D_A0423,,0,1.1213989e-05,False,
T005229,A0155,2026-01-25 20:56:00,29.12,D_A0155,,0,1.1213989e-05,False,
T007502,A0445,2026-02-05 15:26:00,48.55,D_A0445,,0,1.1213989e-05,False,
T010449,A0145,2026-02-19 13:54:00,82.5,D_A0145,,0,1.1213989e-05,False,
T006884,A0427,2026-02-02 15:47:00,32.99,D_A0427,,0,1.1213989e-05,False,
T003838,A0462,2026-01-18 21:41:00,23.98,D_A0462,,0,1.1213989e-05,False,
T010947,A0257,2026-02-21 17:26:00,41.98,D_A0257,,0,1.1213989e-05,False,
T008227,A0040,2026-02-08 18:45:00,20.0,D_A0040,,0,1.1213989e-05,False,
T011523,A0462,2026-02-24 15:34:00,20.65,D_A0462,,0,1.1213989e-05,False,
T004411,A0134,2026-01-21 20:27:00,43.05,D_A0134,,0,1.1213989e-05,False,
T009166,A0327,2026-02-13 13:21:00,34.93,D_A0327,,0,1.1213989e-05,False,
T011855,A0327,2026-02-26 13:29:00,44.2,D_A0327,,0,1.1213989e-05,False,
T004769,A0423,2026-01-23 15:05:00,26.52,D_A0423,,0,1.1213989e-05,False,
T007278,A0368,2026-02-04 14:34:00,77.78,D_A0368,,0,1.1213989e-05,False,
T004345,A0400,2026-01-21 15:13:00,45.55,D_A0400,,0,1.1213989e-05,False,
T002512,A0288,2026-01-12 19:14:00,34.16,D_A0288,,0,1.1213989e-05,False,
T010773,A0200,2026-02-20 19:45:00,83.63,D_A0200,,0,1.1213989e-05,False,
T004135,A0418,2026-01-20 13:57:00,40.47,D_A0418,,0,1.1213989e-05,False,
T010290,A0348,2026-02-18 15:22:00,45.46,D_A0348,,0,1.1213989e-05,False,
T001842,A0348,2026-01-09 17:44:00,34.56,D_A0348,,0,1.1213989e-05,False,
T011294,A0423,2026-02-23 13:22:00,11.35,D_A0423,,0,1.1213989e-05,False,
T004966,A0348,2026-01-24 15:30:00,42.73,D_A0348,,0,1.1213989e-05,False,
T001676,A0155,2026-01-08 20:55:00,32.08,D_A0155,,0,1.1213989e-05,False,
T009395,A0418,2026-02-14 13:48:00,36.95,D_A0418,,0,1.1213989e-05,False,
T004334,A0155,2026-01-21 14:34:00,47.91,D_A0155,,0,1.1213989e-05,False,
T007560,A0220,2026-02-05 18:33:00,23.13,D_A0220,,0,1.1213989e-05,False,
T004144,A0257,2026-01-20 14:24:00,56.07,D_A0257,,0,1.1213989e-05,False,
T005406,A0200,2026-01-26 16:03:00,73.24,D_A0200,,0,1.1213989e-05,False,
T009175,A0400,2026-02-13 13:56:00,68.11,D_A0400,,0,1.1213989e-05,False,
T006722,A0280,2026-02-01 20:39:00,64.54,D_A0280,,0,1.1213989e-05,False,
T010112,A0155,2026-02-17 17:38:00,47.92,D_A0155,,0,1.1213989e-05,False,
T007720,A0423,2026-02-06 14:00:00,22.85,D_A0423,,0,1.1213989e-05,False,
T002415,A0008,2026-01-12 14:01:00,17.91,D_A0008,,0,1.1213989e-05,False,
T002208,A0008,2026-01-11 14:26:00,23.64,D_A0008,,0,1.1213989e-05,False,
T003105,A0162,2026-01-15 16:19:00,45.19,D_A0162,,0,1.1213989e-05,False,
T012224,A0161,2026-02-28 13:13:00,103.98,D_A0161,,0,1.1210267e-05,False,
T010053,A0400,2026-02-17 14:50:00,101.53,D_A0400,,0,1.119373e-05,False,
T010333,A0005,2026-02-18 19:07:00,104.71,D_A0005,,0,1.119373e-05,False,
T012011,A0476,2026-02-27 11:28:00,135.52,D_A0476,,0,1.1193464e-05,False,
T005329,A0220,2026-01-26 12:33:00,73.7,D_A0220,,0,1.1191884e-05,False,
T009383,A0065,2026-02-14 13:20:00,123.51,D_A0065,,0,1.119104e-05,False,
T012476,A0268,2026-03-01 15:04:00,118.91,D_A0268,,0,1.1190486e-05,False,
T002247,A0351,2026-01-11 16:33:00,120.76,D_A0351,,0,1.1190486e-05,False,
T002352,A0199,2026-01-12 10:38:00,65.73,D_A0199,,0,1.1187807e-05,False,
T001433,A0157,2026-01-07 16:21:00,136.5,D_A0157,,0,1.1172668e-05,False,
T005209,A0016,2026-01-25 18:04:00,181.89,D_FAM_12,,0,1.1165701e-05,False,
T004034,A0110,2026-01-19 20:43:00,128.87,D_FAM_11,,0,1.1165328e-05,False,
T006819,A0320,2026-02-02 12:25:00,33.74,D_FAM_4,,0,1.1156749e-05,False,
T004630,A0215,2026-01-22 19:16:00,130.48,D_A0215,,0,1.1147082e-05,False,
T010732,A0199,2026-02-20 16:27:00,129.95,D_A0199,,0,1.1147082e-05,False,
T002184,A0485,2026-01-11 13:19:00,130.19,D_A0485,,0,1.1147082e-05,False,
T003577,A0355,2026-01-17 16:38:00,135.91,D_A0355,,0,1.1147082e-05,False,
T001249,A0087,2026-01-06 20:58:00,177.54,D_A0087,,0,1.1137848e-05,False,
T001376,A0087,2026-01-07 13:36:00,182.35,D_A0087,,0,1.1137848e-05,False,
T003975,A0321,2026-01-19 15:06:00,101.64,D_A0321,,0,1.1136265e-05,False,
T002150,A0292,2026-01-11 12:02:00,90.83,D_A0292,,0,1.1132357e-05,False,
T012296,A0333,2026-02-28 15:57:00,179.98,D_FAM_9,,0,1.1127667e-05,False,
T009479,A0332,2026-02-14 18:51:00,84.99,D_A0332,,0,1.1123825e-05,False,
T009230,A0292,2026-02-13 16:27:00,92.96,D_A0292,,0,1.1119583e-05,False,
T002878,A0302,2026-01-14 15:39:00,20.09,D_A0302,,0,1.1119583e-05,False,
T001207,A0218,2026-01-06 16:59:00,70.84,D_A0218,,0,1.1119583e-05,False,
T008589,A0444,2026-02-10 14:45:00,106.16,D_A0444,,0,1.1115808e-05,False,
T010349,A0049,2026-02-18 22:19:00,49.98,D_FAM_8,,0,1.1101453e-05,False,
T004699,A0461,2026-01-23 10:40:00,49.04,D_FAM_0,,0,1.1099474e-05,False,
T006668,A0217,2026-02-01 17:13:00,181.8,D_A0217,,0,1.1087889e-05,False,
T001774,A0011,2026-01-09 13:42:00,79.36,D_A0011,,0,1.1081409e-05,False,
T009748,A0188,2026-02-16 10:14:00,38.83,D_A0188,,0,1.1067711e-05,False,
T005285,A0381,2026-01-26 10:39:00,56.04,D_A0381,,0,1.1067711e-05,False,
T001512,R005,2026-01-08 10:34:00,51.74,D_R005,,0,1.1067711e-05,False,
T009608,A0315,2026-02-15 14:33:00,112.86,D_A0315,,0,1.1059787e-05,False,
T011076,A0173,2026-02-22 12:50:00,69.92,D_A0173,,0,1.10568235e-05,False,
T008743,A0331,2026-02-11 12:00:00,63.42,D_A0331,,0,1.10568235e-05,False,
T003715,A0336,2026-01-18 12:49:00,83.95,D_A0336,,0,1.10568235e-05,False,
T007247,A0374,2026-02-04 12:30:00,36.69,D_A0374,,0,1.10568235e-05,False,
T001342,A0166,2026-01-07 12:27:00,94.42,D_A0166,,0,1.10568235e-05,False,
T010418,A0225,2026-02-19 12:24:00,28.1,D_A0225,,0,1.10568235e-05,False,
T008110,A0007,2026-02-08 12:34:00,7.44,D_A0007,,0,1.10568235e-05,False,
T009997,A0207,2026-02-17 12:14:00,57.91,D_A0207,,0,1.10568235e-05,False,
T003927,A0225,2026-01-19 12:36:00,24.53,D_A0225,,0,1.10568235e-05,False,
T001954,A0256,2026-01-10 12:32:00,98.24,D_A0256,,0,1.10568235e-05,False,
T002373,A0225,2026-01-12 12:03:00,36.49,D_A0225,,0,1.10568235e-05,False,
T004109,A0393,2026-01-20 12:22:00,36.5,D_A0393,,0,1.10568235e-05,False,
T004492,A0225,2026-01-22 12:25:00,24.82,D_A0225,,0,1.10568235e-05,False,
T008967,A0393,2026-02-12 12:51:00,55.07,D_A0393,,0,1.10568235e-05,False,
T010692,A0013,2026-02-20 14:12:00,122.3,D_A0013,,0,1.10517e-05,False,
T007950,A0119,2026-02-07 15:35:00,188.69,D_A0119,,0,1.1050763e-05,False,
T005431,A0308,2026-01-26 18:01:00,49.86,D_A0308,,0,1.1044135e-05,False,
T003257,A0210,2026-01-16 13:04:00,69.21,D_A0210,,0,1.1044135e-05,False,
T005618,A0055,2026-01-27 15:59:00,15.54,D_A0055,,0,1.1044135e-05,False,
T009586,A0436,2026-02-15 13:28:00,70.15,D_A0436,,0,1.1044135e-05,False,
T008468,A0055,2026-02-09 23:33:00,12.33,D_A0055,,0,1.1044135e-05,False,
T007103,A0336,2026-02-03 16:08:00,99.59,D_A0336,,0,1.1044135e-05,False,
T008969,A0403,2026-02-12 13:00:00,75.39,D_A0403,,0,1.1044135e-05,False,
T002521,A0210,2026-01-12 21:37:00,77.61,D_A0210,,0,1.1044135e-05,False,
T004176,A0007,2026-01-20 16:12:00,29.55,D_A0007,,0,1.1044135e-05,False,
T004748,A0210,2026-01-23 14:08:00,58.46,D_A0210,,0,1.1044135e-05,False,
T001852,A0382,2026-01-09 18:33:00,52.3,D_A0382,,0,1.1044135e-05,False,
T009466,A0225,2026-02-14 17:39:00,31.52,D_A0225,,0,1.1044135e-05,False,
T012070,A0066,2026-02-27 15:12:00,54.82,D_A0066,,0,1.1044135e-05,False,
T005407,A0331,2026-01-26 16:17:00,64.88,D_A0331,,0,1.1044135e-05,False,
T009683,A0169,2026-02-15 19:32:00,46.68,D_A0169,,0,1.1044135e-05,False,
T006725,A0044,2026-02-01 21:18:00,54.52,D_A0044,,0,1.1044135e-05,False,
T004155,A0356,2026-01-20 14:54:00,39.91,D_A0356,,0,1.1044135e-05,False,
T006162,A0345,2026-01-30 13:03:00,57.81,D_A0345,,0,1.1044135e-05,False,
T006877,A0393,2026-02-02 15:37:00,66.96,D_A0393,,0,1.1044135e-05,False,
T008151,A0331,2026-02-08 14:42:00,39.92,D_A0331,,0,1.1044135e-05,False,
T006258,A0331,2026-01-30 18:05:00,40.59,D_A0331,,0,1.1044135e-05,False,
T010670,A0345,2026-02-20 13:14:00,30.48,D_A0345,,0,1.1044135e-05,False,
T011910,A0326,2026-02-26 16:01:00,76.16,D_A0326,,0,1.1044135e-05,False,
T009177,A0123,2026-02-13 13:58:00,88.1,D_A0123,,0,1.1044135e-05,False,
T012089,A0044,2026-02-27 16:28:00,61.47,D_A0044,,0,1.1044135e-05,False,
T001417,A0225,2026-01-07 15:33:00,27.61,D_A0225,,0,1.1044135e-05,False,
T003632,A0292,2026-01-17 21:47:00,45.67,D_A0292,,0,1.1044135e-05,False,
T006079,A0407,2026-01-29 23:08:00,74.47,D_A0407,,0,1.1044135e-05,False,
T007530,A0225,2026-02-05 16:42:00,25.96,D_A0225,,0,1.1044135e-05,False,
T005811,A0359,2026-01-28 15:39:00,54.2,D_A0359,,0,1.1044135e-05,False,
T002280,A0436,2026-01-11 18:42:00,51.39,D_A0436,,0,1.1044135e-05,False,
T006083,A0207,2026-01-29 23:57:00,70.11,D_A0207,,0,1.1044135e-05,False,
T010982,A0166,2026-02-21 20:18:00,99.72,D_A0166,,0,1.1044135e-05,False,
T010980,A0225,2026-02-21 20:12:00,37.77,D_A0225,,0,1.1044135e-05,False,
T010524,A0173,2026-02-19 18:24:00,62.17,D_A0173,,0,1.1044135e-05,False,
T003330,A0225,2026-01-16 16:29:00,17.6,D_A0225,,0,1.1044135e-05,False,
T005652,A0352,2026-01-27 18:04:00,26.59,D_A0352,,0,1.1044135e-05,False,
T008210,A0436,2026-02-08 17:05:00,57.08,D_A0436,,0,1.1044135e-05,False,
T003946,A0336,2026-01-19 14:12:00,92.74,D_A0336,,0,1.1044135e-05,False,
T012065,A0349,2026-02-27 14:55:00,96.51,D_A0349,,0,1.1044135e-05,False,
T011686,A0365,2026-02-25 14:39:00,20.38,D_A0365,,0,1.1044135e-05,False,
T007809,A0382,2026-02-06 19:29:00,75.03,D_A0382,,0,1.1044135e-05,False,
T011177,A0044,2026-02-22 17:51:00,44.9,D_A0044,,0,1.1044135e-05,False,
T006695,A0273,2026-02-01 18:16:00,65.71,D_A0273,,0,1.1044135e-05,False,
T012289,A0382,2026-02-28 15:50:00,68.41,D_A0382,,0,1.1044135e-05,False,
T011164,A0210,2026-02-22 17:10:00,67.04,D_A0210,,0,1.1044135e-05,False,
T000368,A0225,2026-01-02 17:18:00,23.13,D_A0225,,0,1.1044135e-05,False,
T004612,A0123,2026-01-22 17:25:00,89.53,D_A0123,,0,1.1044135e-05,False,
T007045,A0161,2026-02-03 13:01:00,78.48,D_A0161,,0,1.1044135e-05,False,
T012572,A0028,2026-03-01 23:13:00,30.12,D_A0028,,0,1.1044135e-05,False,
T009647,A0000,2026-02-15 16:31:00,131.34,D_A0000,,0,1.1043956e-05,False,
T001472,A0065,2026-01-07 21:54:00,122.6,D_A0065,,0,1.1036523e-05,False,
T001449,A0298,2026-01-07 18:04:00,121.97,D_A0298,,0,1.1036523e-05,False,
T009338,A0379,2026-02-14 10:15:00,68.49,D_A0379,,0,1.10332185e-05,False,
T002567,A0278,2026-01-13 10:30:00,68.31,D_A0278,,0,1.1029568e-05,False,
T010599,A0164,2026-02-20 10:28:00,23.16,D_A0164,,0,1.1029568e-05,False,
T006337,A0278,2026-01-31 10:18:00,57.55,D_A0278,,0,1.1029568e-05,False,
T011627,A0472,2026-02-25 10:53:00,71.3,D_A0472,,0,1.1029568e-05,False,
T006839,A0049,2026-02-02 13:34:00,103.8,D_FAM_8,,0,1.1023595e-05,False,
T009342,A0334,2026-02-14 10:58:00,104.03,D_A0334,,0,1.1022649e-05,False,
T008024,A0136,2026-02-07 22:35:00,97.95,D_FAM_0,,0,1.1020326e-05,False,
T008849,A0000,2026-02-11 19:30:00,131.91,D_A0000,,0,1.1014936e-05,False,
T007097,A0101,2026-02-03 15:51:00,103.52,D_A0101,,0,1.1011606e-05,False,
T010031,A0220,2026-02-17 13:42:00,89.91,D_A0220,,0,1.1010839e-05,False,
T006675,A0300,2026-02-01 17:31:00,75.35,D_FAM_12,,0,1.10101255e-05,False,
T003072,A0158,2026-01-15 14:34:00,73.47,D_A0158,,0,1.0993475e-05,False,
T009911,A0133,2026-02-16 19:55:00,78.12,D_A0133,,0,1.0993475e-05,False,
T010716,A0352,2026-02-20 15:33:00,49.51,D_A0352,,0,1.0993475e-05,False,
T005388,A0073,2026-01-26 15:21:00,100.62,D_A0073,,0,1.0993475e-05,False,
T002387,A0169,2026-01-12 13:00:00,35.17,D_A0169,,0,1.0993475e-05,False,
T012113,A0331,2026-02-27 18:46:00,75.75,D_A0331,,0,1.0993475e-05,False,
T007127,A0393,2026-02-03 17:15:00,80.58,D_A0393,,0,1.0993475e-05,False,
T009487,A0356,2026-02-14 19:46:00,64.72,D_A0356,,0,1.0993475e-05,False,
T003504,A0091,2026-01-17 13:30:00,140.98,D_A0091,,0,1.0983006e-05,False,
T003469,A0272,2026-01-17 11:25:00,46.1,D_FAM_14,,0,1.0980337e-05,False,
T000746,A0261,2026-01-04 14:41:00,61.58,D_A0261,,0,1.0973165e-05,False,
T011705,A0315,2026-02-25 15:26:00,66.46,D_A0315,PAYEE_A0315,0,1.0961964e-05,False,
T001845,A0292,2026-01-09 17:47:00,71.02,D_A0292,,0,1.0958576e-05,False,
T002241,A0104,2026-01-11 16:17:00,147.5,D_A0104,,0,1.0952506e-05,False,
T007698,A0494,2026-02-06 13:18:00,144.4,D_A0494,,0,1.0952506e-05,False,
T007792,A0474,2026-02-06 18:18:00,186.18,D_A0474,,0,1.0952213e-05,False,
T001114,A0077,2026-01-06 12:35:00,44.85,D_A0077,,0,1.0944885e-05,False,
T012427,A0186,2026-03-01 12:30:00,50.02,D_A0186,,0,1.0940699e-05,False,
T003691,A0087,2026-01-18 11:42:00,143.92,D_A0087,,0,1.0929937e-05,False,
T008326,A0415,2026-02-09 12:33:00,48.07,D_A0415,,0,1.092456e-05,False,
T009577,A0046,2026-02-15 12:54:00,36.04,D_A0046,,0,1.092456e-05,False,
T004823,A0209,2026-01-23 20:55:00,35.08,D_A0209,,0,1.0912024e-05,False,
T008973,A0454,2026-02-12 13:15:00,34.03,D_A0454,,0,1.0912024e-05,False,
T006457,A0046,2026-01-31 17:08:00,30.16,D_A0046,,0,1.0912024e-05,False,
T008396,A0454,2026-02-09 15:39:00,34.63,D_A0454,,0,1.0912024e-05,False,
T009426,A0415,2026-02-14 15:01:00,47.81,D_A0415,,0,1.0912024e-05,False,
T009629,A0125,2026-02-15 15:31:00,54.64,D_A0125,,0,1.0912024e-05,False,
T003101,A0405,2026-01-15 16:10:00,61.26,D_A0405,,0,1.0912024e-05,False,
T009418,A0002,2026-02-14 14:48:00,45.83,D_A0002,,0,1.0912024e-05,False,
T009921,A0415,2026-02-16 21:36:00,42.78,D_A0415,,0,1.0912024e-05,False,
T011670,A0046,2026-02-25 13:34:00,37.48,D_A0046,,0,1.0912024e-05,False,
T007169,A0454,2026-02-03 21:14:00,32.83,D_A0454,,0,1.0912024e-05,False,
T006831,A0415,2026-02-02 13:11:00,45.87,D_A0415,,0,1.0912024e-05,False,
T005090,A0448,2026-01-25 11:45:00,119.94,D_A0448,,0,1.0888863e-05,False,
T000726,A0443,2026-01-04 13:29:00,157.01,D_A0443,,0,1.0872374e-05,False,
T004215,A0443,2026-01-20 19:41:00,157.67,D_A0443,,0,1.0872374e-05,False,
T002693,A0186,2026-01-13 17:49:00,43.42,D_A0186,,0,1.0870415e-05,False,
T012491,A0021,2026-03-01 15:50:00,62.03,D_A0021,,0,1.0870415e-05,False,
T002282,A0405,2026-01-11 18:49:00,74.15,D_A0405,,0,1.0870415e-05,False,
T006245,A0405,2026-01-30 16:51:00,80.29,D_A0405,,0,1.0870415e-05,False,
T005195,A0239,2026-01-25 17:29:00,52.63,D_A0239,,0,1.0870415e-05,False,
T012232,A0395,2026-02-28 13:27:00,125.31,D_A0395,,0,1.08562945e-05,False,
T005380,A0330,2026-01-26 14:55:00,65.91,D_A0330,,0,1.085141e-05,False,
T011498,A0408,2026-02-24 14:29:00,77.36,D_A0408,,0,1.0823277e-05,False,
T012529,A0047,2026-03-01 17:53:00,45.69,D_A0047,,0,1.08212735e-05,False,
T005604,A0386,2026-01-27 15:42:00,48.99,D_A0386,,0,1.08212735e-05,False,
T009364,A0400,2026-02-14 12:25:00,92.32,D_A0400,,0,1.0817725e-05,False,
T011857,A0480,2026-02-26 13:36:00,104.4,D_FAM_6,,0,1.0806197e-05,False,
T008649,A0134,2026-02-10 18:46:00,72.29,D_A0134,,0,1.0805311e-05,False,
T009057,A0330,2026-02-12 18:36:00,60.58,D_A0330,,0,1.0805311e-05,False,
T005139,A0327,2026-01-25 14:14:00,56.28,D_A0327,,0,1.0805311e-05,False,
T005564,A0134,2026-01-27 13:35:00,76.5,D_A0134,,0,1.0805311e-05,False,
T008012,A0330,2026-02-07 19:33:00,56.73,D_A0330,,0,1.0805311e-05,False,
T004780,A0373,2026-01-23 15:56:00,22.07,D_A0373,,0,1.0805311e-05,False,
T005607,A0327,2026-01-27 15:44:00,58.05,D_A0327,,0,1.0805311e-05,False,
T001224,A0261,2026-01-06 17:56:00,104.37,D_A0261,,0,1.0786685e-05,False,
T011940,A0192,2026-02-26 17:29:00,158.79,D_A0192,,0,1.0786521e-05,False,
T003685,A0188,2026-01-18 11:14:00,103.54,D_A0188,,0,1.078611e-05,False,
T007015,A0199,2026-02-03 11:14:00,121.78,D_A0199,,0,1.0776486e-05,False,
T006433,A0065,2026-01-31 15:53:00,119.19,D_A0065,,0,1.0775129e-05,False,
T006075,A0495,2026-01-29 21:28:00,109.09,D_A0495,,0,1.0775129e-05,False,
T010240,A0128,2026-02-18 12:54:00,189.81,D_A0128,,0,1.0768647e-05,False,
T005167,A0427,2026-01-25 16:06:00,67.74,D_A0427,,0,1.0764109e-05,False,
T008142,A0107,2026-02-08 14:15:00,60.66,D_A0107,,0,1.0764109e-05,False,
T004395,A0386,2026-01-21 18:15:00,35.47,D_A0386,,0,1.0764109e-05,False,
T009190,A0386,2026-02-13 14:22:00,53.72,D_A0386,,0,1.0764109e-05,False,
T006367,A0052,2026-01-31 12:43:00,68.32,D_A0052,,0,1.076219e-05,False,
T008333,A0383,2026-02-09 12:48:00,78.57,D_A0383,,0,1.076219e-05,False,
T007899,A0331,2026-02-07 12:53:00,40.96,D_A0331,,0,1.076219e-05,False,
T006160,A0182,2026-01-30 12:55:00,65.41,D_FAM_8,,0,1.0758516e-05,False,
T005452,A0064,2026-01-26 19:51:00,63.64,D_A0064,,0,1.074984e-05,False,
T010498,A0383,2026-02-19 16:16:00,64.86,D_A0383,,0,1.074984e-05,False,
T000826,A0258,2026-01-04 20:08:00,80.73,D_A0258,,0,1.074984e-05,False,
T012486,A0308,2026-03-01 15:33:00,53.39,D_A0308,,0,1.074984e-05,False,
T005856,A0352,2026-01-28 19:40:00,42.05,D_A0352,,0,1.074984e-05,False,
T006899,A0273,2026-02-02 16:42:00,64.14,D_A0273,,0,1.074984e-05,False,
T009422,A0052,2026-02-14 14:52:00,41.67,D_A0052,,0,1.074984e-05,False,
T012454,A0169,2026-03-01 14:13:00,62.97,D_A0169,,0,1.074984e-05,False,
T000504,A0331,2026-01-03 14:08:00,68.59,D_A0331,,0,1.074984e-05,False,
T007981,A0010,2026-02-07 17:31:00,19.69,D_A0010,,0,1.074984e-05,False,
T000567,A0331,2026-01-03 17:01:00,57.17,D_A0331,,0,1.074984e-05,False,
T009922,A0365,2026-02-16 22:31:00,89.46,D_A0365,,0,1.074984e-05,False,
T004348,A0331,2026-01-21 15:17:00,70.0,D_A0331,,0,1.074984e-05,False,
T007531,A0331,2026-02-05 16:48:00,59.19,D_A0331,,0,1.074984e-05,False,
T010717,A0356,2026-02-20 15:33:00,51.63,D_A0356,,0,1.074984e-05,False,
T000803,A0331,2026-01-04 17:31:00,60.7,D_A0331,,0,1.074984e-05,False,
T003958,A0060,2026-01-19 14:33:00,134.72,D_A0060,,0,1.0749665e-05,False,
T003150,A0471,2026-01-15 19:13:00,60.12,D_A0471,,0,1.074694e-05,False,
T011360,A0182,2026-02-23 18:59:00,18.56,D_FAM_8,,0,1.074617e-05,False,
T010232,A0239,2026-02-18 12:35:00,67.59,D_A0239,,0,1.0729744e-05,False,
T008952,A0288,2026-02-12 12:19:00,88.67,D_A0288,,0,1.0729744e-05,False,
T006009,A0004,2026-01-29 15:57:00,60.28,D_A0004,PAYEE_A0004,0,1.0723197e-05,False,
T010669,A0003,2026-02-20 13:13:00,156.28,D_A0003,,0,1.0708788e-05,False,
T002457,A0277,2026-01-12 15:48:00,185.06,D_A0277,,0,1.0694388e-05,False,
T004921,A0138,2026-01-24 12:47:00,40.12,D_A0138,,0,1.0682452e-05,False,
T000706,A0328,2026-01-04 12:43:00,82.73,D_A0328,,0,1.0682452e-05,False,
T006359,A0415,2026-01-31 12:09:00,32.21,D_A0415,,0,1.0682452e-05,False,
T003492,A0355,2026-01-17 12:49:00,39.59,D_A0355,,0,1.0682452e-05,False,
T009787,A0249,2026-02-16 12:19:00,9.33,D_A0249,,0,1.0682452e-05,False,
T008100,A0246,2026-02-08 12:17:00,42.89,D_A0246,,0,1.0682452e-05,False,
T008750,A0391,2026-02-11 12:25:00,28.8,D_A0391,,0,1.0682452e-05,False,
T012423,A0391,2026-03-01 12:16:00,6.98,D_A0391,,0,1.0682452e-05,False,
T008103,A0075,2026-02-08 12:23:00,83.86,D_A0075,,0,1.0682452e-05,False,
T005117,A0328,2026-01-25 12:53:00,83.22,D_A0328,,0,1.0682452e-05,False,
T009573,A0270,2026-02-15 12:40:00,77.0,D_A0270,,0,1.0682452e-05,False,
T003042,A0340,2026-01-15 13:17:00,127.05,D_A0340,,0,1.06804455e-05,False,
T000752,A0442,2026-01-04 15:00:00,69.42,D_A0442,,0,1.0670193e-05,False,
T005644,A0329,2026-01-27 17:15:00,48.25,D_A0329,,0,1.0670193e-05,False,
T005368,A0412,2026-01-26 14:37:00,41.41,D_A0412,,0,1.0670193e-05,False,
T009897,A0454,2026-02-16 18:36:00,25.51,D_A0454,,0,1.0670193e-05,False,
T004374,A0071,2026-01-21 16:44:00,66.48,D_A0071,,0,1.0670193e-05,False,
T009195,A0247,2026-02-13 14:27:00,40.29,D_A0247,,0,1.0670193e-05,False,
T010242,A0226,2026-02-18 13:05:00,40.98,D_A0226,,0,1.0670193e-05,False,
T006475,A0412,2026-01-31 18:16:00,56.04,D_A0412,,0,1.0670193e-05,False,
T008971,A0101,2026-02-12 13:01:00,46.5,D_A0101,,0,1.0670193e-05,False,
T009885,A0046,2026-02-16 17:35:00,30.85,D_A0046,,0,1.0670193e-05,False,
T007928,A0405,2026-02-07 14:21:00,27.7,D_A0405,,0,1.0670193e-05,False,
T000822,A0249,2026-01-04 19:45:00,12.98,D_A0249,,0,1.0670193e-05,False,
T006865,A0204,2026-02-02 15:12:00,41.88,D_A0204,,0,1.0670193e-05,False,
T001791,A0183,2026-01-09 14:46:00,19.54,D_A0183,,0,1.0670193e-05,False,
T005776,A0454,2026-01-28 13:27:00,8.73,D_A0454,,0,1.0670193e-05,False,
T011896,A0046,2026-02-26 15:29:00,31.48,D_A0046,,0,1.0670193e-05,False,
T010666,A0371,2026-02-20 13:06:00,46.02,D_A0371,,0,1.0670193e-05,False,
T006721,A0430,2026-02-01 20:35:00,61.01,D_A0430,,0,1.0670193e-05,False,
T011909,A0004,2026-02-26 16:00:00,16.92,D_A0004,,0,1.0670193e-05,False,
T005573,A0246,2026-01-27 13:58:00,45.82,D_A0246,,0,1.0670193e-05,False,
T002292,A0329,2026-01-11 20:12:00,35.58,D_A0329,,0,1.0670193e-05,False,
T004407,A0249,2026-01-21 19:12:00,16.06,D_A0249,,0,1.0670193e-05,False,
T012481,A0329,2026-03-01 15:15:00,33.37,D_A0329,,0,1.0670193e-05,False,
T005173,A0071,2026-01-25 16:25:00,43.96,D_A0071,,0,1.0670193e-05,False,
T003259,A0218,2026-01-16 13:11:00,17.83,D_A0218,,0,1.0670193e-05,False,
T003987,A0071,2026-01-19 15:26:00,53.21,D_A0071,,0,1.0670193e-05,False,
T008846,A0101,2026-02-11 18:50:00,70.9,D_A0101,,0,1.0670193e-05,False,
T003963,A0430,2026-01-19 14:48:00,86.12,D_A0430,,0,1.0670193e-05,False,
T010520,A0355,2026-02-19 17:45:00,47.12,D_A0355,,0,1.0670193e-05,False,
T009242,A0355,2026-02-13 17:04:00,36.48,D_A0355,,0,1.0670193e-05,False,
T011162,A0002,2026-02-22 17:01:00,35.63,D_A0002,,0,1.0670193e-05,False,
T010048,A0246,2026-02-17 14:41:00,28.38,D_A0246,,0,1.0670193e-05,False,
T010056,A0329,2026-02-17 14:58:00,35.21,D_A0329,,0,1.0670193e-05,False,
T000999,A0329,2026-01-05 16:59:00,56.31,D_A0329,,0,1.0670193e-05,False,
T001610,A0405,2026-01-08 15:32:00,36.53,D_A0405,,0,1.0670193e-05,False,
T005815,A0411,2026-01-28 15:54:00,74.94,D_A0411,,0,1.0670193e-05,False,
T011308,A0412,2026-02-23 14:38:00,40.51,D_A0412,,0,1.0670193e-05,False,
T012453,A0442,2026-03-01 14:12:00,63.01,D_A0442,,0,1.0670193e-05,False,
T009668,A0355,2026-02-15 17:38:00,32.5,D_A0355,,0,1.0670193e-05,False,
T004826,A0047,2026-01-23 21:16:00,20.76,D_A0047,,0,1.0670193e-05,False,
T002252,A0415,2026-01-11 16:50:00,50.47,D_A0415,,0,1.0670193e-05,False,
T010780,A0249,2026-02-20 21:49:00,19.79,D_A0249,,0,1.0670193e-05,False,
T010252,A0391,2026-02-18 13:26:00,25.92,D_A0391,,0,1.0670193e-05,False,
T006911,A0193,2026-02-02 17:40:00,96.83,D_A0193,,0,1.0670193e-05,False,
T009385,A0042,2026-02-14 13:28:00,63.43,D_A0042,,0,1.0670193e-05,False,
T008662,A0454,2026-02-10 20:43:00,26.07,D_A0454,,0,1.0670193e-05,False,
T011740,A0002,2026-02-25 18:18:00,37.52,D_A0002,,0,1.0670193e-05,False,
T002234,A0430,2026-01-11 15:55:00,62.95,D_A0430,,0,1.0670193e-05,False,
T004763,A0415,2026-01-23 14:55:00,41.25,D_A0415,,0,1.0670193e-05,False,
T009034,A0138,2026-02-12 17:13:00,33.65,D_A0138,,0,1.0670193e-05,False,
T010869,A0101,2026-02-21 13:01:00,56.75,D_A0101,,0,1.0670193e-05,False,
T001993,A0249,2026-01-10 14:31:00,18.38,D_A0249,,0,1.0670193e-05,False,
T002638,A0415,2026-01-13 14:18:00,47.53,D_A0415,,0,1.0670193e-05,False,
T006933,A0232,2026-02-02 19:28:00,44.22,D_A0232,,0,1.0670193e-05,False,
T001637,A0125,2026-01-08 16:56:00,33.01,D_A0125,,0,1.0670193e-05,False,
T002634,A0218,2026-01-13 13:58:00,30.81,D_A0218,,0,1.0670193e-05,False,
T002900,A0270,2026-01-14 17:08:00,92.74,D_A0270,,0,1.0670193e-05,False,
T012246,A0430,2026-02-28 13:42:00,72.71,D_A0430,,0,1.0670193e-05,False,
T007726,A0405,2026-02-06 14:37:00,32.52,D_A0405,,0,1.0670193e-05,False,
T000508,A0391,2026-01-03 14:15:00,30.87,D_A0391,,0,1.0670193e-05,False,
T002031,A0329,2026-01-10 16:38:00,37.02,D_A0329,,0,1.0670193e-05,False,
T009488,A0442,2026-02-14 19:49:00,55.85,D_A0442,,0,1.0670193e-05,False,
T003566,A0101,2026-01-17 16:13:00,92.56,D_A0101,,0,1.0670193e-05,False,
T000509,A0125,2026-01-03 14:18:00,60.66,D_A0125,,0,1.0670193e-05,False,
T008204,A0246,2026-02-08 16:47:00,37.74,D_A0246,,0,1.0670193e-05,False,
T011195,A0411,2026-02-22 19:59:00,80.46,D_A0411,,0,1.0670193e-05,False,
T008195,A0405,2026-02-08 16:19:00,39.86,D_A0405,,0,1.0670193e-05,False,
T009041,A0354,2026-02-12 17:49:00,39.89,D_A0354,,0,1.0670193e-05,False,
T002844,A0405,2026-01-14 14:02:00,33.69,D_A0405,,0,1.0670193e-05,False,
T005821,A0246,2026-01-28 16:03:00,37.73,D_A0246,,0,1.0670193e-05,False,
T010124,A0101,2026-02-17 19:29:00,75.35,D_A0101,,0,1.0670193e-05,False,
T009609,A0391,2026-02-15 14:36:00,20.96,D_A0391,,0,1.0670193e-05,False,
T003129,A0270,2026-01-15 17:41:00,67.13,D_A0270,,0,1.0670193e-05,False,
T004540,A0329,2026-01-22 14:36:00,41.2,D_A0329,,0,1.0670193e-05,False,
T005130,A0412,2026-01-25 13:40:00,95.54,D_A0412,,0,1.0670193e-05,False,
T003272,A0415,2026-01-16 13:43:00,38.45,D_A0415,,0,1.0670193e-05,False,
T000812,A0411,2026-01-04 18:21:00,43.65,D_A0411,,0,1.0670193e-05,False,
T001382,A0042,2026-01-07 14:00:00,89.77,D_A0042,,0,1.0670193e-05,False,
T004524,A0355,2026-01-22 13:42:00,39.33,D_A0355,,0,1.0670193e-05,False,
T010019,A0405,2026-02-17 13:05:00,42.33,D_A0405,,0,1.0670193e-05,False,
T009909,A0405,2026-02-16 19:45:00,46.63,D_A0405,,0,1.0670193e-05,False,
T004765,A0355,2026-01-23 14:57:00,46.78,D_A0355,,0,1.0670193e-05,False,
T002187,A0374,2026-01-11 13:31:00,63.33,D_A0374,,0,1.0670193e-05,False,
T009752,A0122,2026-02-16 10:24:00,70.1,D_A0122,,0,1.0664364e-05,False,
T003980,A0381,2026-01-19 15:12:00,174.75,D_A0381,,0,1.0654605e-05,False,
T004484,A0405,2026-01-22 12:09:00,38.57,D_A0405,,0,1.0641719e-05,False,
T009790,A0101,2026-02-16 12:34:00,99.08,D_A0101,,0,1.0641719e-05,False,
T004920,A0344,2026-01-24 12:46:00,50.13,D_A0344,,0,1.0641719e-05,False,
T004193,A0049,2026-01-20 16:57:00,59.52,D_FAM_8,,0,1.0641079e-05,False,
T000518,A0041,2026-01-03 14:55:00,13.72,D_FAM_6,,0,1.0641079e-05,False,
T007307,A0243,2026-02-04 16:05:00,144.66,D_A0243,,0,1.0631514e-05,False,
T003747,A0132,2026-01-18 14:13:00,145.75,D_A0132,,0,1.0631514e-05,False,
T008206,A0344,2026-02-08 16:53:00,57.41,D_A0344,,0,1.06295065e-05,False,
T003616,A0444,2026-01-17 18:51:00,84.68,D_A0444,,0,1.06295065e-05,False,
T011198,A0099,2026-02-22 20:47:00,49.75,D_A0099,,0,1.06295065e-05,False,
T010684,A0211,2026-02-20 13:59:00,97.81,D_A0211,,0,1.06295065e-05,False,
T005660,A0138,2026-01-27 18:45:00,59.81,D_A0138,,0,1.06295065e-05,False,
T006445,A0183,2026-01-31 16:28:00,21.59,D_A0183,,0,1.06295065e-05,False,
T011353,A0049,2026-02-23 17:57:00,65.35,D_A0049,,0,1.06295065e-05,False,
T005122,A0385,2026-01-25 13:05:00,49.13,D_A0385,,0,1.06295065e-05,False,
T009381,A0270,2026-02-14 13:18:00,90.08,D_A0270,,0,1.06295065e-05,False,
T004830,A0344,2026-01-23 21:41:00,36.88,D_A0344,,0,1.06295065e-05,False,
T001645,A0338,2026-01-08 17:15:00,25.56,D_A0338,,0,1.06295065e-05,False,
T011869,A0344,2026-02-26 14:08:00,32.47,D_A0344,,0,1.06295065e-05,False,
T011957,A0344,2026-02-26 21:27:00,49.88,D_A0344,,0,1.06295065e-05,False,
T003798,A0385,2026-01-18 16:50:00,64.5,D_A0385,,0,1.06295065e-05,False,
T001140,A0270,2026-01-06 13:56:00,56.71,D_A0270,,0,1.06295065e-05,False,
T009446,A0444,2026-02-14 16:18:00,51.91,D_A0444,,0,1.06295065e-05,False,
T005072,A0425,2026-01-25 10:26:00,29.73,D_A0425,,0,1.0627611e-05,False,
T004213,A0384,2026-01-20 19:05:00,80.99,D_A0384,,0,1.0607866e-05,False,
T004208,A0292,2026-01-20 18:54:00,84.19,D_A0292,,0,1.0607866e-05,False,
T003729,A0091,2026-01-18 13:17:00,128.95,D_A0091,,0,1.0604872e-05,False,
T001086,A0076,2026-01-06 10:52:00,62.58,D_A0076,,0,1.0587087e-05,False,
T000249,A0035,2026-01-02 11:04:00,26.34,D_FAM_9,,0,1.0582232e-05,False,
T004301,A0418,2026-01-21 12:42:00,45.91,D_A0418,,0,1.05779845e-05,False,
T003702,A0330,2026-01-18 12:13:00,39.48,D_A0330,,0,1.05779845e-05,False,
T001743,A0406,2026-01-09 12:27:00,26.48,D_A0406,,0,1.05779845e-05,False,
T005939,A0418,2026-01-29 12:08:00,45.29,D_A0418,,0,1.05779845e-05,False,
T003495,A0134,2026-01-17 12:59:00,44.43,D_A0134,,0,1.05779845e-05,False,
T004914,A0232,2026-01-24 12:32:00,26.98,D_A0232,,0,1.05779845e-05,False,
T009373,A0134,2026-02-14 12:55:00,49.48,D_A0134,,0,1.05779845e-05,False,
T005949,A0339,2026-01-29 12:43:00,63.63,D_A0339,,0,1.05779845e-05,False,
T004913,A0372,2026-01-24 12:31:00,41.53,D_A0372,,0,1.05779845e-05,False,
T005543,A0406,2026-01-27 12:22:00,24.67,D_A0406,,0,1.05779845e-05,False,
T011262,A0201,2026-02-23 12:19:00,34.01,D_A0201,,0,1.05779845e-05,False,
T000755,A0091,2026-01-04 15:09:00,132.0,D_A0091,,0,1.0575422e-05,False,
T002002,A0104,2026-01-10 15:03:00,134.06,D_A0104,,0,1.0575422e-05,False,
T005609,A0147,2026-01-27 15:48:00,135.77,D_A0147,,0,1.0575422e-05,False,
T002027,A0177,2026-01-10 16:32:00,135.4,D_A0177,,0,1.0575422e-05,False,
T001025,A0097,2026-01-05 19:15:00,57.52,D_FAM_1,,0,1.0574908e-05,False,
T006261,A0176,2026-01-30 18:22:00,17.62,D_A0176,,0,1.05658455e-05,False,
T008447,A0372,2026-02-09 19:47:00,43.98,D_A0372,,0,1.05658455e-05,False,
T011173,A0372,2026-02-22 17:38:00,56.64,D_A0372,,0,1.05658455e-05,False,
T011170,A0406,2026-02-22 17:33:00,35.95,D_A0406,,0,1.05658455e-05,False,
T007710,A0247,2026-02-06 13:42:00,47.22,D_A0247,,0,1.05658455e-05,False,
T006419,A0330,2026-01-31 15:14:00,27.34,D_A0330,,0,1.05658455e-05,False,
T004597,A0198,2026-01-22 16:47:00,46.8,D_A0198,,0,1.05658455e-05,False,
T005386,A0224,2026-01-26 15:16:00,41.61,D_A0224,,0,1.05658455e-05,False,
T007089,A0498,2026-02-03 15:31:00,43.86,D_A0498,,0,1.05658455e-05,False,
T003948,A0406,2026-01-19 14:18:00,24.61,D_A0406,,0,1.05658455e-05,False,
T007824,A0327,2026-02-06 23:01:00,35.98,D_A0327,,0,1.05658455e-05,False,
T009240,A0058,2026-02-13 16:57:00,53.56,D_A0058,,0,1.05658455e-05,False,
T004609,A0247,2026-01-22 17:23:00,95.92,D_A0247,,0,1.05658455e-05,False,
T008244,A0454,2026-02-08 20:25:00,27.05,D_A0454,,0,1.05658455e-05,False,
T004307,A0330,2026-01-21 13:14:00,40.41,D_A0330,,0,1.05658455e-05,False,
T000997,A0348,2026-01-05 16:45:00,66.49,D_A0348,,0,1.05658455e-05,False,
T005766,A0219,2026-01-28 13:09:00,32.09,D_A0219,,0,1.05658455e-05,False,
T007261,A0454,2026-02-04 13:20:00,24.16,D_A0454,,0,1.05658455e-05,False,
T009256,A0454,2026-02-13 17:47:00,26.37,D_A0454,,0,1.05658455e-05,False,
T003277,A0162,2026-01-16 14:04:00,87.75,D_A0162,,0,1.05658455e-05,False,
T012357,A0339,2026-02-28 23:39:00,51.55,D_A0339,,0,1.05658455e-05,False,
T008150,A0247,2026-02-08 14:37:00,62.18,D_A0247,,0,1.05658455e-05,False,
T002174,A0047,2026-01-11 13:08:00,28.55,D_A0047,,0,1.05658455e-05,False,
T002395,A0418,2026-01-12 13:17:00,55.99,D_A0418,,0,1.05658455e-05,False,
T010289,A0445,2026-02-18 15:20:00,75.66,D_A0445,,0,1.05658455e-05,False,
T001796,A0198,2026-01-09 15:01:00,67.29,D_A0198,,0,1.05658455e-05,False,
T007813,A0348,2026-02-06 20:28:00,50.3,D_A0348,,0,1.05658455e-05,False,
T007497,A0280,2026-02-05 15:03:00,76.44,D_A0280,,0,1.05658455e-05,False,
T004377,A0201,2026-01-21 16:49:00,24.77,D_A0201,,0,1.05658455e-05,False,
T006392,A0433,2026-01-31 13:50:00,47.58,D_A0433,,0,1.05658455e-05,False,
T003745,A0198,2026-01-18 14:01:00,54.39,D_A0198,,0,1.05658455e-05,False,
T006397,A0372,2026-01-31 14:03:00,67.32,D_A0372,,0,1.05658455e-05,False,
T006379,A0047,2026-01-31 13:18:00,30.57,D_A0047,,0,1.05658455e-05,False,
T000823,A0339,2026-01-04 19:45:00,64.06,D_A0339,,0,1.05658455e-05,False,
T012470,A0330,2026-03-01 14:46:00,45.72,D_A0330,,0,1.05658455e-05,False,
T011914,A0005,2026-02-26 16:12:00,37.3,D_A0005,,0,1.05658455e-05,False,
T003309,A0327,2026-01-16 15:43:00,25.31,D_A0327,,0,1.05658455e-05,False,
T006509,A0176,2026-01-31 23:23:00,23.6,D_A0176,,0,1.05658455e-05,False,
T006500,A0485,2026-01-31 20:41:00,28.86,D_A0485,,0,1.05658455e-05,False,
T009180,A0339,2026-02-13 14:03:00,56.61,D_A0339,,0,1.05658455e-05,False,
T009273,A0372,2026-02-13 19:55:00,80.74,D_A0372,,0,1.05658455e-05,False,
T003390,A0445,2026-01-16 20:48:00,52.44,D_A0445,,0,1.05658455e-05,False,
T001243,A0224,2026-01-06 19:40:00,48.36,D_A0224,,0,1.05658455e-05,False,
T008354,A0232,2026-02-09 13:32:00,48.33,D_A0232,,0,1.05658455e-05,False,
T008155,A0330,2026-02-08 14:54:00,42.01,D_A0330,,0,1.05658455e-05,False,
T009805,A0363,2026-02-16 13:18:00,70.32,D_A0363,,0,1.05658455e-05,False,
T008125,A0176,2026-02-08 13:27:00,21.43,D_A0176,,0,1.05658455e-05,False,
T005183,A0288,2026-01-25 17:01:00,42.34,D_A0288,,0,1.05658455e-05,False,
T007543,A0372,2026-02-05 17:28:00,59.1,D_A0372,,0,1.05658455e-05,False,
T006218,A0454,2026-01-30 15:19:00,30.55,D_A0454,,0,1.05658455e-05,False,
T005613,A0031,2026-01-27 15:51:00,55.32,D_A0031,,0,1.05658455e-05,False,
T000810,A0288,2026-01-04 18:13:00,42.31,D_A0288,,0,1.05658455e-05,False,
T002484,A0162,2026-01-12 17:09:00,48.36,D_A0162,,0,1.05658455e-05,False,
T009285,A0058,2026-02-13 22:24:00,40.46,D_A0058,,0,1.05658455e-05,False,
T008787,A0400,2026-02-11 14:19:00,65.18,D_A0400,,0,1.05658455e-05,False,
T002872,A0262,2026-01-14 15:12:00,33.77,D_A0262,,0,1.05658455e-05,False,
T004777,A0288,2026-01-23 15:40:00,58.48,D_A0288,,0,1.05658455e-05,False,
T004569,A0262,2026-01-22 15:28:00,70.61,D_A0262,,0,1.05658455e-05,False,
T010108,A0363,2026-02-17 17:17:00,46.99,D_A0363,,0,1.05658455e-05,False,
T010120,A0280,2026-02-17 18:45:00,68.96,D_A0280,,0,1.05658455e-05,False,
T008189,A0498,2026-02-08 16:03:00,47.9,D_A0498,,0,1.05658455e-05,False,
T007279,A0162,2026-02-04 14:35:00,67.58,D_A0162,,0,1.05658455e-05,False,
T003515,A0058,2026-01-17 13:51:00,50.84,D_A0058,,0,1.05658455e-05,False,
T005868,A0134,2026-01-28 22:22:00,50.31,D_A0134,,0,1.05658455e-05,False,
T007555,A0134,2026-02-05 18:10:00,35.55,D_A0134,,0,1.05658455e-05,False,
T010129,A0406,2026-02-17 19:46:00,33.73,D_A0406,,0,1.05658455e-05,False,
T006631,A0327,2026-02-01 14:58:00,46.88,D_A0327,,0,1.05658455e-05,False,
T010754,A0445,2026-02-20 17:59:00,96.61,D_A0445,,0,1.05658455e-05,False,
T006645,A0262,2026-02-01 15:48:00,40.28,D_A0262,,0,1.05658455e-05,False,
T011290,A0262,2026-02-23 13:14:00,57.74,D_A0262,,0,1.05658455e-05,False,
T002523,R008,2026-01-12 21:49:00,46.39,D_R008,,0,1.05658455e-05,False,
T011731,A0395,2026-02-25 17:15:00,53.67,D_A0395,,0,1.05658455e-05,False,
T012516,A0363,2026-03-01 17:16:00,38.1,D_A0363,,0,1.05658455e-05,False,
T007140,A0348,2026-02-03 18:11:00,54.79,D_A0348,,0,1.05658455e-05,False,
T009188,A0330,2026-02-13 14:17:00,24.87,D_A0330,,0,1.05658455e-05,False,
T004758,A0400,2026-01-23 14:48:00,77.09,D_A0400,,0,1.05658455e-05,False,
T004337,A0327,2026-01-21 14:48:00,54.56,D_A0327,,0,1.05658455e-05,False,
T010907,A0445,2026-02-21 14:59:00,59.97,D_A0445,,0,1.05658455e-05,False,
T004973,A0288,2026-01-24 15:43:00,32.99,D_A0288,,0,1.05658455e-05,False,
T010920,A0247,2026-02-21 15:32:00,75.98,D_A0247,,0,1.05658455e-05,False,
T009398,A0262,2026-02-14 13:53:00,38.91,D_A0262,,0,1.05658455e-05,False,
T003090,A0198,2026-01-15 15:32:00,85.12,D_A0198,,0,1.05658455e-05,False,
T003527,A0400,2026-01-17 14:13:00,73.03,D_A0400,,0,1.05658455e-05,False,
T007350,A0339,2026-02-04 18:33:00,54.03,D_A0339,,0,1.05658455e-05,False,
T011548,A0247,2026-02-24 18:10:00,53.89,D_A0247,,0,1.05658455e-05,False,
T005653,A0031,2026-01-27 18:08:00,64.4,D_A0031,,0,1.05658455e-05,False,
T007969,A0327,2026-02-07 16:39:00,55.06,D_A0327,,0,1.05658455e-05,False,
T009433,A0400,2026-02-14 15:27:00,70.08,D_A0400,,0,1.05658455e-05,False,
T012544,A0200,2026-03-01 19:26:00,50.6,D_A0200,,0,1.05658455e-05,False,
T005980,A0232,2026-01-29 14:20:00,26.09,D_A0232,,0,1.05658455e-05,False,
T007998,A0360,2026-02-07 18:13:00,42.55,D_A0360,,0,1.05658455e-05,False,
T011115,A0327,2026-02-22 14:31:00,30.23,D_A0327,,0,1.05658455e-05,False,
T009458,A0330,2026-02-14 17:00:00,38.47,D_A0330,,0,1.05658455e-05,False,
T009581,A0262,2026-02-15 13:05:00,39.71,D_A0262,,0,1.05658455e-05,False,
T006672,A0339,2026-02-01 17:17:00,52.19,D_A0339,,0,1.05658455e-05,False,
T003341,A0224,2026-01-16 17:08:00,40.33,D_A0224,,0,1.05658455e-05,False,
T002000,A0262,2026-01-10 14:42:00,48.44,D_A0262,,0,1.05658455e-05,False,
T003036,A0132,2026-01-15 12:45:00,123.09,D_A0132,,0,1.0563346e-05,False,
T008784,A0454,2026-02-11 14:12:00,33.85,D_A0454,,0,1.0551828e-05,False,
T005955,A0389,2026-01-29 12:58:00,77.93,D_A0389,,0,1.0537649e-05,False,
T000281,A0389,2026-01-02 12:45:00,90.25,D_A0389,,0,1.0537649e-05,False,
T009624,A0455,2026-02-15 15:12:00,110.61,D_A0455,,0,1.0536333e-05,False,
T003738,A0347,2026-01-18 13:40:00,112.48,D_A0347,,0,1.0536333e-05,False,
T002651,A0176,2026-01-13 14:57:00,32.38,D_A0176,,0,1.0525557e-05,False,
T002205,A0005,2026-01-11 14:18:00,50.9,D_A0005,,0,1.0525557e-05,False,
T002934,A0288,2026-01-14 20:59:00,34.2,D_A0288,,0,1.0525557e-05,False,
T012564,A0239,2026-03-01 22:01:00,44.97,D_A0239,,0,1.0525557e-05,False,
T010105,A0427,2026-02-17 17:05:00,47.2,D_A0427,,0,1.0525557e-05,False,
T006188,A0284,2026-01-30 14:09:00,65.64,D_A0284,,0,1.0525557e-05,False,
T001853,A0176,2026-01-09 18:50:00,40.13,D_A0176,,0,1.0525557e-05,False,
T009693,A0339,2026-02-15 20:44:00,74.87,D_A0339,,0,1.0525557e-05,False,
T012270,A0232,2026-02-28 14:54:00,99.24,D_A0232,,0,1.0525557e-05,False,
T003130,A0063,2026-01-15 17:47:00,57.93,D_A0063,,0,1.0525557e-05,False,
T007589,A0239,2026-02-05 23:20:00,42.46,D_A0239,,0,1.0525557e-05,False,
T003597,A0063,2026-01-17 17:26:00,42.05,D_A0063,,0,1.0525557e-05,False,
T004624,A0234,2026-01-22 18:44:00,51.45,D_A0234,,0,1.0525557e-05,False,
T006000,A0063,2026-01-29 15:20:00,70.42,D_A0063,,0,1.0525557e-05,False,
T009056,A0220,2026-02-12 18:36:00,65.75,D_A0220,,0,1.0525557e-05,False,
T011323,A0176,2026-02-23 15:32:00,24.3,D_A0176,,0,1.0525557e-05,False,
T003268,A0063,2026-01-16 13:32:00,74.64,D_A0063,,0,1.0525557e-05,False,
T006259,A0339,2026-01-30 18:06:00,71.8,D_A0339,,0,1.0525557e-05,False,
T012033,A0498,2026-02-27 13:04:00,90.68,D_A0498,,0,1.0525557e-05,False,
T004587,A0389,2026-01-22 16:21:00,58.88,D_A0389,,0,1.0525557e-05,False,
T003319,A0281,2026-01-16 16:06:00,100.18,D_A0281,,0,1.0525557e-05,False,
T009893,A0081,2026-02-16 18:08:00,86.41,D_A0081,,0,1.0525557e-05,False,
T008975,A0386,2026-02-12 13:30:00,35.85,D_A0386,,0,1.0525557e-05,False,
T012111,A0081,2026-02-27 18:24:00,54.65,D_A0081,,0,1.0525557e-05,False,
T004967,A0232,2026-01-24 15:30:00,84.55,D_A0232,,0,1.0525557e-05,False,
T003290,A0281,2026-01-16 14:49:00,94.08,D_A0281,,0,1.0525557e-05,False,
T010022,A0232,2026-02-17 13:11:00,54.22,D_A0232,,0,1.0525557e-05,False,
T006692,A0239,2026-02-01 18:13:00,41.27,D_A0239,,0,1.0525557e-05,False,
T004771,A0405,2026-01-23 15:21:00,61.93,D_A0405,,0,1.0522525e-05,False,
T007283,A0343,2026-02-04 14:42:00,38.44,D_A0343,,0,1.0522525e-05,False,
T011527,A0138,2026-02-24 15:57:00,59.32,D_A0138,,0,1.0522525e-05,False,
T003587,A0295,2026-01-17 17:16:00,53.34,D_A0295,,0,1.0522525e-05,False,
T005840,A0405,2026-01-28 17:28:00,67.29,D_A0405,,0,1.0522525e-05,False,
T010125,A0138,2026-02-17 19:31:00,56.12,D_A0138,,0,1.0522525e-05,False,
T011911,A0102,2026-02-26 16:07:00,109.14,D_FAM_7,,0,1.0518032e-05,False,
T003028,A0462,2026-01-15 12:12:00,83.16,D_A0462,,0,1.0516195e-05,False,
T000337,A0272,2026-01-02 15:50:00,46.43,D_FAM_14,,0,1.0507574e-05,False,
T009828,A0427,2026-02-16 14:20:00,76.64,D_A0427,,0,1.0504127e-05,False,
T006338,A0182,2026-01-31 10:25:00,10.42,D_FAM_8,,0,1.0502275e-05,False,
T001665,A0011,2026-01-08 19:18:00,40.14,D_A0011,,0,1.0500142e-05,False,
T011758,A0063,2026-02-25 19:59:00,103.91,D_A0063,,0,1.0477825e-05,False,
T002124,A0036,2026-01-11 10:34:00,10.6,D_FAM_1,,0,1.046608e-05,False,
T002987,A0320,2026-01-15 10:11:00,7.12,D_FAM_4,,0,1.046608e-05,False,
T008823,A0394,2026-02-11 16:33:00,91.58,D_A0394,,0,1.0448638e-05,False,
T011931,A0063,2026-02-26 16:58:00,96.98,D_A0063,,0,1.0448638e-05,False,
T006026,A0224,2026-01-29 16:57:00,62.68,D_A0224,,0,1.0448638e-05,False,
T002609,A0370,2026-01-13 12:45:00,80.65,D_A0370,,0,1.0431592e-05,False,
T012422,A0339,2026-03-01 12:13:00,84.16,D_A0339,,0,1.0431592e-05,False,
T006122,A0306,2026-01-30 10:37:00,31.67,D_A0306,,0,1.04280225e-05,False,
T002117,A0236,2026-01-11 10:01:00,31.19,D_A0236,,0,1.04280225e-05,False,
T010591,A0086,2026-02-20 10:01:00,59.73,D_A0086,,0,1.04280225e-05,False,
T003447,A0236,2026-01-17 10:09:00,40.86,D_A0236,,0,1.04280225e-05,False,
T002126,R009,2026-01-11 10:39:00,52.57,D_R009,,0,1.04280225e-05,False,
T002997,A0390,2026-01-15 10:51:00,27.21,D_A0390,,0,1.04280225e-05,False,
T005910,A0390,2026-01-29 10:04:00,42.09,D_A0390,,0,1.04280225e-05,False,
T002285,A0234,2026-01-11 19:27:00,72.99,D_A0234,,0,1.04196215e-05,False,
T012281,A0394,2026-02-28 15:27:00,78.67,D_A0394,,0,1.04196215e-05,False,
T004201,A0427,2026-01-20 17:24:00,66.51,D_A0427,,0,1.04196215e-05,False,
T000960,A0176,2026-01-05 14:46:00,29.06,D_A0176,,0,1.04196215e-05,False,
T004734,A0386,2026-01-23 13:32:00,37.08,D_A0386,,0,1.04196215e-05,False,
T001161,A0155,2026-01-06 14:46:00,71.82,D_A0155,,0,1.04196215e-05,False,
T009861,A0310,2026-02-16 16:13:00,180.35,D_A0310,,0,1.0418479e-05,False,
T012388,A0485,2026-03-01 10:06:00,38.39,D_A0485,,0,1.0392084e-05,False,
T002354,A0492,2026-01-12 10:44:00,93.69,D_A0492,,0,1.0392084e-05,False,
T010200,A0061,2026-02-18 10:38:00,22.35,D_A0061,,0,1.0392084e-05,False,
T001514,R003,2026-01-08 10:37:00,69.7,D_R003,,0,1.0392084e-05,False,
T003212,A0489,2026-01-16 10:11:00,30.66,D_A0489,,0,1.0392084e-05,False,
T007031,A0016,2026-02-03 12:08:00,161.07,D_FAM_12,,0,1.0389913e-05,False,
T007225,A0421,2026-02-04 10:42:00,59.35,D_A0421,,0,1.03882585e-05,False,
T006121,A0294,2026-01-30 10:34:00,74.42,D_A0294,,0,1.03882585e-05,False,
T011623,A0404,2026-02-25 10:48:00,15.29,D_A0404,,0,1.03882585e-05,False,
T000066,A0054,2026-01-01 12:02:00,102.57,D_A0054,,0,1.0365873e-05,False,
T012179,A0359,2026-02-28 10:16:00,57.41,D_A0359,,0,1.0352457e-05,False,
T010207,A0387,2026-02-18 10:57:00,49.38,D_A0387,,0,1.0352457e-05,False,
T006125,A0107,2026-01-30 10:43:00,58.51,D_A0107,,0,1.0352457e-05,False,
T004081,A0323,2026-01-20 10:01:00,59.69,D_A0323,,0,1.0352457e-05,False,
T010387,A0107,2026-02-19 10:56:00,76.06,D_A0107,,0,1.0331381e-05,False,
T008316,A0454,2026-02-09 12:00:00,28.27,D_A0454,,0,1.0329834e-05,False,
T008339,A0270,2026-02-09 12:56:00,83.93,D_A0270,,0,1.0329834e-05,False,
T006586,A0218,2026-02-01 12:33:00,38.52,D_A0218,,0,1.0329834e-05,False,
T003703,A0292,2026-01-18 12:14:00,43.42,D_A0292,,0,1.0329834e-05,False,
T006150,A0270,2026-01-30 12:17:00,47.24,D_A0270,,0,1.0329834e-05,False,
T005112,A0283,2026-01-25 12:40:00,23.25,D_A0283,,0,1.0329834e-05,False,
T005324,A0101,2026-01-26 12:12:00,69.63,D_A0101,,0,1.0329834e-05,False,
T006435,A0047,2026-01-31 15:55:00,52.75,D_A0047,,0,1.0325195e-05,False,
T008171,A0343,2026-02-08 15:22:00,45.04,D_A0343,,0,1.0325195e-05,False,
T004214,A0343,2026-01-20 19:34:00,24.39,D_A0343,,0,1.031798e-05,False,
T002711,A0071,2026-01-13 18:57:00,33.74,D_A0071,,0,1.031798e-05,False,
T003136,A0364,2026-01-15 18:17:00,65.82,D_A0364,,0,1.031798e-05,False,
T001124,A0204,2026-01-06 13:01:00,19.27,D_A0204,,0,1.031798e-05,False,
T006690,A0364,2026-02-01 17:56:00,44.3,D_A0364,,0,1.031798e-05,False,
T010076,A0292,2026-02-17 15:54:00,16.21,D_A0292,,0,1.031798e-05,False,
T010315,A0170,2026-02-18 16:55:00,58.86,D_A0170,,0,1.031798e-05,False,
T006718,A0374,2026-02-01 20:23:00,67.67,D_A0374,,0,1.031798e-05,False,
T004405,A0270,2026-01-21 18:56:00,98.85,D_A0270,,0,1.031798e-05,False,
T007478,A0391,2026-02-05 14:00:00,27.63,D_A0391,,0,1.031798e-05,False,
T012248,A0283,2026-02-28 13:54:00,29.07,D_A0283,,0,1.031798e-05,False,
T011197,A0302,2026-02-22 20:45:00,10.05,D_A0302,,0,1.031798e-05,False,
T003274,A0408,2026-01-16 13:47:00,55.79,D_A0408,,0,1.031798e-05,False,
T009200,A0354,2026-02-13 14:44:00,22.14,D_A0354,,0,1.031798e-05,False,
T010276,A0218,2026-02-18 14:48:00,42.54,D_A0218,,0,1.031798e-05,False,
T010248,A0482,2026-02-18 13:17:00,50.02,D_A0482,,0,1.031798e-05,False,
T003835,A0170,2026-01-18 20:50:00,67.78,D_A0170,,0,1.031798e-05,False,
T011930,A0391,2026-02-26 16:51:00,27.2,D_A0391,,0,1.031798e-05,False,
T001196,A0391,2026-01-06 16:22:00,32.15,D_A0391,,0,1.031798e-05,False,
T009414,A0270,2026-02-14 14:37:00,88.57,D_A0270,,0,1.031798e-05,False,
T002496,A0343,2026-01-12 17:52:00,16.2,D_A0343,,0,1.031798e-05,False,
T006217,A0170,2026-01-30 15:19:00,62.12,D_A0170,,0,1.031798e-05,False,
T010685,A0364,2026-02-20 14:00:00,71.5,D_A0364,,0,1.031798e-05,False,
T008772,A0364,2026-02-11 13:31:00,62.52,D_A0364,,0,1.031798e-05,False,
T005200,A0170,2026-01-25 17:41:00,42.23,D_A0170,,0,1.031798e-05,False,
T011168,A0374,2026-02-22 17:23:00,77.8,D_A0374,,0,1.031798e-05,False,
T001153,A0292,2026-01-06 14:27:00,39.92,D_A0292,,0,1.031798e-05,False,
T003293,A0374,2026-01-16 14:54:00,59.38,D_A0374,,0,1.031798e-05,False,
T006401,A0343,2026-01-31 14:21:00,16.77,D_A0343,,0,1.031798e-05,False,
T002406,A0270,2026-01-12 13:40:00,64.03,D_A0270,,0,1.031798e-05,False,
T009206,A0454,2026-02-13 14:57:00,22.25,D_A0454,,0,1.031798e-05,False,
T006442,A0474,2026-01-31 16:19:00,75.14,D_A0474,,0,1.031798e-05,False,
T008456,A0182,2026-02-09 20:55:00,108.1,D_FAM_8,,0,1.0317882e-05,False,
T000262,A0251,2026-01-02 11:52:00,46.71,D_A0251,,0,1.0315599e-05,False,
T011451,A0099,2026-02-24 12:05:00,11.82,D_A0099,,0,1.0301148e-05,False,
T010229,A0209,2026-02-18 12:19:00,11.58,D_A0209,,0,1.0301148e-05,False,
T008118,A0344,2026-02-08 12:58:00,58.75,D_A0344,,0,1.0301148e-05,False,
T005553,A0174,2026-01-27 12:59:00,13.17,D_A0174,,0,1.0301148e-05,False,
T004287,A0115,2026-01-21 12:04:00,48.14,D_A0115,,0,1.0301148e-05,False,
T000692,A0209,2026-01-04 12:26:00,9.63,D_A0209,,0,1.0301148e-05,False,
T007030,A0138,2026-02-03 12:05:00,41.94,D_A0138,,0,1.0301148e-05,False,
T007890,A0046,2026-02-07 12:15:00,11.27,D_A0046,,0,1.0301148e-05,False,
T000705,A0302,2026-01-04 12:39:00,7.21,D_A0302,,0,1.0301148e-05,False,
T011463,A0488,2026-02-24 12:48:00,30.09,D_A0488,,0,1.0301148e-05,False,
T002156,A0302,2026-01-11 12:25:00,8.04,D_A0302,,0,1.0301148e-05,False,
T003253,A0302,2026-01-16 12:52:00,9.84,D_A0302,,0,1.0301148e-05,False,
T010627,A0115,2026-02-20 12:01:00,43.64,D_A0115,,0,1.0301148e-05,False,
T001749,A0302,2026-01-09 12:45:00,11.04,D_A0302,,0,1.0301148e-05,False,
T011280,A0415,2026-02-23 12:54:00,11.94,D_A0415,,0,1.0301148e-05,False,
T003479,A0042,2026-01-17 12:06:00,33.93,D_A0042,,0,1.0301148e-05,False,
T001740,A0209,2026-01-09 12:22:00,7.56,D_A0209,,0,1.0301148e-05,False,
T008320,A0357,2026-02-09 12:07:00,10.26,D_A0357,,0,1.0301148e-05,False,
T002614,A0408,2026-01-13 12:51:00,22.41,D_A0408,,0,1.0301148e-05,False,
T012217,A0405,2026-02-28 12:54:00,51.25,D_A0405,,0,1.0301148e-05,False,
T003921,A0283,2026-01-19 12:24:00,5.97,D_A0283,,0,1.0301148e-05,False,
T011327,A0011,2026-02-23 15:48:00,77.7,D_A0011,,0,1.030046e-05,False,
T005170,A0283,2026-01-25 16:16:00,7.54,D_A0283,,0,1.0289327e-05,False,
T008825,A0015,2026-02-11 16:38:00,18.01,D_A0015,,0,1.0289327e-05,False,
T003754,A0209,2026-01-18 14:42:00,15.47,D_A0209,,0,1.0289327e-05,False,
T007107,A0488,2026-02-03 16:17:00,36.73,D_A0488,,0,1.0289327e-05,False,
T008854,A0115,2026-02-11 19:46:00,38.72,D_A0115,,0,1.0289327e-05,False,
T003968,A0002,2026-01-19 14:52:00,18.91,D_A0002,,0,1.0289327e-05,False,
T009197,A0430,2026-02-13 14:28:00,28.35,D_A0430,,0,1.0289327e-05,False,
T009194,A0115,2026-02-13 14:27:00,61.85,D_A0115,,0,1.0289327e-05,False,
T001452,A0002,2026-01-07 18:36:00,24.29,D_A0002,,0,1.0289327e-05,False,
T005239,A0302,2026-01-25 23:56:00,10.52,D_A0302,,0,1.0289327e-05,False,
T005677,A0302,2026-01-27 19:51:00,5.14,D_A0302,,0,1.0289327e-05,False,
T011499,A0209,2026-02-24 14:30:00,11.19,D_A0209,,0,1.0289327e-05,False,
T008230,A0138,2026-02-08 18:59:00,14.85,D_A0138,,0,1.0289327e-05,False,
T006434,A0482,2026-01-31 15:53:00,85.85,D_A0482,,0,1.0289327e-05,False,
T001567,A0415,2026-01-08 13:03:00,12.57,D_A0415,,0,1.0289327e-05,False,
T010139,A0143,2026-02-17 21:27:00,6.36,D_A0143,,0,1.0289327e-05,False,
T005565,A0302,2026-01-27 13:38:00,7.63,D_A0302,,0,1.0289327e-05,False,
T002857,A0174,2026-01-14 14:28:00,9.45,D_A0174,,0,1.0289327e-05,False,
T000569,A0385,2026-01-03 17:02:00,43.41,D_A0385,,0,1.0289327e-05,False,
T009077,A0384,2026-02-12 21:46:00,18.54,D_A0384,,0,1.0289327e-05,False,
T006641,A0344,2026-02-01 15:25:00,60.9,D_A0344,,0,1.0289327e-05,False,
T006627,A0099,2026-02-01 14:44:00,14.96,D_A0099,,0,1.0289327e-05,False,
T008164,A0099,2026-02-08 15:12:00,14.67,D_A0099,,0,1.0289327e-05,False,
T003795,A0100,2026-01-18 16:40:00,20.3,D_A0100,,0,1.0289327e-05,False,
T012317,A0357,2026-02-28 16:52:00,21.19,D_A0357,,0,1.0289327e-05,False,
T003800,A0444,2026-01-18 16:55:00,92.52,D_A0444,,0,1.0289327e-05,False,
T012323,A0143,2026-02-28 17:20:00,11.7,D_A0143,,0,1.0289327e-05,False,
T004726,A0002,2026-01-23 13:02:00,21.96,D_A0002,,0,1.0289327e-05,False,
T006646,A0046,2026-02-01 15:49:00,18.56,D_A0046,,0,1.0289327e-05,False,
T012547,A0357,2026-03-01 19:36:00,20.11,D_A0357,,0,1.0289327e-05,False,
T005632,A0338,2026-01-27 16:47:00,11.77,D_A0338,,0,1.0289327e-05,False,
T003586,A0357,2026-01-17 17:15:00,31.81,D_A0357,,0,1.0289327e-05,False,
T008240,A0100,2026-02-08 20:00:00,30.16,D_A0100,,0,1.0289327e-05,False,
T005636,A0046,2026-01-27 17:01:00,15.09,D_A0046,,0,1.0289327e-05,False,
T009162,A0302,2026-02-13 13:16:00,6.6,D_A0302,,0,1.0289327e-05,False,
T012119,A0209,2026-02-27 19:44:00,10.61,D_A0209,,0,1.0289327e-05,False,
T008202,A0355,2026-02-08 16:41:00,12.59,D_A0355,,0,1.0289327e-05,False,
T010254,A0357,2026-02-18 13:33:00,14.98,D_A0357,,0,1.0289327e-05,False,
T009169,A0099,2026-02-13 13:30:00,24.66,D_A0099,,0,1.0289327e-05,False,
T000395,A0138,2026-01-02 20:34:00,13.54,D_A0138,,0,1.0289327e-05,False,
T002296,A0100,2026-01-11 21:34:00,20.53,D_A0100,,0,1.0289327e-05,False,
T001475,A0488,2026-01-07 23:46:00,21.87,D_A0488,,0,1.0289327e-05,False,
T009182,A0415,2026-02-13 14:05:00,10.39,D_A0415,,0,1.0289327e-05,False,
T001681,A0174,2026-01-08 23:54:00,11.84,D_A0174,,0,1.0289327e-05,False,
T005594,A0002,2026-01-27 15:05:00,20.39,D_A0002,,0,1.0289327e-05,False,
T007915,A0099,2026-02-07 13:57:00,48.95,D_A0099,,0,1.0289327e-05,False,
T003265,A0357,2026-01-16 13:20:00,20.76,D_A0357,,0,1.0289327e-05,False,
T003372,A0229,2026-01-16 18:58:00,32.12,D_A0229,,0,1.0289327e-05,False,
T001183,A0002,2026-01-06 15:40:00,12.35,D_A0002,,0,1.0289327e-05,False,
T011293,A0355,2026-02-23 13:22:00,17.24,D_A0355,,0,1.0289327e-05,False,
T006191,A0430,2026-01-30 14:18:00,19.73,D_A0430,,0,1.0289327e-05,False,
T007770,A0209,2026-02-06 16:49:00,12.0,D_A0209,,0,1.0289327e-05,False,
T007768,A0385,2026-02-06 16:42:00,28.13,D_A0385,,0,1.0289327e-05,False,
T009655,A0408,2026-02-15 16:52:00,29.43,D_A0408,,0,1.0289327e-05,False,
T001199,A0046,2026-01-06 16:29:00,23.38,D_A0046,,0,1.0289327e-05,False,
T004622,A0115,2026-01-22 18:16:00,32.93,D_A0115,,0,1.0289327e-05,False,
T012458,A0338,2026-03-01 14:19:00,9.92,D_A0338,,0,1.0289327e-05,False,
T012475,A0302,2026-03-01 15:03:00,13.17,D_A0302,,0,1.0289327e-05,False,
T011924,A0099,2026-02-26 16:31:00,9.62,D_A0099,,0,1.0289327e-05,False,
T006833,A0138,2026-02-02 13:13:00,15.26,D_A0138,,0,1.0289327e-05,False,
T009843,A0138,2026-02-16 15:15:00,11.83,D_A0138,,0,1.0289327e-05,False,
T009841,A0143,2026-02-16 15:13:00,14.73,D_A0143,,0,1.0289327e-05,False,
T009659,A0338,2026-02-15 16:59:00,26.29,D_A0338,,0,1.0289327e-05,False,
T002449,A0338,2026-01-12 15:21:00,9.51,D_A0338,,0,1.0289327e-05,False,
T008795,A0430,2026-02-11 14:36:00,34.05,D_A0430,,0,1.0289327e-05,False,
T004803,A0488,2026-01-23 17:42:00,46.33,D_A0488,,0,1.0289327e-05,False,
T000805,A0355,2026-01-04 17:45:00,14.5,D_A0355,,0,1.0289327e-05,False,
T011369,A0355,2026-02-23 21:29:00,12.16,D_A0355,,0,1.0289327e-05,False,
T009599,A0138,2026-02-15 14:11:00,15.03,D_A0138,,0,1.0289327e-05,False,
T000767,A0430,2026-01-04 15:41:00,25.66,D_A0430,,0,1.0289327e-05,False,
T003074,A0046,2026-01-15 14:36:00,6.78,D_A0046,,0,1.0289327e-05,False,
T005797,A0488,2026-01-28 15:11:00,47.51,D_A0488,,0,1.0289327e-05,False,
T005377,A0357,2026-01-26 14:53:00,19.03,D_A0357,,0,1.0289327e-05,False,
T005801,A0357,2026-01-28 15:20:00,22.32,D_A0357,,0,1.0289327e-05,False,
T007516,A0021,2026-02-05 16:11:00,53.48,D_A0021,,0,1.0289327e-05,False,
T010677,A0405,2026-02-20 13:45:00,57.21,D_A0405,,0,1.0289327e-05,False,
T000098,A0002,2026-01-01 13:46:00,15.67,D_A0002,,0,1.0289327e-05,False,
T010718,A0143,2026-02-20 15:34:00,6.98,D_A0143,,0,1.0289327e-05,False,
T008789,A0115,2026-02-11 14:24:00,37.34,D_A0115,,0,1.0289327e-05,False,
T007558,A0355,2026-02-05 18:31:00,20.92,D_A0355,,0,1.0289327e-05,False,
T011298,A0283,2026-02-23 13:44:00,10.66,D_A0283,,0,1.0289327e-05,False,
T006919,A0138,2026-02-02 18:28:00,12.98,D_A0138,,0,1.0289327e-05,False,
T002053,A0042,2026-01-10 18:01:00,26.05,D_A0042,,0,1.0289327e-05,False,
T005359,A0209,2026-01-26 13:59:00,18.54,D_A0209,,0,1.0289327e-05,False,
T005354,A0075,2026-01-26 13:39:00,62.47,D_A0075,,0,1.0289327e-05,False,
T010973,A0042,2026-02-21 19:27:00,25.81,D_A0042,,0,1.0289327e-05,False,
T002062,A0046,2026-01-10 18:49:00,20.07,D_A0046,,0,1.0289327e-05,False,
T007580,A0283,2026-02-05 20:01:00,7.4,D_A0283,,0,1.0289327e-05,False,
T009391,A0283,2026-02-14 13:34:00,10.01,D_A0283,,0,1.0289327e-05,False,
T007132,A0283,2026-02-03 17:43:00,8.64,D_A0283,,0,1.0289327e-05,False,
T008635,A0174,2026-02-10 17:16:00,15.36,D_A0174,,0,1.0289327e-05,False,
T008598,A0405,2026-02-10 15:16:00,24.74,D_A0405,,0,1.0289327e-05,False,
T004178,A0143,2026-01-20 16:13:00,8.15,D_A0143,,0,1.0289327e-05,False,
T000923,A0046,2026-01-05 13:01:00,10.91,D_A0046,,0,1.0289327e-05,False,
T006073,A0408,2026-01-29 21:20:00,17.83,D_A0408,,0,1.0289327e-05,False,
T010961,A0283,2026-02-21 18:15:00,8.83,D_A0283,,0,1.0289327e-05,False,
T001002,A0100,2026-01-05 17:10:00,20.12,D_A0100,,0,1.0289327e-05,False,
T007696,A0302,2026-02-06 13:14:00,9.1,D_A0302,,0,1.0289327e-05,False,
T011169,A0283,2026-02-22 17:32:00,4.96,D_A0283,,0,1.0289327e-05,False,
T003499,A0384,2026-01-17 13:12:00,16.55,D_A0384,,0,1.0289327e-05,False,
T009688,A0195,2026-02-15 19:52:00,2.87,D_A0195,,0,1.0289327e-05,False,
T002635,A0488,2026-01-13 13:58:00,43.62,D_A0488,,0,1.0289327e-05,False,
T011171,A0138,2026-02-22 17:34:00,11.07,D_A0138,,0,1.0289327e-05,False,
T006905,A0101,2026-02-02 16:58:00,84.88,D_A0101,,0,1.0289327e-05,False,
T004997,A0002,2026-01-24 17:24:00,35.91,D_A0002,,0,1.0289327e-05,False,
T002648,A0408,2026-01-13 14:50:00,22.79,D_A0408,,0,1.0289327e-05,False,
T000970,A0174,2026-01-05 15:21:00,12.12,D_A0174,,0,1.0289327e-05,False,
T010064,A0021,2026-02-17 15:32:00,46.07,D_A0021,,0,1.0289327e-05,False,
T004535,A0415,2026-01-22 14:27:00,15.98,D_A0415,,0,1.0289327e-05,False,
T007076,A0042,2026-02-03 14:40:00,19.27,D_A0042,,0,1.0289327e-05,False,
T010613,A0116,2026-02-20 11:32:00,120.37,D_A0116,,0,1.028808e-05,False,
T005785,A0299,2026-01-28 14:23:00,120.9,D_A0299,,0,1.0283696e-05,False,
T002816,A0091,2026-01-14 13:05:00,130.94,D_A0091,,0,1.026548e-05,False,
T002986,A0489,2026-01-15 10:10:00,56.81,D_A0489,,0,1.0248265e-05,False,
T006222,A0263,2026-01-30 15:31:00,103.95,D_A0263,,0,1.0245617e-05,False,
T007585,A0244,2026-02-05 20:52:00,103.34,D_A0244,,0,1.0245617e-05,False,
T002034,A0472,2026-01-10 16:42:00,172.6,D_A0472,,0,1.0237744e-05,False,
T011650,A0281,2026-02-25 12:38:00,64.05,D_A0281,,0,1.0228815e-05,False,
T012208,A0481,2026-02-28 12:22:00,42.76,D_A0481,,0,1.0228815e-05,False,
T012429,A0389,2026-03-01 12:59:00,59.62,D_A0389,,0,1.0228815e-05,False,
T003255,A0008,2026-01-16 12:57:00,31.34,D_A0008,,0,1.0228815e-05,False,
T012206,A0372,2026-02-28 12:09:00,58.37,D_A0372,,0,1.0228815e-05,False,
T008319,A0372,2026-02-09 12:06:00,66.63,D_A0372,,0,1.0228815e-05,False,
T010656,A0063,2026-02-20 12:49:00,73.28,D_A0063,,0,1.0228815e-05,False,
T002079,A0008,2026-01-10 23:55:00,40.29,D_A0008,,0,1.0217077e-05,False,
T007301,A0244,2026-02-04 15:41:00,67.67,D_A0244,,0,1.0217077e-05,False,
T002233,A0220,2026-01-11 15:53:00,39.13,D_A0220,,0,1.0217077e-05,False,
T009399,A0220,2026-02-14 13:55:00,51.0,D_A0220,,0,1.0217077e-05,False,
T009678,A0418,2026-02-15 18:54:00,77.73,D_A0418,,0,1.0217077e-05,False,
T002515,A0330,2026-01-12 19:50:00,16.63,D_A0330,,0,1.0217077e-05,False,
T010772,A0056,2026-02-20 19:38:00,36.48,D_A0056,,0,1.0217077e-05,False,
T008469,A0244,2026-02-09 23:42:00,51.73,D_A0244,,0,1.0217077e-05,False,
T011116,A0232,2026-02-22 14:32:00,53.44,D_A0232,,0,1.0217077e-05,False,
T012271,A0497,2026-02-28 15:00:00,85.0,D_A0497,,0,1.0217077e-05,False,
T001015,A0281,2026-01-05 18:36:00,56.94,D_A0281,,0,1.0217077e-05,False,
T010303,A0220,2026-02-18 16:25:00,46.68,D_A0220,,0,1.0217077e-05,False,
T005352,A0063,2026-01-26 13:36:00,85.24,D_A0063,,0,1.0217077e-05,False,
T007742,A0428,2026-02-06 15:12:00,64.79,D_A0428,,0,1.0217077e-05,False,
T005136,A0056,2026-01-25 14:04:00,34.42,D_A0056,,0,1.0217077e-05,False,
T011371,A0244,2026-02-23 21:52:00,54.87,D_A0244,,0,1.0217077e-05,False,
T011918,A0008,2026-02-26 16:22:00,29.71,D_A0008,,0,1.0217077e-05,False,
T012080,A0145,2026-02-27 15:33:00,77.11,D_A0145,,0,1.0217077e-05,False,
T009456,A0234,2026-02-14 16:53:00,42.68,D_A0234,,0,1.0217077e-05,False,
T012478,A0339,2026-03-01 15:06:00,40.19,D_A0339,,0,1.0217077e-05,False,
T001431,A0481,2026-01-07 16:14:00,79.89,D_A0481,,0,1.0217077e-05,False,
T006436,A0339,2026-01-31 15:59:00,63.78,D_A0339,,0,1.0217077e-05,False,
T005232,A0008,2026-01-25 21:20:00,32.9,D_A0008,,0,1.0217077e-05,False,
T003517,A0428,2026-01-17 13:55:00,64.34,D_A0428,,0,1.0217077e-05,False,
T006943,A0386,2026-02-02 20:26:00,45.77,D_A0386,,0,1.0217077e-05,False,
T001764,A0281,2026-01-09 13:22:00,80.21,D_A0281,,0,1.0217077e-05,False,
T001408,A0339,2026-01-07 15:05:00,58.74,D_A0339,,0,1.0217077e-05,False,
T009908,A0386,2026-02-16 19:43:00,38.35,D_A0386,,0,1.0217077e-05,False,
T012534,A0215,2026-03-01 18:16:00,60.12,D_A0215,,0,1.0217077e-05,False,
T002916,A0394,2026-01-14 18:45:00,81.27,D_A0394,,0,1.0217077e-05,False,
T010119,A0063,2026-02-17 18:28:00,82.77,D_A0063,,0,1.0217077e-05,False,
T009621,A0339,2026-02-15 15:08:00,64.77,D_A0339,,0,1.0217077e-05,False,
T010130,A0213,2026-02-17 19:48:00,57.87,D_A0213,,0,1.0217077e-05,False,
T009078,A0339,2026-02-12 21:58:00,58.26,D_A0339,,0,1.0217077e-05,False,
T002392,A0481,2026-01-12 13:05:00,30.82,D_A0481,,0,1.0217077e-05,False,
T008785,A0008,2026-02-11 14:15:00,31.97,D_A0008,,0,1.0217077e-05,False,
T006924,A0012,2026-02-02 18:47:00,162.18,D_A0012,,0,1.02159765e-05,False,
T008821,A0454,2026-02-11 16:29:00,34.36,D_A0454,,0,1.0214135e-05,False,
T009480,A0302,2026-02-14 18:52:00,18.09,D_A0302,,0,1.0214135e-05,False,
T001818,A0100,2026-01-09 16:13:00,92.05,D_A0100,,0,1.0214135e-05,False,
T004202,A0292,2026-01-20 17:26:00,65.93,D_A0292,,0,1.0214135e-05,False,
T000539,A0100,2026-01-03 15:38:00,64.63,D_A0100,,0,1.0214135e-05,False,
T008112,A0145,2026-02-08 12:35:00,30.75,D_A0145,,0,1.020041e-05,False,
T006149,A0220,2026-01-30 12:11:00,49.61,D_A0220,,0,1.020041e-05,False,
T009572,A0239,2026-02-15 12:40:00,23.84,D_A0239,,0,1.020041e-05,False,
T001119,A0081,2026-01-06 12:45:00,61.14,D_A0081,,0,1.020041e-05,False,
T001337,A0233,2026-01-07 12:20:00,47.19,D_A0233,,0,1.020041e-05,False,
T003033,A0368,2026-01-15 12:39:00,31.17,D_A0368,,0,1.020041e-05,False,
T011265,A0373,2026-02-23 12:27:00,11.52,D_A0373,,0,1.020041e-05,False,
T003925,A0274,2026-01-19 12:30:00,18.74,D_A0274,,0,1.020041e-05,False,
T001542,A0145,2026-01-08 12:00:00,20.36,D_A0145,,0,1.020041e-05,False,
T003931,A0370,2026-01-19 12:54:00,53.13,D_A0370,,0,1.020041e-05,False,
T003708,A0370,2026-01-18 12:26:00,24.76,D_A0370,,0,1.020041e-05,False,
T010409,A0200,2026-02-19 12:00:00,41.28,D_A0200,,0,1.020041e-05,False,
T011281,A0081,2026-02-23 12:57:00,19.86,D_A0081,,0,1.020041e-05,False,
T012210,A0274,2026-02-28 12:29:00,20.98,D_A0274,,0,1.020041e-05,False,
T010638,A0201,2026-02-20 12:20:00,18.62,D_A0201,,0,1.020041e-05,False,
T010419,A0330,2026-02-19 12:26:00,48.27,D_A0330,,0,1.020041e-05,False,
T002383,A0373,2026-01-12 12:36:00,13.62,D_A0373,,0,1.020041e-05,False,
T002836,A0155,2026-01-14 13:45:00,58.0,D_A0155,,0,1.01887035e-05,False,
T011549,A0493,2026-02-24 18:19:00,32.6,D_A0493,,0,1.01887035e-05,False,
T010271,A0269,2026-02-18 14:30:00,30.7,D_A0269,,0,1.01887035e-05,False,
T002076,A0108,2026-01-10 22:20:00,12.67,D_A0108,,0,1.01887035e-05,False,
T008566,A0284,2026-02-10 13:10:00,93.1,D_A0284,,0,1.01887035e-05,False,
T008629,A0184,2026-02-10 16:35:00,13.51,D_A0184,,0,1.01887035e-05,False,
T008646,A0234,2026-02-10 18:29:00,18.49,D_A0234,,0,1.01887035e-05,False,
T010269,A0248,2026-02-18 14:20:00,6.25,D_A0248,,0,1.01887035e-05,False,
T005148,A0178,2026-01-25 14:53:00,17.18,D_A0178,,0,1.01887035e-05,False,
T005007,A0234,2026-01-24 18:15:00,19.57,D_A0234,,0,1.01887035e-05,False,
T004633,A0394,2026-01-22 19:47:00,23.61,D_A0394,,0,1.01887035e-05,False,
T008624,A0063,2026-02-10 16:16:00,84.55,D_A0063,,0,1.01887035e-05,False,
T003162,A0200,2026-01-15 21:18:00,68.01,D_A0200,,0,1.01887035e-05,False,
T007339,A0386,2026-02-04 17:55:00,15.41,D_A0386,,0,1.01887035e-05,False,
T005001,A0337,2026-01-24 17:49:00,40.8,D_A0337,,0,1.01887035e-05,False,
T007701,A0493,2026-02-06 13:22:00,58.17,D_A0493,,0,1.01887035e-05,False,
T001836,A0493,2026-01-09 17:10:00,32.59,D_A0493,,0,1.01887035e-05,False,
T008019,A0386,2026-02-07 20:56:00,9.65,D_A0386,,0,1.01887035e-05,False,
T011153,A0386,2026-02-22 16:10:00,8.02,D_A0386,,0,1.01887035e-05,False,
T002676,A0234,2026-01-13 16:32:00,14.82,D_A0234,,0,1.01887035e-05,False,
T009696,A0145,2026-02-15 21:11:00,23.77,D_A0145,,0,1.01887035e-05,False,
T008451,A0176,2026-02-09 20:22:00,32.92,D_A0176,,0,1.01887035e-05,False,
T011952,A0368,2026-02-26 19:40:00,35.7,D_A0368,,0,1.01887035e-05,False,
T004229,A0394,2026-01-20 21:49:00,28.84,D_A0394,,0,1.01887035e-05,False,
T008121,A0215,2026-02-08 13:11:00,23.23,D_A0215,,0,1.01887035e-05,False,
T009496,A0213,2026-02-14 21:55:00,27.33,D_A0213,,0,1.01887035e-05,False,
T005437,A0427,2026-01-26 18:28:00,55.0,D_A0427,,0,1.01887035e-05,False,
T002852,A0493,2026-01-14 14:22:00,35.02,D_A0493,,0,1.01887035e-05,False,
T001981,A0108,2026-01-10 13:50:00,29.73,D_A0108,,0,1.01887035e-05,False,
T001984,A0107,2026-01-10 13:57:00,52.46,D_A0107,,0,1.01887035e-05,False,
T010136,A0427,2026-02-17 20:23:00,45.73,D_A0427,,0,1.01887035e-05,False,
T009505,A0213,2026-02-14 23:50:00,33.29,D_A0213,,0,1.01887035e-05,False,
T002930,A0389,2026-01-14 20:17:00,68.6,D_A0389,,0,1.01887035e-05,False,
T003828,A0493,2026-01-18 19:37:00,71.81,D_A0493,,0,1.01887035e-05,False,
T008170,A0234,2026-02-08 15:22:00,46.83,D_A0234,,0,1.01887035e-05,False,
T011082,A0145,2026-02-22 13:10:00,17.81,D_A0145,,0,1.01887035e-05,False,
T012522,A0145,2026-03-01 17:34:00,14.47,D_A0145,,0,1.01887035e-05,False,
T003084,A0493,2026-01-15 15:05:00,30.16,D_A0493,,0,1.01887035e-05,False,
T007101,A0435,2026-02-03 16:00:00,22.52,D_A0435,,0,1.01887035e-05,False,
T005567,A0498,2026-01-27 13:45:00,85.62,D_A0498,,0,1.01887035e-05,False,
T002674,A0155,2026-01-13 16:10:00,85.3,D_A0155,,0,1.01887035e-05,False,
T000974,A0233,2026-01-05 15:29:00,37.85,D_A0233,,0,1.01887035e-05,False,
T004322,A0368,2026-01-21 13:56:00,41.16,D_A0368,,0,1.01887035e-05,False,
T009033,A0386,2026-02-12 17:12:00,12.63,D_A0386,,0,1.01887035e-05,False,
T006613,A0370,2026-02-01 13:50:00,21.58,D_A0370,,0,1.01887035e-05,False,
T001664,A0239,2026-01-08 19:11:00,45.66,D_A0239,,0,1.01887035e-05,False,
T003772,A0483,2026-01-18 15:39:00,9.68,D_A0483,,0,1.01887035e-05,False,
T006439,A0081,2026-01-31 16:09:00,10.46,D_A0081,,0,1.01887035e-05,False,
T004136,A0433,2026-01-20 14:04:00,13.69,D_A0433,,0,1.01887035e-05,False,
T005843,A0337,2026-01-28 17:54:00,37.41,D_A0337,,0,1.01887035e-05,False,
T006923,A0224,2026-02-02 18:44:00,21.55,D_A0224,,0,1.01887035e-05,False,
T006922,A0337,2026-02-02 18:33:00,52.89,D_A0337,,0,1.01887035e-05,False,
T010338,A0247,2026-02-18 19:59:00,28.41,D_A0247,,0,1.01887035e-05,False,
T003291,A0337,2026-01-16 14:50:00,58.61,D_A0337,,0,1.01887035e-05,False,
T003139,A0145,2026-01-15 18:39:00,13.46,D_A0145,,0,1.01887035e-05,False,
T002061,A0337,2026-01-10 18:37:00,53.7,D_A0337,,0,1.01887035e-05,False,
T009451,A0247,2026-02-14 16:38:00,33.48,D_A0247,,0,1.01887035e-05,False,
T004418,A0493,2026-01-21 22:30:00,24.83,D_A0493,,0,1.01887035e-05,False,
T005675,A0247,2026-01-27 19:46:00,74.23,D_A0247,,0,1.01887035e-05,False,
T010750,A0433,2026-02-20 17:36:00,17.35,D_A0433,,0,1.01887035e-05,False,
T009849,A0330,2026-02-16 15:27:00,10.65,D_A0330,,0,1.01887035e-05,False,
T007525,A0201,2026-02-05 16:24:00,7.74,D_A0201,,0,1.01887035e-05,False,
T007524,A0145,2026-02-05 16:22:00,31.89,D_A0145,,0,1.01887035e-05,False,
T002485,A0284,2026-01-12 17:11:00,69.31,D_A0284,,0,1.01887035e-05,False,
T001203,R008,2026-01-06 16:48:00,20.34,D_R008,,0,1.01887035e-05,False,
T008370,A0215,2026-02-09 14:29:00,19.15,D_A0215,,0,1.01887035e-05,False,
T008655,A0108,2026-02-10 19:16:00,9.4,D_A0108,,0,1.01887035e-05,False,
T004147,A0269,2026-01-20 14:27:00,41.83,D_A0269,,0,1.01887035e-05,False,
T005808,A0370,2026-01-28 15:36:00,20.66,D_A0370,,0,1.01887035e-05,False,
T007777,A0213,2026-02-06 17:08:00,33.08,D_A0213,,0,1.01887035e-05,False,
T005810,A0233,2026-01-28 15:39:00,39.49,D_A0233,,0,1.01887035e-05,False,
T009663,A0483,2026-02-15 17:17:00,11.39,D_A0483,,0,1.01887035e-05,False,
T008403,A0389,2026-02-09 15:57:00,89.04,D_A0389,,0,1.01887035e-05,False,
T009652,A0493,2026-02-15 16:41:00,42.39,D_A0493,,0,1.01887035e-05,False,
T004131,A0232,2026-01-20 13:47:00,45.32,D_A0232,,0,1.01887035e-05,False,
T008390,A0108,2026-02-09 15:31:00,30.69,D_A0108,,0,1.01887035e-05,False,
T000928,R008,2026-01-05 13:21:00,65.11,D_R008,,0,1.01887035e-05,False,
T009472,A0058,2026-02-14 18:21:00,23.49,D_A0058,,0,1.01887035e-05,False,
T007277,A0269,2026-02-04 14:34:00,42.0,D_A0269,,0,1.01887035e-05,False,
T008653,A0201,2026-02-10 19:15:00,11.89,D_A0201,,0,1.01887035e-05,False,
T001430,R008,2026-01-07 16:13:00,17.5,D_R008,,0,1.01887035e-05,False,
T009181,A0184,2026-02-13 14:03:00,14.31,D_A0184,,0,1.01887035e-05,False,
T007591,A0435,2026-02-05 23:31:00,13.96,D_A0435,,0,1.01887035e-05,False,
T005226,A0368,2026-01-25 20:32:00,73.48,D_A0368,,0,1.01887035e-05,False,
T006383,A0145,2026-01-31 13:26:00,15.73,D_A0145,,0,1.01887035e-05,False,
T004651,A0416,2026-01-22 22:45:00,61.99,D_A0416,,0,1.01887035e-05,False,
T007454,A0184,2026-02-05 13:02:00,12.73,D_A0184,,0,1.01887035e-05,False,
T009216,A0005,2026-02-13 15:38:00,70.17,D_A0005,,0,1.01887035e-05,False,
T009890,A0370,2026-02-16 18:02:00,25.31,D_A0370,,0,1.01887035e-05,False,
T009872,A0400,2026-02-16 16:42:00,37.63,D_A0400,,0,1.01887035e-05,False,
T002441,A0247,2026-01-12 14:48:00,19.79,D_A0247,,0,1.01887035e-05,False,
T004825,A0386,2026-01-23 21:02:00,13.66,D_A0386,,0,1.01887035e-05,False,
T008852,A0184,2026-02-11 19:31:00,7.65,D_A0184,,0,1.01887035e-05,False,
T003969,A0370,2026-01-19 14:53:00,14.58,D_A0370,,0,1.01887035e-05,False,
T003964,A0145,2026-01-19 14:48:00,24.74,D_A0145,,0,1.01887035e-05,False,
T003982,A0330,2026-01-19 15:15:00,46.23,D_A0330,,0,1.01887035e-05,False,
T010502,A0370,2026-02-19 16:24:00,24.52,D_A0370,,0,1.01887035e-05,False,
T008860,A0027,2026-02-11 21:24:00,35.45,D_A0027,,0,1.01887035e-05,False,
T008234,A0330,2026-02-08 19:37:00,48.7,D_A0330,,0,1.01887035e-05,False,
T012254,A0435,2026-02-28 14:09:00,20.03,D_A0435,,0,1.01887035e-05,False,
T010708,A0370,2026-02-20 15:13:00,24.61,D_A0370,,0,1.01887035e-05,False,
T010706,A0215,2026-02-20 15:06:00,6.72,D_A0215,,0,1.01887035e-05,False,
T009590,A0155,2026-02-15 13:41:00,78.65,D_A0155,,0,1.01887035e-05,False,
T005770,A0224,2026-01-28 13:16:00,20.18,D_A0224,,0,1.01887035e-05,False,
T010103,A0418,2026-02-17 17:03:00,88.19,D_A0418,,0,1.01887035e-05,False,
T001985,A0161,2026-01-10 14:02:00,29.54,D_A0161,,0,1.01887035e-05,False,
T004358,A0269,2026-01-21 15:39:00,45.9,D_A0269,,0,1.01887035e-05,False,
T004801,A0373,2026-01-23 17:40:00,9.04,D_A0373,,0,1.01887035e-05,False,
T009601,A0178,2026-02-15 14:14:00,8.14,D_A0178,,0,1.01887035e-05,False,
T010672,A0200,2026-02-20 13:22:00,41.81,D_A0200,,0,1.01887035e-05,False,
T012328,A0108,2026-02-28 17:29:00,27.67,D_A0108,,0,1.01887035e-05,False,
T012326,A0435,2026-02-28 17:21:00,14.22,D_A0435,,0,1.01887035e-05,False,
T011679,A0288,2026-02-25 13:55:00,66.57,D_A0288,,0,1.01887035e-05,False,
T007922,A0184,2026-02-07 14:12:00,19.79,D_A0184,,0,1.01887035e-05,False,
T009064,A0124,2026-02-12 19:33:00,49.03,D_A0124,,0,1.01887035e-05,False,
T010068,A0370,2026-02-17 15:41:00,10.09,D_A0370,,0,1.01887035e-05,False,
T005202,A0435,2026-01-25 17:46:00,13.01,D_A0435,,0,1.01887035e-05,False,
T010030,A0233,2026-02-17 13:42:00,54.34,D_A0233,,0,1.01887035e-05,False,
T009069,A0201,2026-02-12 20:20:00,9.93,D_A0201,,0,1.01887035e-05,False,
T007082,A0493,2026-02-03 14:58:00,88.78,D_A0493,,0,1.01887035e-05,False,
T000517,A0431,2026-01-03 14:42:00,27.06,D_FAM_11,,0,1.0171297e-05,False,
T006817,A0171,2026-02-02 12:16:00,108.3,D_A0171,,0,1.0170879e-05,False,
T000502,A0016,2026-01-03 14:05:00,148.11,D_FAM_12,,0,1.0168213e-05,False,
T000251,A0264,2026-01-02 11:06:00,52.33,D_A0264,,0,1.0160575e-05,False,
T001239,A0090,2026-01-06 19:11:00,107.02,D_A0090,,0,1.0159209e-05,False,
T004364,A0309,2026-01-21 16:05:00,60.53,D_A0309,,0,1.01535425e-05,False,
T001014,A0316,2026-01-05 18:31:00,64.01,D_FAM_14,,0,1.01433125e-05,False,
T005828,A0310,2026-01-28 16:36:00,182.16,D_A0310,,0,1.0140856e-05,False,
T010323,A0010,2026-02-18 17:57:00,50.29,D_A0010,,0,1.0138699e-05,False,
T007957,A0252,2026-02-07 15:47:00,59.11,D_A0252,,0,1.0138699e-05,False,
T008974,A0190,2026-02-12 13:27:00,151.48,D_FAM_13,,0,1.0133972e-05,False,
T005859,A0011,2026-01-28 20:05:00,51.8,D_A0011,,0,1.0125789e-05,False,
T000589,A0434,2026-01-03 17:59:00,32.3,D_A0434,,0,1.0125789e-05,False,
T000579,A0085,2026-01-03 17:37:00,50.94,D_A0085,,0,1.0125345e-05,False,
T008415,A0227,2026-02-09 16:53:00,124.29,D_A0227,,0,1.011743e-05,False,
T009555,A0159,2026-02-15 11:25:00,67.87,D_A0159,,0,1.011497e-05,False,
T009264,A0224,2026-02-13 18:37:00,59.81,D_A0224,,0,1.0114247e-05,False,
T007826,A0224,2026-02-06 23:19:00,59.08,D_A0224,,0,1.0114247e-05,False,
T003578,A0386,2026-01-17 16:40:00,36.94,D_A0386,,0,1.0114247e-05,False,
T006959,A0288,2026-02-02 23:03:00,81.9,D_A0288,,0,1.0114247e-05,False,
T001210,A0360,2026-01-06 17:09:00,62.31,D_A0360,,0,1.0114247e-05,False,
T004954,A0040,2026-01-24 14:48:00,98.53,D_A0040,,0,1.0114247e-05,False,
T009639,A0257,2026-02-15 16:07:00,90.42,D_A0257,,0,1.0114247e-05,False,
T003106,A0394,2026-01-15 16:21:00,92.31,D_A0394,,0,1.0114247e-05,False,
T001839,A0196,2026-01-09 17:33:00,77.92,D_A0196,,0,1.0114247e-05,False,
T011668,A0156,2026-02-25 13:31:00,58.16,D_A0156,,0,1.0114247e-05,False,
T011470,A0257,2026-02-24 13:28:00,98.02,D_A0257,,0,1.0114247e-05,False,
T001355,A0278,2026-01-07 12:57:00,131.89,D_A0278,,0,1.0110843e-05,False,
T001331,A0060,2026-01-07 12:03:00,125.88,D_A0060,,0,1.0102756e-05,False,
T003080,A0319,2026-01-15 14:51:00,187.65,D_A0319,,0,1.0097323e-05,False,
T007780,A0192,2026-02-06 17:22:00,159.87,D_A0192,,0,1.0096659e-05,False,
T009651,A0082,2026-02-15 16:39:00,91.89,D_A0082,,0,1.0087179e-05,False,
T008839,A0082,2026-02-11 18:09:00,72.98,D_A0082,,0,1.0087179e-05,False,
T004087,A0086,2026-01-20 10:33:00,72.61,D_A0086,,0,1.0083802e-05,False,
T007860,A0086,2026-02-07 10:20:00,93.68,D_A0086,,0,1.0083802e-05,False,
T005912,A0189,2026-01-29 10:22:00,40.32,D_A0189,,0,1.0083802e-05,False,
T005922,A0479,2026-01-29 10:58:00,32.77,D_A0479,,0,1.0083802e-05,False,
T004458,A0311,2026-01-22 10:37:00,40.71,D_A0311,,0,1.0083802e-05,False,
T009971,A0479,2026-02-17 10:44:00,65.85,D_A0479,,0,1.0083802e-05,False,
T004879,A0189,2026-01-24 10:26:00,35.67,D_A0189,,0,1.0083802e-05,False,
T008792,A0093,2026-02-11 14:33:00,102.95,D_A0093,,0,1.0071089e-05,False,
T004578,A0275,2026-01-22 15:55:00,98.71,D_FAM_5,,0,1.0063916e-05,False,
T007894,A0087,2026-02-07 12:24:00,172.58,D_A0087,,0,1.0060721e-05,False,
T009972,A0439,2026-02-17 10:55:00,16.95,D_A0439,,0,1.00558e-05,False,
T002571,A0271,2026-01-13 10:55:00,22.82,D_A0271,,0,1.00558e-05,False,
T001506,A0136,2026-01-08 10:08:00,22.81,D_A0136,,0,1.00558e-05,False,
T001088,A0313,2026-01-06 10:55:00,11.23,D_A0313,,0,1.00558e-05,False,
T011615,A0313,2026-02-25 10:15:00,18.61,D_A0313,,0,1.00558e-05,False,
T008068,A0439,2026-02-08 10:11:00,12.22,D_A0439,,0,1.00558e-05,False,
T005919,A0126,2026-01-29 10:44:00,80.65,D_A0126,,0,1.00558e-05,False,
T005906,A0251,2026-01-29 10:00:00,9.27,D_A0251,,0,1.00558e-05,False,
T001308,A0351,2026-01-07 10:46:00,70.01,D_A0351,,0,1.00558e-05,False,
T012385,A0088,2026-03-01 10:01:00,35.09,D_A0088,,0,1.00558e-05,False,
T011420,A0271,2026-02-24 10:19:00,23.31,D_A0271,,0,1.00558e-05,False,
T005730,A0111,2026-01-28 10:41:00,23.14,D_A0111,,0,1.00558e-05,False,
T007224,A0251,2026-02-04 10:39:00,11.88,D_A0251,,0,1.00558e-05,False,
T010827,A0361,2026-02-21 10:28:00,27.81,D_A0361,,0,1.00558e-05,False,
T003457,A0111,2026-01-17 10:38:00,52.7,D_A0111,,0,1.00558e-05,False,
T001926,A0054,2026-01-10 10:53:00,9.63,D_A0054,,0,1.00558e-05,False,
T007220,A0126,2026-02-04 10:20:00,93.34,D_A0126,,0,1.00558e-05,False,
T003887,A0294,2026-01-19 10:54:00,48.18,D_A0294,,0,1.00558e-05,False,
T010203,A0111,2026-02-18 10:47:00,18.73,D_A0111,,0,1.00558e-05,False,
T000234,A0188,2026-01-02 10:22:00,69.24,D_A0188,,0,1.00558e-05,False,
T008289,A0144,2026-02-09 10:01:00,41.83,D_A0144,,0,1.00490515e-05,False,
T007003,A0039,2026-02-03 10:31:00,35.3,D_A0039,,0,1.00490515e-05,False,
T011618,A0452,2026-02-25 10:30:00,62.02,D_A0452,,0,1.00490515e-05,False,
T000668,A0142,2026-01-04 10:47:00,22.72,D_A0142,,0,1.00490515e-05,False,
T002777,A0116,2026-01-14 10:50:00,75.92,D_A0116,,0,1.00490515e-05,False,
T007011,A0142,2026-02-03 10:58:00,58.05,D_A0142,,0,1.00490515e-05,False,
T002769,R003,2026-01-14 10:26:00,51.55,D_R003,,0,1.00490515e-05,False,
T007289,A0333,2026-02-04 14:54:00,160.08,D_FAM_9,,0,1.004586e-05,False,
T006550,A0107,2026-02-01 10:32:00,13.54,D_A0107,,0,1.0021145e-05,False,
T012185,A0076,2026-02-28 10:55:00,51.84,D_A0076,,0,1.0021145e-05,False,
T002119,A0358,2026-01-11 10:13:00,22.9,D_A0358,,0,1.0021145e-05,False,
T006117,A0202,2026-01-30 10:15:00,44.97,D_A0202,,0,1.0021145e-05,False,
T005074,A0277,2026-01-25 10:32:00,17.54,D_A0277,,0,1.0021145e-05,False,
T010594,A0265,2026-02-20 10:07:00,13.38,D_A0265,,0,1.0021145e-05,False,
T008069,A0402,2026-02-08 10:19:00,18.58,D_A0402,,0,1.0021145e-05,False,
T008499,A0402,2026-02-10 10:10:00,15.1,D_A0402,,0,1.0021145e-05,False,
T008503,A0038,2026-02-10 10:23:00,39.41,D_A0038,,0,1.0021145e-05,False,
T007644,A0037,2026-02-06 10:30:00,41.86,D_A0037,,0,1.0021145e-05,False,
T006340,A0323,2026-01-31 10:32:00,10.71,D_A0323,,0,1.0021145e-05,False,
T010382,A0116,2026-02-19 10:28:00,18.18,D_A0116,,0,1.0021145e-05,False,
T007223,A0238,2026-02-04 10:38:00,88.28,D_A0238,,0,1.0021145e-05,False,
T002775,A0168,2026-01-14 10:43:00,20.84,D_A0168,,0,1.0021145e-05,False,
T003462,A0318,2026-01-17 10:55:00,7.11,D_A0318,,0,1.0021145e-05,False,
T002765,A0340,2026-01-14 10:08:00,26.54,D_A0340,,0,1.0021145e-05,False,
T004697,A0067,2026-01-23 10:38:00,6.84,D_A0067,,0,1.0021145e-05,False,
T001951,A0343,2026-01-10 12:30:00,26.34,D_A0343,,0,9.999246e-06,False,
T004482,A0042,2026-01-22 12:05:00,59.5,D_A0042,,0,9.999246e-06,False,
T011643,A0100,2026-02-25 12:18:00,52.24,D_A0100,,0,9.999246e-06,False,
T010631,A0143,2026-02-20 12:08:00,68.14,D_A0143,,0,9.999246e-06,False,
T009619,A0442,2026-02-15 15:03:00,70.9,D_A0442,,0,9.987771e-06,False,
T007494,A0174,2026-02-05 14:47:00,66.98,D_A0174,,0,9.987771e-06,False,
T006658,A0444,2026-02-01 16:40:00,71.07,D_A0444,,0,9.987771e-06,False,
T006662,A0364,2026-02-01 16:48:00,41.07,D_A0364,,0,9.987771e-06,False,
T012501,A0479,2026-03-01 16:33:00,41.17,D_A0479,,0,9.987771e-06,False,
T007308,A0174,2026-02-04 16:07:00,83.23,D_A0174,,0,9.987771e-06,False,
T009065,A0384,2026-02-12 19:36:00,56.25,D_A0384,,0,9.987771e-06,False,
T012051,A0384,2026-02-27 14:04:00,27.23,D_A0384,,0,9.987771e-06,False,
T012053,A0292,2026-02-27 14:12:00,45.33,D_A0292,,0,9.987771e-06,False,
T010709,A0343,2026-02-20 15:17:00,23.3,D_A0343,,0,9.987771e-06,False,
T010697,A0292,2026-02-20 14:36:00,63.37,D_A0292,,0,9.987771e-06,False,
T010713,A0421,2026-02-20 15:26:00,89.17,D_A0421,,0,9.987771e-06,False,
T003633,A0100,2026-01-17 22:51:00,70.43,D_A0100,,0,9.987771e-06,False,
T010722,A0474,2026-02-20 15:55:00,91.43,D_A0474,,0,9.987771e-06,False,
T009899,A0384,2026-02-16 18:46:00,27.35,D_A0384,,0,9.987771e-06,False,
T004381,A0474,2026-01-21 17:12:00,53.45,D_A0474,,0,9.987771e-06,False,
T007467,A0100,2026-02-05 13:33:00,75.08,D_A0100,,0,9.987771e-06,False,
T007796,A0270,2026-02-06 18:33:00,91.73,D_A0270,,0,9.987771e-06,False,
T002399,A0086,2026-01-12 13:22:00,93.97,D_A0086,,0,9.987771e-06,False,
T002474,A0357,2026-01-12 16:37:00,72.52,D_A0357,,0,9.987771e-06,False,
T004621,A0204,2026-01-22 18:07:00,41.05,D_A0204,,0,9.987771e-06,False,
T002020,A0086,2026-01-10 16:05:00,81.65,D_A0086,,0,9.987771e-06,False,
T007171,A0408,2026-02-03 21:23:00,49.54,D_A0408,,0,9.987771e-06,False,
T003086,A0143,2026-01-15 15:18:00,40.98,D_A0143,,0,9.987771e-06,False,
T006048,A0364,2026-01-29 18:26:00,45.5,D_A0364,,0,9.987771e-06,False,
T007711,A0343,2026-02-06 13:43:00,24.69,D_A0343,,0,9.987771e-06,False,
T005957,A0391,2026-01-29 13:02:00,34.88,D_A0391,,0,9.987771e-06,False,
T008347,A0249,2026-02-09 13:11:00,58.93,D_A0249,,0,9.987771e-06,False,
T002497,A0408,2026-01-12 17:57:00,49.54,D_A0408,,0,9.987771e-06,False,
T010781,A0170,2026-02-20 21:54:00,18.87,D_A0170,,0,9.987771e-06,False,
T001432,A0357,2026-01-07 16:16:00,72.14,D_A0357,,0,9.987771e-06,False,
T003613,A0138,2026-01-17 18:34:00,62.6,D_A0138,,0,9.987771e-06,False,
T005127,A0101,2026-01-25 13:30:00,88.95,D_A0101,,0,9.987771e-06,False,
T003082,A0408,2026-01-15 14:58:00,26.69,D_A0408,,0,9.987771e-06,False,
T011874,A0355,2026-02-26 14:30:00,88.41,D_A0355,,0,9.987771e-06,False,
T002834,A0170,2026-01-14 13:44:00,46.47,D_A0170,,0,9.987771e-06,False,
T004753,A0143,2026-01-23 14:28:00,69.25,D_A0143,,0,9.987771e-06,False,
T004980,A0138,2026-01-24 16:03:00,54.37,D_A0138,,0,9.987771e-06,False,
T003318,A0100,2026-01-16 16:06:00,66.98,D_A0100,,0,9.987771e-06,False,
T011088,A0343,2026-02-22 13:36:00,17.37,D_A0343,,0,9.987771e-06,False,
T003799,A0302,2026-01-18 16:55:00,10.73,D_A0302,,0,9.987771e-06,False,
T011852,A0454,2026-02-26 13:20:00,28.31,D_A0454,,0,9.987771e-06,False,
T012126,A0218,2026-02-27 21:13:00,32.68,D_A0218,,0,9.987771e-06,False,
T008418,A0292,2026-02-09 17:00:00,45.46,D_A0292,,0,9.987771e-06,False,
T011194,A0093,2026-02-22 19:55:00,95.11,D_A0093,,0,9.987771e-06,False,
T000271,A0151,2026-01-02 12:19:00,105.19,D_A0151,,0,9.984056e-06,False,
T001915,A0226,2026-01-10 10:15:00,45.67,D_A0226,,0,9.982314e-06,False,
T012186,A0299,2026-02-28 10:57:00,81.66,D_A0299,,0,9.982314e-06,False,
T004701,A0409,2026-01-23 10:50:00,83.2,D_A0409,,0,9.982314e-06,False,
T011559,A0126,2026-02-24 19:22:00,173.23,D_A0126,,0,9.976757e-06,False,
T007885,A0272,2026-02-07 11:57:00,22.29,D_FAM_14,,0,9.976414e-06,False,
T007868,A0366,2026-02-07 11:03:00,38.61,D_FAM_5,,0,9.976414e-06,False,
T001401,A0498,2026-01-07 14:55:00,104.81,D_A0498,,0,9.972599e-06,False,
T004160,A0498,2026-01-20 15:11:00,102.18,D_A0498,,0,9.972599e-06,False,
T011259,A0218,2026-02-23 12:05:00,59.96,D_A0218,,0,9.953378e-06,False,
T001315,A0107,2026-01-07 11:04:00,95.89,D_A0107,,0,9.949354e-06,False,
T012321,A0138,2026-02-28 17:06:00,54.68,D_A0138,,0,9.941956e-06,False,
T009460,A0354,2026-02-14 17:12:00,68.44,D_A0354,,0,9.941956e-06,False,
T004120,A0227,2026-01-20 12:57:00,108.62,D_A0227,,0,9.93516e-06,False,
T007725,A0222,2026-02-06 14:16:00,108.22,D_A0222,,0,9.934061e-06,False,
T007708,A0251,2026-02-06 13:39:00,31.66,D_A0251,,0,9.932792e-06,False,
T004232,A0193,2026-01-20 23:12:00,127.11,D_A0193,,0,9.928028e-06,False,
T000760,A0381,2026-01-04 15:19:00,150.72,D_A0381,,0,9.909205e-06,False,
T006573,A0122,2026-02-01 11:58:00,91.14,D_A0122,,0,9.905633e-06,False,
T007706,A0323,2026-02-06 13:32:00,114.27,D_A0323,,0,9.905133e-06,False,
T005330,A0234,2026-01-26 12:50:00,44.52,D_A0234,,0,9.901459e-06,False,
T002165,A0262,2026-01-11 12:49:00,65.43,D_A0262,,0,9.901459e-06,False,
T010425,A0257,2026-02-19 12:35:00,68.6,D_A0257,,0,9.901459e-06,False,
T008548,A0423,2026-02-10 12:37:00,24.09,D_A0423,,0,9.901459e-06,False,
T010859,A0363,2026-02-21 12:27:00,66.6,D_A0363,,0,9.901459e-06,False,
T005325,A0394,2026-01-26 12:16:00,58.2,D_A0394,,0,9.901459e-06,False,
T010416,A0394,2026-02-19 12:18:00,70.03,D_A0394,,0,9.901459e-06,False,
T006360,A0389,2026-01-31 12:14:00,39.67,D_A0389,,0,9.901459e-06,False,
T001349,A0262,2026-01-07 12:49:00,85.38,D_A0262,,0,9.901459e-06,False,
T009992,A0220,2026-02-17 12:08:00,45.32,D_A0220,,0,9.901459e-06,False,
T007680,A0389,2026-02-06 12:30:00,41.91,D_A0389,,0,9.901459e-06,False,
T009996,A0213,2026-02-17 12:13:00,57.7,D_A0213,,0,9.901459e-06,False,
T009358,A0056,2026-02-14 12:03:00,39.88,D_A0056,,0,9.901459e-06,False,
T007905,A0215,2026-02-07 13:03:00,127.02,D_A0215,,0,9.899259e-06,False,
T006165,A0306,2026-01-30 13:09:00,122.19,D_A0306,,0,9.8911805e-06,False,
T011046,A0091,2026-02-22 11:44:00,86.98,D_A0091,,0,9.890804e-06,False,
T010609,A0252,2026-02-20 11:15:00,13.65,D_A0252,,0,9.890804e-06,False,
T001725,A0159,2026-01-09 11:13:00,32.08,D_A0159,,0,9.890804e-06,False,
T000893,A0276,2026-01-05 11:12:00,14.05,D_A0276,,0,9.890804e-06,False,
T002782,A0261,2026-01-14 11:02:00,23.31,D_A0261,,0,9.890804e-06,False,
T011537,A0462,2026-02-24 17:15:00,60.65,D_A0462,,0,9.890096e-06,False,
T002656,A0481,2026-01-13 15:14:00,74.17,D_A0481,,0,9.890096e-06,False,
T005960,A0481,2026-01-29 13:04:00,73.57,D_A0481,,0,9.890096e-06,False,
T008215,A0386,2026-02-08 17:24:00,42.22,D_A0386,,0,9.890096e-06,False,
T001435,A0180,2026-01-07 16:42:00,48.5,D_A0180,,0,9.890096e-06,False,
T000613,A0008,2026-01-03 22:09:00,31.16,D_A0008,,0,9.890096e-06,False,
T001608,A0213,2026-01-08 15:07:00,91.47,D_A0213,,0,9.890096e-06,False,
T006734,A0196,2026-02-01 23:55:00,58.06,D_A0196,,0,9.890096e-06,False,
T007910,A0233,2026-02-07 13:36:00,84.39,D_A0233,,0,9.890096e-06,False,
T003329,A0008,2026-01-16 16:28:00,35.08,D_A0008,,0,9.890096e-06,False,
T006207,A0481,2026-01-30 14:48:00,54.92,D_A0481,,0,9.890096e-06,False,
T011325,A0389,2026-02-23 15:41:00,59.21,D_A0389,,0,9.890096e-06,False,
T003564,A0481,2026-01-17 16:06:00,79.54,D_A0481,,0,9.890096e-06,False,
T003292,A0151,2026-01-16 14:53:00,63.28,D_A0151,,0,9.890096e-06,False,
T007065,A0372,2026-02-03 14:07:00,80.88,D_A0372,,0,9.890096e-06,False,
T009874,A0040,2026-02-16 16:45:00,65.89,D_A0040,,0,9.890096e-06,False,
T006227,A0348,2026-01-30 15:46:00,85.16,D_A0348,,0,9.890096e-06,False,
T009258,A0418,2026-02-13 18:06:00,76.44,D_A0418,,0,9.890096e-06,False,
T010703,A0151,2026-02-20 14:53:00,67.39,D_A0151,,0,9.890096e-06,False,
T005426,A0008,2026-01-26 17:20:00,34.46,D_A0008,,0,9.890096e-06,False,
T011714,A0232,2026-02-25 15:41:00,48.64,D_A0232,,0,9.890096e-06,False,
T004370,A0363,2026-01-21 16:30:00,97.75,D_A0363,,0,9.890096e-06,False,
T002275,A0330,2026-01-11 18:26:00,56.71,D_A0330,,0,9.890096e-06,False,
T012086,A0151,2026-02-27 16:17:00,65.52,D_A0151,,0,9.890096e-06,False,
T008570,A0394,2026-02-10 13:26:00,70.22,D_A0394,,0,9.890096e-06,False,
T003055,A0033,2026-01-15 13:42:00,92.87,D_A0033,,0,9.890096e-06,False,
T001865,A0372,2026-01-09 19:58:00,58.73,D_A0372,,0,9.890096e-06,False,
T009403,A0233,2026-02-14 14:17:00,87.74,D_A0233,,0,9.890096e-06,False,
T009164,A0481,2026-02-13 13:19:00,52.07,D_A0481,,0,9.890096e-06,False,
T011330,A0056,2026-02-23 15:54:00,55.45,D_A0056,,0,9.890096e-06,False,
T011765,A0040,2026-02-25 20:59:00,56.59,D_A0040,,0,9.890096e-06,False,
T004527,A0008,2026-01-22 13:55:00,31.86,D_A0008,,0,9.890096e-06,False,
T012231,A0364,2026-02-28 13:21:00,79.3,D_A0364,,0,9.890096e-06,False,
T009641,A0483,2026-02-15 16:12:00,36.75,D_A0483,,0,9.890096e-06,False,
T007722,A0178,2026-02-06 14:07:00,43.91,D_A0178,,0,9.890096e-06,False,
T009625,A0008,2026-02-15 15:16:00,22.62,D_A0008,,0,9.890096e-06,False,
T010244,A0423,2026-02-18 13:06:00,24.9,D_A0423,,0,9.890096e-06,False,
T011299,A0110,2026-02-23 13:46:00,126.53,D_FAM_11,,0,9.883675e-06,False,
T000357,A0366,2026-01-02 16:53:00,60.45,D_FAM_5,,0,9.8732e-06,False,
T007116,A0190,2026-02-03 16:38:00,156.96,D_FAM_13,,0,9.863929e-06,False,
T001008,A0215,2026-01-05 17:45:00,109.08,D_A0215,,0,9.862651e-06,False,
T000042,A0459,2026-01-01 11:07:00,48.97,D_A0459,,0,9.862359e-06,False,
T000479,A0320,2026-01-03 12:13:00,69.11,D_FAM_4,,0,9.853089e-06,False,
T004940,A0254,2026-01-24 14:00:00,46.65,D_A0254,,0,9.844729e-06,False,
T009270,A0016,2026-02-13 19:29:00,149.62,D_FAM_12,,0,9.842796e-06,False,
T010036,A0334,2026-02-17 13:57:00,181.49,D_A0334,,0,9.822945e-06,False,
T007788,A0306,2026-02-06 17:50:00,124.31,D_A0306,,0,9.814283e-06,False,
T003915,A0000,2026-01-19 12:10:00,124.49,D_A0000,,0,9.80489e-06,False,
T002850,A0235,2026-01-14 14:15:00,122.28,D_A0235,,0,9.773551e-06,False,
T009427,A0085,2026-02-14 15:02:00,58.43,D_A0085,,0,9.7623815e-06,False,
T009548,A0306,2026-02-15 10:34:00,39.91,D_A0306,,0,9.761087e-06,False,
T001916,A0181,2026-01-10 10:16:00,81.45,D_A0181,,0,9.761087e-06,False,
T002121,A0080,2026-01-11 10:19:00,28.98,D_A0080,,0,9.761087e-06,False,
T011629,A0086,2026-02-25 10:57:00,87.15,D_A0086,,0,9.761087e-06,False,
T005280,A0421,2026-01-26 10:23:00,86.1,D_A0421,,0,9.761087e-06,False,
T006050,A0000,2026-01-29 18:28:00,123.71,D_A0000,,0,9.756723e-06,False,
T003013,A0168,2026-01-15 11:31:00,86.15,D_A0168,,0,9.744234e-06,False,
T008321,A0174,2026-02-09 12:10:00,46.23,D_A0174,,0,9.732792e-06,False,
T008801,A0448,2026-02-11 14:58:00,123.68,D_A0448,,0,9.731085e-06,False,
T003554,A0143,2026-01-17 15:31:00,50.26,D_A0143,,0,9.721623e-06,False,
T009026,A0292,2026-02-12 16:26:00,64.99,D_A0292,,0,9.721623e-06,False,
T009379,A0143,2026-02-14 13:12:00,58.72,D_A0143,,0,9.721623e-06,False,
T012464,A0249,2026-03-01 14:34:00,50.6,D_A0249,,0,9.721623e-06,False,
T009674,A0249,2026-02-15 18:35:00,49.76,D_A0249,,0,9.721623e-06,False,
T002516,A0364,2026-01-12 20:07:00,87.96,D_A0364,,0,9.721623e-06,False,
T002517,A0292,2026-01-12 20:38:00,61.36,D_A0292,,0,9.721623e-06,False,
T007811,A0174,2026-02-06 19:37:00,78.27,D_A0174,,0,9.721623e-06,False,
T009698,A0174,2026-02-15 21:40:00,63.94,D_A0174,,0,9.721623e-06,False,
T009429,A0143,2026-02-14 15:13:00,65.71,D_A0143,,0,9.721623e-06,False,
T012528,A0446,2026-03-01 17:51:00,89.45,D_A0446,,0,9.721623e-06,False,
T001378,A0138,2026-01-07 13:37:00,73.11,D_A0138,,0,9.721623e-06,False,
T008850,A0022,2026-02-11 19:30:00,59.15,D_FAM_5,,0,9.721448e-06,False,
T008958,A0141,2026-02-12 12:24:00,147.47,D_FAM_2,,0,9.72116e-06,False,
T009236,A0381,2026-02-13 16:41:00,172.58,D_A0381,,0,9.710902e-06,False,
T004219,A0217,2026-01-20 19:52:00,148.93,D_A0217,,0,9.708903e-06,False,
T010070,A0313,2026-02-17 15:42:00,75.45,D_A0313,,0,9.693018e-06,False,
T000114,A0313,2026-01-01 14:35:00,30.1,D_A0313,,0,9.6907725e-06,False,
T011292,A0087,2026-02-23 13:21:00,167.19,D_A0087,,0,9.68861e-06,False,
T011747,A0087,2026-02-25 18:50:00,155.37,D_A0087,,0,9.68861e-06,False,
T007541,A0087,2026-02-05 17:21:00,167.11,D_A0087,,0,9.68861e-06,False,
T006262,A0091,2026-01-30 18:30:00,122.15,D_A0091,,0,9.662146e-06,False,
T003790,A0309,2026-01-18 16:34:00,48.21,D_A0309,,0,9.641684e-06,False,
T002619,A0445,2026-01-13 12:58:00,90.96,D_A0445,,0,9.637612e-06,False,
T003697,A0427,2026-01-18 12:01:00,41.85,D_A0427,,0,9.637612e-06,False,
T007476,A0472,2026-02-05 13:54:00,158.18,D_A0472,,0,9.632016e-06,False,
T003332,A0462,2026-01-16 16:39:00,52.95,D_A0462,,0,9.626552e-06,False,
T010051,A0040,2026-02-17 14:48:00,82.33,D_A0040,,0,9.626552e-06,False,
T007117,A0288,2026-02-03 16:42:00,64.06,D_A0288,,0,9.626552e-06,False,
T004007,A0151,2026-01-19 16:29:00,85.59,D_A0151,,0,9.626552e-06,False,
T005228,A0262,2026-01-25 20:53:00,82.56,D_A0262,,0,9.626552e-06,False,
T002880,A0151,2026-01-14 15:42:00,62.69,D_A0151,,0,9.626552e-06,False,
T004512,A0435,2026-01-22 13:14:00,96.75,D_A0435,,0,9.626552e-06,False,
T004983,A0040,2026-01-24 16:08:00,85.1,D_A0040,,0,9.626552e-06,False,
T001877,A0435,2026-01-09 21:49:00,88.47,D_A0435,,0,9.626552e-06,False,
T003944,A0220,2026-01-19 13:41:00,31.8,D_A0220,,0,9.626552e-06,False,
T009605,A0151,2026-02-15 14:27:00,76.13,D_A0151,,0,9.626552e-06,False,
T006224,A0040,2026-01-30 15:35:00,91.54,D_A0040,,0,9.626552e-06,False,
T008931,A0429,2026-02-12 11:49:00,135.69,D_A0429,,0,9.58872e-06,False,
T001935,A0451,2026-01-10 11:43:00,21.59,D_FAM_12,,0,9.588254e-06,False,
T002226,A0147,2026-01-11 15:24:00,125.72,D_A0147,,0,9.573653e-06,False,
T000043,A0010,2026-01-01 11:12:00,36.29,D_A0010,,0,9.573315e-06,False,
T010322,A0319,2026-02-18 17:34:00,160.01,D_A0319,,0,9.5545265e-06,False,
T007019,A0036,2026-02-03 11:23:00,47.13,D_FAM_1,,0,9.552112e-06,False,
T011444,A0163,2026-02-24 11:51:00,42.8,D_FAM_5,,0,9.548232e-06,False,
T010934,A0222,2026-02-21 16:27:00,78.71,D_A0222,,0,9.546029e-06,False,
T003064,A0419,2026-01-15 14:05:00,97.13,D_A0419,,0,9.546029e-06,False,
T006654,A0467,2026-02-01 16:21:00,86.95,D_A0467,,0,9.546029e-06,False,
T001205,A0231,2026-01-06 16:57:00,94.17,D_A0231,,0,9.546029e-06,False,
T012034,A0252,2026-02-27 13:08:00,28.79,D_A0252,,0,9.546029e-06,False,
T007518,A0252,2026-02-05 16:13:00,46.1,D_A0252,,0,9.546029e-06,False,
T010952,A0455,2026-02-21 17:50:00,91.62,D_A0455,,0,9.546029e-06,False,
T010983,A0010,2026-02-21 20:19:00,35.65,D_A0010,,0,9.546029e-06,False,
T007779,A0252,2026-02-06 17:21:00,36.05,D_A0252,,0,9.546029e-06,False,
T001186,A0388,2026-01-06 15:47:00,93.7,D_A0388,,0,9.546029e-06,False,
T006801,A0425,2026-02-02 11:27:00,46.92,D_A0425,,0,9.520464e-06,False,
T009541,A0409,2026-02-15 10:03:00,62.23,D_A0409,,0,9.500981e-06,False,
T005279,A0439,2026-01-26 10:11:00,35.06,D_A0439,,0,9.500981e-06,False,
T004390,A0087,2026-01-21 17:45:00,149.3,D_A0087,,0,9.492766e-06,False,
T004735,A0032,2026-01-23 13:33:00,64.53,D_A0032,,0,9.478184e-06,False,
T000275,A0276,2026-01-02 12:30:00,27.24,D_A0276,,0,9.475825e-06,False,
T008803,A0175,2026-02-11 15:02:00,144.27,D_FAM_7,,0,9.460087e-06,False,
T005935,A0366,2026-01-29 11:55:00,54.75,D_FAM_5,,0,9.425975e-06,False,
T010604,A0366,2026-02-20 11:02:00,65.04,D_FAM_5,,0,9.425975e-06,False,
T004704,A0251,2026-01-23 11:02:00,29.45,D_A0251,,0,9.390078e-06,False,
T007112,A0472,2026-02-03 16:34:00,161.83,D_A0472,,0,9.375349e-06,False,
T012543,A0379,2026-03-01 19:11:00,111.45,D_A0379,,0,9.369485e-06,False,
T000608,A0069,2026-01-03 20:14:00,121.68,D_A0069,,0,9.369485e-06,False,
T005361,A0313,2026-01-26 14:06:00,25.13,D_A0313,,0,9.345275e-06,False,
T001614,A0395,2026-01-08 15:43:00,58.63,D_A0395,,0,9.345275e-06,False,
T001584,A0285,2026-01-08 13:45:00,160.49,D_A0285,,0,9.34278e-06,False,
T005805,A0429,2026-01-28 15:30:00,152.02,D_A0429,,0,9.34278e-06,False,
T009005,A0285,2026-02-12 15:05:00,156.78,D_A0285,,0,9.34278e-06,False,
T010439,A0083,2026-02-19 13:23:00,163.84,D_A0083,,0,9.34278e-06,False,
T010222,A0227,2026-02-18 12:00:00,116.35,D_A0227,,0,9.300732e-06,False,
T010100,A0272,2026-02-17 16:57:00,46.79,D_FAM_14,,0,9.298248e-06,False,
T008837,A0272,2026-02-11 17:48:00,42.06,D_FAM_14,,0,9.298248e-06,False,
T000610,A0495,2026-01-03 20:17:00,119.55,D_A0495,,0,9.282805e-06,False,
T000389,A0240,2026-01-02 19:46:00,118.95,D_FAM_11,,0,9.27539e-06,False,
T000320,A0443,2026-01-02 14:46:00,109.81,D_A0443,,0,9.269845e-06,False,
T007027,A0140,2026-02-03 11:37:00,89.84,D_A0140,,0,9.242833e-06,False,
T009554,A0171,2026-02-15 11:25:00,58.94,D_A0171,,0,9.242833e-06,False,
T004503,A0159,2026-01-22 12:57:00,92.42,D_A0159,,0,9.236215e-06,False,
T008236,A0254,2026-02-08 19:48:00,60.21,D_A0254,,0,9.225617e-06,False,
T002397,A0091,2026-01-12 13:20:00,107.57,D_A0091,,0,9.2242435e-06,False,
T005185,A0024,2026-01-25 17:07:00,106.77,D_A0024,,0,9.2242435e-06,False,
T001190,A0316,2026-01-06 15:57:00,99.52,D_FAM_14,,0,9.215918e-06,False,
T001677,A0164,2026-01-08 21:30:00,61.7,D_A0164,,0,9.208424e-06,False,
T004216,A0274,2026-01-20 19:42:00,82.64,D_A0274,,0,9.208424e-06,False,
T005777,A0409,2026-01-28 13:38:00,118.42,D_A0409,,0,9.191306e-06,False,
T008572,A0312,2026-02-10 13:36:00,139.34,D_A0312,,0,9.180294e-06,False,
T007137,A0334,2026-02-03 17:52:00,148.67,D_A0334,,0,9.179419e-06,False,
T007319,A0199,2026-02-04 16:42:00,124.81,D_A0199,,0,9.167678e-06,False,
T011348,A0319,2026-02-23 17:20:00,148.66,D_A0319,,0,9.153928e-06,False,
T003264,A0274,2026-01-16 13:18:00,68.52,D_A0274,,0,9.136834e-06,False,
T008610,A0333,2026-02-10 15:47:00,143.02,D_FAM_9,,0,9.134106e-06,False,
T006404,A0102,2026-01-31 14:26:00,90.71,D_FAM_7,,0,9.125861e-06,False,
T000457,R005,2026-01-03 11:10:00,38.05,D_R005,,0,9.102149e-06,False,
T012064,A0272,2026-02-27 14:40:00,33.98,D_FAM_14,,0,9.092182e-06,False,
T007734,A0272,2026-02-06 14:52:00,29.61,D_FAM_14,,0,9.092182e-06,False,
T006633,A0272,2026-02-01 15:07:00,35.7,D_FAM_14,,0,9.092182e-06,False,
T002915,A0272,2026-01-14 18:41:00,38.98,D_FAM_14,,0,9.092182e-06,False,
T005786,A0396,2026-01-28 14:26:00,67.46,D_FAM_3,,0,9.092182e-06,False,
T002206,A0076,2026-01-11 14:19:00,109.65,D_A0076,,0,9.075756e-06,False,
T006063,A0148,2026-01-29 19:32:00,122.79,D_A0148,,0,9.068982e-06,False,
T003755,A0128,2026-01-18 14:44:00,155.3,D_A0128,,0,9.068965e-06,False,
T010490,A0128,2026-02-19 15:50:00,167.29,D_A0128,,0,9.068965e-06,False,
T011640,A0469,2026-02-25 11:41:00,25.56,D_A0469,,0,9.057374e-06,False,
T007753,A0192,2026-02-06 15:49:00,141.01,D_A0192,,0,9.056778e-06,False,
T007956,A0397,2026-02-07 15:47:00,144.92,D_A0397,,0,9.009854e-06,False,
T003245,A0190,2026-01-16 12:20:00,129.77,D_FAM_13,,0,9.007122e-06,False,
T005925,A0316,2026-01-29 11:15:00,44.9,D_FAM_14,,0,9.002441e-06,False,
T011038,A0316,2026-02-22 11:11:00,28.48,D_FAM_14,,0,9.002441e-06,False,
T010610,A0022,2026-02-20 11:25:00,10.0,D_FAM_5,,0,9.002441e-06,False,
T001586,A0000,2026-01-08 13:55:00,121.55,D_A0000,,0,8.992745e-06,False,
T011295,A0387,2026-02-23 13:25:00,106.18,D_A0387,,0,8.989247e-06,False,
T008736,A0179,2026-02-11 11:29:00,86.31,D_A0179,,0,8.9813975e-06,False,
T003381,A0164,2026-01-16 19:30:00,61.07,D_A0164,,0,8.9630785e-06,False,
T000261,A0461,2026-01-02 11:50:00,25.98,D_FAM_0,,0,8.96289e-06,False,
T011883,A0060,2026-02-26 14:52:00,125.34,D_A0060,,0,8.923385e-06,False,
T005587,A0110,2026-01-27 14:48:00,117.07,D_FAM_11,,0,8.8891475e-06,False,
T002859,A0148,2026-01-14 14:33:00,112.41,D_A0148,,0,8.888079e-06,False,
T007428,A0306,2026-02-05 11:55:00,94.94,D_A0306,,0,8.871989e-06,False,
T010603,A0476,2026-02-20 11:01:00,118.18,D_A0476,,0,8.870669e-06,False,
T009975,A0037,2026-02-17 11:01:00,108.76,D_A0037,,0,8.870669e-06,False,
T009346,A0163,2026-02-14 11:29:00,80.0,D_FAM_5,,0,8.869112e-06,False,
T000528,A0122,2026-01-03 15:13:00,82.95,D_A0122,,0,8.85793e-06,False,
T003830,A0016,2026-01-18 19:58:00,146.63,D_FAM_12,,0,8.841785e-06,False,
T011959,A0128,2026-02-26 21:48:00,168.07,D_A0128,,0,8.827301e-06,False,
T008616,A0164,2026-02-10 15:51:00,62.23,D_A0164,,0,8.8110855e-06,False,
T007131,A0091,2026-02-03 17:35:00,122.58,D_A0091,,0,8.778744e-06,False,
T002902,A0022,2026-01-14 17:13:00,32.1,D_FAM_5,,0,8.775663e-06,False,
T000387,A0300,2026-01-02 19:41:00,18.58,D_FAM_12,,0,8.762534e-06,False,
T002434,A0192,2026-01-12 14:37:00,133.74,D_A0192,,0,8.744961e-06,False,
T004897,A0275,2026-01-24 11:36:00,28.24,D_FAM_5,,0,8.743668e-06,False,
T001538,A0163,2026-01-08 11:53:00,26.36,D_FAM_5,,0,8.743668e-06,False,
T006568,A0230,2026-02-01 11:35:00,73.38,D_A0230,,0,8.742101e-06,False,
T004937,A0217,2026-01-24 13:45:00,143.64,D_A0217,,0,8.721508e-06,False,
T005105,A0375,2026-01-25 12:27:00,130.62,D_A0375,,0,8.709647e-06,False,
T008176,A0397,2026-02-08 15:29:00,136.84,D_A0397,,0,8.699652e-06,False,
T010508,A0085,2026-02-19 16:40:00,73.1,D_A0085,,0,8.698482e-06,False,
T005383,A0175,2026-01-26 15:10:00,136.98,D_FAM_7,,0,8.693937e-06,False,
T001371,A0177,2026-01-07 13:27:00,114.23,D_A0177,,0,8.691102e-06,False,
T005342,A0148,2026-01-26 13:17:00,108.57,D_A0148,,0,8.691102e-06,False,
T000537,A0200,2026-01-03 15:35:00,116.13,D_A0200,,0,8.691102e-06,False,
T000534,A0036,2026-01-03 15:28:00,43.09,D_FAM_1,,0,8.689147e-06,False,
T000911,A0235,2026-01-05 12:26:00,82.35,D_A0235,,0,8.677363e-06,False,
T000084,A0434,2026-01-01 12:59:00,24.66,D_A0434,,0,8.677363e-06,False,
T000071,A0085,2026-01-01 12:12:00,24.28,D_A0085,,0,8.677363e-06,False,
T000404,A0155,2026-01-02 23:27:00,53.22,D_A0155,,0,8.667405e-06,False,
T003722,A0494,2026-01-18 13:07:00,117.01,D_A0494,,0,8.657962e-06,False,
T011875,A0494,2026-02-26 14:32:00,110.14,D_A0494,,0,8.657962e-06,False,
T003960,A0322,2026-01-19 14:43:00,148.6,D_A0322,,0,8.648868e-06,False,
T009820,A0112,2026-02-16 13:57:00,120.07,D_A0112,,0,8.640336e-06,False,
T000268,A0316,2026-01-02 12:09:00,32.54,D_FAM_14,,0,8.624735e-06,False,
T011256,A0097,2026-02-23 11:57:00,25.83,D_FAM_1,,0,8.618576e-06,False,
T000263,A0149,2026-01-02 11:58:00,79.34,D_A0149,,0,8.581857e-06,False,
T011706,A0167,2026-02-25 15:27:00,126.57,D_A0167,,0,8.580842e-06,False,
T006167,A0113,2026-01-30 13:14:00,76.5,D_FAM_3,,0,8.566673e-06,False,
T004119,A0035,2026-01-20 12:49:00,128.1,D_FAM_9,,0,8.558932e-06,False,
T009434,A0461,2026-02-14 15:34:00,38.29,D_FAM_0,,0,8.553636e-06,False,
T001533,A0086,2026-01-08 11:39:00,119.4,D_A0086,,0,8.547389e-06,False,
T004488,A0366,2026-01-22 12:19:00,43.41,D_FAM_5,,0,8.543812e-06,False,
T010131,A0016,2026-02-17 19:52:00,134.03,D_FAM_12,,0,8.5373695e-06,False,
T010657,A0087,2026-02-20 12:51:00,144.95,D_A0087,,0,8.537149e-06,False,
T005012,A0366,2026-01-24 19:09:00,39.79,D_FAM_5,,0,8.534007e-06,False,
T005008,A0432,2026-01-24 18:18:00,63.46,D_FAM_14,,0,8.534007e-06,False,
T001157,A0366,2026-01-06 14:31:00,47.02,D_FAM_5,,0,8.534007e-06,False,
T003020,A0032,2026-01-15 11:57:00,42.7,D_A0032,,0,8.533877e-06,False,
T003019,A0159,2026-01-15 11:57:00,43.56,D_A0159,,0,8.533877e-06,False,
T011631,A0311,2026-02-25 11:07:00,43.21,D_A0311,,0,8.533877e-06,False,
T006809,A0127,2026-02-02 11:56:00,24.08,D_A0127,,0,8.533877e-06,False,
T000458,R001,2026-01-03 11:11:00,66.69,D_R001,,0,8.533877e-06,False,
T004471,A0177,2026-01-22 11:26:00,94.96,D_A0177,,0,8.533877e-06,False,
T002361,R001,2026-01-12 11:05:00,36.39,D_R001,,0,8.533877e-06,False,
T008533,A0362,2026-02-10 11:42:00,20.33,D_A0362,,0,8.533877e-06,False,
T004089,A0231,2026-01-20 11:09:00,46.1,D_A0231,,0,8.533877e-06,False,
T005096,A0485,2026-01-25 12:03:00,115.33,D_A0485,,0,8.528751e-06,False,
T012286,A0083,2026-02-28 15:46:00,142.39,D_A0083,,0,8.527352e-06,False,
T001227,A0089,2026-01-06 18:17:00,140.13,D_A0089,,0,8.527352e-06,False,
T003917,A0425,2026-01-19 12:17:00,89.97,D_A0425,,0,8.520638e-06,False,
T000821,A0116,2026-01-04 19:43:00,69.42,D_A0116,,0,8.51086e-06,False,
T000173,A0097,2026-01-01 19:11:00,38.75,D_FAM_1,,0,8.505724e-06,False,
T001526,A0147,2026-01-08 11:15:00,54.52,D_A0147,,0,8.501336e-06,False,
T008527,A0156,2026-02-10 11:25:00,37.58,D_A0156,,0,8.501336e-06,False,
T001229,A0381,2026-01-06 18:24:00,145.83,D_A0381,,0,8.494837e-06,False,
T012546,A0320,2026-03-01 19:34:00,89.1,D_FAM_4,,0,8.489533e-06,False,
T012015,A0159,2026-02-27 11:40:00,75.83,D_A0159,,0,8.4840285e-06,False,
T001320,A0188,2026-01-07 11:15:00,119.85,D_A0188,,0,8.477874e-06,False,
T008571,A0034,2026-02-10 13:35:00,43.03,D_FAM_10,,0,8.477874e-06,False,
T011106,A0034,2026-02-22 14:12:00,41.58,D_FAM_10,,0,8.477874e-06,False,
T004489,A0455,2026-01-22 12:21:00,140.79,D_A0455,,0,8.475627e-06,False,
T009633,A0397,2026-02-15 15:39:00,146.33,D_A0397,,0,8.4659005e-06,False,
T010084,A0038,2026-02-17 16:17:00,105.63,D_A0038,,0,8.460533e-06,False,
T005520,A0497,2026-01-27 11:16:00,121.78,D_A0497,,0,8.4422445e-06,False,
T004090,A0309,2026-01-20 11:14:00,37.33,D_A0309,,0,8.43921e-06,False,
T006815,A0397,2026-02-02 12:11:00,137.84,D_A0397,,0,8.430909e-06,False,
T007999,A0397,2026-02-07 18:13:00,138.22,D_A0397,,0,8.421233e-06,False,
T011729,A0381,2026-02-25 16:51:00,135.6,D_A0381,,0,8.421233e-06,False,
T001963,A0136,2026-01-10 13:04:00,95.92,D_FAM_0,,0,8.421194e-06,False,
T000789,A0136,2026-01-04 16:42:00,87.06,D_FAM_0,,0,8.420824e-06,False,
T000526,A0261,2026-01-03 15:10:00,13.55,D_A0261,,0,8.4133835e-06,False,
T000111,A0422,2026-01-01 14:31:00,75.37,D_A0422,,0,8.4133835e-06,False,
T005645,A0112,2026-01-27 17:21:00,120.25,D_A0112,,0,8.410094e-06,False,
T000067,A0298,2026-01-01 12:03:00,31.73,D_A0298,,0,8.399657e-06,False,
T003802,A0163,2026-01-18 16:59:00,80.16,D_FAM_5,,0,8.397207e-06,False,
T011144,A0251,2026-02-22 15:53:00,53.51,D_A0251,,0,8.394669e-06,False,
T000617,A0147,2026-01-03 23:40:00,80.27,D_A0147,,0,8.390019e-06,False,
T000724,A0471,2026-01-04 13:26:00,39.15,D_A0471,,0,8.390019e-06,False,
T009811,A0043,2026-02-16 13:39:00,6.47,D_A0043,,0,8.390019e-06,False,
T001016,A0103,2026-01-05 18:36:00,9.65,D_A0103,,0,8.390019e-06,False,
T001643,A0011,2026-01-08 17:13:00,18.22,D_A0011,,0,8.390019e-06,False,
T000801,A0483,2026-01-04 17:26:00,47.53,D_A0483,,0,8.390019e-06,False,
T006196,A0267,2026-01-30 14:32:00,18.54,D_A0267,,0,8.390019e-06,False,
T000374,A0207,2026-01-02 17:43:00,14.97,D_A0207,,0,8.390019e-06,False,
T001619,A0243,2026-01-08 15:49:00,106.83,D_A0243,,0,8.380878e-06,False,
T006240,A0147,2026-01-30 16:32:00,115.87,D_A0147,,0,8.380878e-06,False,
T010311,A0332,2026-02-18 16:35:00,38.22,D_A0332,,0,8.375621e-06,False,
T001202,A0303,2026-01-06 16:46:00,96.92,D_FAM_4,,0,8.37499e-06,False,
T006255,A0395,2026-01-30 17:32:00,98.79,D_A0395,,0,8.361288e-06,False,
T005620,A0313,2026-01-27 16:03:00,31.09,D_A0313,,0,8.361288e-06,False,
T004313,A0122,2026-01-21 13:34:00,96.92,D_A0122,,0,8.361288e-06,False,
T008247,A0085,2026-02-08 20:59:00,63.64,D_A0085,,0,8.349773e-06,False,
T012068,A0332,2026-02-27 15:08:00,50.35,D_A0332,,0,8.349773e-06,False,
T009778,A0167,2026-02-16 11:53:00,104.05,D_A0167,,0,8.344114e-06,False,
T000048,A0167,2026-01-01 11:31:00,98.28,D_A0167,,0,8.335174e-06,False,
T004122,A0379,2026-01-20 13:03:00,89.1,D_A0379,,0,8.329405e-06,False,
T003104,A0070,2026-01-15 16:18:00,105.02,D_A0070,,0,8.321188e-06,False,
T001442,A0067,2026-01-07 17:19:00,26.65,D_A0067,,0,8.319751e-06,False,
T002421,A0160,2026-01-12 14:12:00,106.58,D_A0160,,0,8.319633e-06,False,
T006827,A0236,2026-02-02 12:54:00,92.7,D_A0236,,0,8.310973e-06,False,
T010107,A0054,2026-02-17 17:14:00,68.75,D_A0054,,0,8.301436e-06,False,
T008585,A0004,2026-02-10 14:34:00,99.42,D_A0004,,0,8.301436e-06,False,
T004011,A0214,2026-01-19 16:43:00,30.92,D_A0214,,0,8.301436e-06,False,
T007913,A0004,2026-02-07 13:46:00,89.68,D_A0004,,0,8.301436e-06,False,
T007908,A0188,2026-02-07 13:20:00,96.38,D_A0188,,0,8.301436e-06,False,
T010109,A0004,2026-02-17 17:26:00,89.72,D_A0004,,0,8.301436e-06,False,
T005581,A0421,2026-01-27 14:18:00,92.39,D_A0421,,0,8.301436e-06,False,
T010536,A0214,2026-02-19 18:53:00,32.43,D_A0214,,0,8.301436e-06,False,
T002001,A0271,2026-01-10 14:53:00,52.56,D_A0271,,0,8.291411e-06,False,
T001257,A0299,2026-01-06 23:14:00,91.49,D_A0299,,0,8.291411e-06,False,
T010066,A0110,2026-02-17 15:38:00,58.95,D_FAM_11,,0,8.283895e-06,False,
T007758,A0110,2026-02-06 16:06:00,67.91,D_FAM_11,,0,8.283895e-06,False,
T010735,A0110,2026-02-20 16:43:00,51.31,D_FAM_11,,0,8.283895e-06,False,
T010868,A0366,2026-02-21 12:59:00,36.61,D_FAM_5,,0,8.270381e-06,False,
T001184,A0036,2026-01-06 15:41:00,57.71,D_FAM_1,,0,8.266233e-06,False,
T011571,A0366,2026-02-24 21:33:00,50.68,D_FAM_5,,0,8.26089e-06,False,
T010925,A0272,2026-02-21 15:50:00,17.92,D_FAM_14,,0,8.26089e-06,False,
T002482,A0272,2026-01-12 17:06:00,47.51,D_FAM_14,,0,8.26089e-06,False,
T002049,A0366,2026-01-10 17:52:00,31.92,D_FAM_5,,0,8.26089e-06,False,
T005978,A0272,2026-01-29 14:14:00,26.58,D_FAM_14,,0,8.26089e-06,False,
T010756,A0272,2026-02-20 18:15:00,29.99,D_FAM_14,,0,8.26089e-06,False,
T004611,A0272,2026-01-22 17:24:00,11.71,D_FAM_14,,0,8.26089e-06,False,
T008082,A0309,2026-02-08 11:11:00,29.07,D_A0309,,0,8.252182e-06,False,
T012418,A0032,2026-03-01 11:53:00,43.97,D_A0032,,0,8.252182e-06,False,
T011040,A0388,2026-02-22 11:24:00,36.74,D_A0388,,0,8.252182e-06,False,
T006355,A0235,2026-01-31 11:42:00,57.04,D_A0235,,0,8.252182e-06,False,
T006350,A0032,2026-01-31 11:12:00,42.2,D_A0032,,0,8.252182e-06,False,
T011241,A0316,2026-02-23 11:07:00,27.27,D_FAM_14,,0,8.243867e-06,False,
T008212,A0329,2026-02-08 17:15:00,142.66,D_A0329,,0,8.240307e-06,False,
T000495,A0083,2026-01-03 13:30:00,129.13,D_A0083,,0,8.233763e-06,False,
T008991,A0089,2026-02-12 14:26:00,129.92,D_A0089,,0,8.233763e-06,False,
T006423,A0451,2026-01-31 15:22:00,32.11,D_FAM_12,,0,8.233363e-06,False,
T010641,A0083,2026-02-20 12:23:00,146.68,D_A0083,,0,8.23242e-06,False,
T000899,A0104,2026-01-05 11:51:00,37.09,D_A0104,,0,8.2292645e-06,False,
T009129,A0112,2026-02-13 11:12:00,43.32,D_A0112,,0,8.2292645e-06,False,
T004095,A0011,2026-01-20 11:30:00,29.13,D_A0011,,0,8.2292645e-06,False,
T004277,A0216,2026-01-21 11:40:00,13.09,D_A0216,,0,8.2292645e-06,False,
T005743,A0469,2026-01-28 11:56:00,16.24,D_A0469,,0,8.2292645e-06,False,
T011635,A0060,2026-02-25 11:15:00,28.78,D_A0060,,0,8.2292645e-06,False,
T012191,A0422,2026-02-28 11:02:00,21.22,D_A0422,,0,8.2292645e-06,False,
T003695,A0011,2026-01-18 11:58:00,26.17,D_A0011,,0,8.2292645e-06,False,
T006141,A0235,2026-01-30 11:55:00,14.35,D_A0235,,0,8.2292645e-06,False,
T012012,A0058,2026-02-27 11:30:00,16.86,D_A0058,,0,8.2292645e-06,False,
T005083,A0058,2026-01-25 11:06:00,54.02,D_A0058,,0,8.2292645e-06,False,
T007427,A0002,2026-02-05 11:52:00,12.8,D_A0002,,0,8.2292645e-06,False,
T010399,A0011,2026-02-19 11:34:00,31.17,D_A0011,,0,8.2292645e-06,False,
T004479,A0494,2026-01-22 11:55:00,39.76,D_A0494,,0,8.2292645e-06,False,
T007028,A0103,2026-02-03 11:38:00,19.94,D_A0103,,0,8.2292645e-06,False,
T012411,A0156,2026-03-01 11:37:00,31.89,D_A0156,,0,8.2292645e-06,False,
T010397,A0456,2026-02-19 11:33:00,20.32,D_A0456,,0,8.2292645e-06,False,
T007878,A0216,2026-02-07 11:34:00,36.5,D_A0216,,0,8.2292645e-06,False,
T007654,A0112,2026-02-06 11:16:00,13.3,D_A0112,,0,8.2292645e-06,False,
T010605,A0471,2026-02-20 11:02:00,26.71,D_A0471,,0,8.2292645e-06,False,
T003945,A0164,2026-01-19 13:52:00,66.63,D_A0164,,0,8.207821e-06,False,
T002433,A0285,2026-01-12 14:35:00,133.94,D_A0285,,0,8.202367e-06,False,
T006937,A0366,2026-02-02 20:03:00,58.15,D_FAM_5,,0,8.200521e-06,False,
T004102,A0465,2026-01-20 12:08:00,61.83,D_A0465,,0,8.19941e-06,False,
T011450,A0362,2026-02-24 12:04:00,17.94,D_A0362,,0,8.19941e-06,False,
T005954,A0419,2026-01-29 12:58:00,27.27,D_A0419,,0,8.19941e-06,False,
T002601,A0128,2026-01-13 12:25:00,58.43,D_A0128,,0,8.19941e-06,False,
T002380,A0252,2026-01-12 12:28:00,8.87,D_A0252,,0,8.19941e-06,False,
T004299,A0091,2026-01-21 12:41:00,90.52,D_A0091,,0,8.19941e-06,False,
T008338,A0252,2026-02-09 12:56:00,10.53,D_A0252,,0,8.19941e-06,False,
T001603,A0132,2026-01-08 14:48:00,61.31,D_A0132,,0,8.190002e-06,False,
T010881,A0252,2026-02-21 13:25:00,12.91,D_A0252,,0,8.190002e-06,False,
T002490,A0261,2026-01-12 17:13:00,37.9,D_A0261,,0,8.190002e-06,False,
T001372,A0091,2026-01-07 13:29:00,65.06,D_A0091,,0,8.190002e-06,False,
T010021,A0465,2026-02-17 13:09:00,35.52,D_A0465,,0,8.190002e-06,False,
T008127,A0252,2026-02-08 13:36:00,14.37,D_A0252,,0,8.190002e-06,False,
T009008,A0010,2026-02-12 15:15:00,13.05,D_A0010,,0,8.190002e-06,False,
T009185,A0471,2026-02-13 14:12:00,60.26,D_A0471,,0,8.190002e-06,False,
T006249,A0159,2026-01-30 17:02:00,42.03,D_A0159,,0,8.190002e-06,False,
T004339,A0413,2026-01-21 14:54:00,43.6,D_A0413,,0,8.190002e-06,False,
T005375,A0427,2026-01-26 14:50:00,11.99,D_A0427,,0,8.190002e-06,False,
T001632,A0008,2026-01-08 16:35:00,23.5,D_A0008,,0,8.190002e-06,False,
T003092,A0469,2026-01-15 15:43:00,32.6,D_A0469,,0,8.190002e-06,False,
T002480,A0159,2026-01-12 16:57:00,27.91,D_A0159,,0,8.190002e-06,False,
T002879,A0276,2026-01-14 15:41:00,22.44,D_A0276,,0,8.190002e-06,False,
T000733,A0243,2026-01-04 13:56:00,89.38,D_A0243,,0,8.190002e-06,False,
T002407,A0332,2026-01-12 13:41:00,19.07,D_A0332,,0,8.190002e-06,False,
T010442,A0008,2026-02-19 13:31:00,21.82,D_A0008,,0,8.190002e-06,False,
T008613,A0159,2026-02-10 15:50:00,40.55,D_A0159,,0,8.190002e-06,False,
T003278,A0434,2026-01-16 14:13:00,20.06,D_A0434,,0,8.190002e-06,False,
T007293,A0407,2026-02-04 15:08:00,40.38,D_A0407,,0,8.190002e-06,False,
T006185,A0159,2026-01-30 14:02:00,35.87,D_A0159,,0,8.190002e-06,False,
T010924,A0434,2026-02-21 15:46:00,25.72,D_A0434,,0,8.190002e-06,False,
T008404,A0362,2026-02-09 15:58:00,22.92,D_A0362,,0,8.190002e-06,False,
T004562,A0434,2026-01-22 15:15:00,16.27,D_A0434,,0,8.190002e-06,False,
T007480,A0276,2026-02-05 14:20:00,16.01,D_A0276,,0,8.190002e-06,False,
T006604,A0471,2026-02-01 13:34:00,49.37,D_A0471,,0,8.190002e-06,False,
T008560,A0252,2026-02-10 13:00:00,18.23,D_A0252,,0,8.190002e-06,False,
T009645,A0016,2026-02-15 16:24:00,128.74,D_A0016,,0,8.1744265e-06,False,
T002219,A0154,2026-01-11 15:06:00,132.75,D_A0154,,0,8.1744265e-06,False,
T008984,A0069,2026-02-12 13:47:00,131.1,D_A0069,,0,8.1744265e-06,False,
T010518,A0347,2026-02-19 17:41:00,129.05,D_A0347,,0,8.1744265e-06,False,
T012557,A0069,2026-03-01 21:16:00,129.22,D_A0069,,0,8.1744265e-06,False,
T002686,A0362,2026-01-13 17:08:00,26.37,D_A0362,,0,8.1664475e-06,False,
T011633,A0163,2026-02-25 11:14:00,72.51,D_FAM_5,,0,8.146915e-06,False,
T011489,A0192,2026-02-24 14:13:00,136.42,D_A0192,,0,8.142425e-06,False,
T012251,A0154,2026-02-28 14:03:00,131.46,D_A0154,,0,8.13693e-06,False,
T004360,A0132,2026-01-21 15:43:00,111.15,D_A0132,,0,8.135254e-06,False,
T011829,A0004,2026-02-26 12:22:00,75.07,D_A0004,,0,8.126786e-06,False,
T000125,A0404,2026-01-01 15:13:00,21.48,D_A0404,,0,8.126011e-06,False,
T003811,A0035,2026-01-18 17:42:00,101.82,D_FAM_9,,0,8.120123e-06,False,
T010513,A0294,2026-02-19 17:20:00,49.33,D_A0294,,0,8.11746e-06,False,
T002486,A0004,2026-01-12 17:11:00,53.04,D_A0004,,0,8.11746e-06,False,
T003497,A0421,2026-01-17 13:05:00,75.47,D_A0421,,0,8.11746e-06,False,
T003357,A0111,2026-01-16 17:55:00,84.25,D_A0111,,0,8.11746e-06,False,
T008639,A0004,2026-02-10 17:52:00,71.81,D_A0004,,0,8.11746e-06,False,
T007124,A0264,2026-02-03 16:55:00,91.79,D_A0264,,0,8.11746e-06,False,
T007268,A0171,2026-02-04 13:51:00,101.4,D_A0171,,0,8.108269e-06,False,
T004302,A0175,2026-01-21 12:43:00,126.22,D_FAM_7,,0,8.0951495e-06,False,
T007990,A0110,2026-02-07 17:48:00,104.04,D_FAM_11,,0,8.085674e-06,False,
T000052,A0313,2026-01-01 11:37:00,16.56,D_A0313,,0,8.06842e-06,False,
T000258,A0379,2026-01-02 11:33:00,50.14,D_A0379,,0,8.06842e-06,False,
T001323,A0105,2026-01-07 11:22:00,22.18,D_A0105,,0,8.06842e-06,False,
T011487,A0251,2026-02-24 14:11:00,49.31,D_A0251,,0,8.062836e-06,False,
T009413,A0226,2026-02-14 14:36:00,79.89,D_A0226,,0,8.062836e-06,False,
T004312,A0271,2026-01-21 13:29:00,86.54,D_A0271,,0,8.062836e-06,False,
T012045,A0226,2026-02-27 13:46:00,76.72,D_A0226,,0,8.062836e-06,False,
T010039,A0303,2026-02-17 14:01:00,102.99,D_FAM_4,,0,8.046382e-06,False,
T006908,A0195,2026-02-02 17:15:00,9.52,D_A0195,,0,8.038191e-06,False,
T005018,A0404,2026-01-24 20:10:00,22.62,D_A0404,,0,8.032444e-06,False,
T010243,A0366,2026-02-18 13:06:00,62.88,D_FAM_5,,0,8.018782e-06,False,
T004410,A0110,2026-01-21 19:57:00,73.45,D_FAM_11,,0,8.018782e-06,False,
T006011,A0366,2026-01-29 16:00:00,31.81,D_FAM_5,,0,8.018782e-06,False,
T003976,A0366,2026-01-19 15:06:00,41.72,D_FAM_5,,0,8.018782e-06,False,
T012513,A0110,2026-03-01 17:09:00,53.69,D_FAM_11,,0,8.018782e-06,False,
T005836,A0110,2026-01-28 17:16:00,51.17,D_FAM_11,,0,8.018782e-06,False,
T002414,A0110,2026-01-12 14:01:00,86.22,D_FAM_11,,0,8.018782e-06,False,
T007230,A0388,2026-02-04 11:17:00,25.92,D_A0388,,0,7.988084e-06,False,
T001932,A0159,2026-01-10 11:28:00,59.67,D_A0159,,0,7.988084e-06,False,
T005928,A0235,2026-01-29 11:22:00,47.43,D_A0235,,0,7.988084e-06,False,
T003896,A0261,2026-01-19 11:21:00,46.58,D_A0261,,0,7.988084e-06,False,
T000507,A0366,2026-01-03 14:12:00,57.54,D_FAM_5,,0,7.981999e-06,False,
T011357,A0238,2026-02-23 18:48:00,148.1,D_A0238,,0,7.9819765e-06,False,
T001146,A0451,2026-01-06 14:08:00,14.15,D_FAM_12,,0,7.961587e-06,False,
T010279,A0329,2026-02-18 14:57:00,128.4,D_A0329,,0,7.9566e-06,False,
T002821,A0381,2026-01-14 13:15:00,137.97,D_A0381,,0,7.9566e-06,False,
T009567,A0036,2026-02-15 12:05:00,51.57,D_FAM_1,,0,7.948598e-06,False,
T009132,A0275,2026-02-13 11:36:00,21.89,D_FAM_5,,0,7.944241e-06,False,
T002281,A0278,2026-01-11 18:48:00,134.59,D_A0278,,0,7.939863e-06,False,
T001642,A0461,2026-01-08 17:13:00,55.92,D_FAM_0,,0,7.939826e-06,False,
T005627,A0222,2026-01-27 16:23:00,102.09,D_A0222,,0,7.928574e-06,False,
T009821,A0387,2026-02-16 13:58:00,101.43,D_A0387,,0,7.928574e-06,False,
T008980,A0127,2026-02-12 13:40:00,117.92,D_A0127,,0,7.918471e-06,False,
T007736,A0451,2026-02-06 14:58:00,26.8,D_FAM_12,,0,7.90955e-06,False,
T004338,A0163,2026-01-21 14:54:00,35.4,D_FAM_5,,0,7.9063375e-06,False,
T005217,A0163,2026-01-25 18:38:00,25.13,D_FAM_5,,0,7.9063375e-06,False,
T007487,A0175,2026-02-05 14:35:00,67.24,D_FAM_7,,0,7.9063375e-06,False,
T007164,A0275,2026-02-03 20:11:00,34.84,D_FAM_5,,0,7.9063375e-06,False,
T007501,A0163,2026-02-05 15:24:00,28.39,D_FAM_5,,0,7.9063375e-06,False,
T009856,A0102,2026-02-16 15:54:00,25.31,D_FAM_7,,0,7.9063375e-06,False,
T000300,A0275,2026-01-02 13:26:00,33.1,D_FAM_5,,0,7.9063375e-06,False,
T011288,A0303,2026-02-23 13:10:00,82.05,D_FAM_4,,0,7.888766e-06,False,
T001325,A0077,2026-01-07 11:29:00,50.62,D_A0077,,0,7.886901e-06,False,
T011182,A0425,2026-02-22 18:16:00,52.16,D_A0425,,0,7.883344e-06,False,
T002502,R003,2026-01-12 18:31:00,138.04,D_R003,,0,7.88184e-06,False,
T002147,A0069,2026-01-11 11:50:00,27.82,D_A0069,,0,7.8760695e-06,False,
T008932,A0392,2026-02-12 11:50:00,63.54,D_A0392,,0,7.8760695e-06,False,
T003008,A0188,2026-01-15 11:19:00,44.08,D_A0188,,0,7.8760695e-06,False,
T001519,A0125,2026-01-08 11:00:00,30.68,D_A0125,,0,7.8760695e-06,False,
T001010,A0443,2026-01-05 17:58:00,125.9,D_A0443,,0,7.875566e-06,False,
T000585,A0136,2026-01-03 17:52:00,45.84,D_FAM_0,,0,7.871601e-06,False,
T001101,A0489,2026-01-06 11:46:00,69.86,D_A0489,,0,7.8534185e-06,False,
T007147,A0323,2026-02-03 18:22:00,99.26,D_A0323,,0,7.853284e-06,False,
T003595,A0371,2026-01-17 17:23:00,104.4,D_A0371,,0,7.845536e-06,False,
T009493,A0461,2026-02-14 21:46:00,68.25,D_FAM_0,,0,7.838356e-06,False,
T008541,A0007,2026-02-10 12:15:00,66.74,D_A0007,,0,7.835524e-06,False,
T002045,A0359,2026-01-10 17:29:00,94.43,D_A0359,,0,7.826913e-06,False,
T001391,A0439,2026-01-07 14:25:00,46.21,D_A0439,,0,7.826532e-06,False,
T005400,A0379,2026-01-26 15:52:00,96.72,D_A0379,,0,7.826532e-06,False,
T005813,A0080,2026-01-28 15:44:00,74.8,D_A0080,,0,7.826532e-06,False,
T002268,A0379,2026-01-11 17:37:00,92.38,D_A0379,,0,7.826532e-06,False,
T005093,A0069,2026-01-25 11:52:00,119.28,D_A0069,,0,7.823421e-06,False,
T012406,A0397,2026-03-01 11:24:00,115.14,D_A0397,,0,7.823421e-06,False,
T010625,A0069,2026-02-20 11:58:00,115.46,D_A0069,,0,7.823421e-06,False,
T006497,A0366,2026-01-31 20:02:00,50.47,D_FAM_5,,0,7.8051025e-06,False,
T000947,A0366,2026-01-05 14:24:00,32.63,D_FAM_5,,0,7.8051025e-06,False,
T011553,A0366,2026-02-24 18:55:00,27.65,D_FAM_5,,0,7.8051025e-06,False,
T008193,A0092,2026-02-08 16:14:00,122.56,D_A0092,,0,7.804374e-06,False,
T000787,A0439,2026-01-04 16:28:00,35.46,D_A0439,,0,7.797031e-06,False,
T010389,A0192,2026-02-19 11:10:00,117.75,D_A0192,,0,7.792793e-06,False,
T004392,A0451,2026-01-21 18:03:00,26.72,D_FAM_12,,0,7.7884915e-06,False,
T001732,A0421,2026-01-09 11:48:00,110.45,D_A0421,,0,7.787534e-06,False,
T009349,A0455,2026-02-14 11:34:00,60.38,D_A0455,,0,7.775223e-06,False,
T006571,A0022,2026-02-01 11:41:00,13.73,D_FAM_5,,0,7.767389e-06,False,
T010218,A0451,2026-02-18 11:42:00,13.01,D_FAM_12,,0,7.755568e-06,False,
T012402,A0451,2026-03-01 11:13:00,11.53,D_FAM_12,,0,7.755568e-06,False,
T001129,R003,2026-01-06 13:06:00,138.87,D_R003,,0,7.707164e-06,False,
T012512,A0067,2026-03-01 17:07:00,38.21,D_A0067,,0,7.703938e-06,False,
T001541,A0180,2026-01-08 12:00:00,87.68,D_A0180,,0,7.686515e-06,False,
T000340,A0080,2026-01-02 15:56:00,82.33,D_A0080,,0,7.677666e-06,False,
T012066,A0277,2026-02-27 14:57:00,138.68,D_A0277,,0,7.67181e-06,False,
T007714,A0471,2026-02-06 13:46:00,56.55,D_A0471,,0,7.669864e-06,False,
T012260,A0332,2026-02-28 14:26:00,41.44,D_A0332,,0,7.669864e-06,False,
T008105,A0222,2026-02-08 12:25:00,86.22,D_A0222,,0,7.662246e-06,False,
T007715,A0303,2026-02-06 13:47:00,58.17,D_FAM_4,,0,7.656417e-06,False,
T005337,A0222,2026-01-26 13:01:00,85.4,D_A0222,,0,7.653453e-06,False,
T012338,A0222,2026-02-28 18:20:00,77.87,D_A0222,,0,7.653453e-06,False,
T002216,A0344,2026-01-11 14:48:00,78.3,D_A0344,,0,7.653453e-06,False,
T004761,A0222,2026-01-23 14:51:00,63.95,D_A0222,,0,7.653453e-06,False,
T012335,A0387,2026-02-28 17:56:00,66.57,D_A0387,,0,7.653453e-06,False,
T008228,A0171,2026-02-08 18:53:00,85.91,D_A0171,,0,7.653453e-06,False,
T001558,A0022,2026-01-08 12:38:00,3.77,D_FAM_5,,0,7.645225e-06,False,
T009976,A0334,2026-02-17 11:04:00,118.47,D_A0334,,0,7.620091e-06,False,
T007803,A0439,2026-02-06 18:53:00,70.41,D_A0439,,0,7.617976e-06,False,
T011654,A0036,2026-02-25 12:49:00,55.53,D_A0036,,0,7.6106858e-06,False,
T000460,A0061,2026-01-03 11:14:00,54.28,D_A0061,,0,7.6072165e-06,False,
T012067,A0371,2026-02-27 15:01:00,103.79,D_A0371,,0,7.5944527e-06,False,
T001534,A0371,2026-01-08 11:42:00,57.84,D_A0371,,0,7.594162e-06,False,
T006438,A0370,2026-01-31 16:05:00,93.06,D_A0370,,0,7.5863595e-06,False,
T006368,A0154,2026-01-31 12:44:00,127.47,D_A0154,,0,7.5765047e-06,False,
T003359,A0038,2026-01-16 17:58:00,72.25,D_A0038,,0,7.573297e-06,False,
T009494,A0489,2026-02-14 21:50:00,70.01,D_A0489,,0,7.573297e-06,False,
T008309,A0164,2026-02-09 11:10:00,56.48,D_A0164,,0,7.5707267e-06,False,
T012282,A0495,2026-02-28 15:34:00,125.87,D_A0495,,0,7.56781e-06,False,
T002069,A0334,2026-01-10 19:34:00,107.99,D_A0334,,0,7.562673e-06,False,
T007175,A0306,2026-02-03 21:42:00,86.27,D_A0306,,0,7.547499e-06,False,
T000694,A0214,2026-01-04 12:29:00,8.87,D_A0214,,0,7.5456205e-06,False,
T000107,A0404,2026-01-01 14:11:00,8.73,D_A0404,,0,7.536962e-06,False,
T000560,A0395,2026-01-03 16:44:00,49.42,D_A0395,,0,7.536962e-06,False,
T000331,A0227,2026-01-02 15:17:00,109.49,D_A0227,,0,7.520312e-06,False,
T009901,A0300,2026-02-16 18:53:00,58.62,D_FAM_12,,0,7.518641e-06,False,
T010981,A0300,2026-02-21 20:18:00,57.71,D_FAM_12,,0,7.518641e-06,False,
T002606,A0010,2026-01-13 12:37:00,16.07,D_A0010,,0,7.5085018e-06,False,
T004497,A0085,2026-01-22 12:38:00,36.16,D_A0085,,0,7.5085018e-06,False,
T010230,A0252,2026-02-18 12:20:00,18.2,D_A0252,,0,7.5085018e-06,False,
T008959,A0469,2026-02-12 12:29:00,45.87,D_A0469,,0,7.5085018e-06,False,
T007086,A0103,2026-02-03 15:16:00,56.64,D_A0103,,0,7.5051294e-06,False,
T001130,A0434,2026-01-06 13:06:00,34.19,D_A0434,,0,7.5051294e-06,False,
T008256,A0011,2026-02-08 23:36:00,52.85,D_A0011,,0,7.5051294e-06,False,
T008186,A0303,2026-02-08 15:51:00,79.82,D_FAM_4,,0,7.5014236e-06,False,
T004015,A0434,2026-01-19 16:57:00,25.21,D_A0434,,0,7.499885e-06,False,
T007371,A0132,2026-02-04 20:49:00,42.07,D_A0132,,0,7.499885e-06,False,
T002627,R001,2026-01-13 13:28:00,46.1,D_R001,,0,7.499885e-06,False,
T001854,A0465,2026-01-09 18:53:00,44.39,D_A0465,,0,7.499885e-06,False,
T001422,A0085,2026-01-07 16:03:00,5.88,D_A0085,,0,7.499885e-06,False,
T007496,A0159,2026-02-05 14:59:00,39.05,D_A0159,,0,7.499885e-06,False,
T007079,A0276,2026-02-03 14:49:00,27.04,D_A0276,,0,7.499885e-06,False,
T008362,A0276,2026-02-09 13:56:00,28.41,D_A0276,,0,7.499885e-06,False,
T003385,A0332,2026-01-16 19:51:00,30.68,D_A0332,,0,7.499885e-06,False,
T007334,A0261,2026-02-04 17:37:00,42.73,D_A0261,,0,7.499885e-06,False,
T004786,A0085,2026-01-23 16:11:00,39.07,D_A0085,,0,7.499885e-06,False,
T010471,A0025,2026-02-19 14:55:00,42.75,D_A0025,,0,7.499885e-06,False,
T001778,A0252,2026-01-09 13:59:00,12.46,D_A0252,,0,7.499885e-06,False,
T000606,A0243,2026-01-03 19:52:00,81.29,D_A0243,,0,7.499885e-06,False,
T005643,A0332,2026-01-27 17:11:00,21.88,D_A0332,,0,7.499885e-06,False,
T008124,A0469,2026-02-08 13:23:00,43.08,D_A0469,,0,7.499885e-06,False,
T008130,A0434,2026-02-08 13:45:00,41.09,D_A0434,,0,7.499885e-06,False,
T010495,A0434,2026-02-19 16:16:00,26.45,D_A0434,,0,7.499885e-06,False,
T001039,A0024,2026-01-05 22:45:00,91.24,D_A0024,,0,7.499885e-06,False,
T002818,R001,2026-01-14 13:08:00,56.6,D_R001,,0,7.499885e-06,False,
T010499,A0252,2026-02-19 16:17:00,17.26,D_A0252,,0,7.499885e-06,False,
T001035,A0159,2026-01-05 20:59:00,53.45,D_A0159,,0,7.499885e-06,False,
T007310,A0419,2026-02-04 16:15:00,23.82,D_A0419,,0,7.499885e-06,False,
T009896,A0362,2026-02-16 18:29:00,20.17,D_A0362,,0,7.499885e-06,False,
T008016,A0267,2026-02-07 20:34:00,25.66,D_A0267,,0,7.499885e-06,False,
T001570,A0132,2026-01-08 13:10:00,90.59,D_A0132,,0,7.499885e-06,False,
T011373,A0267,2026-02-23 22:36:00,26.39,D_A0267,,0,7.499885e-06,False,
T008663,A0159,2026-02-10 21:18:00,37.81,D_A0159,,0,7.499885e-06,False,
T000824,A0085,2026-01-04 19:50:00,13.95,D_A0085,,0,7.499885e-06,False,
T000684,A0237,2026-01-04 11:59:00,16.45,D_FAM_3,,0,7.4901363e-06,False,
T005953,A0082,2026-01-29 12:53:00,75.54,D_A0082,,0,7.485102e-06,False,
T009281,A0235,2026-02-13 21:13:00,82.0,D_A0235,,0,7.4765126e-06,False,
T008385,A0379,2026-02-09 15:16:00,85.43,D_A0379,,0,7.473105e-06,False,
T011267,A0316,2026-02-23 12:32:00,67.63,D_FAM_14,,0,7.4629634e-06,False,
T009993,A0102,2026-02-17 12:09:00,39.76,D_FAM_7,,0,7.4629634e-06,False,
T001392,A0083,2026-01-07 14:29:00,127.61,D_A0083,,0,7.4538093e-06,False,
T000343,A0476,2026-01-02 16:03:00,105.58,D_A0476,,0,7.435555e-06,False,
T003892,A0149,2026-01-19 11:09:00,93.3,D_A0149,,0,7.425861e-06,False,
T010615,A0039,2026-02-20 11:39:00,22.02,D_A0039,,0,7.425861e-06,False,
T004713,A0128,2026-01-23 11:42:00,31.79,D_A0128,,0,7.425861e-06,False,
T007880,A0278,2026-02-07 11:44:00,81.12,D_A0278,,0,7.425861e-06,False,
T000127,A0237,2026-01-01 15:21:00,85.59,D_FAM_3,,0,7.412644e-06,False,
T003556,A0035,2026-01-17 15:42:00,79.18,D_FAM_9,,0,7.380155e-06,False,
T009157,A0035,2026-02-13 13:08:00,91.83,D_FAM_9,,0,7.380155e-06,False,
T003083,A0425,2026-01-15 15:01:00,37.6,D_A0425,,0,7.3791557e-06,False,
T005443,A0295,2026-01-26 18:47:00,84.47,D_A0295,,0,7.3791557e-06,False,
T001460,A0230,2026-01-07 19:57:00,98.97,D_A0230,,0,7.3791557e-06,False,
T011445,A0251,2026-02-24 11:53:00,25.63,D_A0251,,0,7.3758697e-06,False,
T007544,A0097,2026-02-05 17:34:00,48.67,D_FAM_1,,0,7.3520137e-06,False,
T010901,A0097,2026-02-21 14:39:00,31.75,D_FAM_1,,0,7.3520137e-06,False,
T011525,A0097,2026-02-24 15:48:00,57.11,D_FAM_1,,0,7.3520137e-06,False,
T005405,A0217,2026-01-26 16:01:00,108.62,D_A0217,,0,7.345285e-06,False,
T002620,A0295,2026-01-13 12:59:00,67.76,D_A0295,,0,7.3393476e-06,False,
T009016,A0323,2026-02-12 15:44:00,75.98,D_A0323,,0,7.3309257e-06,False,
T004802,A0148,2026-01-23 17:41:00,104.03,D_A0148,,0,7.3204246e-06,False,
T000167,A0358,2026-01-01 18:38:00,121.22,D_A0358,,0,7.3199158e-06,False,
T001332,A0485,2026-01-07 12:05:00,102.17,D_A0485,,0,7.307598e-06,False,
T005754,A0177,2026-01-28 12:23:00,101.23,D_A0177,,0,7.3008896e-06,False,
T004179,A0494,2026-01-20 16:14:00,104.98,D_A0494,,0,7.2925113e-06,False,
T004995,A0009,2026-01-24 17:16:00,102.75,D_A0009,,0,7.2925113e-06,False,
T000314,A0035,2026-01-02 14:07:00,30.2,D_FAM_9,,0,7.2780185e-06,False,
T008355,A0032,2026-02-09 13:34:00,58.01,D_A0032,,0,7.257392e-06,False,
T005366,A0309,2026-01-26 14:34:00,51.23,D_A0309,,0,7.257392e-06,False,
T004593,A0334,2026-01-22 16:43:00,122.0,D_A0334,,0,7.254189e-06,False,
T000922,A0459,2026-01-05 12:52:00,79.04,D_A0459,,0,7.245553e-06,False,
T011320,A0316,2026-02-23 15:28:00,62.61,D_FAM_14,,0,7.2401235e-06,False,
T000334,A0275,2026-01-02 15:34:00,29.3,D_FAM_5,,0,7.2401235e-06,False,
T005820,A0240,2026-01-28 16:01:00,47.96,D_FAM_11,,0,7.2401235e-06,False,
T003541,A0275,2026-01-17 14:57:00,35.54,D_FAM_5,,0,7.2401235e-06,False,
T007338,A0425,2026-02-04 17:54:00,43.68,D_A0425,,0,7.2388257e-06,False,
T003135,A0459,2026-01-15 18:11:00,84.15,D_A0459,,0,7.2372386e-06,False,
T001111,A0148,2026-01-06 12:31:00,70.36,D_A0148,,0,7.2348644e-06,False,
T006276,A0235,2026-01-30 22:40:00,70.55,D_A0235,,0,7.226562e-06,False,
T007561,A0011,2026-02-05 18:34:00,43.65,D_A0011,,0,7.226562e-06,False,
T010456,A0159,2026-02-19 14:12:00,63.85,D_A0159,,0,7.226562e-06,False,
T008400,A0103,2026-02-09 15:47:00,49.9,D_A0103,,0,7.226562e-06,False,
T011907,A0011,2026-02-26 15:48:00,58.01,D_A0011,,0,7.226562e-06,False,
T007526,A0362,2026-02-05 16:31:00,26.15,D_A0362,,0,7.226562e-06,False,
T006080,A0032,2026-01-29 23:14:00,46.84,D_A0032,,0,7.226562e-06,False,
T007765,A0362,2026-02-06 16:22:00,27.65,D_A0362,,0,7.226562e-06,False,
T009566,A0251,2026-02-15 11:57:00,26.85,D_A0251,,0,7.21745e-06,False,
T003687,A0214,2026-01-18 11:28:00,7.31,D_A0214,,0,7.212406e-06,False,
T002586,A0214,2026-01-13 11:50:00,5.72,D_A0214,,0,7.212406e-06,False,
T004476,A0497,2026-01-22 11:42:00,44.57,D_A0497,,0,7.212406e-06,False,
T005300,A0310,2026-01-26 11:14:00,60.51,D_A0310,,0,7.212406e-06,False,
T005536,A0299,2026-01-27 11:58:00,28.48,D_A0299,,0,7.212406e-06,False,
T008920,A0361,2026-02-12 11:09:00,59.13,D_A0361,,0,7.212406e-06,False,
T001317,A0497,2026-01-07 11:08:00,65.83,D_A0497,,0,7.212406e-06,False,
T009823,A0316,2026-02-16 14:03:00,123.48,D_FAM_14,,0,7.2017256e-06,False,
T001440,A0483,2026-01-07 17:11:00,41.28,D_A0483,,0,7.199006e-06,False,
T005657,A0085,2026-01-27 18:26:00,51.31,D_A0085,,0,7.199006e-06,False,
T008184,A0285,2026-02-08 15:49:00,127.03,D_A0285,,0,7.1877485e-06,False,
T008917,A0342,2026-02-12 11:03:00,118.47,D_A0342,,0,7.179665e-06,False,
T003125,A0010,2026-01-15 17:30:00,49.21,D_A0010,,0,7.167788e-06,False,
T004508,A0035,2026-01-22 13:03:00,94.98,D_FAM_9,,0,7.1365425e-06,False,
T004625,A0190,2026-01-22 18:46:00,117.35,D_FAM_13,,0,7.1298277e-06,False,
T007902,A0035,2026-02-07 12:58:00,29.77,D_FAM_9,,0,7.1249e-06,False,
T005141,A0300,2026-01-25 14:27:00,18.74,D_FAM_12,,0,7.1167237e-06,False,
T012258,A0097,2026-02-28 14:19:00,57.85,D_FAM_1,,0,7.1167237e-06,False,
T010994,A0097,2026-02-21 23:15:00,71.05,D_FAM_1,,0,7.1167237e-06,False,
T003784,A0300,2026-01-18 16:17:00,7.1,D_FAM_12,,0,7.1167237e-06,False,
T003628,A0097,2026-01-17 19:58:00,47.03,D_FAM_1,,0,7.1167237e-06,False,
T011722,A0097,2026-02-25 16:29:00,69.07,D_FAM_1,,0,7.1167237e-06,False,
T008807,A0035,2026-02-11 15:34:00,25.64,D_FAM_9,,0,7.1167237e-06,False,
T010080,A0300,2026-02-17 16:04:00,17.85,D_FAM_12,,0,7.1167237e-06,False,
T002197,A0097,2026-01-11 13:56:00,62.06,D_FAM_1,,0,7.1167237e-06,False,
T001019,A0300,2026-01-05 18:53:00,12.74,D_FAM_12,,0,7.1167237e-06,False,
T000748,A0300,2026-01-04 14:47:00,16.96,D_FAM_12,,0,7.1167237e-06,False,
T002036,A0097,2026-01-10 16:43:00,60.83,D_FAM_1,,0,7.1167237e-06,False,
T000795,A0035,2026-01-04 17:04:00,25.04,D_FAM_9,,0,7.1167237e-06,False,
T012108,A0097,2026-02-27 18:20:00,50.14,D_FAM_1,,0,7.1167237e-06,False,
T009826,A0300,2026-02-16 14:17:00,54.14,D_FAM_12,,0,7.1167237e-06,False,
T012465,A0300,2026-03-01 14:38:00,18.12,D_FAM_12,,0,7.1167237e-06,False,
T005969,A0107,2026-01-29 13:31:00,97.04,D_A0107,,0,7.1160725e-06,False,
T008133,A0288,2026-02-08 13:52:00,98.57,D_A0288,,0,7.1160725e-06,False,
T000106,A0417,2026-01-01 14:06:00,62.06,D_A0417,,0,7.1061377e-06,False,
T000577,A0238,2026-01-03 17:31:00,67.93,D_A0238,,0,7.1061377e-06,False,
T005931,A0038,2026-01-29 11:39:00,70.01,D_A0038,,0,7.1059544e-06,False,
T008245,A0227,2026-02-08 20:35:00,102.16,D_A0227,,0,7.091805e-06,False,
T001137,A0336,2026-01-06 13:53:00,104.14,D_A0336,,0,7.0787846e-06,False,
T010228,A0434,2026-02-18 12:17:00,19.53,D_A0434,,0,7.0745255e-06,False,
T012207,A0419,2026-02-28 12:14:00,29.44,D_A0419,,0,7.0745255e-06,False,
T010015,A0032,2026-02-17 12:58:00,11.54,D_A0032,,0,7.0745255e-06,False,
T007035,A0235,2026-02-03 12:18:00,40.39,D_A0235,,0,7.0745255e-06,False,
T008761,A0148,2026-02-11 12:55:00,77.61,D_A0148,,0,7.0745255e-06,False,
T006364,A0362,2026-01-31 12:37:00,23.85,D_A0362,,0,7.0745255e-06,False,
T009796,A0058,2026-02-16 12:51:00,52.01,D_A0058,,0,7.0745255e-06,False,
T001434,R001,2026-01-07 16:33:00,56.3,D_R001,,0,7.0664073e-06,False,
T008010,A0362,2026-02-07 19:22:00,30.62,D_A0362,,0,7.0664073e-06,False,
T002935,A0032,2026-01-14 21:20:00,32.13,D_A0032,,0,7.0664073e-06,False,
T002903,A0058,2026-01-14 17:24:00,34.51,D_A0058,,0,7.0664073e-06,False,
T010282,A0235,2026-02-18 15:01:00,60.58,D_A0235,,0,7.0664073e-06,False,
T012542,A0127,2026-03-01 19:07:00,48.84,D_A0127,,0,7.0664073e-06,False,
T003572,A0032,2026-01-17 16:23:00,46.98,D_A0032,,0,7.0664073e-06,False,
T002825,A0434,2026-01-14 13:23:00,22.29,D_A0434,,0,7.0664073e-06,False,
T007906,A0032,2026-02-07 13:05:00,40.88,D_A0032,,0,7.0664073e-06,False,
T001022,A0159,2026-01-05 19:09:00,58.19,D_A0159,,0,7.0664073e-06,False,
T006001,A0032,2026-01-29 15:26:00,34.42,D_A0032,,0,7.0664073e-06,False,
T011176,A0032,2026-02-22 17:49:00,41.11,D_A0032,,0,7.0664073e-06,False,
T005984,A0002,2026-01-29 14:24:00,26.74,D_A0002,,0,7.0664073e-06,False,
T006501,A0177,2026-01-31 20:43:00,70.68,D_A0177,,0,7.0664073e-06,False,
T012073,A0293,2026-02-27 15:19:00,53.22,D_A0293,,0,7.0664073e-06,False,
T002232,A0231,2026-01-11 15:50:00,47.62,D_A0231,,0,7.0664073e-06,False,
T005192,A0231,2026-01-25 17:26:00,37.86,D_A0231,,0,7.0664073e-06,False,
T005000,A0025,2026-01-24 17:47:00,46.04,D_A0025,,0,7.0664073e-06,False,
T005686,A0235,2026-01-27 23:05:00,39.38,D_A0235,,0,7.0664073e-06,False,
T000403,A0459,2026-01-02 23:20:00,8.94,D_A0459,,0,7.0664073e-06,False,
T009875,A0459,2026-02-16 16:50:00,45.26,D_A0459,,0,7.0664073e-06,False,
T002454,A0418,2026-01-12 15:36:00,49.46,D_A0418,,0,7.0664073e-06,False,
T002420,A0127,2026-01-12 14:11:00,57.97,D_A0127,,0,7.0664073e-06,False,
T005339,A0025,2026-01-26 13:01:00,57.4,D_A0025,,0,7.0664073e-06,False,
T000544,R001,2026-01-03 15:45:00,40.23,D_R001,,0,7.0664073e-06,False,
T008564,A0032,2026-02-10 13:07:00,30.68,D_A0032,,0,7.0664073e-06,False,
T012049,A0465,2026-02-27 14:00:00,40.87,D_A0465,,0,7.0664073e-06,False,
T011672,A0362,2026-02-25 13:37:00,13.66,D_A0362,,0,7.0664073e-06,False,
T001398,A0177,2026-01-07 14:46:00,50.6,D_A0177,,0,7.0664073e-06,False,
T006172,A0419,2026-01-30 13:23:00,25.23,D_A0419,,0,7.0664073e-06,False,
T010459,A0103,2026-02-19 14:15:00,40.9,D_A0103,,0,7.0664073e-06,False,
T009000,A0032,2026-02-12 14:42:00,42.03,D_A0032,,0,7.0664073e-06,False,
T009287,A0085,2026-02-13 23:06:00,39.56,D_A0085,,0,7.0664073e-06,False,
T008344,A0085,2026-02-09 13:04:00,48.81,D_A0085,,0,7.0664073e-06,False,
T006659,A0032,2026-02-01 16:45:00,42.36,D_A0032,,0,7.0664073e-06,False,
T010304,A0032,2026-02-18 16:27:00,31.66,D_A0032,,0,7.0664073e-06,False,
T001595,A0231,2026-01-08 14:09:00,29.1,D_A0231,,0,7.0664073e-06,False,
T008607,A0419,2026-02-10 15:41:00,13.81,D_A0419,,0,7.0664073e-06,False,
T003719,A0032,2026-01-18 13:01:00,16.9,D_A0032,,0,7.0664073e-06,False,
T010445,A0419,2026-02-19 13:45:00,27.5,D_A0419,,0,7.0664073e-06,False,
T001801,A0127,2026-01-09 15:23:00,40.64,D_A0127,,0,7.0664073e-06,False,
T001159,A0103,2026-01-06 14:43:00,63.06,D_A0103,,0,7.0664073e-06,False,
T003336,A0085,2026-01-16 16:53:00,26.41,D_A0085,,0,7.0664073e-06,False,
T006598,A0127,2026-02-01 13:23:00,47.07,D_A0127,,0,7.0664073e-06,False,
T005367,A0177,2026-01-26 14:36:00,72.8,D_A0177,,0,7.0664073e-06,False,
T008595,A0166,2026-02-10 15:02:00,64.59,D_A0166,,0,7.0664073e-06,False,
T009617,A0159,2026-02-15 14:55:00,41.06,D_A0159,,0,7.0664073e-06,False,
T005365,A0231,2026-01-26 14:24:00,36.32,D_A0231,,0,7.0664073e-06,False,
T005558,A0231,2026-01-27 13:24:00,38.9,D_A0231,,0,7.0664073e-06,False,
T011719,A0418,2026-02-25 16:18:00,82.45,D_A0418,,0,7.0664073e-06,False,
T003774,A0459,2026-01-18 15:46:00,29.63,D_A0459,,0,7.0664073e-06,False,
T003961,A0172,2026-01-19 14:45:00,52.92,D_A0172,,0,7.0664073e-06,False,
T007500,A0082,2026-02-05 15:18:00,34.66,D_A0082,,0,7.0664073e-06,False,
T006609,A0148,2026-02-01 13:38:00,86.77,D_A0148,,0,7.0664073e-06,False,
T011550,A0231,2026-02-24 18:20:00,55.68,D_A0231,,0,7.0664073e-06,False,
T012122,A0077,2026-02-27 20:04:00,33.69,D_A0077,,0,7.0664073e-06,False,
T006047,A0159,2026-01-29 18:25:00,44.87,D_A0159,,0,7.0664073e-06,False,
T006663,A0085,2026-02-01 16:50:00,31.84,D_A0085,,0,7.0664073e-06,False,
T008179,A0235,2026-02-08 15:35:00,49.14,D_A0235,,0,7.0664073e-06,False,
T007287,A0159,2026-02-04 14:50:00,30.1,D_A0159,,0,7.0664073e-06,False,
T012437,A0082,2026-03-01 13:29:00,64.96,D_A0082,,0,7.0664073e-06,False,
T005956,A0104,2026-01-29 13:00:00,101.99,D_A0104,,0,7.0591263e-06,False,
T006697,A0421,2026-02-01 18:26:00,120.44,D_A0421,,0,7.0506085e-06,False,
T000802,A0497,2026-01-04 17:28:00,115.48,D_A0497,,0,7.0506085e-06,False,
T003502,A0351,2026-01-17 13:18:00,109.54,D_A0351,,0,7.0506085e-06,False,
T009377,A0459,2026-02-14 12:59:00,55.32,D_A0459,,0,7.04755e-06,False,
T008550,A0235,2026-02-10 12:41:00,62.19,D_A0235,,0,7.04755e-06,False,
T004288,A0459,2026-01-21 12:05:00,58.09,D_A0459,,0,7.04755e-06,False,
T006820,A0060,2026-02-02 12:25:00,83.16,D_A0060,,0,7.04755e-06,False,
T010477,A0107,2026-02-19 15:09:00,95.16,D_A0107,,0,7.04593e-06,False,
T009658,A0276,2026-02-15 16:59:00,53.47,D_A0276,,0,7.0394626e-06,False,
T010082,A0058,2026-02-17 16:13:00,46.54,D_A0058,,0,7.0394626e-06,False,
T012346,A0112,2026-02-28 20:14:00,93.07,D_A0112,,0,7.0394626e-06,False,
T006712,A0058,2026-02-01 19:51:00,57.53,D_A0058,,0,7.0394626e-06,False,
T000356,A0156,2026-01-02 16:50:00,24.71,D_A0156,,0,7.0394626e-06,False,
T002716,A0058,2026-01-13 20:14:00,83.55,D_A0058,,0,7.0394626e-06,False,
T003817,A0254,2026-01-18 17:51:00,36.58,D_A0254,,0,7.0394626e-06,False,
T002630,A0235,2026-01-13 13:39:00,81.07,D_A0235,,0,7.0394626e-06,False,
T011701,A0085,2026-02-25 15:23:00,42.37,D_A0085,,0,7.0394626e-06,False,
T007537,A0483,2026-02-05 17:06:00,40.88,D_A0483,,0,7.0394626e-06,False,
T005584,A0456,2026-01-27 14:23:00,62.54,D_A0456,,0,7.0394626e-06,False,
T002873,R001,2026-01-14 15:12:00,91.47,D_R001,,0,7.0394626e-06,False,
T003720,A0459,2026-01-18 13:01:00,47.32,D_A0459,,0,7.0394626e-06,False,
T003553,A0156,2026-01-17 15:27:00,29.17,D_A0156,,0,7.0394626e-06,False,
T004628,A0494,2026-01-22 19:10:00,99.07,D_A0494,,0,7.0394626e-06,False,
T000588,A0422,2026-01-03 17:58:00,71.73,D_A0422,,0,7.0394626e-06,False,
T005774,A0252,2026-01-28 13:25:00,28.4,D_A0252,,0,7.0394626e-06,False,
T007256,A0252,2026-02-04 13:04:00,15.68,D_A0252,,0,7.0394626e-06,False,
T005601,A0459,2026-01-27 15:24:00,72.54,D_A0459,,0,7.0394626e-06,False,
T004756,A0459,2026-01-23 14:35:00,41.83,D_A0459,,0,7.0394626e-06,False,
T006834,A0332,2026-02-02 13:23:00,44.19,D_A0332,,0,7.0251303e-06,False,
T003041,A0254,2026-01-15 13:14:00,60.9,D_A0254,,0,7.0251303e-06,False,
T003087,A0261,2026-01-15 15:27:00,89.29,D_A0261,,0,7.0251303e-06,False,
T008185,A0163,2026-02-08 15:49:00,71.04,D_FAM_5,,0,7.006029e-06,False,
T010009,A0159,2026-02-17 12:44:00,68.82,D_A0159,,0,6.996048e-06,False,
T003713,A0465,2026-01-18 12:47:00,76.56,D_A0465,,0,6.996048e-06,False,
T001123,A0332,2026-01-06 12:59:00,42.87,D_A0332,,0,6.996048e-06,False,
T003763,A0276,2026-01-18 15:07:00,30.99,D_A0276,,0,6.9880193e-06,False,
T005964,A0465,2026-01-29 13:16:00,92.28,D_A0465,,0,6.9880193e-06,False,
T008797,A0309,2026-02-11 14:43:00,39.91,D_A0309,,0,6.9880193e-06,False,
T002297,A0159,2026-01-11 21:41:00,69.32,D_A0159,,0,6.9880193e-06,False,
T011895,A0163,2026-02-26 15:28:00,62.28,D_FAM_5,,0,6.976267e-06,False,
T010743,A0471,2026-02-20 17:12:00,60.26,D_A0471,,0,6.968613e-06,False,
T006461,A0058,2026-01-31 17:26:00,100.45,D_A0058,,0,6.968613e-06,False,
T000891,A0227,2026-01-05 11:02:00,94.15,D_A0227,,0,6.9542534e-06,False,
T007425,A0251,2026-02-05 11:45:00,21.11,D_A0251,,0,6.9495595e-06,False,
T002809,A0107,2026-01-14 12:46:00,84.8,D_A0107,,0,6.9344055e-06,False,
T007517,A0358,2026-02-05 16:12:00,99.11,D_A0358,,0,6.9082475e-06,False,
T001641,A0076,2026-01-08 17:11:00,89.06,D_A0076,,0,6.9082475e-06,False,
T004816,A0035,2026-01-23 19:13:00,76.12,D_FAM_9,,0,6.9081484e-06,False,
T005670,A0097,2026-01-27 19:18:00,34.31,D_FAM_1,,0,6.9081484e-06,False,
T002922,A0097,2026-01-14 19:26:00,22.17,D_FAM_1,,0,6.9081484e-06,False,
T010968,A0060,2026-02-21 18:45:00,114.39,D_A0060,,0,6.903834e-06,False,
T006358,A0397,2026-01-31 12:08:00,113.03,D_A0397,,0,6.9022744e-06,False,
T000732,A0070,2026-01-04 13:48:00,89.95,D_A0070,,0,6.9018733e-06,False,
T007090,A0437,2026-02-03 15:32:00,85.34,D_A0437,,0,6.9018733e-06,False,
T010392,A0215,2026-02-19 11:14:00,106.28,D_A0215,,0,6.900175e-06,False,
T006916,A0497,2026-02-02 18:01:00,115.28,D_A0497,,0,6.894353e-06,False,
T011540,A0086,2026-02-24 17:20:00,114.1,D_A0086,,0,6.880317e-06,False,
T011460,A0274,2026-02-24 12:40:00,60.52,D_A0274,,0,6.8535855e-06,False,
T011140,A0127,2026-02-22 15:51:00,104.57,D_A0127,,0,6.852239e-06,False,
T007037,A0010,2026-02-03 12:26:00,46.63,D_A0010,,0,6.8457853e-06,False,
T001940,A0016,2026-01-10 11:52:00,52.13,D_FAM_12,,0,6.8439317e-06,False,
T008545,A0008,2026-02-10 12:27:00,25.92,D_A0008,,0,6.841002e-06,False,
T011830,A0483,2026-02-26 12:24:00,34.57,D_A0483,,0,6.841002e-06,False,
T006372,A0494,2026-01-31 12:51:00,87.47,D_A0494,,0,6.841002e-06,False,
T008956,A0216,2026-02-12 12:22:00,45.84,D_A0216,,0,6.841002e-06,False,
T004501,A0388,2026-01-22 12:48:00,28.03,D_A0388,,0,6.841002e-06,False,
T003756,A0261,2026-01-18 14:47:00,97.06,D_A0261,,0,6.83793e-06,False,
T007299,A0254,2026-02-04 15:32:00,40.43,D_A0254,,0,6.8331515e-06,False,
T006405,A0207,2026-01-31 14:27:00,52.07,D_A0207,,0,6.8331515e-06,False,
T002239,A0032,2026-01-11 16:09:00,39.41,D_A0032,,0,6.8331515e-06,False,
T009009,A0261,2026-02-12 15:16:00,43.78,D_A0261,,0,6.8331515e-06,False,
T010314,A0159,2026-02-18 16:41:00,52.24,D_A0159,,0,6.8331515e-06,False,
T005174,A0159,2026-01-25 16:29:00,50.41,D_A0159,,0,6.8331515e-06,False,
T006913,A0388,2026-02-02 17:44:00,39.73,D_A0388,,0,6.8331515e-06,False,
T001786,A0388,2026-01-09 14:18:00,21.3,D_A0388,,0,6.8331515e-06,False,
T006263,A0264,2026-01-30 18:34:00,64.5,D_A0264,,0,6.8331515e-06,False,
T009198,A0276,2026-02-13 14:29:00,25.31,D_A0276,,0,6.8331515e-06,False,
T004992,A0388,2026-01-24 16:59:00,29.02,D_A0388,,0,6.8331515e-06,False,
T005345,A0032,2026-01-26 13:19:00,43.51,D_A0032,,0,6.8331515e-06,False,
T008659,A0276,2026-02-10 19:58:00,28.47,D_A0276,,0,6.8331515e-06,False,
T008818,A0264,2026-02-11 16:19:00,64.97,D_A0264,,0,6.8331515e-06,False,
T007704,A0388,2026-02-06 13:28:00,19.59,D_A0388,,0,6.8331515e-06,False,
T001377,A0388,2026-01-07 13:36:00,28.77,D_A0388,,0,6.8331515e-06,False,
T005459,A0216,2026-01-26 23:06:00,49.12,D_A0216,,0,6.8331515e-06,False,
T006038,A0216,2026-01-29 17:46:00,37.09,D_A0216,,0,6.8331515e-06,False,
T005798,A0234,2026-01-28 15:13:00,42.38,D_A0234,,0,6.8331515e-06,False,
T005421,A0264,2026-01-26 17:02:00,38.61,D_A0264,,0,6.8331515e-06,False,
T006049,A0222,2026-01-29 18:26:00,27.08,D_A0222,,0,6.8331515e-06,False,
T012531,A0254,2026-03-01 18:04:00,21.59,D_A0254,,0,6.8331515e-06,False,
T005225,A0264,2026-01-25 20:03:00,72.39,D_A0264,,0,6.8331515e-06,False,
T008617,A0022,2026-02-10 15:55:00,10.19,D_FAM_5,,0,6.826267e-06,False,
T005403,A0102,2026-01-26 15:55:00,35.92,D_FAM_7,,0,6.826267e-06,False,
T012530,A0022,2026-03-01 17:57:00,11.91,D_FAM_5,,0,6.826267e-06,False,
T004570,A0102,2026-01-22 15:29:00,19.51,D_FAM_7,,0,6.826267e-06,False,
T005111,A0456,2026-01-25 12:39:00,64.36,D_A0456,,0,6.8220043e-06,False,
T010864,A0471,2026-02-21 12:53:00,31.64,D_A0471,,0,6.8220043e-06,False,
T010412,A0216,2026-02-19 12:11:00,13.78,D_A0216,,0,6.8220043e-06,False,
T011658,A0254,2026-02-25 12:59:00,9.12,D_A0254,,0,6.8220043e-06,False,
T011461,A0058,2026-02-24 12:40:00,62.74,D_A0058,,0,6.8220043e-06,False,
T009794,A0112,2026-02-16 12:45:00,77.78,D_A0112,,0,6.8220043e-06,False,
T000910,A0002,2026-01-05 12:25:00,21.46,D_A0002,,0,6.8220043e-06,False,
T009360,A0483,2026-02-14 12:06:00,11.87,D_A0483,,0,6.8220043e-06,False,
T001335,A0469,2026-01-07 12:13:00,21.25,D_A0469,,0,6.8220043e-06,False,
T010659,A0483,2026-02-20 12:57:00,51.17,D_A0483,,0,6.8220043e-06,False,
T003916,A0309,2026-01-19 12:11:00,23.85,D_A0309,,0,6.8220043e-06,False,
T001106,A0483,2026-01-06 12:08:00,13.67,D_A0483,,0,6.8220043e-06,False,
T009781,A0216,2026-02-16 12:04:00,18.26,D_A0216,,0,6.8220043e-06,False,
T002591,A0254,2026-01-13 12:02:00,34.93,D_A0254,,0,6.8220043e-06,False,
T008340,A0177,2026-02-09 12:57:00,31.09,D_A0177,,0,6.8220043e-06,False,
T006826,A0469,2026-02-02 12:52:00,18.46,D_A0469,,0,6.8220043e-06,False,
T003488,A0483,2026-01-17 12:38:00,52.07,D_A0483,,0,6.8220043e-06,False,
T012218,A0168,2026-02-28 12:55:00,40.53,D_A0168,,0,6.8220043e-06,False,
T010072,A0163,2026-02-17 15:45:00,47.08,D_FAM_5,,0,6.821659e-06,False,
T007744,A0163,2026-02-06 15:19:00,40.93,D_FAM_5,,0,6.821659e-06,False,
T009286,A0103,2026-02-13 22:54:00,20.07,D_A0103,,0,6.8141753e-06,False,
T009184,A0422,2026-02-13 14:11:00,30.33,D_A0422,,0,6.8141753e-06,False,
T004799,A0469,2026-01-23 17:30:00,14.24,D_A0469,,0,6.8141753e-06,False,
T004205,A0082,2026-01-20 18:34:00,32.92,D_A0082,,0,6.8141753e-06,False,
T010928,A0467,2026-02-21 15:54:00,13.09,D_A0467,,0,6.8141753e-06,False,
T007521,A0469,2026-02-05 16:19:00,15.09,D_A0469,,0,6.8141753e-06,False,
T001831,A0471,2026-01-09 16:44:00,21.92,D_A0471,,0,6.8141753e-06,False,
T006634,A0370,2026-02-01 15:09:00,16.94,D_A0370,,0,6.8141753e-06,False,
T008383,A0010,2026-02-09 15:14:00,5.28,D_A0010,,0,6.8141753e-06,False,
T002646,A0058,2026-01-13 14:47:00,28.98,D_A0058,,0,6.8141753e-06,False,
T010258,A0010,2026-02-18 13:51:00,3.82,D_A0010,,0,6.8141753e-06,False,
T012279,A0207,2026-02-28 15:24:00,21.77,D_A0207,,0,6.8141753e-06,False,
T009476,A0469,2026-02-14 18:41:00,14.26,D_A0469,,0,6.8141753e-06,False,
T001191,A0252,2026-01-06 16:01:00,17.87,D_A0252,,0,6.8141753e-06,False,
T007700,A0011,2026-02-06 13:21:00,25.93,D_A0011,,0,6.8141753e-06,False,
T008238,A0332,2026-02-08 19:55:00,12.88,D_A0332,,0,6.8141753e-06,False,
T012249,A0483,2026-02-28 14:01:00,10.28,D_A0483,,0,6.8141753e-06,False,
T006862,A0082,2026-02-02 15:09:00,24.15,D_A0082,,0,6.8141753e-06,False,
T005605,A0254,2026-01-27 15:43:00,33.37,D_A0254,,0,6.8141753e-06,False,
T005596,A0309,2026-01-27 15:09:00,29.54,D_A0309,,0,6.8141753e-06,False,
T008140,A0112,2026-02-08 14:08:00,80.8,D_A0112,,0,6.8141753e-06,False,
T009477,A0305,2026-02-14 18:43:00,17.56,D_A0305,,0,6.8141753e-06,False,
T003736,A0104,2026-01-18 13:36:00,44.74,D_A0104,,0,6.8141753e-06,False,
T000345,A0456,2026-01-02 16:16:00,21.31,D_A0456,,0,6.8141753e-06,False,
T012477,A0177,2026-03-01 15:05:00,37.94,D_A0177,,0,6.8141753e-06,False,
T012354,A0332,2026-02-28 22:19:00,8.62,D_A0332,,0,6.8141753e-06,False,
T009233,A0471,2026-02-13 16:34:00,21.86,D_A0471,,0,6.8141753e-06,False,
T002710,A0483,2026-01-13 18:43:00,8.28,D_A0483,,0,6.8141753e-06,False,
T008836,A0235,2026-02-11 17:45:00,17.66,D_A0235,,0,6.8141753e-06,False,
T001986,A0422,2026-01-10 14:07:00,24.9,D_A0422,,0,6.8141753e-06,False,
T006840,A0011,2026-02-02 13:40:00,21.9,D_A0011,,0,6.8141753e-06,False,
T003312,A0254,2026-01-16 15:52:00,8.89,D_A0254,,0,6.8141753e-06,False,
T006652,A0112,2026-02-01 16:18:00,18.33,D_A0112,,0,6.8141753e-06,False,
T009635,A0085,2026-02-15 15:46:00,40.07,D_A0085,,0,6.8141753e-06,False,
T009393,A0011,2026-02-14 13:40:00,29.5,D_A0011,,0,6.8141753e-06,False,
T004744,A0010,2026-01-23 14:00:00,6.5,D_A0010,,0,6.8141753e-06,False,
T004742,A0084,2026-01-23 13:55:00,14.85,D_A0084,,0,6.8141753e-06,False,
T011122,A0112,2026-02-22 14:44:00,94.5,D_A0112,,0,6.8141753e-06,False,
T011084,A0234,2026-02-22 13:16:00,15.84,D_A0234,,0,6.8141753e-06,False,
T005987,A0011,2026-01-29 14:33:00,40.0,D_A0011,,0,6.8141753e-06,False,
T004764,A0277,2026-01-23 14:57:00,20.72,D_A0277,,0,6.8141753e-06,False,
T005986,A0103,2026-01-29 14:28:00,15.39,D_A0103,,0,6.8141753e-06,False,
T005791,A0156,2026-01-28 14:42:00,21.09,D_A0156,,0,6.8141753e-06,False,
T005781,A0235,2026-01-28 13:57:00,19.65,D_A0235,,0,6.8141753e-06,False,
T010937,A0010,2026-02-21 16:34:00,9.02,D_A0010,,0,6.8141753e-06,False,
T007146,A0082,2026-02-03 18:21:00,29.95,D_A0082,,0,6.8141753e-06,False,
T004327,A0103,2026-01-21 14:10:00,29.11,D_A0103,,0,6.8141753e-06,False,
T010882,A0254,2026-02-21 13:26:00,9.99,D_A0254,,0,6.8141753e-06,False,
T008972,A0082,2026-02-12 13:10:00,23.17,D_A0082,,0,6.8141753e-06,False,
T001134,A0058,2026-01-06 13:26:00,67.11,D_A0058,,0,6.8141753e-06,False,
T003525,A0112,2026-01-17 14:11:00,77.81,D_A0112,,0,6.8141753e-06,False,
T003605,A0127,2026-01-17 17:51:00,20.24,D_A0127,,0,6.8141753e-06,False,
T001823,A0103,2026-01-09 16:22:00,13.22,D_A0103,,0,6.8141753e-06,False,
T011751,A0469,2026-02-25 19:05:00,27.31,D_A0469,,0,6.8141753e-06,False,
T007504,A0494,2026-02-05 15:44:00,22.41,D_A0494,,0,6.8141753e-06,False,
T005197,A0156,2026-01-25 17:31:00,24.59,D_A0156,,0,6.8141753e-06,False,
T001962,A0309,2026-01-10 13:04:00,10.3,D_A0309,,0,6.8141753e-06,False,
T008567,A0332,2026-02-10 13:15:00,14.24,D_A0332,,0,6.8141753e-06,False,
T002814,A0422,2026-01-14 13:00:00,17.46,D_A0422,,0,6.8141753e-06,False,
T004641,A0103,2026-01-22 21:18:00,26.23,D_A0103,,0,6.8141753e-06,False,
T005664,A0422,2026-01-27 18:55:00,19.33,D_A0422,,0,6.8141753e-06,False,
T011727,A0216,2026-02-25 16:46:00,18.41,D_A0216,,0,6.8141753e-06,False,
T011570,A0483,2026-02-24 21:32:00,13.43,D_A0483,,0,6.8141753e-06,False,
T003286,A0494,2026-01-16 14:33:00,30.08,D_A0494,,0,6.8141753e-06,False,
T004809,A0471,2026-01-23 18:08:00,27.93,D_A0471,,0,6.8141753e-06,False,
T003744,A0298,2026-01-18 14:00:00,29.41,D_A0298,,0,6.8141753e-06,False,
T007916,A0112,2026-02-07 13:57:00,81.74,D_A0112,,0,6.8141753e-06,False,
T005663,A0207,2026-01-27 18:52:00,95.21,D_A0207,,0,6.8141753e-06,False,
T008156,A0459,2026-02-08 14:55:00,54.65,D_A0459,,0,6.8141753e-06,False,
T008208,A0305,2026-02-08 16:58:00,19.98,D_A0305,,0,6.8141753e-06,False,
T011890,A0216,2026-02-26 15:06:00,19.99,D_A0216,,0,6.8141753e-06,False,
T003288,A0112,2026-01-16 14:45:00,19.9,D_A0112,,0,6.8141753e-06,False,
T002270,A0058,2026-01-11 17:51:00,12.66,D_A0058,,0,6.8141753e-06,False,
T006606,A0309,2026-02-01 13:35:00,10.71,D_A0309,,0,6.8141753e-06,False,
T010465,A0494,2026-02-19 14:33:00,23.81,D_A0494,,0,6.8141753e-06,False,
T001612,A0471,2026-01-08 15:34:00,28.79,D_A0471,,0,6.8141753e-06,False,
T003781,A0104,2026-01-18 16:03:00,30.12,D_A0104,,0,6.8141753e-06,False,
T007540,A0103,2026-02-05 17:20:00,15.83,D_A0103,,0,6.8141753e-06,False,
T003289,A0298,2026-01-16 14:49:00,25.65,D_A0298,,0,6.8141753e-06,False,
T010102,A0230,2026-02-17 17:01:00,6.83,D_A0230,,0,6.8141753e-06,False,
T003810,A0148,2026-01-18 17:38:00,86.85,D_A0148,,0,6.8141753e-06,False,
T011546,A0309,2026-02-24 17:43:00,9.55,D_A0309,,0,6.8141753e-06,False,
T011105,A0332,2026-02-22 14:11:00,9.64,D_A0332,,0,6.8141753e-06,False,
T011301,A0332,2026-02-23 13:56:00,21.07,D_A0332,,0,6.8141753e-06,False,
T008457,A0332,2026-02-09 21:25:00,12.13,D_A0332,,0,6.8141753e-06,False,
T009919,A0309,2026-02-16 21:11:00,13.1,D_A0309,,0,6.8141753e-06,False,
T005572,A0309,2026-01-27 13:54:00,37.64,D_A0309,,0,6.8141753e-06,False,
T010457,A0459,2026-02-19 14:14:00,58.07,D_A0459,,0,6.8141753e-06,False,
T007984,A0332,2026-02-07 17:35:00,9.24,D_A0332,,0,6.8141753e-06,False,
T006474,A0469,2026-01-31 18:16:00,19.16,D_A0469,,0,6.8141753e-06,False,
T009408,A0309,2026-02-14 14:32:00,10.93,D_A0309,,0,6.8141753e-06,False,
T012105,A0471,2026-02-27 17:51:00,19.99,D_A0471,,0,6.8141753e-06,False,
T002505,A0216,2026-01-12 18:43:00,17.08,D_A0216,,0,6.8141753e-06,False,
T010698,A0469,2026-02-20 14:37:00,26.74,D_A0469,,0,6.8141753e-06,False,
T011535,A0136,2026-02-24 17:07:00,61.38,D_FAM_0,,0,6.811278e-06,False,
T003017,A0448,2026-01-15 11:46:00,69.51,D_A0448,,0,6.8001336e-06,False,
T005527,A0227,2026-01-27 11:44:00,57.28,D_A0227,,0,6.8001336e-06,False,
T005529,A0000,2026-01-27 11:46:00,38.66,D_A0000,,0,6.8001336e-06,False,
T001520,A0230,2026-01-08 11:02:00,60.16,D_A0230,,0,6.8001336e-06,False,
T000046,A0230,2026-01-01 11:24:00,40.53,D_A0230,,0,6.8001336e-06,False,
T002142,A0077,2026-01-11 11:35:00,25.66,D_A0077,,0,6.8001336e-06,False,
T009345,A0278,2026-02-14 11:25:00,66.48,D_A0278,,0,6.8001336e-06,False,
T004274,A0153,2026-01-21 11:12:00,37.36,D_A0153,,0,6.8001336e-06,False,
T000335,A0451,2026-01-02 15:43:00,6.31,D_FAM_12,,0,6.796276e-06,False,
T003509,A0437,2026-01-17 13:36:00,92.48,D_FAM_3,,0,6.7956476e-06,False,
T001540,R005,2026-01-08 11:58:00,49.69,D_R005,,0,6.7955443e-06,False,
T002362,A0294,2026-01-12 11:07:00,11.8,D_A0294,,0,6.7955443e-06,False,
T005297,A0347,2026-01-26 11:09:00,87.61,D_A0347,,0,6.7955443e-06,False,
T007661,A0026,2026-02-06 11:32:00,29.35,D_A0026,,0,6.7955443e-06,False,
T006803,A0294,2026-02-02 11:35:00,46.34,D_A0294,,0,6.7955443e-06,False,
T003689,A0092,2026-01-18 11:36:00,56.06,D_A0092,,0,6.7955443e-06,False,
T007671,A0306,2026-02-06 11:58:00,25.91,D_A0306,,0,6.7955443e-06,False,
T004098,A0395,2026-01-20 11:39:00,44.09,D_A0395,,0,6.7955443e-06,False,
T005741,A0268,2026-01-28 11:45:00,37.66,D_A0268,,0,6.7955443e-06,False,
T000091,A0182,2026-01-01 13:19:00,72.9,D_FAM_8,,0,6.7731253e-06,False,
T004908,A0216,2026-01-24 12:15:00,84.84,D_A0216,,0,6.77215e-06,False,
T003467,A0421,2026-01-17 11:21:00,73.67,D_A0421,,0,6.769632e-06,False,
T006799,A0090,2026-02-02 11:22:00,43.15,D_A0090,,0,6.769632e-06,False,
T005304,A0294,2026-01-26 11:26:00,46.06,D_A0294,,0,6.769632e-06,False,
T006495,A0016,2026-01-31 19:46:00,113.47,D_FAM_12,,0,6.765746e-06,False,
T005641,A0010,2026-01-27 17:10:00,39.99,D_A0010,,0,6.7643787e-06,False,
T007366,A0084,2026-02-04 20:08:00,30.33,D_A0084,,0,6.7643787e-06,False,
T004529,A0332,2026-01-22 14:01:00,39.91,D_A0332,,0,6.7643787e-06,False,
T007513,A0332,2026-02-05 16:06:00,46.03,D_A0332,,0,6.7643787e-06,False,
T000317,R001,2026-01-02 14:20:00,75.97,D_R001,,0,6.7643787e-06,False,
T007091,A0182,2026-02-03 15:39:00,101.49,D_FAM_8,,0,6.752146e-06,False,
T009123,A0086,2026-02-13 11:07:00,101.79,D_A0086,,0,6.7389324e-06,False,
T003622,A0312,2026-01-17 19:34:00,117.25,D_A0312,,0,6.7014985e-06,False,
T003023,A0126,2026-01-15 12:03:00,116.96,D_A0126,,0,6.6999837e-06,False,
T000118,A0181,2026-01-01 14:50:00,65.23,D_A0181,,0,6.699594e-06,False,
T000101,A0311,2026-01-01 13:58:00,88.34,D_A0311,,0,6.699594e-06,False,
T000482,R009,2026-01-03 12:31:00,94.9,D_R009,,0,6.6886646e-06,False,
T010028,A0000,2026-02-17 13:36:00,113.56,D_A0000,,0,6.682888e-06,False,
T010000,A0381,2026-02-17 12:20:00,118.26,D_A0381,,0,6.6813777e-06,False,
T001944,A0375,2026-01-10 12:05:00,107.93,D_A0375,,0,6.6813777e-06,False,
T000333,A0497,2026-01-02 15:25:00,94.64,D_A0497,,0,6.680989e-06,False,
T001380,A0271,2026-01-07 13:48:00,17.68,D_A0271,,0,6.680989e-06,False,
T000324,A0154,2026-01-02 14:52:00,79.86,D_A0154,,0,6.680989e-06,False,
T003158,A0102,2026-01-15 20:00:00,14.93,D_A0102,,0,6.680989e-06,False,
T010113,A0443,2026-02-17 17:38:00,109.64,D_A0443,,0,6.6737102e-06,False,
T001815,A0381,2026-01-09 16:06:00,112.94,D_A0381,,0,6.6737102e-06,False,
T008248,A0313,2026-02-08 21:24:00,22.14,D_A0313,,0,6.6695243e-06,False,
T010883,A0190,2026-02-21 13:27:00,102.2,D_FAM_13,,0,6.662925e-06,False,
T004112,A0136,2026-01-20 12:34:00,100.64,D_FAM_0,,0,6.6321973e-06,False,
T003132,A0092,2026-01-15 18:00:00,114.61,D_A0092,,0,6.62494e-06,False,
T000501,A0409,2026-01-03 14:00:00,119.3,D_A0409,,0,6.62494e-06,False,
T009250,A0298,2026-02-13 17:22:00,121.45,D_A0298,,0,6.62494e-06,False,
T003376,A0495,2026-01-16 19:10:00,119.73,D_A0495,,0,6.62494e-06,False,
T007901,A0156,2026-02-07 12:54:00,19.2,D_A0156,,0,6.6220664e-06,False,
T002808,A0495,2026-01-14 12:45:00,42.03,D_A0495,,0,6.6220664e-06,False,
T001339,A0408,2026-01-07 12:22:00,54.23,D_A0408,,0,6.6220664e-06,False,
T012211,A0483,2026-02-28 12:36:00,42.36,D_A0483,,0,6.6220664e-06,False,
T001952,A0419,2026-01-10 12:30:00,51.13,D_A0419,,0,6.6220664e-06,False,
T002604,A0151,2026-01-13 12:33:00,40.87,D_A0151,,0,6.6220664e-06,False,
T008117,A0418,2026-02-08 12:51:00,24.33,D_A0418,,0,6.6220664e-06,False,
T004162,A0032,2026-01-20 15:21:00,27.24,D_A0032,,0,6.6144667e-06,False,
T002058,A0388,2026-01-10 18:12:00,28.85,D_A0388,,0,6.6144667e-06,False,
T002938,A0304,2026-01-14 21:38:00,33.77,D_A0304,,0,6.6144667e-06,False,
T007962,A0254,2026-02-07 15:54:00,20.07,D_A0254,,0,6.6144667e-06,False,
T004361,A0465,2026-01-21 15:49:00,67.99,D_A0465,,0,6.6144667e-06,False,
T008165,A0091,2026-02-08 15:18:00,77.56,D_A0091,,0,6.6144667e-06,False,
T007812,A0336,2026-02-06 19:54:00,96.64,D_A0336,,0,6.6144667e-06,False,
T010341,A0261,2026-02-18 20:24:00,53.89,D_A0261,,0,6.6144667e-06,False,
T000593,A0413,2026-01-03 18:23:00,82.6,D_A0413,,0,6.6144667e-06,False,
T009278,A0032,2026-02-13 20:28:00,39.55,D_A0032,,0,6.6144667e-06,False,
T004218,A0252,2026-01-20 19:47:00,26.24,D_A0252,,0,6.6144667e-06,False,
T010451,A0110,2026-02-19 14:02:00,77.69,D_A0110,,0,6.6144667e-06,False,
T010535,A0264,2026-02-19 18:50:00,57.38,D_A0264,,0,6.6144667e-06,False,
T008796,A0032,2026-02-11 14:38:00,39.86,D_A0032,,0,6.6144667e-06,False,
T003615,A0264,2026-01-17 18:48:00,59.94,D_A0264,,0,6.6144667e-06,False,
T010957,A0419,2026-02-21 18:05:00,82.76,D_A0419,,0,6.6144667e-06,False,
T001659,A0261,2026-01-08 18:28:00,38.3,D_A0261,,0,6.6144667e-06,False,
T002662,A0494,2026-01-13 15:34:00,33.16,D_A0494,,0,6.6144667e-06,False,
T010074,A0010,2026-02-17 15:50:00,31.35,D_A0010,,0,6.6144667e-06,False,
T011347,A0261,2026-02-23 17:20:00,92.88,D_A0261,,0,6.6144667e-06,False,
T010063,A0276,2026-02-17 15:27:00,22.48,D_A0276,,0,6.6144667e-06,False,
T009622,A0223,2026-02-15 15:11:00,48.92,D_A0223,,0,6.6144667e-06,False,
T003971,A0382,2026-01-19 14:59:00,56.7,D_A0382,,0,6.6144667e-06,False,
T007556,A0010,2026-02-05 18:22:00,22.98,D_A0010,,0,6.6144667e-06,False,
T008196,A0264,2026-02-08 16:23:00,51.08,D_A0264,,0,6.6144667e-06,False,
T007793,A0264,2026-02-06 18:24:00,62.85,D_A0264,,0,6.6144667e-06,False,
T007799,A0252,2026-02-06 18:37:00,38.64,D_A0252,,0,6.6144667e-06,False,
T005238,A0388,2026-01-25 23:39:00,22.71,D_A0388,,0,6.6144667e-06,False,
T001966,A0189,2026-01-10 13:17:00,55.12,D_A0189,,0,6.6144667e-06,False,
T004157,A0254,2026-01-20 15:05:00,28.43,D_A0254,,0,6.6144667e-06,False,
T007938,A0092,2026-02-07 14:59:00,75.46,D_A0092,,0,6.6144667e-06,False,
T003611,A0159,2026-01-17 18:25:00,34.72,D_A0159,,0,6.6144667e-06,False,
T002405,A0388,2026-01-12 13:37:00,24.86,D_A0388,,0,6.6144667e-06,False,
T010275,A0159,2026-02-18 14:47:00,53.36,D_A0159,,0,6.6144667e-06,False,
T007077,A0254,2026-02-03 14:44:00,26.66,D_A0254,,0,6.6144667e-06,False,
T003625,A0012,2026-01-17 19:44:00,122.22,D_A0012,,0,6.604835e-06,False,
T001128,A0175,2026-01-06 13:05:00,94.5,D_FAM_7,,0,6.5964823e-06,False,
T012303,A0175,2026-02-28 16:18:00,59.94,D_FAM_7,,0,6.5964823e-06,False,
T000489,A0036,2026-01-03 12:52:00,14.56,D_FAM_1,,0,6.58633e-06,False,
T008017,A0156,2026-02-07 20:37:00,51.63,D_A0156,,0,6.584126e-06,False,
T011853,A0123,2026-02-26 13:28:00,97.0,D_A0123,,0,6.584126e-06,False,
T008810,A0254,2026-02-11 15:40:00,46.29,D_A0254,,0,6.584126e-06,False,
T012263,A0275,2026-02-28 14:40:00,24.14,D_FAM_5,,0,6.5781637e-06,False,
T011720,A0275,2026-02-25 16:23:00,17.08,D_FAM_5,,0,6.5781637e-06,False,
T001600,A0275,2026-01-08 14:30:00,21.99,D_FAM_5,,0,6.5781637e-06,False,
T002458,A0275,2026-01-12 15:51:00,22.02,D_FAM_5,,0,6.5781637e-06,False,
T000897,A0080,2026-01-05 11:42:00,80.81,D_A0080,,0,6.5758236e-06,False,
T007975,A0016,2026-02-07 17:05:00,119.34,D_FAM_12,,0,6.571605e-06,False,
T000469,A0311,2026-01-03 11:47:00,50.13,D_A0311,,0,6.5712284e-06,False,
T004284,A0080,2026-01-21 11:56:00,27.87,D_A0080,,0,6.5712284e-06,False,
T008535,A0181,2026-02-10 11:59:00,75.29,D_A0181,,0,6.5712284e-06,False,
T011247,A0080,2026-02-23 11:27:00,27.87,D_A0080,,0,6.5712284e-06,False,
T007426,A0298,2026-02-05 11:46:00,94.53,D_A0298,,0,6.5712284e-06,False,
T005080,A0479,2026-01-25 11:04:00,87.13,D_A0479,,0,6.5712284e-06,False,
T001730,A0181,2026-01-09 11:29:00,54.66,D_A0181,,0,6.5712284e-06,False,
T000904,A0497,2026-01-05 11:57:00,10.17,D_A0497,,0,6.5712284e-06,False,
T002577,A0397,2026-01-13 11:17:00,85.06,D_A0397,,0,6.55298e-06,False,
T004714,A0351,2026-01-23 11:54:00,64.35,D_A0351,,0,6.55298e-06,False,
T008921,A0090,2026-02-12 11:11:00,60.4,D_A0090,,0,6.55298e-06,False,
T010400,A0111,2026-02-19 11:38:00,23.94,D_A0111,,0,6.55298e-06,False,
T011637,A0379,2026-02-25 11:24:00,14.35,D_A0379,,0,6.55298e-06,False,
T000681,R009,2026-01-04 11:50:00,22.2,D_R009,,0,6.55298e-06,False,
T000255,A0313,2026-01-02 11:17:00,7.44,D_A0313,,0,6.55298e-06,False,
T005744,A0347,2026-01-28 11:59:00,9.53,D_A0347,,0,6.55298e-06,False,
T008088,A0379,2026-02-08 11:26:00,19.45,D_A0379,,0,6.55298e-06,False,
T003904,A0271,2026-01-19 11:51:00,25.68,D_A0271,,0,6.55298e-06,False,
T006356,A0122,2026-01-31 11:50:00,38.29,D_A0122,,0,6.55298e-06,False,
T009121,A0180,2026-02-13 11:02:00,17.46,D_A0180,,0,6.55298e-06,False,
T001370,A0237,2026-01-07 13:27:00,88.92,D_FAM_3,,0,6.552412e-06,False,
T010403,A0165,2026-02-19 11:47:00,33.57,D_A0165,,0,6.552312e-06,False,
T011435,A0425,2026-02-24 11:17:00,33.04,D_A0425,,0,6.552312e-06,False,
T000818,A0461,2026-01-04 19:32:00,38.5,D_FAM_0,,0,6.547215e-06,False,
T001357,A0136,2026-01-07 13:02:00,94.22,D_FAM_0,,0,6.5427953e-06,False,
T011104,A0164,2026-02-22 14:08:00,56.43,D_A0164,,0,6.530683e-06,False,
T005206,A0274,2026-01-25 17:49:00,53.95,D_A0274,,0,6.530683e-06,False,
T007573,A0102,2026-02-05 19:27:00,69.4,D_FAM_7,,0,6.530091e-06,False,
T004917,A0468,2026-01-24 12:42:00,48.39,D_A0468,,0,6.529207e-06,False,
T001344,R007,2026-01-07 12:35:00,47.89,D_R007,,0,6.529207e-06,False,
T011831,A0443,2026-02-26 12:25:00,60.32,D_A0443,,0,6.529207e-06,False,
T003483,A0012,2026-01-17 12:25:00,50.36,D_A0012,,0,6.529207e-06,False,
T005109,A0445,2026-01-25 12:37:00,65.65,D_A0445,,0,6.529207e-06,False,
T009368,A0443,2026-02-14 12:33:00,80.73,D_A0443,,0,6.529207e-06,False,
T000481,A0012,2026-01-03 12:28:00,60.28,D_A0012,,0,6.529207e-06,False,
T005946,A0404,2026-01-29 12:31:00,7.86,D_A0404,,0,6.529207e-06,False,
T007893,A0476,2026-02-07 12:21:00,85.25,D_A0476,,0,6.529207e-06,False,
T001587,A0446,2026-01-08 13:57:00,111.77,D_A0446,,0,6.5251425e-06,False,
T007980,A0404,2026-02-07 17:21:00,7.19,D_A0404,,0,6.5217146e-06,False,
T005444,A0443,2026-01-26 18:52:00,65.81,D_A0443,,0,6.5217146e-06,False,
T011341,A0362,2026-02-23 16:40:00,21.61,D_A0362,,0,6.5217146e-06,False,
T007993,A0395,2026-02-07 17:55:00,36.83,D_A0395,,0,6.5217146e-06,False,
T000543,A0390,2026-01-03 15:45:00,45.44,D_A0390,,0,6.5217146e-06,False,
T005356,A0390,2026-01-26 13:53:00,29.36,D_A0390,,0,6.5217146e-06,False,
T002220,A0210,2026-01-11 15:07:00,39.56,D_A0210,,0,6.5217146e-06,False,
T011742,A0251,2026-02-25 18:34:00,18.19,D_A0251,,0,6.5217146e-06,False,
T005661,A0381,2026-01-27 18:48:00,59.83,D_A0381,,0,6.5217146e-06,False,
T009074,A0443,2026-02-12 20:48:00,80.97,D_A0443,,0,6.5217146e-06,False,
T006640,A0299,2026-02-01 15:22:00,40.62,D_A0299,,0,6.5217146e-06,False,
T003393,A0468,2026-01-16 22:26:00,42.87,D_A0468,,0,6.5217146e-06,False,
T006416,A0390,2026-01-31 15:11:00,55.58,D_A0390,,0,6.5217146e-06,False,
T005199,A0188,2026-01-25 17:32:00,12.99,D_A0188,,0,6.5217146e-06,False,
T003773,A0188,2026-01-18 15:43:00,28.74,D_A0188,,0,6.5217146e-06,False,
T003750,A0443,2026-01-18 14:24:00,85.65,D_A0443,,0,6.5217146e-06,False,
T003276,A0395,2026-01-16 14:00:00,47.01,D_A0395,,0,6.5217146e-06,False,
T005165,A0088,2026-01-25 15:53:00,32.35,D_A0088,,0,6.5217146e-06,False,
T012267,A0443,2026-02-28 14:46:00,46.12,D_A0443,,0,6.5217146e-06,False,
T003271,A0188,2026-01-16 13:39:00,33.61,D_A0188,,0,6.5217146e-06,False,
T006216,A0497,2026-01-30 15:16:00,42.52,D_A0497,,0,6.5217146e-06,False,
T006386,A0395,2026-01-31 13:31:00,37.22,D_A0395,,0,6.5217146e-06,False,
T003044,R005,2026-01-15 13:24:00,46.21,D_R005,,0,6.5217146e-06,False,
T008452,A0154,2026-02-09 20:23:00,52.6,D_A0154,,0,6.5217146e-06,False,
T009634,A0468,2026-02-15 15:45:00,35.74,D_A0468,,0,6.5217146e-06,False,
T002833,A0069,2026-01-14 13:42:00,29.97,D_A0069,,0,6.5217146e-06,False,
T003356,A0395,2026-01-16 17:49:00,44.69,D_A0395,,0,6.5217146e-06,False,
T006869,A0362,2026-02-02 15:20:00,16.77,D_A0362,,0,6.5217146e-06,False,
T002722,A0395,2026-01-13 21:53:00,37.98,D_A0395,,0,6.5217146e-06,False,
T007046,A0069,2026-02-03 13:01:00,1.03,D_A0069,,0,6.5217146e-06,False,
T003801,A0012,2026-01-18 16:58:00,51.17,D_A0012,,0,6.5217146e-06,False,
T000536,A0069,2026-01-03 15:35:00,40.49,D_A0069,,0,6.5217146e-06,False,
T000781,A0476,2026-01-04 16:14:00,100.49,D_A0476,,0,6.5217146e-06,False,
T000595,A0381,2026-01-03 18:43:00,40.42,D_A0381,,0,6.5217146e-06,False,
T006274,A0001,2026-01-30 21:54:00,31.05,D_A0001,,0,6.5217146e-06,False,
T002435,A0012,2026-01-12 14:39:00,63.04,D_A0012,,0,6.5217146e-06,False,
T000287,A0077,2026-01-02 12:59:00,25.27,D_A0077,,0,6.514827e-06,False,
T001957,A0295,2026-01-10 12:44:00,40.67,D_A0295,,0,6.514827e-06,False,
T002066,A0168,2026-01-10 19:24:00,63.88,D_A0168,,0,6.5073505e-06,False,
T001030,A0371,2026-01-05 19:55:00,44.28,D_A0371,,0,6.5073505e-06,False,
T000095,A0128,2026-01-01 13:33:00,39.86,D_A0128,,0,6.5073505e-06,False,
T000753,A0004,2026-01-04 15:01:00,28.53,D_A0004,,0,6.502958e-06,False,
T000951,A0003,2026-01-05 14:28:00,56.48,D_A0003,,0,6.502958e-06,False,
T000151,A0251,2026-01-01 16:53:00,17.77,D_A0251,,0,6.502958e-06,False,
T000398,A0306,2026-01-02 21:29:00,24.25,D_A0306,,0,6.502958e-06,False,
T000171,A0299,2026-01-01 18:54:00,31.56,D_A0299,,0,6.502958e-06,False,
T000186,A0390,2026-01-01 20:31:00,56.61,D_A0390,,0,6.502958e-06,False,
T008794,A0319,2026-02-11 14:35:00,113.89,D_A0319,,0,6.5002614e-06,False,
T011667,A0446,2026-02-25 13:30:00,121.27,D_A0446,,0,6.5002614e-06,False,
T000277,A0439,2026-01-02 12:35:00,36.17,D_A0439,,0,6.492635e-06,False,
T009215,A0060,2026-02-13 15:36:00,112.22,D_A0060,,0,6.4870273e-06,False,
T001441,A0126,2026-01-07 17:18:00,81.47,D_A0126,,0,6.4851843e-06,False,
T000163,A0409,2026-01-01 18:18:00,88.28,D_A0409,,0,6.4851843e-06,False,
T000297,A0080,2026-01-02 13:17:00,31.96,D_A0080,,0,6.4851843e-06,False,
T000129,A0479,2026-01-01 15:23:00,58.43,D_A0479,,0,6.4851843e-06,False,
T002520,A0012,2026-01-12 21:08:00,111.82,D_A0012,,0,6.478119e-06,False,
T001834,A0086,2026-01-09 16:57:00,112.47,D_A0086,,0,6.478119e-06,False,
T011502,A0397,2026-02-24 14:44:00,110.6,D_A0397,,0,6.478119e-06,False,
T004794,A0154,2026-01-23 16:51:00,118.33,D_A0154,,0,6.478119e-06,False,
T006467,A0298,2026-01-31 17:44:00,112.25,D_A0298,,0,6.478119e-06,False,
T000119,A0268,2026-01-01 14:53:00,112.67,D_A0268,,0,6.478119e-06,False,
T007286,A0312,2026-02-04 14:48:00,106.55,D_A0312,,0,6.4527585e-06,False,
T001930,A0036,2026-01-10 11:22:00,12.89,D_FAM_1,,0,6.452721e-06,False,
T008116,A0156,2026-02-08 12:41:00,36.35,D_A0156,,0,6.445606e-06,False,
T008101,A0102,2026-02-08 12:20:00,35.65,D_FAM_7,,0,6.439112e-06,False,
T005323,A0022,2026-01-26 12:08:00,13.18,D_FAM_5,,0,6.439112e-06,False,
T008335,A0022,2026-02-09 12:50:00,13.94,D_FAM_5,,0,6.439112e-06,False,
T003912,A0190,2026-01-19 12:08:00,95.28,D_FAM_13,,0,6.439112e-06,False,
T002152,A0190,2026-01-11 12:03:00,69.31,D_FAM_13,,0,6.439112e-06,False,
T007887,A0102,2026-02-07 12:11:00,38.17,D_FAM_7,,0,6.439112e-06,False,
T006898,A0010,2026-02-02 16:41:00,18.08,D_A0010,,0,6.438209e-06,False,
T001125,A0010,2026-01-06 13:01:00,27.41,D_A0010,,0,6.438209e-06,False,
T012325,A0252,2026-02-28 17:21:00,37.95,D_A0252,,0,6.438209e-06,False,
T007562,A0261,2026-02-05 18:42:00,83.89,D_A0261,,0,6.438209e-06,False,
T011696,A0060,2026-02-25 15:00:00,56.64,D_A0060,,0,6.438209e-06,False,
T009649,A0156,2026-02-15 16:35:00,46.35,D_A0156,,0,6.438209e-06,False,
T008603,A0102,2026-02-10 15:32:00,25.98,D_FAM_7,,0,6.4317223e-06,False,
T011935,A0102,2026-02-26 17:18:00,35.49,D_FAM_7,,0,6.4317223e-06,False,
T003281,A0102,2026-01-16 14:24:00,34.85,D_FAM_7,,0,6.4317223e-06,False,
T005555,A0102,2026-01-27 13:17:00,36.49,D_FAM_7,,0,6.4317223e-06,False,
T005850,A0102,2026-01-28 18:42:00,36.18,D_FAM_7,,0,6.4317223e-06,False,
T008773,A0190,2026-02-11 13:37:00,76.42,D_FAM_13,,0,6.4317223e-06,False,
T001782,A0190,2026-01-09 14:12:00,74.06,D_FAM_13,,0,6.4317223e-06,False,
T009858,A0190,2026-02-16 16:06:00,98.35,D_FAM_13,,0,6.4317223e-06,False,
T004329,A0461,2026-01-21 14:17:00,34.43,D_FAM_0,,0,6.421934e-06,False,
T006219,A0451,2026-01-30 15:19:00,6.62,D_FAM_12,,0,6.421934e-06,False,
T002513,A0303,2026-01-12 19:29:00,32.39,D_FAM_4,,0,6.421934e-06,False,
T007281,A0451,2026-02-04 14:35:00,16.8,D_FAM_12,,0,6.421934e-06,False,
T011287,A0461,2026-02-23 13:06:00,24.99,D_FAM_0,,0,6.421934e-06,False,
T009435,A0303,2026-02-14 15:36:00,21.84,D_FAM_4,,0,6.421934e-06,False,
T009227,A0461,2026-02-13 16:14:00,31.08,D_FAM_0,,0,6.421934e-06,False,
T001572,A0461,2026-01-08 13:14:00,30.65,D_FAM_0,,0,6.421934e-06,False,
T002446,A0451,2026-01-12 15:13:00,11.16,D_FAM_12,,0,6.421934e-06,False,
T005137,A0461,2026-01-25 14:09:00,32.37,D_FAM_0,,0,6.421934e-06,False,
T001346,A0195,2026-01-07 12:44:00,9.46,D_FAM_11,,0,6.4145584e-06,False,
T009283,A0237,2026-02-13 21:37:00,55.28,D_FAM_3,,0,6.4071974e-06,False,
T004413,A0006,2026-01-21 20:33:00,98.42,D_FAM_7,,0,6.4071974e-06,False,
T002587,A0068,2026-01-13 11:51:00,88.91,D_A0068,,0,6.4070996e-06,False,
T009126,A0061,2026-02-13 11:09:00,39.64,D_A0061,,0,6.4070996e-06,False,
T004712,A0236,2026-01-23 11:40:00,41.88,D_A0236,,0,6.4070996e-06,False,
T009563,A0192,2026-02-15 11:46:00,87.02,D_A0192,,0,6.4070996e-06,False,
T001529,A0192,2026-01-08 11:27:00,70.14,D_A0192,,0,6.4070996e-06,False,
T005514,A0045,2026-01-27 11:06:00,70.93,D_A0045,,0,6.4070996e-06,False,
T000902,A0153,2026-01-05 11:57:00,40.59,D_A0153,,0,6.4070996e-06,False,
T003012,R003,2026-01-15 11:24:00,86.45,D_R003,,0,6.4070996e-06,False,
T006135,A0068,2026-01-30 11:37:00,45.17,D_A0068,,0,6.4070996e-06,False,
T005155,A0022,2026-01-25 15:10:00,24.92,D_FAM_5,,0,6.3941534e-06,False,
T006471,A0102,2026-01-31 18:03:00,79.44,D_FAM_7,,0,6.3941534e-06,False,
T012022,A0163,2026-02-27 12:17:00,43.33,D_FAM_5,,0,6.3927077e-06,False,
T012489,A0163,2026-03-01 15:40:00,27.54,D_FAM_5,,0,6.3853718e-06,False,
T009156,A0175,2026-02-13 13:06:00,56.37,D_FAM_7,,0,6.3853718e-06,False,
T002631,A0437,2026-01-13 13:39:00,73.76,D_FAM_3,,0,6.3853718e-06,False,
T008656,A0163,2026-02-10 19:25:00,20.37,D_FAM_5,,0,6.3853718e-06,False,
T004283,A0489,2026-01-21 11:54:00,45.18,D_A0489,,0,6.3826683e-06,False,
T002589,A0171,2026-01-13 11:59:00,42.41,D_A0171,,0,6.3826683e-06,False,
T001096,R000,2026-01-06 11:36:00,57.47,D_R000,,0,6.3826683e-06,False,
T009773,A0038,2026-02-16 11:39:00,40.89,D_A0038,,0,6.3826683e-06,False,
T004902,A0013,2026-01-24 11:52:00,69.63,D_A0013,,0,6.3826683e-06,False,
T011051,A0285,2026-02-22 11:55:00,93.27,D_A0285,,0,6.3826683e-06,False,
T012536,A0136,2026-03-01 18:22:00,95.93,D_FAM_0,,0,6.3787015e-06,False,
T010606,A0038,2026-02-20 11:05:00,66.3,D_A0038,,0,6.369674e-06,False,
T005301,A0214,2026-01-26 11:18:00,26.35,D_A0214,,0,6.360927e-06,False,
T012410,A0086,2026-03-01 11:37:00,38.09,D_A0086,,0,6.360927e-06,False,
T010208,A0090,2026-02-18 11:02:00,58.32,D_A0090,,0,6.360927e-06,False,
T006565,A0154,2026-02-01 11:21:00,82.55,D_A0154,,0,6.360927e-06,False,
T005736,A0080,2026-01-28 11:23:00,24.69,D_A0080,,0,6.360927e-06,False,
T003260,A0275,2026-01-16 13:13:00,100.35,D_FAM_5,,0,6.3560815e-06,False,
T000686,A0102,2026-01-04 12:03:00,19.74,D_FAM_7,,0,6.349999e-06,False,
T004779,A0167,2026-01-23 15:53:00,100.74,D_A0167,,0,6.3429598e-06,False,
T000079,A0038,2026-01-01 12:33:00,43.68,D_A0038,,0,6.3238913e-06,False,
T000266,A0144,2026-01-02 12:07:00,89.89,D_A0144,,0,6.3238913e-06,False,
T009343,A0371,2026-02-14 11:00:00,84.14,D_A0371,,0,6.3184298e-06,False,
T000295,A0270,2026-01-02 13:13:00,58.7,D_A0270,,0,6.3166344e-06,False,
T008965,A0298,2026-02-12 12:44:00,115.09,D_A0298,,0,6.3127386e-06,False,
T002276,A0149,2026-01-11 18:36:00,119.74,D_A0149,,0,6.3097527e-06,False,
T008594,A0334,2026-02-10 14:51:00,119.89,D_A0334,,0,6.3097527e-06,False,
T005227,A0298,2026-01-25 20:37:00,116.97,D_A0298,,0,6.305494e-06,False,
T012061,A0012,2026-02-27 14:32:00,112.26,D_A0012,,0,6.305494e-06,False,
T000576,A0215,2026-01-03 17:30:00,8.29,D_A0215,,0,6.299093e-06,False,
T000535,A0076,2026-01-03 15:30:00,20.04,D_A0076,,0,6.299093e-06,False,
T000093,A0164,2026-01-01 13:24:00,25.75,D_A0164,,0,6.299093e-06,False,
T000124,A0387,2026-01-01 15:11:00,28.79,D_A0387,,0,6.299093e-06,False,
T000397,A0116,2026-01-02 21:13:00,14.87,D_A0116,,0,6.299093e-06,False,
T007737,A0036,2026-02-06 14:59:00,11.08,D_A0036,,0,6.299093e-06,False,
T001247,A0000,2026-01-06 20:42:00,69.62,D_A0000,,0,6.299093e-06,False,
T000144,A0202,2026-01-01 16:21:00,41.89,D_A0202,,0,6.299093e-06,False,
T000135,A0323,2026-01-01 15:40:00,97.66,D_A0323,,0,6.299093e-06,False,
T000148,A0119,2026-01-01 16:30:00,37.62,D_A0119,,0,6.299093e-06,False,
T000547,A0400,2026-01-03 15:55:00,45.96,D_A0400,,0,6.299093e-06,False,
T007470,A0446,2026-02-05 13:42:00,109.26,D_A0446,,0,6.2922304e-06,False,
T012540,A0278,2026-03-01 18:53:00,120.77,D_A0278,,0,6.2922304e-06,False,
T011889,A0278,2026-02-26 15:04:00,113.02,D_A0278,,0,6.2922304e-06,False,
T005769,A0278,2026-01-28 13:15:00,115.46,D_A0278,,0,6.2922304e-06,False,
T002017,A0067,2026-01-10 15:51:00,24.09,D_A0067,,0,6.288283e-06,False,
T006453,A0251,2026-01-31 17:02:00,28.44,D_A0251,,0,6.264646e-06,False,
T003364,A0192,2026-01-16 18:22:00,115.84,D_A0192,,0,6.246248e-06,False,
T004018,A0061,2026-01-19 17:12:00,120.07,D_A0061,,0,6.246248e-06,False,
T005812,A0461,2026-01-28 15:39:00,53.92,D_FAM_0,,0,6.2459144e-06,False,
T001799,A0461,2026-01-09 15:08:00,50.69,D_FAM_0,,0,6.2459144e-06,False,
T009217,A0379,2026-02-13 15:39:00,76.07,D_A0379,,0,6.2407585e-06,False,
T006399,A0271,2026-01-31 14:14:00,78.67,D_A0271,,0,6.2407585e-06,False,
T012124,A0182,2026-02-27 20:50:00,47.81,D_FAM_8,,0,6.237337e-06,False,
T006271,A0136,2026-01-30 20:53:00,66.44,D_FAM_0,,0,6.237337e-06,False,
T008201,A0182,2026-02-08 16:39:00,32.15,D_FAM_8,,0,6.237337e-06,False,
T004752,A0182,2026-01-23 14:25:00,37.82,D_FAM_8,,0,6.237337e-06,False,
T008432,A0136,2026-02-09 17:58:00,47.46,D_FAM_0,,0,6.237337e-06,False,
T009628,A0149,2026-02-15 15:28:00,124.86,D_A0149,,0,6.2272925e-06,False,
T011666,A0237,2026-02-25 13:30:00,61.48,D_FAM_3,,0,6.2194167e-06,False,
T008435,A0237,2026-02-09 18:21:00,51.17,D_FAM_3,,0,6.2194167e-06,False,
T006830,A0175,2026-02-02 13:10:00,82.43,D_FAM_7,,0,6.2152185e-06,False,
T007418,A0192,2026-02-05 11:19:00,104.72,D_A0192,,0,6.212913e-06,False,
T009362,A0316,2026-02-14 12:25:00,20.71,D_FAM_14,,0,6.2092704e-06,False,
T012302,A0102,2026-02-28 16:14:00,10.01,D_FAM_7,,0,6.202145e-06,False,
T003979,A0195,2026-01-19 15:11:00,3.68,D_FAM_11,,0,6.202145e-06,False,
T012504,A0316,2026-03-01 16:41:00,79.94,D_FAM_14,,0,6.202145e-06,False,
T011539,A0316,2026-02-24 17:19:00,92.64,D_FAM_14,,0,6.202145e-06,False,
T006019,A0102,2026-01-29 16:40:00,30.55,D_FAM_7,,0,6.202145e-06,False,
T012250,A0316,2026-02-28 14:02:00,22.98,D_FAM_14,,0,6.202145e-06,False,
T003933,A0237,2026-01-19 13:07:00,55.22,D_FAM_3,,0,6.202145e-06,False,
T009428,A0022,2026-02-14 15:12:00,4.59,D_FAM_5,,0,6.202145e-06,False,
T002400,A0195,2026-01-12 13:22:00,4.76,D_FAM_11,,0,6.202145e-06,False,
T007332,A0237,2026-02-04 17:32:00,21.66,D_FAM_3,,0,6.202145e-06,False,
T010213,A0222,2026-02-18 11:14:00,28.72,D_A0222,,0,6.195606e-06,False,
T002793,A0227,2026-01-14 11:54:00,66.74,D_A0227,,0,6.195606e-06,False,
T006570,A0400,2026-02-01 11:38:00,66.21,D_A0400,,0,6.195606e-06,False,
T012400,A0149,2026-03-01 11:05:00,89.58,D_A0149,,0,6.195606e-06,False,
T004465,A0478,2026-01-22 11:02:00,39.56,D_A0478,,0,6.195606e-06,False,
T007672,A0409,2026-02-06 11:59:00,88.61,D_A0409,,0,6.1914247e-06,False,
T011042,A0421,2026-02-22 11:26:00,78.8,D_A0421,,0,6.1914247e-06,False,
T004282,A0371,2026-01-21 11:53:00,27.05,D_A0371,,0,6.1784012e-06,False,
T011036,A0116,2026-02-22 11:04:00,20.08,D_A0116,,0,6.1784012e-06,False,
T007872,A0013,2026-02-07 11:15:00,44.58,D_A0013,,0,6.1784012e-06,False,
T008522,A0448,2026-02-10 11:18:00,31.76,D_A0448,,0,6.1784012e-06,False,
T008521,A0323,2026-02-10 11:15:00,24.25,D_A0323,,0,6.1784012e-06,False,
T005095,A0067,2026-01-25 11:59:00,8.15,D_A0067,,0,6.1784012e-06,False,
T003021,A0429,2026-01-15 11:58:00,28.65,D_A0429,,0,6.1784012e-06,False,
T009564,A0274,2026-02-15 11:55:00,35.11,D_A0274,,0,6.1784012e-06,False,
T011638,A0448,2026-02-25 11:24:00,34.21,D_A0448,,0,6.1784012e-06,False,
T010854,A0062,2026-02-21 11:46:00,23.41,D_A0062,,0,6.1784012e-06,False,
T010849,A0484,2026-02-21 11:35:00,15.72,D_A0484,,0,6.1784012e-06,False,
T005296,A0425,2026-01-26 11:05:00,9.37,D_A0425,,0,6.1784012e-06,False,
T002134,A0038,2026-01-11 11:04:00,48.53,D_A0038,,0,6.1784012e-06,False,
T005294,A0076,2026-01-26 11:00:00,19.0,D_A0076,,0,6.1784012e-06,False,
T005084,A0000,2026-01-25 11:10:00,86.55,D_A0000,,0,6.1784012e-06,False,
T004469,A0116,2026-01-22 11:13:00,76.02,D_A0116,,0,6.1784012e-06,False,
T007017,A0387,2026-02-03 11:18:00,35.92,D_A0387,,0,6.1784012e-06,False,
T001097,A0202,2026-01-06 11:37:00,32.93,D_A0202,,0,6.1784012e-06,False,
T006810,A0429,2026-02-02 11:57:00,28.66,D_A0429,,0,6.1784012e-06,False,
T008737,A0215,2026-02-11 11:31:00,15.05,D_A0215,,0,6.1784012e-06,False,
T004709,A0215,2026-01-23 11:31:00,54.64,D_A0215,,0,6.1784012e-06,False,
T012194,A0038,2026-02-28 11:11:00,52.97,D_A0038,,0,6.1784012e-06,False,
T008089,A0341,2026-02-08 11:26:00,33.55,D_A0341,,0,6.1784012e-06,False,
T004891,A0164,2026-01-24 11:13:00,27.0,D_A0164,,0,6.1784012e-06,False,
T006837,A0461,2026-02-02 13:27:00,58.93,D_FAM_0,,0,6.1687983e-06,False,
T007465,A0461,2026-02-05 13:29:00,62.66,D_FAM_0,,0,6.1687983e-06,False,
T006600,A0022,2026-02-01 13:27:00,23.54,D_FAM_5,,0,6.1568207e-06,False,
T003710,A0000,2026-01-18 12:39:00,53.92,D_A0000,,0,6.155987e-06,False,
T009789,A0261,2026-02-16 12:27:00,50.3,D_A0261,,0,6.155987e-06,False,
T011656,A0448,2026-02-25 12:53:00,62.86,D_A0448,,0,6.155987e-06,False,
T007033,A0077,2026-02-03 12:15:00,40.2,D_A0077,,0,6.155987e-06,False,
T004919,A0153,2026-01-24 12:45:00,38.92,D_A0153,,0,6.155987e-06,False,
T001118,A0037,2026-01-06 12:40:00,83.05,D_A0037,,0,6.155987e-06,False,
T005098,A0466,2026-01-25 12:08:00,29.49,D_A0466,,0,6.155987e-06,False,
T003256,A0039,2026-01-16 12:58:00,26.08,D_A0039,,0,6.155987e-06,False,
T012552,A0227,2026-03-01 20:31:00,53.16,D_A0227,,0,6.1489227e-06,False,
T007937,A0334,2026-02-07 14:57:00,84.63,D_A0334,,0,6.1489227e-06,False,
T010534,A0371,2026-02-19 18:49:00,32.29,D_A0371,,0,6.1489227e-06,False,
T006267,A0472,2026-01-30 18:59:00,71.97,D_A0472,,0,6.1489227e-06,False,
T007498,A0227,2026-02-05 15:08:00,47.54,D_A0227,,0,6.1489227e-06,False,
T001174,A0438,2026-01-06 15:12:00,31.08,D_A0438,,0,6.1489227e-06,False,
T006850,A0168,2026-02-02 14:06:00,24.53,D_A0168,,0,6.1489227e-06,False,
T001789,A0230,2026-01-09 14:35:00,32.24,D_A0230,,0,6.1489227e-06,False,
T009265,A0322,2026-02-13 18:38:00,42.03,D_A0322,,0,6.1489227e-06,False,
T010770,A0142,2026-02-20 19:19:00,28.45,D_A0142,,0,6.1489227e-06,False,
T004319,A0230,2026-01-21 13:51:00,26.06,D_A0230,,0,6.1489227e-06,False,
T007563,A0128,2026-02-05 18:45:00,48.33,D_A0128,,0,6.1489227e-06,False,
T012550,A0013,2026-03-01 20:04:00,21.94,D_A0013,,0,6.1489227e-06,False,
T002706,A0417,2026-01-13 18:29:00,47.85,D_A0417,,0,6.1489227e-06,False,
T008983,A0334,2026-02-12 13:46:00,58.84,D_A0334,,0,6.1489227e-06,False,
T004556,A0322,2026-01-22 15:05:00,40.8,D_A0322,,0,6.1489227e-06,False,
T003522,A0153,2026-01-17 14:06:00,44.04,D_A0153,,0,6.1489227e-06,False,
T008813,A0417,2026-02-11 16:00:00,64.79,D_A0417,,0,6.1489227e-06,False,
T009284,A0168,2026-02-13 22:02:00,56.77,D_A0168,,0,6.1489227e-06,False,
T001136,A0358,2026-01-06 13:47:00,57.96,D_A0358,,0,6.1489227e-06,False,
T009807,A0322,2026-02-16 13:23:00,35.91,D_A0322,,0,6.1489227e-06,False,
T012278,A0448,2026-02-28 15:16:00,68.49,D_A0448,,0,6.1489227e-06,False,
T002917,R000,2026-01-14 18:46:00,42.02,D_R000,,0,6.1489227e-06,False,
T006715,A0447,2026-02-01 20:07:00,50.88,D_A0447,,0,6.1489227e-06,False,
T006456,A0142,2026-01-31 17:06:00,43.92,D_A0142,,0,6.1489227e-06,False,
T003160,A0062,2026-01-15 20:59:00,68.46,D_A0062,,0,6.1489227e-06,False,
T007989,A0062,2026-02-07 17:46:00,60.68,D_A0062,,0,6.1489227e-06,False,
T007978,A0227,2026-02-07 17:12:00,64.71,D_A0227,,0,6.1489227e-06,False,
T002212,A0371,2026-01-11 14:36:00,33.54,D_A0371,,0,6.1489227e-06,False,
T012069,A0039,2026-02-27 15:11:00,25.71,D_A0039,,0,6.1489227e-06,False,
T008007,A0142,2026-02-07 19:08:00,27.91,D_A0142,,0,6.1489227e-06,False,
T006066,A0142,2026-01-29 20:22:00,30.12,D_A0142,,0,6.1489227e-06,False,
T007507,A0039,2026-02-05 15:48:00,20.4,D_A0039,,0,6.1489227e-06,False,
T003837,A0278,2026-01-18 21:14:00,45.18,D_A0278,,0,6.1489227e-06,False,
T012235,A0153,2026-02-28 13:32:00,32.59,D_A0153,,0,6.1489227e-06,False,
T006470,A0128,2026-01-31 17:51:00,71.67,D_A0128,,0,6.1489227e-06,False,
T012439,A0017,2026-03-01 13:30:00,19.82,D_A0017,,0,6.1489227e-06,False,
T011466,A0039,2026-02-24 13:03:00,34.85,D_A0039,,0,6.1489227e-06,False,
T011958,A0417,2026-02-26 21:30:00,55.92,D_A0417,,0,6.1489227e-06,False,
T001359,A0438,2026-01-07 13:06:00,65.81,D_A0438,,0,6.1489227e-06,False,
T003953,A0472,2026-01-19 14:27:00,81.13,D_A0472,,0,6.1489227e-06,False,
T010342,A0168,2026-02-18 20:46:00,85.62,D_A0168,,0,6.1489227e-06,False,
T007907,A0253,2026-02-07 13:10:00,24.14,D_A0253,,0,6.1489227e-06,False,
T010058,A0472,2026-02-17 15:12:00,88.81,D_A0472,,0,6.1489227e-06,False,
T000933,A0062,2026-01-05 13:47:00,66.44,D_A0062,,0,6.1489227e-06,False,
T004333,A0358,2026-01-21 14:34:00,30.39,D_A0358,,0,6.1489227e-06,False,
T010078,A0230,2026-02-17 15:57:00,16.58,D_A0230,,0,6.1489227e-06,False,
T006729,A0230,2026-02-01 21:54:00,22.94,D_A0230,,0,6.1489227e-06,False,
T000505,A0320,2026-01-03 14:09:00,36.88,D_A0320,,0,6.131239e-06,False,
T001232,A0060,2026-01-06 18:42:00,32.59,D_A0060,,0,6.131239e-06,False,
T002592,A0313,2026-01-13 12:04:00,20.11,D_A0313,,0,6.1145442e-06,False,
T002595,A0488,2026-01-13 12:09:00,51.02,D_A0488,,0,6.1145442e-06,False,
T002932,A0440,2026-01-14 20:37:00,86.17,D_A0440,,0,6.11448e-06,False,
T009020,A0451,2026-02-12 15:56:00,11.46,D_A0451,,0,6.11448e-06,False,
T000156,A0142,2026-01-01 17:23:00,50.37,D_A0142,,0,6.11448e-06,False,
T000945,A0222,2026-01-05 14:16:00,36.07,D_A0222,,0,6.11448e-06,False,
T008139,A0312,2026-02-08 14:05:00,107.73,D_A0312,,0,6.107819e-06,False,
T005622,A0472,2026-01-27 16:08:00,109.09,D_A0472,,0,6.107819e-06,False,
T010896,A0313,2026-02-21 14:14:00,24.92,D_A0313,,0,6.1075275e-06,False,
T002410,A0088,2026-01-12 13:43:00,58.98,D_A0088,,0,6.1075275e-06,False,
T008587,A0251,2026-02-10 14:41:00,23.91,D_A0251,,0,6.1075275e-06,False,
T005216,A0167,2026-01-25 18:35:00,93.93,D_A0167,,0,6.1075275e-06,False,
T003156,A0333,2026-01-15 19:58:00,102.98,D_FAM_9,,0,6.088087e-06,False,
T009822,A0311,2026-02-16 14:00:00,61.25,D_A0311,,0,6.057855e-06,False,
T003075,A0271,2026-01-15 14:38:00,66.83,D_A0271,,0,6.057855e-06,False,
T001406,A0086,2026-01-07 15:00:00,105.44,D_A0086,,0,6.0557986e-06,False,
T007804,A0251,2026-02-06 19:00:00,29.06,D_A0251,,0,6.041032e-06,False,
T004408,A0237,2026-01-21 19:20:00,49.67,D_FAM_3,,0,6.0203733e-06,False,
T006630,A0237,2026-02-01 14:56:00,65.74,D_FAM_3,,0,6.0203733e-06,False,
T008516,A0222,2026-02-10 11:11:00,20.05,D_A0222,,0,5.997326e-06,False,
T007417,A0149,2026-02-05 11:15:00,89.46,D_A0149,,0,5.997326e-06,False,
T011255,A0039,2026-02-23 11:56:00,45.48,D_A0039,,0,5.997326e-06,False,
T004473,A0315,2026-01-22 11:34:00,34.44,D_A0315,,0,5.997326e-06,False,
T012549,A0180,2026-03-01 19:57:00,106.43,D_A0180,,0,5.9948493e-06,False,
T007582,A0022,2026-02-05 20:10:00,22.8,D_FAM_5,,0,5.9927575e-06,False,
T000283,A0417,2026-01-02 12:49:00,86.25,D_A0417,,0,5.9872564e-06,False,
T007446,A0395,2026-02-05 12:41:00,63.58,D_A0395,,0,5.983215e-06,False,
T006070,A0077,2026-01-29 21:03:00,52.88,D_A0077,,0,5.9803856e-06,False,
T008746,A0299,2026-02-11 12:14:00,20.16,D_A0299,,0,5.979034e-06,False,
T008332,A0390,2026-02-09 12:46:00,34.39,D_A0390,,0,5.979034e-06,False,
T007449,A0188,2026-02-05 12:49:00,27.36,D_A0188,,0,5.979034e-06,False,
T001955,A0167,2026-01-10 12:32:00,88.65,D_A0167,,0,5.979034e-06,False,
T002385,A0154,2026-01-12 12:42:00,25.19,D_A0154,,0,5.979034e-06,False,
T010639,A0392,2026-02-20 12:21:00,28.87,D_A0392,,0,5.979034e-06,False,
T005097,A0390,2026-01-25 12:04:00,42.3,D_A0390,,0,5.979034e-06,False,
T006591,A0154,2026-02-01 12:49:00,39.72,D_A0154,,0,5.979034e-06,False,
T004106,A0198,2026-01-20 12:11:00,48.52,D_A0198,,0,5.979034e-06,False,
T008553,A0214,2026-02-10 12:48:00,9.03,D_A0214,,0,5.979034e-06,False,
T004547,A0306,2026-01-22 14:49:00,64.79,D_A0306,,0,5.9763493e-06,False,
T002695,A0395,2026-01-13 17:54:00,62.78,D_A0395,,0,5.9763493e-06,False,
T000800,A0004,2026-01-04 17:25:00,39.25,D_A0004,,0,5.9763493e-06,False,
T000717,A0026,2026-01-04 13:17:00,44.01,D_A0026,,0,5.9763493e-06,False,
T008588,A0476,2026-02-10 14:42:00,89.6,D_A0476,,0,5.9721733e-06,False,
T007351,A0310,2026-02-04 18:34:00,67.2,D_A0310,,0,5.9721733e-06,False,
T012084,A0404,2026-02-27 16:00:00,7.57,D_A0404,,0,5.9721733e-06,False,
T006878,A0154,2026-02-02 15:41:00,40.6,D_A0154,,0,5.9721733e-06,False,
T009452,A0362,2026-02-14 16:40:00,16.17,D_A0362,,0,5.9721733e-06,False,
T012300,A0070,2026-02-28 16:00:00,43.3,D_A0070,,0,5.9721733e-06,False,
T004035,A0468,2026-01-19 21:06:00,51.65,D_A0468,,0,5.9721733e-06,False,
T011316,A0468,2026-02-23 15:09:00,28.39,D_A0468,,0,5.9721733e-06,False,
T012130,A0443,2026-02-27 22:19:00,100.84,D_A0443,,0,5.9721733e-06,False,
T000492,A0251,2026-01-03 13:00:00,19.33,D_A0251,,0,5.9721733e-06,False,
T003770,A0310,2026-01-18 15:35:00,69.6,D_A0310,,0,5.9721733e-06,False,
T003581,A0125,2026-01-17 16:56:00,37.74,D_A0125,,0,5.9721733e-06,False,
T007056,A0217,2026-02-03 13:24:00,46.25,D_A0217,,0,5.9721733e-06,False,
T007533,A0468,2026-02-05 17:00:00,34.79,D_A0468,,0,5.9721733e-06,False,
T005982,A0188,2026-01-29 14:23:00,31.71,D_A0188,,0,5.9721733e-06,False,
T003939,A0362,2026-01-19 13:21:00,18.74,D_A0362,,0,5.9721733e-06,False,
T004963,A0214,2026-01-24 15:17:00,6.45,D_A0214,,0,5.9721733e-06,False,
T002389,A0217,2026-01-12 13:04:00,83.42,D_A0217,,0,5.9721733e-06,False,
T003742,A0214,2026-01-18 13:58:00,10.07,D_A0214,,0,5.9721733e-06,False,
T001219,A0497,2026-01-06 17:37:00,42.94,D_A0497,,0,5.9721733e-06,False,
T001222,R009,2026-01-06 17:46:00,52.78,D_R009,,0,5.9721733e-06,False,
T010755,A0299,2026-02-20 18:12:00,13.94,D_A0299,,0,5.9721733e-06,False,
T002180,R009,2026-01-11 13:13:00,62.91,D_R009,,0,5.9721733e-06,False,
T011715,A0468,2026-02-25 15:47:00,30.56,D_A0468,,0,5.9721733e-06,False,
T000774,R009,2026-01-04 16:04:00,52.49,D_R009,,0,5.9721733e-06,False,
T005792,A0497,2026-01-28 14:54:00,55.26,D_A0497,,0,5.9721733e-06,False,
T007367,A0012,2026-02-04 20:12:00,36.59,D_A0012,,0,5.9721733e-06,False,
T008006,A0468,2026-02-07 18:57:00,81.75,D_A0468,,0,5.9721733e-06,False,
T004513,A0299,2026-01-22 13:17:00,38.22,D_A0299,,0,5.9721733e-06,False,
T003637,A0040,2026-01-17 23:46:00,39.03,D_A0040,,0,5.9721733e-06,False,
T007583,A0390,2026-02-05 20:31:00,46.02,D_A0390,,0,5.9721733e-06,False,
T003095,A0443,2026-01-15 15:47:00,60.24,D_A0443,,0,5.9721733e-06,False,
T006396,A0404,2026-01-31 14:01:00,4.44,D_A0404,,0,5.9721733e-06,False,
T006201,A0404,2026-01-30 14:40:00,8.41,D_A0404,,0,5.9721733e-06,False,
T002230,A0088,2026-01-11 15:44:00,54.77,D_A0088,,0,5.9721733e-06,False,
T002847,A0217,2026-01-14 14:09:00,99.4,D_A0217,,0,5.9721733e-06,False,
T004634,A0362,2026-01-22 19:54:00,15.03,D_A0362,,0,5.9721733e-06,False,
T010433,A0488,2026-02-19 13:00:00,59.0,D_A0488,,0,5.9721733e-06,False,
T002222,A0404,2026-01-11 15:09:00,6.38,D_A0404,,0,5.9721733e-06,False,
T011737,A0381,2026-02-25 17:57:00,63.73,D_A0381,,0,5.9721733e-06,False,
T000742,A0404,2026-01-04 14:33:00,10.69,D_A0404,,0,5.9721733e-06,False,
T001458,A0070,2026-01-07 19:44:00,50.77,D_A0070,,0,5.9721733e-06,False,
T009178,A0125,2026-02-13 14:01:00,41.4,D_A0125,,0,5.9721733e-06,False,
T010923,A0069,2026-02-21 15:42:00,40.4,D_A0069,,0,5.9721733e-06,False,
T007794,A0076,2026-02-06 18:27:00,107.96,D_A0076,,0,5.9450613e-06,False,
T002839,A0277,2026-01-14 13:52:00,118.27,D_A0277,,0,5.9450613e-06,False,
T008001,A0425,2026-02-07 18:20:00,36.61,D_A0425,,0,5.9065487e-06,False,
T012209,A0451,2026-02-28 12:26:00,26.4,D_A0451,,0,5.8907863e-06,False,
T001179,A0451,2026-01-06 15:30:00,14.59,D_FAM_12,,0,5.884913e-06,False,
T002242,A0451,2026-01-11 16:25:00,20.54,D_FAM_12,,0,5.884913e-06,False,
T012287,A0451,2026-02-28 15:49:00,26.41,D_A0451,,0,5.884026e-06,False,
T003549,A0461,2026-01-17 15:13:00,21.86,D_FAM_0,,0,5.8808005e-06,False,
T010668,A0461,2026-02-20 13:09:00,51.65,D_FAM_0,,0,5.8808005e-06,False,
T006031,A0451,2026-01-29 17:19:00,16.4,D_FAM_12,,0,5.8808005e-06,False,
T011561,A0303,2026-02-24 19:38:00,13.28,D_FAM_4,,0,5.8808005e-06,False,
T006466,A0303,2026-01-31 17:41:00,12.3,D_FAM_4,,0,5.8808005e-06,False,
T010093,A0136,2026-02-17 16:48:00,79.78,D_FAM_0,,0,5.876831e-06,False,
T002498,A0034,2026-01-12 18:09:00,13.63,D_FAM_10,,0,5.876831e-06,False,
T009440,A0136,2026-02-14 15:54:00,54.62,D_FAM_0,,0,5.876831e-06,False,
T007294,A0136,2026-02-04 15:09:00,59.82,D_FAM_0,,0,5.876831e-06,False,
T002851,A0054,2026-01-14 14:22:00,71.97,D_A0054,,0,5.8639826e-06,False,
T000264,A0182,2026-01-02 12:04:00,60.82,D_FAM_8,,0,5.861148e-06,False,
T006949,A0182,2026-02-02 22:07:00,59.62,D_FAM_8,,0,5.8544224e-06,False,
T006802,A0401,2026-02-02 11:27:00,61.74,D_A0401,,0,5.837513e-06,False,
T001998,A0066,2026-01-10 14:36:00,106.06,D_A0066,,0,5.8228284e-06,False,
T005614,A0136,2026-01-27 15:52:00,85.13,D_FAM_0,,0,5.811639e-06,False,
T005395,A0092,2026-01-26 15:37:00,104.26,D_A0092,,0,5.7646034e-06,False,
T012430,A0235,2026-03-01 13:07:00,88.27,D_A0235,,0,5.763026e-06,False,
T007167,A0351,2026-02-03 20:58:00,90.58,D_A0351,,0,5.763026e-06,False,
T002608,A0395,2026-01-13 12:44:00,49.84,D_A0395,,0,5.7611355e-06,False,
T008111,A0122,2026-02-08 12:35:00,69.6,D_A0122,,0,5.7611355e-06,False,
T004613,A0164,2026-01-22 17:29:00,47.23,D_A0164,,0,5.758411e-06,False,
T001419,A0153,2026-01-07 15:39:00,48.38,D_A0153,,0,5.758411e-06,False,
T011131,A0136,2026-02-22 15:19:00,96.45,D_A0136,,0,5.754525e-06,False,
T003819,A0392,2026-01-18 18:04:00,70.37,D_A0392,,0,5.754525e-06,False,
T009254,A0226,2026-02-13 17:32:00,44.72,D_A0226,,0,5.754525e-06,False,
T005154,A0122,2026-01-25 15:04:00,73.52,D_A0122,,0,5.754525e-06,False,
T002015,A0392,2026-01-10 15:44:00,71.71,D_A0392,,0,5.754525e-06,False,
T003269,A0125,2026-01-16 13:33:00,55.94,D_A0125,,0,5.754525e-06,False,
T007468,A0122,2026-02-05 13:38:00,69.08,D_A0122,,0,5.754525e-06,False,
T004790,A0125,2026-01-23 16:31:00,47.88,D_A0125,,0,5.754525e-06,False,
T002590,A0489,2026-01-13 12:00:00,57.24,D_A0489,,0,5.739168e-06,False,
T008822,A0090,2026-02-11 16:30:00,84.77,D_A0090,,0,5.732582e-06,False,
T003322,A0404,2026-01-16 16:14:00,15.3,D_A0404,,0,5.732582e-06,False,
T006935,A0070,2026-02-02 19:33:00,99.65,D_A0070,,0,5.732582e-06,False,
T005397,A0188,2026-01-26 15:42:00,86.34,D_A0188,,0,5.732582e-06,False,
T007822,A0054,2026-02-06 22:23:00,65.09,D_A0054,,0,5.7077227e-06,False,
T003699,A0227,2026-01-18 12:03:00,92.03,D_A0227,,0,5.7022608e-06,False,
T003782,A0323,2026-01-18 16:06:00,85.11,D_A0323,,0,5.6957165e-06,False,
T006052,A0323,2026-01-29 18:37:00,79.74,D_A0323,,0,5.6957165e-06,False,
T003051,A0182,2026-01-15 13:34:00,69.31,D_FAM_8,,0,5.6828417e-06,False,
T001581,A0136,2026-01-08 13:42:00,41.02,D_FAM_0,,0,5.6828417e-06,False,
T012035,A0182,2026-02-27 13:08:00,13.6,D_FAM_8,,0,5.6670606e-06,False,
T003783,A0136,2026-01-18 16:14:00,27.74,D_FAM_0,,0,5.6670606e-06,False,
T008372,A0182,2026-02-09 14:38:00,9.22,D_FAM_8,,0,5.6670606e-06,False,
T005341,A0016,2026-01-26 13:06:00,84.52,D_FAM_12,,0,5.6670606e-06,False,
T002412,A0016,2026-01-12 13:57:00,53.53,D_FAM_12,,0,5.6670606e-06,False,
T003789,A0016,2026-01-18 16:30:00,63.53,D_FAM_12,,0,5.6670606e-06,False,
T006607,A0016,2026-02-01 13:36:00,61.21,D_FAM_12,,0,5.6670606e-06,False,
T000561,A0016,2026-01-03 16:45:00,69.85,D_FAM_12,,0,5.6670606e-06,False,
T009686,A0182,2026-02-15 19:39:00,27.68,D_FAM_8,,0,5.6670606e-06,False,
T006856,A0136,2026-02-02 14:41:00,36.79,D_FAM_0,,0,5.6670606e-06,False,
T003993,A0451,2026-01-19 15:36:00,19.65,D_FAM_12,,0,5.6664817e-06,False,
T008670,A0461,2026-02-10 23:32:00,52.44,D_FAM_0,,0,5.6664817e-06,False,
T004591,A0461,2026-01-22 16:30:00,46.19,D_FAM_0,,0,5.6664817e-06,False,
T003531,A0035,2026-01-17 14:25:00,84.16,D_FAM_9,,0,5.6664817e-06,False,
T009485,A0036,2026-02-14 19:37:00,32.51,D_FAM_1,,0,5.644875e-06,False,
T007032,A0425,2026-02-03 12:11:00,34.24,D_A0425,,0,5.641205e-06,False,
T006158,A0358,2026-01-30 12:47:00,40.68,D_A0358,,0,5.637263e-06,False,
T001115,A0142,2026-01-06 12:36:00,37.97,D_A0142,,0,5.637263e-06,False,
T012212,A0199,2026-02-28 12:45:00,42.56,D_A0199,,0,5.637263e-06,False,
T010428,A0230,2026-02-19 12:40:00,26.77,D_A0230,,0,5.637263e-06,False,
T003034,A0013,2026-01-15 12:39:00,32.63,D_A0013,,0,5.637263e-06,False,
T006822,A0334,2026-02-02 12:38:00,66.72,D_A0334,,0,5.637263e-06,False,
T003484,A0238,2026-01-17 12:25:00,38.55,D_A0238,,0,5.637263e-06,False,
T007675,A0472,2026-02-06 12:10:00,48.1,D_A0472,,0,5.637263e-06,False,
T011826,A0417,2026-02-26 12:12:00,73.9,D_A0417,,0,5.637263e-06,False,
T012252,A0165,2026-02-28 14:06:00,36.22,D_A0165,,0,5.634731e-06,False,
T009213,A0425,2026-02-13 15:26:00,34.35,D_A0425,,0,5.634731e-06,False,
T007673,A0390,2026-02-06 12:04:00,59.24,D_A0390,,0,5.6334575e-06,False,
T009782,A0226,2026-02-16 12:15:00,27.02,D_A0226,,0,5.6334575e-06,False,
T002376,R005,2026-01-12 12:10:00,29.15,D_R005,,0,5.6334575e-06,False,
T002166,A0404,2026-01-11 12:49:00,9.2,D_A0404,,0,5.6334575e-06,False,
T000699,A0226,2026-01-04 12:35:00,30.99,D_A0226,,0,5.6334575e-06,False,
T011832,A0088,2026-02-26 12:29:00,60.33,D_A0088,,0,5.6334575e-06,False,
T001752,A0236,2026-01-09 12:49:00,41.82,D_A0236,,0,5.6334575e-06,False,
T008759,A0311,2026-02-11 12:51:00,33.78,D_A0311,,0,5.6334575e-06,False,
T005106,A0236,2026-01-25 12:29:00,22.11,D_A0236,,0,5.6334575e-06,False,
T010858,A0122,2026-02-21 12:26:00,63.27,D_A0122,,0,5.6334575e-06,False,
T008334,A0395,2026-02-09 12:48:00,45.24,D_A0395,,0,5.6334575e-06,False,
T005752,A0404,2026-01-28 12:19:00,8.45,D_A0404,,0,5.6334575e-06,False,
T010233,A0347,2026-02-18 12:36:00,37.81,D_A0347,,0,5.6334575e-06,False,
T007253,A0410,2026-02-04 12:44:00,51.31,D_A0410,,0,5.6334575e-06,False,
T005945,A0395,2026-01-29 12:29:00,45.37,D_A0395,,0,5.6334575e-06,False,
T002381,A0236,2026-01-12 12:32:00,46.7,D_A0236,,0,5.6334575e-06,False,
T010427,A0395,2026-02-19 12:39:00,38.06,D_A0395,,0,5.6334575e-06,False,
T001385,A0278,2026-01-07 14:05:00,63.33,D_A0278,,0,5.6307936e-06,False,
T009049,A0316,2026-02-12 18:08:00,51.0,D_A0316,,0,5.6307936e-06,False,
T002680,A0447,2026-01-13 16:52:00,37.37,D_A0447,,0,5.6307936e-06,False,
T001844,A0472,2026-01-09 17:46:00,79.46,D_A0472,,0,5.6307936e-06,False,
T003039,A0062,2026-01-15 13:11:00,51.43,D_A0062,,0,5.6307936e-06,False,
T003571,A0274,2026-01-17 16:19:00,41.65,D_A0274,,0,5.6307936e-06,False,
T006699,A0238,2026-02-01 18:42:00,49.84,D_A0238,,0,5.6307936e-06,False,
T005965,A0227,2026-01-29 13:23:00,41.39,D_A0227,,0,5.6307936e-06,False,
T011542,A0358,2026-02-24 17:27:00,46.23,D_A0358,,0,5.6307936e-06,False,
T012313,A0274,2026-02-28 16:40:00,52.39,D_A0274,,0,5.6307936e-06,False,
T005457,A0153,2026-01-26 21:42:00,24.15,D_A0153,,0,5.6307936e-06,False,
T005669,A0000,2026-01-27 19:08:00,42.63,D_A0000,,0,5.6307936e-06,False,
T009059,A0417,2026-02-12 18:43:00,45.01,D_A0417,,0,5.6307936e-06,False,
T008831,A0067,2026-02-11 17:26:00,16.87,D_A0067,,0,5.6307936e-06,False,
T009471,A0227,2026-02-14 18:14:00,52.22,D_A0227,,0,5.6307936e-06,False,
T003760,A0153,2026-01-18 15:00:00,16.96,D_A0153,,0,5.6307936e-06,False,
T010134,A0451,2026-02-17 20:17:00,13.06,D_A0451,,0,5.6307936e-06,False,
T006499,A0077,2026-01-31 20:33:00,15.97,D_A0077,,0,5.6307936e-06,False,
T004526,A0238,2026-01-22 13:54:00,38.98,D_A0238,,0,5.6307936e-06,False,
T000306,A0048,2026-01-02 13:44:00,29.88,D_A0048,,0,5.6307936e-06,False,
T012311,A0168,2026-02-28 16:39:00,65.46,D_A0168,,0,5.6307936e-06,False,
T004028,A0371,2026-01-19 18:31:00,41.77,D_A0371,,0,5.6307936e-06,False,
T005867,A0039,2026-01-28 22:14:00,35.13,D_A0039,,0,5.6307936e-06,False,
T007918,A0000,2026-02-07 14:05:00,37.33,D_A0000,,0,5.6307936e-06,False,
T012433,A0079,2026-03-01 13:20:00,40.31,D_A0079,,0,5.6307936e-06,False,
T011933,A0417,2026-02-26 17:16:00,57.71,D_A0417,,0,5.6307936e-06,False,
T009421,A0438,2026-02-14 14:52:00,75.56,D_A0438,,0,5.6307936e-06,False,
T005804,A0000,2026-01-28 15:30:00,57.21,D_A0000,,0,5.6307936e-06,False,
T007931,A0077,2026-02-07 14:40:00,24.58,D_A0077,,0,5.6307936e-06,False,
T002514,A0278,2026-01-12 19:45:00,76.77,D_A0278,,0,5.6307936e-06,False,
T001613,A0278,2026-01-08 15:37:00,81.19,D_A0278,,0,5.6307936e-06,False,
T002398,A0142,2026-01-12 13:20:00,28.23,D_A0142,,0,5.6307936e-06,False,
T012520,A0265,2026-03-01 17:29:00,25.85,D_A0265,,0,5.6307936e-06,False,
T002702,A0168,2026-01-13 18:16:00,69.62,D_A0168,,0,5.6307936e-06,False,
T002683,A0381,2026-01-13 16:59:00,82.69,D_A0381,,0,5.6307936e-06,False,
T003315,A0417,2026-01-16 15:57:00,82.36,D_A0417,,0,5.6307936e-06,False,
T011352,A0153,2026-02-23 17:56:00,17.64,D_A0153,,0,5.6307936e-06,False,
T001173,R003,2026-01-06 15:10:00,75.42,D_R003,,0,5.6307936e-06,False,
T006848,A0448,2026-02-02 14:03:00,39.77,D_A0448,,0,5.6307936e-06,False,
T009610,A0278,2026-02-15 14:38:00,82.39,D_A0278,,0,5.6307936e-06,False,
T001200,A0448,2026-01-06 16:30:00,52.09,D_A0448,,0,5.6307936e-06,False,
T006485,A0095,2026-01-31 18:56:00,85.26,D_A0095,,0,5.6307936e-06,False,
T002495,A0039,2026-01-12 17:46:00,26.27,D_A0039,,0,5.6307936e-06,False,
T006170,A0278,2026-01-30 13:19:00,94.03,D_A0278,,0,5.6307936e-06,False,
T004150,A0128,2026-01-20 14:44:00,73.6,D_A0128,,0,5.6307936e-06,False,
T001143,A0142,2026-01-06 14:05:00,44.45,D_A0142,,0,5.6307936e-06,False,
T011524,A0472,2026-02-24 15:36:00,72.63,D_A0472,,0,5.6307936e-06,False,
T003098,A0000,2026-01-15 16:03:00,28.16,D_A0000,,0,5.6307936e-06,False,
T011135,A0238,2026-02-22 15:32:00,42.17,D_A0238,,0,5.6307936e-06,False,
T001386,A0017,2026-01-07 14:07:00,29.05,D_A0017,,0,5.6307936e-06,False,
T009068,A0472,2026-02-12 20:03:00,70.35,D_A0472,,0,5.6307936e-06,False,
T002014,A0062,2026-01-10 15:43:00,36.0,D_A0062,,0,5.6307936e-06,False,
T005424,A0149,2026-01-26 17:07:00,83.76,D_A0149,,0,5.6307936e-06,False,
T007705,A0419,2026-02-06 13:30:00,16.42,D_A0419,,0,5.6307936e-06,False,
T003730,A0448,2026-01-18 13:20:00,83.26,D_A0448,,0,5.6307936e-06,False,
T008167,A0077,2026-02-08 15:21:00,30.82,D_A0077,,0,5.6307936e-06,False,
T002524,A0278,2026-01-12 22:09:00,46.58,D_A0278,,0,5.6307936e-06,False,
T006203,A0062,2026-01-30 14:43:00,55.94,D_A0062,,0,5.6307936e-06,False,
T011273,A0154,2026-02-23 12:45:00,103.76,D_A0154,,0,5.627653e-06,False,
T011513,A0236,2026-02-24 15:09:00,23.64,D_A0236,,0,5.626993e-06,False,
T003512,A0311,2026-01-17 13:44:00,22.78,D_A0311,,0,5.626993e-06,False,
T003824,A0236,2026-01-18 18:55:00,36.21,D_A0236,,0,5.626993e-06,False,
T009071,A0375,2026-02-12 20:37:00,52.4,D_A0375,,0,5.626993e-06,False,
T003767,A0361,2026-01-18 15:20:00,72.95,D_A0361,,0,5.626993e-06,False,
T009044,A0003,2026-02-12 17:52:00,97.58,D_A0003,,0,5.626993e-06,False,
T006045,A0311,2026-01-29 18:23:00,40.75,D_A0311,,0,5.626993e-06,False,
T006051,A0299,2026-01-29 18:28:00,42.44,D_A0299,,0,5.626993e-06,False,
T007057,A0122,2026-02-03 13:32:00,40.56,D_A0122,,0,5.626993e-06,False,
T003536,A0311,2026-01-17 14:45:00,39.35,D_A0311,,0,5.626993e-06,False,
T001374,A0311,2026-01-07 13:32:00,40.59,D_A0311,,0,5.626993e-06,False,
T002436,A0092,2026-01-12 14:39:00,75.83,D_A0092,,0,5.626993e-06,False,
T005191,A0026,2026-01-25 17:25:00,19.09,D_A0026,,0,5.626993e-06,False,
T012533,A0313,2026-03-01 18:09:00,21.2,D_A0313,,0,5.626993e-06,False,
T004032,A0311,2026-01-19 20:11:00,32.78,D_A0311,,0,5.626993e-06,False,
T007953,A0294,2026-02-07 15:37:00,39.28,D_A0294,,0,5.626993e-06,False,
T004537,A0311,2026-01-22 14:28:00,32.82,D_A0311,,0,5.626993e-06,False,
T001448,R007,2026-01-07 17:48:00,42.72,D_R007,,0,5.626993e-06,False,
T003280,A0397,2026-01-16 14:21:00,48.98,D_A0397,,0,5.626993e-06,False,
T012097,A0086,2026-02-27 17:19:00,64.4,D_A0086,,0,5.626993e-06,False,
T005149,A0395,2026-01-25 14:54:00,43.3,D_A0395,,0,5.626993e-06,False,
T009924,A0306,2026-02-16 22:57:00,37.49,D_A0306,,0,5.626993e-06,False,
T012083,A0390,2026-02-27 15:40:00,34.34,D_A0390,,0,5.626993e-06,False,
T011472,A0004,2026-02-24 13:33:00,21.25,D_A0004,,0,5.626993e-06,False,
T000603,R007,2026-01-03 19:25:00,60.44,D_R007,,0,5.626993e-06,False,
T010740,A0347,2026-02-20 17:02:00,61.54,D_A0347,,0,5.626993e-06,False,
T011519,A0311,2026-02-24 15:26:00,36.97,D_A0311,,0,5.626993e-06,False,
T006492,A0226,2026-01-31 19:25:00,30.3,D_A0226,,0,5.626993e-06,False,
T006909,A0404,2026-02-02 17:23:00,6.51,D_A0404,,0,5.626993e-06,False,
T004789,A0299,2026-01-23 16:26:00,31.33,D_A0299,,0,5.626993e-06,False,
T001139,A0311,2026-01-06 13:53:00,30.52,D_A0311,,0,5.626993e-06,False,
T001651,A0226,2026-01-08 17:32:00,36.17,D_A0226,,0,5.626993e-06,False,
T004158,A0361,2026-01-20 15:06:00,71.17,D_A0361,,0,5.626993e-06,False,
T008767,A0092,2026-02-11 13:23:00,85.79,D_A0092,,0,5.626993e-06,False,
T003366,A0347,2026-01-16 18:28:00,43.78,D_A0347,,0,5.626993e-06,False,
T007262,A0405,2026-02-04 13:30:00,42.66,D_A0405,,0,5.626993e-06,False,
T002287,A0297,2026-01-11 19:45:00,31.98,D_A0297,,0,5.626993e-06,False,
T001464,A0226,2026-01-07 20:44:00,7.49,D_A0226,,0,5.626993e-06,False,
T003167,A0319,2026-01-15 23:14:00,86.58,D_A0319,,0,5.626993e-06,False,
T001808,A0088,2026-01-09 15:32:00,57.13,D_A0088,,0,5.626993e-06,False,
T004181,A0361,2026-01-20 16:17:00,50.36,D_A0361,,0,5.626993e-06,False,
T010916,A0361,2026-02-21 15:14:00,40.7,D_A0361,,0,5.626993e-06,False,
T010909,A0236,2026-02-21 15:00:00,40.74,D_A0236,,0,5.626993e-06,False,
T010092,A0311,2026-02-17 16:44:00,34.91,D_A0311,,0,5.626993e-06,False,
T005412,A0294,2026-01-26 16:37:00,43.25,D_A0294,,0,5.626993e-06,False,
T001421,A0299,2026-01-07 15:44:00,29.67,D_A0299,,0,5.626993e-06,False,
T010737,A0405,2026-02-20 16:50:00,52.81,D_A0405,,0,5.626993e-06,False,
T002843,A0268,2026-01-14 14:01:00,40.41,D_A0268,,0,5.626993e-06,False,
T005024,A0226,2026-01-24 21:25:00,28.16,D_A0226,,0,5.626993e-06,False,
T002471,R009,2026-01-12 16:33:00,83.4,D_R009,,0,5.626993e-06,False,
T011118,A0294,2026-02-22 14:35:00,28.47,D_A0294,,0,5.626993e-06,False,
T009810,A0004,2026-02-16 13:33:00,25.6,D_A0004,,0,5.626993e-06,False,
T006420,A0026,2026-01-31 15:18:00,36.84,D_A0026,,0,5.626993e-06,False,
T011120,A0395,2026-02-22 14:41:00,42.88,D_A0395,,0,5.626993e-06,False,
T001760,A0092,2026-01-09 13:14:00,55.43,D_A0092,,0,5.626993e-06,False,
T012347,A0306,2026-02-28 20:15:00,36.04,D_A0306,,0,5.626993e-06,False,
T004367,A0268,2026-01-21 16:21:00,44.34,D_A0268,,0,5.626993e-06,False,
T004767,A0262,2026-01-23 15:03:00,35.38,D_A0262,,0,5.626993e-06,False,
T003100,A0311,2026-01-15 16:06:00,36.44,D_A0311,,0,5.626993e-06,False,
T000796,R005,2026-01-04 17:14:00,44.02,D_R005,,0,5.626993e-06,False,
T010307,A0411,2026-02-18 16:30:00,58.36,D_A0411,,0,5.626993e-06,False,
T008409,A0092,2026-02-09 16:19:00,71.13,D_A0092,,0,5.626993e-06,False,
T010486,A0404,2026-02-19 15:46:00,5.6,D_A0404,,0,5.626993e-06,False,
T002522,A0294,2026-01-12 21:44:00,36.89,D_A0294,,0,5.626993e-06,False,
T005586,A0404,2026-01-27 14:40:00,6.62,D_A0404,,0,5.626993e-06,False,
T012334,A0411,2026-02-28 17:46:00,52.43,D_A0411,,0,5.626993e-06,False,
T012332,A0086,2026-02-28 17:44:00,40.27,D_A0086,,0,5.626993e-06,False,
T008419,A0004,2026-02-09 17:04:00,20.46,D_A0004,,0,5.626993e-06,False,
T002715,R009,2026-01-13 19:55:00,69.12,D_R009,,0,5.626993e-06,False,
T004346,A0395,2026-01-21 15:15:00,41.08,D_A0395,,0,5.626993e-06,False,
T007572,A0347,2026-02-05 19:23:00,41.16,D_A0347,,0,5.626993e-06,False,
T001167,A0004,2026-01-06 15:02:00,20.8,D_A0004,,0,5.626993e-06,False,
T007577,A0004,2026-02-05 19:50:00,28.7,D_A0004,,0,5.626993e-06,False,
T008650,A0397,2026-02-10 18:55:00,60.18,D_A0397,,0,5.626993e-06,False,
T000525,A0086,2026-01-03 15:06:00,84.97,D_A0086,,0,5.626993e-06,False,
T006719,A0404,2026-02-01 20:24:00,8.03,D_A0404,,0,5.626993e-06,False,
T010245,A0092,2026-02-18 13:07:00,67.61,D_A0092,,0,5.626993e-06,False,
T004977,A0088,2026-01-24 15:55:00,60.8,D_A0088,,0,5.626993e-06,False,
T001211,A0268,2026-01-06 17:11:00,29.32,D_A0268,,0,5.626993e-06,False,
T005576,A0395,2026-01-27 14:09:00,42.84,D_A0395,,0,5.626993e-06,False,
T007925,A0198,2026-02-07 14:18:00,75.34,D_A0198,,0,5.626993e-06,False,
T010764,A0086,2026-02-20 18:41:00,82.4,D_A0086,,0,5.626993e-06,False,
T004644,A0390,2026-01-22 21:46:00,42.26,D_A0390,,0,5.626993e-06,False,
T007816,A0362,2026-02-06 21:36:00,25.76,D_A0362,,0,5.626993e-06,False,
T005851,A0442,2026-01-28 18:50:00,89.28,D_A0442,,0,5.626993e-06,False,
T006728,A0236,2026-02-01 21:47:00,37.51,D_A0236,,0,5.626993e-06,False,
T007363,A0489,2026-02-04 19:40:00,23.3,D_A0489,,0,5.626993e-06,False,
T010469,A0086,2026-02-19 14:47:00,75.23,D_A0086,,0,5.626993e-06,False,
T009080,A0390,2026-02-12 22:44:00,53.26,D_A0390,,0,5.626993e-06,False,
T012521,A0404,2026-03-01 17:33:00,9.45,D_A0404,,0,5.626993e-06,False,
T004567,A0086,2026-01-22 15:25:00,39.36,D_A0086,,0,5.626993e-06,False,
T003143,A0000,2026-01-15 18:47:00,93.63,D_A0000,,0,5.6132453e-06,False,
T003396,A0039,2026-01-16 22:47:00,78.19,D_A0039,,0,5.6132453e-06,False,
T007892,A0421,2026-02-07 12:17:00,47.64,D_A0421,,0,5.611977e-06,False,
T005540,A0012,2026-01-27 12:14:00,71.07,D_A0012,,0,5.611977e-06,False,
T009148,A0397,2026-02-13 12:23:00,96.41,D_A0397,,0,5.611977e-06,False,
T002796,A0154,2026-01-14 12:06:00,91.65,D_A0154,,0,5.611977e-06,False,
T007436,A0379,2026-02-05 12:12:00,29.58,D_A0379,,0,5.611977e-06,False,
T004627,A0404,2026-01-22 19:01:00,11.25,D_A0404,,0,5.605537e-06,False,
T004154,A0012,2026-01-20 14:53:00,101.06,D_A0012,,0,5.605537e-06,False,
T011146,A0497,2026-02-22 15:54:00,91.73,D_A0497,,0,5.605537e-06,False,
T001849,A0443,2026-01-09 18:25:00,79.07,D_A0443,,0,5.605537e-06,False,
T010055,A0090,2026-02-17 14:54:00,53.92,D_A0090,,0,5.605537e-06,False,
T008029,A0319,2026-02-07 23:29:00,60.1,D_A0319,,0,5.605537e-06,False,
T008835,A0003,2026-02-11 17:43:00,92.34,D_A0003,,0,5.605537e-06,False,
T009229,A0090,2026-02-13 16:26:00,69.35,D_A0090,,0,5.605537e-06,False,
T002021,A0294,2026-01-10 16:16:00,66.93,D_A0294,,0,5.605537e-06,False,
T009662,A0497,2026-02-15 17:12:00,88.61,D_A0497,,0,5.605537e-06,False,
T005133,A0379,2026-01-25 14:00:00,50.57,D_A0379,,0,5.605537e-06,False,
T007825,A0421,2026-02-06 23:05:00,50.66,D_A0421,,0,5.605537e-06,False,
T001467,A0235,2026-01-07 21:08:00,68.2,D_A0235,,0,5.605537e-06,False,
T000309,A0389,2026-01-02 13:47:00,28.35,D_A0389,,0,5.605537e-06,False,
T010249,A0090,2026-02-18 13:21:00,62.29,D_A0090,,0,5.605537e-06,False,
T011147,A0397,2026-02-22 15:54:00,52.09,D_A0397,,0,5.605537e-06,False,
T005161,A0404,2026-01-25 15:27:00,14.41,D_A0404,,0,5.605537e-06,False,
T002626,A0080,2026-01-13 13:25:00,35.17,D_A0080,,0,5.605537e-06,False,
T004016,A0188,2026-01-19 17:05:00,63.16,D_A0188,,0,5.605537e-06,False,
T005333,A0226,2026-01-26 12:56:00,39.87,D_A0226,,0,5.570965e-06,False,
T010653,A0226,2026-02-20 12:43:00,43.1,D_A0226,,0,5.570965e-06,False,
T003598,A0116,2026-01-17 17:27:00,83.82,D_A0116,,0,5.5645723e-06,False,
T011180,A0271,2026-02-22 18:11:00,76.75,D_A0271,,0,5.5645723e-06,False,
T000594,A0180,2026-01-03 18:37:00,82.01,D_A0180,,0,5.5645723e-06,False,
T011718,A0271,2026-02-25 16:09:00,66.62,D_A0271,,0,5.5645723e-06,False,
T010742,A0226,2026-02-20 17:09:00,49.97,D_A0226,,0,5.5645723e-06,False,
T005639,A0271,2026-01-27 17:08:00,64.13,D_A0271,,0,5.549119e-06,False,
T005448,A0122,2026-01-26 19:15:00,74.99,D_A0122,,0,5.549119e-06,False,
T001675,A0461,2026-01-08 20:46:00,31.19,D_FAM_0,,0,5.5409014e-06,False,
T001176,A0461,2026-01-06 15:19:00,34.09,D_FAM_0,,0,5.5409014e-06,False,
T002388,A0320,2026-01-12 13:00:00,8.07,D_FAM_4,,0,5.5409014e-06,False,
T003583,A0461,2026-01-17 17:05:00,35.49,D_FAM_0,,0,5.5409014e-06,False,
T009594,A0303,2026-02-15 13:56:00,35.33,D_FAM_4,,0,5.5409014e-06,False,
T010663,A0320,2026-02-20 13:03:00,20.06,D_FAM_4,,0,5.5409014e-06,False,
T004223,A0320,2026-01-20 20:25:00,31.03,D_FAM_4,,0,5.5409014e-06,False,
T006480,A0451,2026-01-31 18:37:00,14.75,D_FAM_12,,0,5.5409014e-06,False,
T004415,A0303,2026-01-21 20:54:00,35.01,D_FAM_4,,0,5.5409014e-06,False,
T000966,A0312,2026-01-05 15:07:00,98.44,D_A0312,,0,5.5287874e-06,False,
T011449,A0320,2026-02-24 12:04:00,89.67,D_FAM_4,,0,5.5148644e-06,False,
T011333,A0303,2026-02-23 16:12:00,67.25,D_FAM_4,,0,5.508536e-06,False,
T000177,A0182,2026-01-01 19:42:00,49.87,D_FAM_8,,0,5.500971e-06,False,
T007785,A0083,2026-02-06 17:42:00,103.01,D_A0083,,0,5.4960574e-06,False,
T002077,A0083,2026-01-10 22:37:00,102.34,D_A0083,,0,5.4960574e-06,False,
T012455,A0451,2026-03-01 14:14:00,20.08,D_FAM_12,,0,5.479436e-06,False,
T005803,A0472,2026-01-28 15:29:00,101.28,D_A0472,,0,5.4751004e-06,False,
T011547,A0262,2026-02-24 18:10:00,104.26,D_A0262,,0,5.45645e-06,False,
T011923,A0180,2026-02-26 16:31:00,103.79,D_A0180,,0,5.45645e-06,False,
T003530,A0478,2026-01-17 14:24:00,75.02,D_A0478,,0,5.4487336e-06,False,
T009371,A0268,2026-02-14 12:52:00,70.83,D_A0268,,0,5.447502e-06,False,
T007255,A0080,2026-02-04 12:59:00,28.4,D_A0080,,0,5.447502e-06,False,
T007437,A0479,2026-02-05 12:16:00,61.04,D_A0479,,0,5.447502e-06,False,
T003243,A0086,2026-01-16 12:16:00,86.09,D_A0086,,0,5.447502e-06,False,
T007442,A0092,2026-02-05 12:36:00,67.97,D_A0092,,0,5.447502e-06,False,
T011066,A0497,2026-02-22 12:37:00,75.14,D_A0497,,0,5.447502e-06,False,
T000478,A0495,2026-01-03 12:10:00,26.14,D_A0495,,0,5.447502e-06,False,
T010324,A0299,2026-02-18 18:03:00,86.37,D_A0299,,0,5.4450556e-06,False,
T012560,A0226,2026-03-01 21:23:00,34.88,D_A0226,,0,5.441251e-06,False,
T004563,A0080,2026-01-22 15:15:00,45.56,D_A0080,,0,5.441251e-06,False,
T007075,A0086,2026-02-03 14:40:00,69.76,D_A0086,,0,5.441251e-06,False,
T001970,R005,2026-01-10 13:22:00,64.71,D_R005,,0,5.441251e-06,False,
T009047,A0311,2026-02-12 18:00:00,29.55,D_A0311,,0,5.441251e-06,False,
T003163,A0181,2026-01-15 21:24:00,61.69,D_A0181,,0,5.441251e-06,False,
T004793,A0189,2026-01-23 16:40:00,25.7,D_A0189,,0,5.441251e-06,False,
T010448,A0092,2026-02-19 13:53:00,90.64,D_A0092,,0,5.441251e-06,False,
T005597,A0439,2026-01-27 15:10:00,25.63,D_A0439,,0,5.441251e-06,False,
T010435,A0226,2026-02-19 13:08:00,27.12,D_A0226,,0,5.441251e-06,False,
T006403,A0086,2026-01-31 14:25:00,91.44,D_A0086,,0,5.441251e-06,False,
T010890,A0479,2026-02-21 13:45:00,61.35,D_A0479,,0,5.441251e-06,False,
T009491,A0409,2026-02-14 20:21:00,44.86,D_A0409,,0,5.441251e-06,False,
T002393,A0311,2026-01-12 13:12:00,48.85,D_A0311,,0,5.441251e-06,False,
T009076,A0086,2026-02-12 21:38:00,84.77,D_A0086,,0,5.441251e-06,False,
T009445,A0065,2026-02-14 16:16:00,23.36,D_A0065,,0,5.441251e-06,False,
T001438,A0189,2026-01-07 16:59:00,37.94,D_A0189,,0,5.441251e-06,False,
T006829,A0080,2026-02-02 13:04:00,36.52,D_A0080,,0,5.441251e-06,False,
T004580,A0479,2026-01-22 16:02:00,59.68,D_A0479,,0,5.441251e-06,False,
T012506,A0474,2026-03-01 16:55:00,74.76,D_A0474,,0,5.441251e-06,False,
T003379,A0088,2026-01-16 19:25:00,56.67,D_A0088,,0,5.441251e-06,False,
T001455,A0189,2026-01-07 19:10:00,30.87,D_A0189,,0,5.441251e-06,False,
T002299,A0180,2026-01-11 22:09:00,59.87,D_A0180,,0,5.441251e-06,False,
T010675,A0180,2026-02-20 13:32:00,54.63,D_A0180,,0,5.441251e-06,False,
T006462,A0080,2026-01-31 17:29:00,22.73,D_A0080,,0,5.441251e-06,False,
T011491,A0090,2026-02-24 14:19:00,47.47,D_A0090,,0,5.441251e-06,False,
T009450,A0409,2026-02-14 16:36:00,57.34,D_A0409,,0,5.441251e-06,False,
T004231,A0479,2026-01-20 22:31:00,61.17,D_A0479,,0,5.441251e-06,False,
T011721,A0080,2026-02-25 16:27:00,29.2,D_A0080,,0,5.441251e-06,False,
T004404,A0268,2026-01-21 18:53:00,50.74,D_A0268,,0,5.441251e-06,False,
T000982,A0311,2026-01-05 16:09:00,30.12,D_A0311,,0,5.441251e-06,False,
T001827,A0268,2026-01-09 16:27:00,51.4,D_A0268,,0,5.441251e-06,False,
T000948,A0479,2026-01-05 14:24:00,41.77,D_A0479,,0,5.441251e-06,False,
T001856,A0180,2026-01-09 18:55:00,56.44,D_A0180,,0,5.441251e-06,False,
T007129,A0479,2026-02-03 17:32:00,78.52,D_A0479,,0,5.441251e-06,False,
T001758,A0479,2026-01-09 13:01:00,99.36,D_A0479,,0,5.441251e-06,False,
T005768,A0181,2026-01-28 13:13:00,81.81,D_A0181,,0,5.441251e-06,False,
T000937,A0086,2026-01-05 13:58:00,89.48,D_A0086,,0,5.441251e-06,False,
T011161,A0409,2026-02-22 16:59:00,40.99,D_A0409,,0,5.441251e-06,False,
T009684,A0028,2026-02-15 19:34:00,47.88,D_A0028,,0,5.441251e-06,False,
T005371,A0497,2026-01-26 14:40:00,81.35,D_A0497,,0,5.441251e-06,False,
T009397,A0409,2026-02-14 13:53:00,22.35,D_A0409,,0,5.441251e-06,False,
T001634,A0189,2026-01-08 16:42:00,47.06,D_A0189,,0,5.441251e-06,False,
T009011,A0479,2026-02-12 15:19:00,50.0,D_A0479,,0,5.441251e-06,False,
T008351,A0306,2026-02-09 13:24:00,21.69,D_A0306,,0,5.441251e-06,False,
T004982,A0379,2026-01-24 16:08:00,50.61,D_A0379,,0,5.441251e-06,False,
T000382,A0226,2026-01-02 18:51:00,28.98,D_A0226,,0,5.441251e-06,False,
T012573,A0409,2026-03-01 23:20:00,51.58,D_A0409,,0,5.441251e-06,False,
T007323,A0038,2026-02-04 16:59:00,67.05,D_A0038,,0,5.433602e-06,False,
T011647,A0351,2026-02-25 12:28:00,11.41,D_A0351,,0,5.432374e-06,False,
T002594,A0251,2026-01-13 12:09:00,8.8,D_A0251,,0,5.432374e-06,False,
T003491,A0379,2026-01-17 12:48:00,17.44,D_A0379,,0,5.432374e-06,False,
T008106,A0251,2026-02-08 12:29:00,11.38,D_A0251,,0,5.432374e-06,False,
T004719,A0126,2026-01-23 12:19:00,86.26,D_A0126,,0,5.432374e-06,False,
T012019,A0351,2026-02-27 12:02:00,54.87,D_A0351,,0,5.432374e-06,False,
T004110,A0054,2026-01-20 12:23:00,14.78,D_A0054,,0,5.432374e-06,False,
T009785,A0126,2026-02-16 12:19:00,90.37,D_A0126,,0,5.432374e-06,False,
T009569,A0397,2026-02-15 12:32:00,99.98,D_A0397,,0,5.432374e-06,False,
T007039,A0140,2026-02-03 12:39:00,64.02,D_A0140,,0,5.432374e-06,False,
T011070,A0361,2026-02-22 12:41:00,26.27,D_A0361,,0,5.432374e-06,False,
T010630,A0476,2026-02-20 12:07:00,55.38,D_A0476,,0,5.432374e-06,False,
T011055,A0495,2026-02-22 12:03:00,14.52,D_A0495,,0,5.432374e-06,False,
T012467,A0351,2026-03-01 14:39:00,15.93,D_A0351,,0,5.4261404e-06,False,
T008233,A0080,2026-02-08 19:37:00,10.36,D_A0080,,0,5.4261404e-06,False,
T011687,A0026,2026-02-25 14:39:00,10.74,D_A0026,,0,5.4261404e-06,False,
T012479,A0495,2026-03-01 15:06:00,11.6,D_A0495,,0,5.4261404e-06,False,
T002701,A0361,2026-01-13 18:09:00,22.66,D_A0361,,0,5.4261404e-06,False,
T008224,A0126,2026-02-08 18:20:00,91.86,D_A0126,,0,5.4261404e-06,False,
T011716,A0154,2026-02-25 15:48:00,46.13,D_A0154,,0,5.4261404e-06,False,
T005017,A0167,2026-01-24 20:02:00,47.43,D_A0167,,0,5.4261404e-06,False,
T004400,A0188,2026-01-21 18:40:00,36.11,D_A0188,,0,5.4261404e-06,False,
T008633,A0167,2026-02-10 17:00:00,30.61,D_A0167,,0,5.4261404e-06,False,
T007574,A0313,2026-02-05 19:31:00,10.77,D_A0313,,0,5.4261404e-06,False,
T009222,A0180,2026-02-13 15:58:00,19.21,D_A0180,,0,5.4261404e-06,False,
T009261,A0026,2026-02-13 18:19:00,11.86,D_A0026,,0,5.4261404e-06,False,
T003384,A0167,2026-01-16 19:44:00,36.87,D_A0167,,0,5.4261404e-06,False,
T002181,A0361,2026-01-11 13:16:00,19.99,D_A0361,,0,5.4261404e-06,False,
T002032,A0271,2026-01-10 16:40:00,21.7,D_A0271,,0,5.4261404e-06,False,
T007087,A0347,2026-02-03 15:25:00,23.56,D_A0347,,0,5.4261404e-06,False,
T000932,A0167,2026-01-05 13:42:00,44.05,D_A0167,,0,5.4261404e-06,False,
T002190,A0389,2026-01-11 13:37:00,73.0,D_A0389,,0,5.4261404e-06,False,
T007303,A0088,2026-02-04 15:42:00,22.26,D_A0088,,0,5.4261404e-06,False,
T007304,A0381,2026-02-04 15:48:00,82.02,D_A0381,,0,5.4261404e-06,False,
T002199,A0088,2026-01-11 14:00:00,24.56,D_A0088,,0,5.4261404e-06,False,
T002195,R007,2026-01-11 13:47:00,17.23,D_R007,,0,5.4261404e-06,False,
T000744,A0273,2026-01-04 14:38:00,7.92,D_A0273,,0,5.4261404e-06,False,
T002243,A0065,2026-01-11 16:25:00,64.22,D_A0065,,0,5.4261404e-06,False,
T005818,A0154,2026-01-28 15:58:00,71.96,D_A0154,,0,5.4261404e-06,False,
T002235,A0476,2026-01-11 15:55:00,31.42,D_A0476,,0,5.4261404e-06,False,
T005816,A0188,2026-01-28 15:55:00,69.16,D_A0188,,0,5.4261404e-06,False,
T011339,A0065,2026-02-23 16:36:00,42.64,D_A0065,,0,5.4261404e-06,False,
T005799,A0351,2026-01-28 15:15:00,20.4,D_A0351,,0,5.4261404e-06,False,
T011521,A0026,2026-02-24 15:28:00,15.93,D_A0026,,0,5.4261404e-06,False,
T008596,A0122,2026-02-10 15:08:00,39.49,D_A0122,,0,5.4261404e-06,False,
T002647,R009,2026-01-13 14:47:00,30.69,D_R009,,0,5.4261404e-06,False,
T007695,A0140,2026-02-06 13:13:00,42.68,D_A0140,,0,5.4261404e-06,False,
T003096,R007,2026-01-15 15:58:00,15.28,D_R007,,0,5.4261404e-06,False,
T005402,A0126,2026-01-26 15:54:00,68.2,D_A0126,,0,5.4261404e-06,False,
T002689,A0080,2026-01-13 17:21:00,10.56,D_A0080,,0,5.4261404e-06,False,
T002848,A0088,2026-01-14 14:09:00,15.48,D_A0088,,0,5.4261404e-06,False,
T008028,A0379,2026-02-07 23:21:00,22.41,D_A0379,,0,5.4261404e-06,False,
T007094,A0088,2026-02-03 15:44:00,23.3,D_A0088,,0,5.4261404e-06,False,
T007113,A0111,2026-02-03 16:35:00,20.24,D_A0111,,0,5.4261404e-06,False,
T002078,A0054,2026-01-10 23:51:00,15.31,D_A0054,,0,5.4261404e-06,False,
T005967,A0122,2026-01-29 13:27:00,19.53,D_A0122,,0,5.4261404e-06,False,
T000981,A0026,2026-01-05 16:03:00,17.04,D_A0026,,0,5.4261404e-06,False,
T007155,A0351,2026-02-03 19:09:00,44.21,D_A0351,,0,5.4261404e-06,False,
T002060,A0105,2026-01-10 18:34:00,16.29,D_A0105,,0,5.4261404e-06,False,
T007302,A0090,2026-02-04 15:41:00,77.98,D_A0090,,0,5.4261404e-06,False,
T005852,A0111,2026-01-28 18:51:00,23.51,D_A0111,,0,5.4261404e-06,False,
T011936,A0439,2026-02-26 17:20:00,10.17,D_A0439,,0,5.4261404e-06,False,
T005845,A0088,2026-01-28 18:03:00,18.04,D_A0088,,0,5.4261404e-06,False,
T006441,A0351,2026-01-31 16:18:00,15.22,D_A0351,,0,5.4261404e-06,False,
T006488,A0404,2026-01-31 19:04:00,14.46,D_A0404,,0,5.4261404e-06,False,
T010286,A0298,2026-02-18 15:10:00,29.19,D_A0298,,0,5.4261404e-06,False,
T012118,A0381,2026-02-27 19:37:00,100.52,D_A0381,,0,5.4261404e-06,False,
T004521,A0037,2026-01-22 13:39:00,38.59,D_A0037,,0,5.4261404e-06,False,
T001387,A0313,2026-01-07 14:07:00,11.79,D_A0313,,0,5.4261404e-06,False,
T012509,A0126,2026-03-01 17:02:00,82.44,D_A0126,,0,5.4261404e-06,False,
T007951,A0361,2026-02-07 15:35:00,23.25,D_A0361,,0,5.4261404e-06,False,
T004551,A0054,2026-01-22 14:53:00,8.59,D_A0054,,0,5.4261404e-06,False,
T004564,A0439,2026-01-22 15:16:00,10.84,D_A0439,,0,5.4261404e-06,False,
T010441,A0126,2026-02-19 13:29:00,82.51,D_A0126,,0,5.4261404e-06,False,
T006418,A0316,2026-01-31 15:14:00,16.5,D_A0316,,0,5.4261404e-06,False,
T010444,A0361,2026-02-19 13:40:00,17.72,D_A0361,,0,5.4261404e-06,False,
T005231,A0080,2026-01-25 21:16:00,14.45,D_A0080,,0,5.4261404e-06,False,
T004727,A0421,2026-01-23 13:06:00,17.87,D_A0421,,0,5.4261404e-06,False,
T012087,A0054,2026-02-27 16:22:00,4.01,D_A0054,,0,5.4261404e-06,False,
T010752,A0026,2026-02-20 17:52:00,14.01,D_A0026,,0,5.4261404e-06,False,
T004632,A0111,2026-01-22 19:37:00,18.6,D_A0111,,0,5.4261404e-06,False,
T003746,A0026,2026-01-18 14:05:00,18.36,D_A0026,,0,5.4261404e-06,False,
T010747,A0495,2026-02-20 17:24:00,16.78,D_A0495,,0,5.4261404e-06,False,
T010785,A0088,2026-02-20 23:52:00,29.06,D_A0088,,0,5.4261404e-06,False,
T000375,A0439,2026-01-02 17:48:00,6.9,D_A0439,,0,5.4261404e-06,False,
T001973,A0122,2026-01-10 13:26:00,39.96,D_A0122,,0,5.4261404e-06,False,
T009851,A0298,2026-02-16 15:36:00,17.37,D_A0298,,0,5.4261404e-06,False,
T009846,A0460,2026-02-16 15:21:00,30.31,D_A0460,,0,5.4261404e-06,False,
T003740,A0351,2026-01-18 13:51:00,17.19,D_A0351,,0,5.4261404e-06,False,
T009905,A0271,2026-02-16 19:27:00,21.56,D_A0271,,0,5.4261404e-06,False,
T010875,A0167,2026-02-21 13:08:00,36.92,D_A0167,,0,5.4261404e-06,False,
T001192,A0180,2026-01-06 16:04:00,23.29,D_A0180,,0,5.4261404e-06,False,
T005168,A0105,2026-01-25 16:11:00,13.85,D_A0105,,0,5.4261404e-06,False,
T004618,A0154,2026-01-22 17:41:00,88.17,D_A0154,,0,5.4261404e-06,False,
T001240,A0235,2026-01-06 19:21:00,86.53,D_A0235,,0,5.4261404e-06,False,
T003785,A0298,2026-01-18 16:19:00,28.86,D_A0298,,0,5.4261404e-06,False,
T006881,A0298,2026-02-02 15:43:00,15.04,D_A0298,,0,5.4261404e-06,False,
T001832,A0116,2026-01-09 16:47:00,18.09,D_A0116,,0,5.4261404e-06,False,
T005160,A0341,2026-01-25 15:23:00,29.21,D_A0341,,0,5.4261404e-06,False,
T009819,A0167,2026-02-16 13:55:00,45.52,D_A0167,,0,5.4261404e-06,False,
T004226,A0313,2026-01-20 21:06:00,7.38,D_A0313,,0,5.4261404e-06,False,
T003580,A0346,2026-01-17 16:48:00,69.95,D_A0346,,0,5.4261404e-06,False,
T001851,A0140,2026-01-09 18:32:00,64.35,D_A0140,,0,5.4261404e-06,False,
T006035,A0439,2026-01-29 17:39:00,9.63,D_A0439,,0,5.4261404e-06,False,
T004739,A0154,2026-01-23 13:42:00,63.74,D_A0154,,0,5.4261404e-06,False,
T006081,A0298,2026-01-29 23:25:00,28.78,D_A0298,,0,5.4261404e-06,False,
T012261,A0180,2026-02-28 14:30:00,15.56,D_A0180,,0,5.4261404e-06,False,
T005819,A0298,2026-01-28 16:00:00,31.98,D_A0298,,0,5.4261404e-06,False,
T005782,A0351,2026-01-28 13:57:00,9.23,D_A0351,,0,5.4261404e-06,False,
T003305,A0026,2026-01-16 15:33:00,20.59,D_A0026,,0,5.4261404e-06,False,
T007329,A0361,2026-02-04 17:13:00,35.13,D_A0361,,0,5.4261404e-06,False,
T002251,A0217,2026-01-11 16:47:00,48.09,D_A0217,,0,5.4261404e-06,False,
T008844,A0127,2026-02-11 18:45:00,20.78,D_A0127,,0,5.4261404e-06,False,
T002396,A0361,2026-01-12 13:17:00,32.93,D_A0361,,0,5.4261404e-06,False,
T011880,A0439,2026-02-26 14:43:00,13.23,D_A0439,,0,5.4261404e-06,False,
T008015,A0313,2026-02-07 20:03:00,4.96,D_A0313,,0,5.4261404e-06,False,
T006279,A0313,2026-01-30 23:47:00,12.05,D_A0313,,0,5.4261404e-06,False,
T003827,A0495,2026-01-18 19:37:00,15.46,D_A0495,,0,5.4261404e-06,False,
T006616,A0111,2026-02-01 13:54:00,16.52,D_A0111,,0,5.4261404e-06,False,
T001605,A0251,2026-01-08 14:52:00,7.08,D_A0251,,0,5.4261404e-06,False,
T001214,A0379,2026-01-06 17:23:00,50.09,D_A0379,,0,5.4261404e-06,False,
T010264,A0126,2026-02-18 14:06:00,70.25,D_A0126,,0,5.4261404e-06,False,
T006244,A0347,2026-01-30 16:43:00,16.64,D_A0347,,0,5.4261404e-06,False,
T001576,A0012,2026-01-08 13:27:00,84.85,D_A0012,,0,5.4261404e-06,False,
T001657,A0421,2026-01-08 17:56:00,14.76,D_A0421,,0,5.4261404e-06,False,
T010033,A0026,2026-02-17 13:47:00,16.53,D_A0026,,0,5.4261404e-06,False,
T004188,A0405,2026-01-20 16:50:00,37.61,D_A0405,,0,5.4261404e-06,False,
T005996,A0439,2026-01-29 15:06:00,10.83,D_A0439,,0,5.4261404e-06,False,
T007493,A0165,2026-02-05 14:45:00,32.73,D_A0165,,0,5.4255866e-06,False,
T001230,A0199,2026-01-06 18:36:00,54.06,D_A0199,,0,5.4255866e-06,False,
T010893,A0131,2026-02-21 13:59:00,86.06,D_A0131,,0,5.4255866e-06,False,
T001990,A0153,2026-01-10 14:21:00,49.72,D_A0153,,0,5.4255866e-06,False,
T004331,A0067,2026-01-21 14:19:00,32.93,D_A0067,,0,5.4255866e-06,False,
T009062,A0153,2026-02-12 19:10:00,49.38,D_A0153,,0,5.4255866e-06,False,
T008551,A0323,2026-02-10 12:42:00,53.43,D_A0323,,0,5.411108e-06,False,
T000134,A0038,2026-01-01 15:32:00,51.09,D_A0038,,0,5.404898e-06,False,
T009384,A0013,2026-02-14 13:21:00,97.25,D_A0013,,0,5.404898e-06,False,
T004315,A0215,2026-01-21 13:40:00,72.99,D_A0215,,0,5.404898e-06,False,
T002868,A0387,2026-01-14 14:57:00,55.04,D_A0387,,0,5.404898e-06,False,
T011125,A0067,2026-02-22 14:47:00,28.2,D_A0067,,0,5.404898e-06,False,
T003928,A0379,2026-01-19 12:44:00,50.04,D_A0379,,0,5.392675e-06,False,
T008317,A0271,2026-02-09 12:00:00,67.76,D_A0271,,0,5.392675e-06,False,
T010035,A0299,2026-02-17 13:56:00,71.98,D_A0299,,0,5.386487e-06,False,
T011763,A0092,2026-02-25 20:43:00,98.29,D_A0092,,0,5.386487e-06,False,
T005162,A0439,2026-01-25 15:35:00,42.67,D_A0439,,0,5.386487e-06,False,
T003832,A0188,2026-01-18 20:24:00,81.71,D_A0188,,0,5.386487e-06,False,
T010779,A0054,2026-02-20 21:31:00,77.63,D_A0054,,0,5.386487e-06,False,
T001759,A0007,2026-01-09 13:05:00,33.59,D_A0007,,0,5.386487e-06,False,
T011477,A0311,2026-02-24 13:40:00,53.64,D_A0311,,0,5.386487e-06,False,
T009267,A0054,2026-02-13 19:02:00,53.15,D_A0054,,0,5.386487e-06,False,
T005853,A0180,2026-01-28 18:52:00,79.22,D_A0180,,0,5.386487e-06,False,
T005222,A0070,2026-01-25 19:41:00,92.21,D_A0070,,0,5.386487e-06,False,
T010693,A0451,2026-02-20 14:18:00,17.08,D_FAM_12,,0,5.358001e-06,False,
T008661,A0451,2026-02-10 20:23:00,16.95,D_FAM_12,,0,5.358001e-06,False,
T002835,A0035,2026-01-14 13:45:00,38.25,D_FAM_9,,0,5.3431213e-06,False,
T004372,A0451,2026-01-21 16:36:00,13.0,D_FAM_12,,0,5.3431213e-06,False,
T010884,A0320,2026-02-21 13:28:00,13.5,D_FAM_4,,0,5.3431213e-06,False,
T006451,A0036,2026-01-31 16:54:00,22.36,D_FAM_1,,0,5.3431213e-06,False,
T008005,A0036,2026-02-07 18:39:00,8.14,D_FAM_1,,0,5.3431213e-06,False,
T003941,A0320,2026-01-19 13:27:00,9.91,D_FAM_4,,0,5.3431213e-06,False,
T002801,A0340,2026-01-14 12:19:00,70.58,D_A0340,,0,5.31144e-06,False,
T010011,A0153,2026-02-17 12:49:00,39.7,D_A0153,,0,5.31144e-06,False,
T006148,A0087,2026-01-30 12:11:00,66.77,D_A0087,,0,5.31144e-06,False,
T006146,A0165,2026-01-30 12:09:00,29.55,D_A0165,,0,5.31144e-06,False,
T001746,A0060,2026-01-09 12:41:00,36.76,D_A0060,,0,5.31144e-06,False,
T011843,A0402,2026-02-26 12:53:00,45.59,D_A0402,,0,5.31144e-06,False,
T009994,A0489,2026-02-17 12:11:00,24.68,D_A0489,,0,5.31144e-06,False,
T008213,A0312,2026-02-08 17:17:00,52.26,D_A0312,,0,5.3053445e-06,False,
T011669,A0062,2026-02-25 13:33:00,55.14,D_A0062,,0,5.3053445e-06,False,
T004957,A0153,2026-01-24 14:54:00,23.34,D_A0153,,0,5.3053445e-06,False,
T008146,A0319,2026-02-08 14:29:00,59.65,D_A0319,,0,5.3053445e-06,False,
T005673,A0083,2026-01-27 19:41:00,90.37,D_A0083,,0,5.3053445e-06,False,
T000725,A0022,2026-01-04 13:28:00,14.88,D_A0022,,0,5.3053445e-06,False,
T004379,A0452,2026-01-21 17:01:00,24.16,D_A0452,,0,5.3053445e-06,False,
T000716,A0083,2026-01-04 13:16:00,93.42,D_A0083,,0,5.3053445e-06,False,
T002493,A0489,2026-01-12 17:36:00,30.61,D_A0489,,0,5.3053445e-06,False,
T007554,A0153,2026-02-05 18:04:00,41.1,D_A0153,,0,5.3053445e-06,False,
T007520,A0062,2026-02-05 16:19:00,83.45,D_A0062,,0,5.3053445e-06,False,
T007489,A0068,2026-02-05 14:41:00,88.27,D_A0068,,0,5.3053445e-06,False,
T007483,A0371,2026-02-05 14:27:00,39.47,D_A0371,,0,5.3053445e-06,False,
T009417,A0371,2026-02-14 14:43:00,43.83,D_A0371,,0,5.3053445e-06,False,
T007133,A0077,2026-02-03 17:45:00,34.53,D_A0077,,0,5.3053445e-06,False,
T000930,A0061,2026-01-05 13:26:00,41.61,D_A0061,,0,5.3053445e-06,False,
T011148,A0485,2026-02-22 15:56:00,36.43,D_A0485,,0,5.3053445e-06,False,
T011938,A0067,2026-02-26 17:21:00,17.94,D_A0067,,0,5.3053445e-06,False,
T009255,A0153,2026-02-13 17:33:00,39.91,D_A0153,,0,5.3053445e-06,False,
T009252,A0022,2026-02-13 17:30:00,11.9,D_A0022,,0,5.3053445e-06,False,
T007165,A0319,2026-02-03 20:20:00,64.86,D_A0319,,0,5.3053445e-06,False,
T009058,A0312,2026-02-12 18:37:00,55.85,D_A0312,,0,5.3053445e-06,False,
T007341,A0319,2026-02-04 18:01:00,81.26,D_A0319,,0,5.3053445e-06,False,
T002302,R000,2026-01-11 23:15:00,52.14,D_R000,,0,5.3053445e-06,False,
T002266,A0312,2026-01-11 17:28:00,82.22,D_A0312,,0,5.3053445e-06,False,
T000786,A0485,2026-01-04 16:26:00,40.19,D_A0485,,0,5.3053445e-06,False,
T003266,A0312,2026-01-16 13:28:00,61.51,D_A0312,,0,5.3053445e-06,False,
T007458,A0068,2026-02-05 13:10:00,77.99,D_A0068,,0,5.3053445e-06,False,
T011307,A0062,2026-02-23 14:27:00,82.3,D_A0062,,0,5.3053445e-06,False,
T003040,A0192,2026-01-15 13:13:00,72.96,D_A0192,,0,5.3053445e-06,False,
T008398,A0153,2026-02-09 15:43:00,42.48,D_A0153,,0,5.3053445e-06,False,
T007764,A0402,2026-02-06 16:22:00,43.6,D_A0402,,0,5.3053445e-06,False,
T008407,A0489,2026-02-09 16:18:00,39.9,D_A0489,,0,5.3053445e-06,False,
T005633,A0062,2026-01-27 16:47:00,60.45,D_A0062,,0,5.3053445e-06,False,
T002708,A0061,2026-01-13 18:41:00,34.33,D_A0061,,0,5.3053445e-06,False,
T008371,A0371,2026-02-09 14:33:00,61.3,D_A0371,,0,5.3053445e-06,False,
T009626,A0192,2026-02-15 15:22:00,93.55,D_A0192,,0,5.3053445e-06,False,
T003590,A0485,2026-01-17 17:19:00,59.79,D_A0485,,0,5.3053445e-06,False,
T009694,A0319,2026-02-15 21:01:00,39.18,D_A0319,,0,5.3053445e-06,False,
T009699,A0068,2026-02-15 21:46:00,72.2,D_A0068,,0,5.3053445e-06,False,
T006023,A0402,2026-01-29 16:52:00,41.18,D_A0402,,0,5.3053445e-06,False,
T001837,A0062,2026-01-09 17:14:00,53.56,D_A0062,,0,5.3053445e-06,False,
T006880,A0340,2026-02-02 15:43:00,79.77,D_A0340,,0,5.3053445e-06,False,
T001812,A0077,2026-01-09 15:55:00,41.77,D_A0077,,0,5.3053445e-06,False,
T006857,A0452,2026-02-02 14:41:00,60.55,D_A0452,,0,5.3053445e-06,False,
T006716,A0153,2026-02-01 20:09:00,32.63,D_A0153,,0,5.3053445e-06,False,
T001666,A0083,2026-01-08 19:21:00,100.74,D_A0083,,0,5.3053445e-06,False,
T006732,A0199,2026-02-01 23:38:00,50.5,D_A0199,,0,5.3053445e-06,False,
T003765,A0319,2026-01-18 15:13:00,75.09,D_A0319,,0,5.3053445e-06,False,
T004643,A0319,2026-01-22 21:31:00,79.53,D_A0319,,0,5.3053445e-06,False,
T009830,A0165,2026-02-16 14:24:00,24.07,D_A0165,,0,5.3053445e-06,False,
T001779,A0485,2026-01-09 14:05:00,15.51,D_A0485,,0,5.3053445e-06,False,
T004225,A0061,2026-01-20 20:46:00,39.52,D_A0061,,0,5.3053445e-06,False,
T009675,A0068,2026-02-15 18:36:00,76.65,D_A0068,,0,5.3053445e-06,False,
T010037,A0067,2026-02-17 13:58:00,22.82,D_A0067,,0,5.3053445e-06,False,
T001217,A0485,2026-01-06 17:28:00,52.9,D_A0485,,0,5.3053445e-06,False,
T004619,A0153,2026-01-22 17:43:00,42.27,D_A0153,,0,5.3053445e-06,False,
T006679,A0452,2026-02-01 17:35:00,47.42,D_A0452,,0,5.3053445e-06,False,
T003787,A0340,2026-01-18 16:27:00,63.36,D_A0340,,0,5.3053445e-06,False,
T010705,A0340,2026-02-20 15:01:00,61.15,D_A0340,,0,5.3053445e-06,False,
T001585,A0153,2026-01-08 13:55:00,26.59,D_A0153,,0,5.3053445e-06,False,
T010540,A0077,2026-02-19 19:14:00,59.67,D_A0077,,0,5.3053445e-06,False,
T006502,A0068,2026-01-31 20:44:00,79.72,D_A0068,,0,5.3053445e-06,False,
T010704,A0312,2026-02-20 14:55:00,59.18,D_A0312,,0,5.3053445e-06,False,
T006506,A0165,2026-01-31 21:40:00,29.62,D_A0165,,0,5.3053445e-06,False,
T010691,A0485,2026-02-20 14:12:00,63.0,D_A0485,,0,5.3053445e-06,False,
T006265,A0319,2026-01-30 18:43:00,87.67,D_A0319,,0,5.3053445e-06,False,
T001425,A0062,2026-01-07 16:05:00,67.23,D_A0062,,0,5.3053445e-06,False,
T004012,A0060,2026-01-19 16:45:00,34.39,D_A0060,,0,5.3053445e-06,False,
T006465,A0312,2026-01-31 17:37:00,77.74,D_A0312,,0,5.3053445e-06,False,
T010440,A0190,2026-02-19 13:27:00,89.03,D_A0190,,0,5.3053445e-06,False,
T001394,A0192,2026-01-07 14:32:00,80.29,D_A0192,,0,5.3053445e-06,False,
T012535,A0060,2026-03-01 18:19:00,54.17,D_A0060,,0,5.3053445e-06,False,
T008026,A0446,2026-02-07 22:43:00,64.34,D_A0446,,0,5.3053445e-06,False,
T011723,A0062,2026-02-25 16:31:00,75.55,D_A0062,,0,5.3053445e-06,False,
T012497,A0489,2026-03-01 16:17:00,26.73,D_A0489,,0,5.3053445e-06,False,
T005435,A0452,2026-01-26 18:22:00,44.7,D_A0452,,0,5.3053445e-06,False,
T012227,A0320,2026-02-28 13:17:00,78.81,D_FAM_4,,0,5.304075e-06,False,
T007891,A0083,2026-02-07 12:16:00,88.19,D_A0083,,0,5.291187e-06,False,
T005326,A0090,2026-01-26 12:17:00,56.92,D_A0090,,0,5.291187e-06,False,
T000713,A0171,2026-01-04 12:55:00,41.06,D_A0171,,0,5.291187e-06,False,
T003081,A0013,2026-01-15 14:55:00,54.34,D_A0013,,0,5.285115e-06,False,
T011872,A0359,2026-02-26 14:26:00,57.18,D_A0359,,0,5.285115e-06,False,
T006594,A0171,2026-02-01 13:06:00,48.7,D_A0171,,0,5.285115e-06,False,
T010034,A0060,2026-02-17 13:50:00,73.55,D_A0060,,0,5.285115e-06,False,
T004026,A0013,2026-01-19 18:21:00,54.95,D_A0013,,0,5.285115e-06,False,
T012060,A0278,2026-02-27 14:32:00,46.52,D_A0278,,0,5.285115e-06,False,
T008470,A0295,2026-02-09 23:53:00,40.37,D_A0295,,0,5.285115e-06,False,
T007499,A0295,2026-02-05 15:12:00,44.84,D_A0295,,0,5.285115e-06,False,
T006655,A0489,2026-02-01 16:23:00,43.38,D_A0489,,0,5.285115e-06,False,
T001607,A0489,2026-01-08 14:58:00,33.9,D_A0489,,0,5.285115e-06,False,
T001654,A0489,2026-01-08 17:47:00,36.18,D_A0489,,0,5.285115e-06,False,
T003306,A0340,2026-01-16 15:36:00,82.98,D_A0340,,0,5.285115e-06,False,
T012336,A0078,2026-02-28 18:06:00,58.56,D_A0078,,0,5.285115e-06,False,
T010876,A0402,2026-02-21 13:11:00,68.25,D_A0402,,0,5.285115e-06,False,
T004620,A0038,2026-01-22 18:05:00,36.06,D_A0038,,0,5.285115e-06,False,
T003779,A0215,2026-01-18 16:00:00,67.09,D_A0215,,0,5.285115e-06,False,
T001463,A0429,2026-01-07 20:18:00,80.99,D_A0429,,0,5.285115e-06,False,
T010514,A0215,2026-02-19 17:20:00,64.89,D_A0215,,0,5.285115e-06,False,
T007306,A0387,2026-02-04 15:57:00,40.54,D_A0387,,0,5.285115e-06,False,
T004318,A0402,2026-01-21 13:50:00,76.53,D_A0402,,0,5.285115e-06,False,
T009611,A0107,2026-02-15 14:43:00,28.98,D_A0107,,0,5.285115e-06,False,
T007273,A0060,2026-02-04 14:16:00,62.76,D_A0060,,0,5.285115e-06,False,
T003370,A0429,2026-01-16 18:41:00,97.03,D_A0429,,0,5.285115e-06,False,
T004926,A0039,2026-01-24 13:02:00,43.88,D_A0039,,0,5.285115e-06,False,
T008000,A0295,2026-02-07 18:14:00,54.76,D_A0295,,0,5.285115e-06,False,
T011165,A0387,2026-02-22 17:16:00,22.89,D_A0387,,0,5.285115e-06,False,
T009392,A0429,2026-02-14 13:39:00,72.94,D_A0429,,0,5.285115e-06,False,
T007972,A0489,2026-02-07 16:45:00,36.49,D_A0489,,0,5.285115e-06,False,
T000545,A0227,2026-01-03 15:48:00,80.26,D_A0227,,0,5.285115e-06,False,
T007948,A0171,2026-02-07 15:30:00,44.36,D_A0171,,0,5.285115e-06,False,
T007688,A0299,2026-02-06 12:58:00,67.15,D_A0299,,0,5.273163e-06,False,
T004500,A0181,2026-01-22 12:48:00,63.83,D_A0181,,0,5.273163e-06,False,
T002162,A0311,2026-01-11 12:41:00,40.37,D_A0311,,0,5.273163e-06,False,
T009578,A0092,2026-02-15 12:59:00,65.24,D_A0092,,0,5.273163e-06,False,
T010237,A0421,2026-02-18 12:47:00,46.84,D_A0421,,0,5.273163e-06,False,
T002598,A0090,2026-01-13 12:16:00,36.54,D_A0090,,0,5.273163e-06,False,
T012027,A0495,2026-02-27 12:39:00,82.05,D_A0495,,0,5.273163e-06,False,
T010651,A0479,2026-02-20 12:39:00,62.96,D_A0479,,0,5.273163e-06,False,
T003027,A0080,2026-01-15 12:12:00,28.75,D_A0080,,0,5.273163e-06,False,
T008328,A0298,2026-02-09 12:38:00,63.64,D_A0298,,0,5.273163e-06,False,
T008337,A0311,2026-02-09 12:56:00,23.04,D_A0311,,0,5.273163e-06,False,
T000794,A0181,2026-01-04 17:02:00,48.44,D_A0181,,0,5.2671116e-06,False,
T008609,A0065,2026-02-10 15:45:00,83.79,D_A0065,,0,5.2671116e-06,False,
T005180,A0311,2026-01-25 16:51:00,38.17,D_A0311,,0,5.2671116e-06,False,
T007584,A0298,2026-02-05 20:45:00,67.62,D_A0298,,0,5.2671116e-06,False,
T006667,A0189,2026-02-01 16:59:00,37.17,D_A0189,,0,5.2671116e-06,False,
T004813,A0482,2026-01-23 18:41:00,15.91,D_A0482,,0,5.2671116e-06,False,
T001255,A0379,2026-01-06 22:46:00,28.29,D_A0379,,0,5.2671116e-06,False,
T002438,A0311,2026-01-12 14:44:00,39.61,D_A0311,,0,5.2671116e-06,False,
T001571,A0189,2026-01-08 13:11:00,19.92,D_A0189,,0,5.2671116e-06,False,
T010724,A0180,2026-02-20 15:59:00,52.7,D_A0180,,0,5.2671116e-06,False,
T003283,A0379,2026-01-16 14:27:00,49.61,D_A0379,,0,5.2671116e-06,False,
T004371,A0409,2026-01-21 16:33:00,45.44,D_A0409,,0,5.2671116e-06,False,
T007460,A0409,2026-02-05 13:15:00,51.74,D_A0409,,0,5.2671116e-06,False,
T005780,A0143,2026-01-28 13:53:00,48.02,D_A0143,,0,5.2671116e-06,False,
T003298,A0214,2026-01-16 15:13:00,24.9,D_A0214,,0,5.2671116e-06,False,
T005186,A0379,2026-01-25 17:09:00,44.56,D_A0379,,0,5.2671116e-06,False,
T003759,A0210,2026-01-18 15:00:00,69.06,D_A0210,,0,5.2671116e-06,False,
T009854,A0379,2026-02-16 15:50:00,35.65,D_A0379,,0,5.2671116e-06,False,
T004024,A0299,2026-01-19 18:05:00,69.94,D_A0299,,0,5.2671116e-06,False,
T012117,A0070,2026-02-27 19:27:00,74.34,D_A0070,,0,5.2671116e-06,False,
T005020,A0299,2026-01-24 20:18:00,58.76,D_A0299,,0,5.2671116e-06,False,
T010297,A0175,2026-02-18 15:51:00,99.99,D_A0175,,0,5.2671116e-06,False,
T003937,A0180,2026-01-19 13:19:00,80.17,D_A0180,,0,5.2671116e-06,False,
T008363,A0086,2026-02-09 13:58:00,38.96,D_A0086,,0,5.2671116e-06,False,
T005561,A0455,2026-01-27 13:31:00,77.79,D_A0455,,0,5.2671116e-06,False,
T008612,A0298,2026-02-10 15:48:00,73.2,D_A0298,,0,5.2671116e-06,False,
T003134,R005,2026-01-15 18:09:00,73.47,D_R005,,0,5.2671116e-06,False,
T008666,A0070,2026-02-10 21:51:00,84.57,D_A0070,,0,5.2671116e-06,False,
T006496,A0452,2026-01-31 19:55:00,71.89,D_A0452,,0,5.2671116e-06,False,
T011863,A0065,2026-02-26 13:45:00,33.42,D_A0065,,0,5.2671116e-06,False,
T002644,A0298,2026-01-13 14:39:00,81.14,D_A0298,,0,5.2671116e-06,False,
T008436,A0180,2026-02-09 18:23:00,82.43,D_A0180,,0,5.2671116e-06,False,
T007979,A0409,2026-02-07 17:14:00,38.77,D_A0409,,0,5.2671116e-06,False,
T009584,A0080,2026-02-15 13:18:00,25.91,D_A0080,,0,5.2671116e-06,False,
T004757,A0311,2026-01-23 14:46:00,24.28,D_A0311,,0,5.2671116e-06,False,
T006939,A0065,2026-02-02 20:09:00,39.71,D_A0065,,0,5.2671116e-06,False,
T006945,A0086,2026-02-02 20:47:00,83.11,D_A0086,,0,5.2671116e-06,False,
T003612,A0482,2026-01-17 18:30:00,32.13,D_A0482,,0,5.2671116e-06,False,
T003618,A0226,2026-01-17 19:02:00,21.58,D_A0226,,0,5.2671116e-06,False,
T004762,A0479,2026-01-23 14:52:00,57.3,D_A0479,,0,5.2671116e-06,False,
T010976,A0455,2026-02-21 19:45:00,88.55,D_A0455,,0,5.2671116e-06,False,
T012320,A0479,2026-02-28 17:05:00,55.3,D_A0479,,0,5.2671116e-06,False,
T009048,A0298,2026-02-12 18:08:00,75.11,D_A0298,,0,5.2671116e-06,False,
T012353,A0409,2026-02-28 21:59:00,96.59,D_A0409,,0,5.2671116e-06,False,
T012221,A0090,2026-02-28 13:06:00,47.18,D_A0090,,0,5.2671116e-06,False,
T000816,A0090,2026-01-04 19:21:00,39.65,D_A0090,,0,5.2671116e-06,False,
T006893,A0421,2026-02-02 16:18:00,89.83,D_A0421,,0,5.2671116e-06,False,
T007309,A0409,2026-02-04 16:12:00,49.69,D_A0409,,0,5.2671116e-06,False,
T004768,A0409,2026-01-23 15:03:00,27.71,D_A0409,,0,5.2671116e-06,False,
T008134,A0306,2026-02-08 13:54:00,34.44,D_A0306,,0,5.2671116e-06,False,
T002895,A0090,2026-01-14 16:44:00,35.06,D_A0090,,0,5.2671116e-06,False,
T004939,A0331,2026-01-24 13:51:00,68.16,D_A0331,,0,5.2671116e-06,False,
T005450,A0065,2026-01-26 19:20:00,52.06,D_A0065,,0,5.2671116e-06,False,
T005360,A0086,2026-01-26 14:06:00,53.18,D_A0086,,0,5.2671116e-06,False,
T011092,A0088,2026-02-22 13:48:00,54.52,D_A0088,,0,5.2671116e-06,False,
T009378,A0439,2026-02-14 13:03:00,36.09,D_A0439,,0,5.2671116e-06,False,
T010429,A0315,2026-02-19 12:50:00,93.75,D_A0315,,0,5.2525197e-06,False,
T004785,A0227,2026-01-23 16:06:00,84.2,D_A0227,,0,5.246492e-06,False,
T002451,A0142,2026-01-12 15:23:00,56.82,D_A0142,,0,5.246492e-06,False,
T006181,A0273,2026-01-30 13:55:00,92.99,D_A0273,,0,5.242951e-06,False,
T002411,A0306,2026-01-12 13:46:00,65.18,D_A0306,,0,5.242951e-06,False,
T007787,A0080,2026-02-06 17:46:00,44.24,D_A0080,,0,5.242951e-06,False,
T005602,A0306,2026-01-27 15:24:00,59.75,D_A0306,,0,5.242951e-06,False,
T005332,A0038,2026-01-26 12:52:00,56.38,D_A0038,,0,5.2379332e-06,False,
T000819,A0119,2026-01-04 19:36:00,43.89,D_A0119,,0,5.2319224e-06,False,
T004747,A0489,2026-01-23 14:08:00,53.29,D_A0489,,0,5.2319224e-06,False,
T010931,A0038,2026-02-21 16:10:00,65.58,D_A0038,,0,5.2319224e-06,False,
T000157,A0387,2026-01-01 17:38:00,37.29,D_A0387,,0,5.2319224e-06,False,
T002943,A0387,2026-01-14 23:40:00,55.25,D_A0387,,0,5.2319224e-06,False,
T000992,A0076,2026-01-05 16:35:00,55.44,D_A0076,,0,5.2319224e-06,False,
T006844,A0039,2026-02-02 13:53:00,62.93,D_A0039,,0,5.2319224e-06,False,
T010926,A0371,2026-02-21 15:51:00,74.96,D_A0371,,0,5.2319224e-06,False,
T012343,A0237,2026-02-28 19:20:00,67.64,D_A0237,,0,5.2319224e-06,False,
T008367,A0489,2026-02-09 14:25:00,46.81,D_A0489,,0,5.2319224e-06,False,
T004959,A0000,2026-01-24 14:59:00,95.66,D_A0000,,0,5.2319224e-06,False,
T011303,A0323,2026-02-23 14:07:00,63.61,D_A0323,,0,5.2319224e-06,False,
T004182,A0320,2026-01-20 16:18:00,74.99,D_FAM_4,,0,5.162735e-06,False,
T006179,A0401,2026-01-30 13:54:00,104.88,D_A0401,,0,5.1445504e-06,False,
T001949,A0355,2026-01-10 12:27:00,100.24,D_A0355,,0,5.139705e-06,False,
T008555,A0142,2026-02-10 12:51:00,52.23,D_A0142,,0,5.1361135e-06,False,
T010654,A0312,2026-02-20 12:46:00,75.95,D_A0312,,0,5.1361135e-06,False,
T001109,A0452,2026-01-06 12:13:00,51.97,D_A0452,,0,5.1361135e-06,False,
T009150,A0017,2026-02-13 12:31:00,44.4,D_A0017,,0,5.1361135e-06,False,
T001747,A0144,2026-01-09 12:41:00,59.06,D_A0144,,0,5.1361135e-06,False,
T012215,A0144,2026-02-28 12:50:00,59.25,D_A0144,,0,5.1361135e-06,False,
T005101,A0144,2026-01-25 12:14:00,39.1,D_A0144,,0,5.1361135e-06,False,
T008104,A0199,2026-02-08 12:23:00,57.88,D_A0199,,0,5.1361135e-06,False,
T001548,A0012,2026-01-08 12:16:00,98.84,D_A0012,,0,5.132647e-06,False,
T007681,A0102,2026-02-06 12:39:00,61.13,D_A0102,,0,5.132647e-06,False,
T011755,A0312,2026-02-25 19:50:00,47.97,D_A0312,,0,5.1302195e-06,False,
T004040,A0144,2026-01-19 23:39:00,68.54,D_A0144,,0,5.1302195e-06,False,
T001577,A0485,2026-01-08 13:28:00,63.93,D_A0485,,0,5.1302195e-06,False,
T011476,A0447,2026-02-24 13:38:00,57.21,D_A0447,,0,5.1302195e-06,False,
T007721,A0322,2026-02-06 14:06:00,56.05,D_A0322,,0,5.1302195e-06,False,
T010255,A0144,2026-02-18 13:34:00,61.92,D_A0144,,0,5.1302195e-06,False,
T011708,A0090,2026-02-25 15:29:00,34.15,D_A0090,,0,5.1302195e-06,False,
T005436,A0222,2026-01-26 18:26:00,24.78,D_A0222,,0,5.1302195e-06,False,
T004965,A0295,2026-01-24 15:22:00,40.02,D_A0295,,0,5.1302195e-06,False,
T002876,A0142,2026-01-14 15:23:00,47.98,D_A0142,,0,5.1302195e-06,False,
T012076,A0425,2026-02-27 15:26:00,10.02,D_A0425,,0,5.1302195e-06,False,
T006395,A0039,2026-01-31 13:57:00,42.85,D_A0039,,0,5.1302195e-06,False,
T004956,A0244,2026-01-24 14:53:00,48.36,D_A0244,,0,5.1302195e-06,False,
T002657,A0038,2026-01-13 15:16:00,35.23,D_A0038,,0,5.1302195e-06,False,
T007567,A0142,2026-02-05 19:00:00,34.26,D_A0142,,0,5.1302195e-06,False,
T008817,A0144,2026-02-11 16:15:00,56.62,D_A0144,,0,5.1302195e-06,False,
T009824,A0192,2026-02-16 14:04:00,72.3,D_A0192,,0,5.1302195e-06,False,
T002931,A0227,2026-01-14 20:25:00,48.18,D_A0227,,0,5.1302195e-06,False,
T005834,A0038,2026-01-28 17:12:00,40.89,D_A0038,,0,5.1302195e-06,False,
T007153,A0144,2026-02-03 18:58:00,54.13,D_A0144,,0,5.1302195e-06,False,
T007370,A0478,2026-02-04 20:37:00,80.03,D_A0478,,0,5.1302195e-06,False,
T009002,A0192,2026-02-12 14:58:00,100.47,D_A0192,,0,5.1302195e-06,False,
T001221,A0322,2026-01-06 17:43:00,54.21,D_A0322,,0,5.1302195e-06,False,
T011310,A0312,2026-02-23 14:43:00,85.91,D_A0312,,0,5.1302195e-06,False,
T003585,A0144,2026-01-17 17:14:00,58.56,D_A0144,,0,5.1302195e-06,False,
T004784,A0315,2026-01-23 16:06:00,38.08,D_A0315,,0,5.1302195e-06,False,
T008148,A0393,2026-02-08 14:34:00,61.61,D_A0393,,0,5.1302195e-06,False,
T002054,A0144,2026-01-10 18:04:00,55.37,D_A0144,,0,5.1302195e-06,False,
T000938,A0478,2026-01-05 14:00:00,51.02,D_A0478,,0,5.1302195e-06,False,
T001177,A0069,2026-01-06 15:23:00,63.29,D_A0069,,0,5.1267566e-06,False,
T005408,A0040,2026-01-26 16:21:00,100.81,D_A0040,,0,5.1267566e-06,False,
T005006,A0069,2026-01-24 18:09:00,82.27,D_A0069,,0,5.1267566e-06,False,
T003262,A0264,2026-01-16 13:17:00,53.23,D_A0264,,0,5.1267566e-06,False,
T005178,A0154,2026-01-25 16:35:00,89.87,D_A0154,,0,5.1267566e-06,False,
T007049,A0143,2026-02-03 13:06:00,68.19,D_A0143,,0,5.1267566e-06,False,
T007093,A0455,2026-02-03 15:43:00,82.01,D_A0455,,0,5.1267566e-06,False,
T007078,A0421,2026-02-03 14:45:00,74.0,D_A0421,,0,5.1267566e-06,False,
T010086,A0299,2026-02-17 16:25:00,60.48,D_A0299,,0,5.1267566e-06,False,
T011322,A0175,2026-02-23 15:31:00,72.24,D_A0175,,0,5.1267566e-06,False,
T010719,A0306,2026-02-20 15:35:00,54.61,D_A0306,,0,5.1267566e-06,False,
T002453,A0409,2026-01-12 15:34:00,72.69,D_A0409,,0,5.1267566e-06,False,
T005552,A0323,2026-01-27 12:55:00,25.67,D_A0323,,0,5.1218503e-06,False,
T007900,A0425,2026-02-07 12:54:00,10.76,D_A0425,,0,5.1218503e-06,False,
T008327,A0102,2026-02-09 12:33:00,9.08,D_A0102,,0,5.1218503e-06,False,
T000687,A0265,2026-01-04 12:04:00,69.0,D_A0265,,0,5.1218503e-06,False,
T000696,A0230,2026-01-04 12:34:00,14.17,D_A0230,,0,5.1218503e-06,False,
T010633,A0489,2026-02-20 12:09:00,38.72,D_A0489,,0,5.1218503e-06,False,
T010647,A0230,2026-02-20 12:32:00,15.04,D_A0230,,0,5.1218503e-06,False,
T004115,A0039,2026-01-20 12:40:00,17.45,D_A0039,,0,5.1218503e-06,False,
T001543,A0202,2026-01-08 12:01:00,29.96,D_A0202,,0,5.1218503e-06,False,
T006576,A0402,2026-02-01 12:05:00,15.19,D_A0402,,0,5.1218503e-06,False,
T008752,A0341,2026-02-11 12:41:00,28.87,D_A0341,,0,5.1218503e-06,False,
T006370,A0323,2026-01-31 12:47:00,24.47,D_A0323,,0,5.1218503e-06,False,
T004108,A0202,2026-01-20 12:20:00,25.59,D_A0202,,0,5.1218503e-06,False,
T010010,A0202,2026-02-17 12:48:00,40.44,D_A0202,,0,5.1218503e-06,False,
T005753,A0425,2026-01-28 12:20:00,14.89,D_A0425,,0,5.1218503e-06,False,
T007438,A0164,2026-02-05 12:17:00,11.49,D_A0164,,0,5.1218503e-06,False,
T007452,A0337,2026-02-05 12:55:00,74.24,D_A0337,,0,5.1218503e-06,False,
T011457,A0116,2026-02-24 12:32:00,35.69,D_A0116,,0,5.1218503e-06,False,
T011453,A0037,2026-02-24 12:18:00,26.23,D_A0037,,0,5.1218503e-06,False,
T005751,A0295,2026-01-28 12:18:00,73.39,D_A0295,,0,5.1218503e-06,False,
T012020,A0164,2026-02-27 12:06:00,24.1,D_A0164,,0,5.1218503e-06,False,
T007434,A0230,2026-02-05 12:12:00,9.4,D_A0230,,0,5.1218503e-06,False,
T001121,A0013,2026-01-06 12:52:00,64.55,D_A0013,,0,5.1218503e-06,False,
T003716,A0425,2026-01-18 12:50:00,13.45,D_A0425,,0,5.1218503e-06,False,
T010857,A0107,2026-02-21 12:21:00,7.04,D_A0107,,0,5.1218503e-06,False,
T006813,A0115,2026-02-02 12:06:00,48.0,D_A0115,,0,5.1218503e-06,False,
T003698,A0448,2026-01-18 12:02:00,37.23,D_A0448,,0,5.1218503e-06,False,
T012205,A0164,2026-02-28 12:07:00,17.3,D_A0164,,0,5.1218503e-06,False,
T009151,A0202,2026-02-13 12:35:00,40.89,D_A0202,,0,5.1218503e-06,False,
T009575,A0277,2026-02-15 12:49:00,22.71,D_A0277,,0,5.1218503e-06,False,
T011277,A0295,2026-02-23 12:51:00,48.38,D_A0295,,0,5.1218503e-06,False,
T011064,A0238,2026-02-22 12:31:00,74.25,D_A0238,,0,5.1218503e-06,False,
T011060,A0202,2026-02-22 12:28:00,30.56,D_A0202,,0,5.1218503e-06,False,
T011078,A0402,2026-02-22 12:55:00,22.27,D_A0402,,0,5.1218503e-06,False,
T003487,A0274,2026-01-17 12:37:00,12.09,D_A0274,,0,5.1218503e-06,False,
T008108,A0371,2026-02-08 12:33:00,20.24,D_A0371,,0,5.1218503e-06,False,
T004905,A0171,2026-01-24 12:03:00,65.5,D_A0171,,0,5.1218503e-06,False,
T005537,A0340,2026-01-27 12:01:00,23.2,D_A0340,,0,5.1218503e-06,False,
T011827,A0039,2026-02-26 12:20:00,48.11,D_A0039,,0,5.1218503e-06,False,
T012571,A0340,2026-03-01 23:10:00,20.51,D_A0340,,0,5.1159727e-06,False,
T011748,A0230,2026-02-25 18:51:00,12.56,D_A0230,,0,5.1159727e-06,False,
T012495,A0215,2026-03-01 16:15:00,19.42,D_A0215,,0,5.1159727e-06,False,
T004928,A0076,2026-01-24 13:18:00,48.91,D_A0076,,0,5.1159727e-06,False,
T012496,A0164,2026-03-01 16:17:00,21.63,D_A0164,,0,5.1159727e-06,False,
T007920,A0168,2026-02-07 14:10:00,39.95,D_A0168,,0,5.1159727e-06,False,
T007940,A0062,2026-02-07 15:08:00,24.89,D_A0062,,0,5.1159727e-06,False,
T008120,A0429,2026-02-08 13:10:00,23.16,D_A0429,,0,5.1159727e-06,False,
T002043,A0315,2026-01-10 17:17:00,20.32,D_A0315,,0,5.1159727e-06,False,
T002040,A0039,2026-01-10 17:13:00,59.97,D_A0039,,0,5.1159727e-06,False,
T009407,A0076,2026-02-14 14:30:00,18.39,D_A0076,,0,5.1159727e-06,False,
T009234,A0171,2026-02-13 16:35:00,14.32,D_A0171,,0,5.1159727e-06,False,
T009243,A0164,2026-02-13 17:05:00,25.52,D_A0164,,0,5.1159727e-06,False,
T009672,A0039,2026-02-15 18:12:00,9.3,D_A0039,,0,5.1159727e-06,False,
T004311,A0448,2026-01-21 13:26:00,29.51,D_A0448,,0,5.1159727e-06,False,
T003561,A0062,2026-01-17 15:59:00,26.44,D_A0062,,0,5.1159727e-06,False,
T011191,A0107,2026-02-22 19:26:00,56.52,D_A0107,,0,5.1159727e-06,False,
T004616,A0215,2026-01-22 17:34:00,42.42,D_A0215,,0,5.1159727e-06,False,
T002006,A0068,2026-01-10 15:12:00,35.9,D_A0068,,0,5.1159727e-06,False,
T005993,A0277,2026-01-29 14:59:00,29.53,D_A0277,,0,5.1159727e-06,False,
T004233,A0037,2026-01-20 23:26:00,54.76,D_A0037,,0,5.1159727e-06,False,
T005990,A0341,2026-01-29 14:49:00,20.24,D_A0341,,0,5.1159727e-06,False,
T005991,A0168,2026-01-29 14:54:00,21.59,D_A0168,,0,5.1159727e-06,False,
T003506,A0358,2026-01-17 13:33:00,26.48,D_A0358,,0,5.1159727e-06,False,
T007134,A0165,2026-02-03 17:45:00,11.1,D_A0165,,0,5.1159727e-06,False,
T011960,A0230,2026-02-26 22:14:00,10.29,D_A0230,,0,5.1159727e-06,False,
T005962,A0425,2026-01-29 13:10:00,13.94,D_A0425,,0,5.1159727e-06,False,
T009597,A0062,2026-02-15 14:00:00,11.05,D_A0062,,0,5.1159727e-06,False,
T009643,A0115,2026-02-15 16:15:00,62.57,D_A0115,,0,5.1159727e-06,False,
T009607,A0295,2026-02-15 14:32:00,8.85,D_A0295,,0,5.1159727e-06,False,
T006926,A0171,2026-02-02 18:54:00,20.73,D_A0171,,0,5.1159727e-06,False,
T007173,A0171,2026-02-03 21:34:00,10.07,D_A0171,,0,5.1159727e-06,False,
T009282,A0202,2026-02-13 21:20:00,57.29,D_A0202,,0,5.1159727e-06,False,
T009269,A0402,2026-02-13 19:29:00,12.24,D_A0402,,0,5.1159727e-06,False,
T009268,A0165,2026-02-13 19:17:00,10.49,D_A0165,,0,5.1159727e-06,False,
T011193,A0202,2026-02-22 19:47:00,29.16,D_A0202,,0,5.1159727e-06,False,
T001855,A0037,2026-01-09 18:54:00,33.24,D_A0037,,0,5.1159727e-06,False,
T005829,A0116,2026-01-28 16:38:00,74.03,D_A0116,,0,5.1159727e-06,False,
T005862,A0371,2026-01-28 20:23:00,20.61,D_A0371,,0,5.1159727e-06,False,
T000833,A0164,2026-01-04 23:08:00,17.4,D_A0164,,0,5.1159727e-06,False,
T000830,A0165,2026-01-04 22:20:00,15.52,D_A0165,,0,5.1159727e-06,False,
T012319,A0037,2026-02-28 17:02:00,40.67,D_A0037,,0,5.1159727e-06,False,
T003373,A0230,2026-01-16 19:07:00,14.65,D_A0230,,0,5.1159727e-06,False,
T005187,A0140,2026-01-25 17:17:00,67.69,D_A0140,,0,5.1159727e-06,False,
T003302,A0230,2026-01-16 15:25:00,7.72,D_A0230,,0,5.1159727e-06,False,
T003320,A0295,2026-01-16 16:09:00,34.71,D_A0295,,0,5.1159727e-06,False,
T009018,A0116,2026-02-12 15:47:00,19.91,D_A0116,,0,5.1159727e-06,False,
T003296,A0038,2026-01-16 15:03:00,33.82,D_A0038,,0,5.1159727e-06,False,
T004781,A0341,2026-01-23 15:57:00,23.48,D_A0341,,0,5.1159727e-06,False,
T002284,A0107,2026-01-11 19:22:00,11.12,D_A0107,,0,5.1159727e-06,False,
T007330,A0323,2026-02-04 17:22:00,4.24,D_A0323,,0,5.1159727e-06,False,
T004211,A0387,2026-01-20 18:58:00,14.44,D_A0387,,0,5.1159727e-06,False,
T006042,A0165,2026-01-29 18:11:00,15.07,D_A0165,,0,5.1159727e-06,False,
T006015,A0380,2026-01-29 16:26:00,41.23,D_A0380,,0,5.1159727e-06,False,
T006036,A0274,2026-01-29 17:40:00,32.71,D_A0274,,0,5.1159727e-06,False,
T006062,A0402,2026-01-29 19:28:00,79.5,D_A0402,,0,5.1159727e-06,False,
T010951,A0320,2026-02-21 17:49:00,9.22,D_A0320,,0,5.1159727e-06,False,
T010943,A0171,2026-02-21 17:11:00,7.87,D_A0171,,0,5.1159727e-06,False,
T004189,A0429,2026-01-20 16:51:00,60.26,D_A0429,,0,5.1159727e-06,False,
T001797,A0425,2026-01-09 15:02:00,13.44,D_A0425,,0,5.1159727e-06,False,
T009839,A0448,2026-02-16 15:06:00,41.33,D_A0448,,0,5.1159727e-06,False,
T004167,A0277,2026-01-20 15:52:00,20.18,D_A0277,,0,5.1159727e-06,False,
T007288,A0107,2026-02-04 14:51:00,51.92,D_A0107,,0,5.1159727e-06,False,
T003343,A0379,2026-01-16 17:14:00,9.75,D_A0379,,0,5.1159727e-06,False,
T007305,A0230,2026-02-04 15:55:00,14.95,D_A0230,,0,5.1159727e-06,False,
T000815,A0076,2026-01-04 18:53:00,21.97,D_A0076,,0,5.1159727e-06,False,
T011921,A0215,2026-02-26 16:30:00,66.11,D_A0215,,0,5.1159727e-06,False,
T004142,A0402,2026-01-20 14:19:00,20.71,D_A0402,,0,5.1159727e-06,False,
T009066,A0000,2026-02-12 19:51:00,81.98,D_A0000,,0,5.1159727e-06,False,
T002238,A0425,2026-01-11 16:08:00,10.91,D_A0425,,0,5.1159727e-06,False,
T002244,A0165,2026-01-11 16:26:00,16.34,D_A0165,,0,5.1159727e-06,False,
T011286,A0039,2026-02-23 13:05:00,16.38,D_A0039,,0,5.1159727e-06,False,
T011326,A0277,2026-02-23 15:42:00,27.06,D_A0277,,0,5.1159727e-06,False,
T009692,A0067,2026-02-15 20:33:00,6.28,D_A0067,,0,5.1159727e-06,False,
T006887,A0489,2026-02-02 15:51:00,42.49,D_A0489,,0,5.1159727e-06,False,
T009910,A0227,2026-02-16 19:54:00,27.39,D_A0227,,0,5.1159727e-06,False,
T007343,A0119,2026-02-04 18:14:00,24.8,D_A0119,,0,5.1159727e-06,False,
T007344,A0448,2026-02-04 18:18:00,51.51,D_A0448,,0,5.1159727e-06,False,
T012342,A0202,2026-02-28 19:19:00,43.44,D_A0202,,0,5.1159727e-06,False,
T009895,A0274,2026-02-16 18:18:00,36.29,D_A0274,,0,5.1159727e-06,False,
T003768,A0358,2026-01-18 15:27:00,30.03,D_A0358,,0,5.1159727e-06,False,
T010894,A0076,2026-02-21 14:05:00,16.95,D_A0076,,0,5.1159727e-06,False,
T003733,A0140,2026-01-18 13:26:00,43.21,D_A0140,,0,5.1159727e-06,False,
T003122,A0425,2026-01-15 17:19:00,12.23,D_A0425,,0,5.1159727e-06,False,
T004814,A0337,2026-01-23 18:45:00,56.46,D_A0337,,0,5.1159727e-06,False,
T002466,A0489,2026-01-12 16:10:00,48.07,D_A0489,,0,5.1159727e-06,False,
T008776,A0341,2026-02-11 13:51:00,24.65,D_A0341,,0,5.1159727e-06,False,
T006277,A0060,2026-01-30 23:06:00,13.94,D_A0060,,0,5.1159727e-06,False,
T001573,A0439,2026-01-08 13:17:00,9.06,D_A0439,,0,5.1159727e-06,False,
T006612,A0402,2026-02-01 13:46:00,77.92,D_A0402,,0,5.1159727e-06,False,
T006653,A0425,2026-02-01 16:20:00,11.62,D_A0425,,0,5.1159727e-06,False,
T001231,A0277,2026-01-06 18:39:00,22.2,D_A0277,,0,5.1159727e-06,False,
T011363,A0037,2026-02-23 19:38:00,35.14,D_A0037,,0,5.1159727e-06,False,
T008800,A0116,2026-02-11 14:56:00,29.9,D_A0116,,0,5.1159727e-06,False,
T002455,A0227,2026-01-12 15:40:00,29.45,D_A0227,,0,5.1159727e-06,False,
T006209,A0202,2026-01-30 14:53:00,35.01,D_A0202,,0,5.1159727e-06,False,
T006211,A0277,2026-01-30 15:00:00,26.54,D_A0277,,0,5.1159727e-06,False,
T005771,A0171,2026-01-28 13:21:00,12.75,D_A0171,,0,5.1159727e-06,False,
T010726,A0119,2026-02-20 16:02:00,30.83,D_A0119,,0,5.1159727e-06,False,
T005765,A0315,2026-01-28 13:08:00,13.06,D_A0315,,0,5.1159727e-06,False,
T005392,A0238,2026-01-26 15:34:00,81.26,D_A0238,,0,5.1159727e-06,False,
T004126,A0037,2026-01-20 13:28:00,33.81,D_A0037,,0,5.1159727e-06,False,
T005171,A0067,2026-01-25 16:18:00,9.01,D_A0067,,0,5.1159727e-06,False,
T001189,A0062,2026-01-06 15:54:00,38.86,D_A0062,,0,5.1159727e-06,False,
T005164,A0076,2026-01-25 15:47:00,12.58,D_A0076,,0,5.1159727e-06,False,
T003758,A0060,2026-01-18 14:53:00,31.03,D_A0060,,0,5.1159727e-06,False,
T001662,A0037,2026-01-08 18:54:00,31.66,D_A0037,,0,5.1159727e-06,False,
T004933,A0484,2026-01-24 13:28:00,14.12,D_A0484,,0,5.1159727e-06,False,
T011678,A0038,2026-02-25 13:52:00,13.49,D_A0038,,0,5.1159727e-06,False,
T005562,A0379,2026-01-27 13:32:00,12.45,D_A0379,,0,5.1159727e-06,False,
T005574,A0274,2026-01-27 13:59:00,28.6,D_A0274,,0,5.1159727e-06,False,
T008358,A0341,2026-02-09 13:41:00,28.82,D_A0341,,0,5.1159727e-06,False,
T012442,A0060,2026-03-01 13:32:00,22.32,D_A0060,,0,5.1159727e-06,False,
T007797,A0358,2026-02-06 18:36:00,14.34,D_A0358,,0,5.1159727e-06,False,
T003057,A0068,2026-01-15 13:43:00,25.35,D_A0068,,0,5.1159727e-06,False,
T006394,A0277,2026-01-31 13:55:00,20.52,D_A0277,,0,5.1159727e-06,False,
T002901,A0171,2026-01-14 17:09:00,12.77,D_A0171,,0,5.1159727e-06,False,
T012071,A0168,2026-02-27 15:14:00,23.63,D_A0168,,0,5.1159727e-06,False,
T002904,A0238,2026-01-14 17:24:00,85.95,D_A0238,,0,5.1159727e-06,False,
T001404,R003,2026-01-07 14:59:00,34.29,D_R003,,0,5.1159727e-06,False,
T010447,A0402,2026-02-19 13:51:00,18.56,D_A0402,,0,5.1159727e-06,False,
T006400,A0107,2026-01-31 14:21:00,8.36,D_A0107,,0,5.1159727e-06,False,
T010468,A0227,2026-02-19 14:46:00,20.29,D_A0227,,0,5.1159727e-06,False,
T006477,A0171,2026-01-31 18:28:00,6.75,D_A0171,,0,5.1159727e-06,False,
T008229,A0140,2026-02-08 18:56:00,54.54,D_A0140,,0,5.1159727e-06,False,
T002826,A0119,2026-01-14 13:34:00,42.83,D_A0119,,0,5.1159727e-06,False,
T011695,A0171,2026-02-25 15:00:00,8.72,D_A0171,,0,5.1159727e-06,False,
T007789,A0107,2026-02-06 17:53:00,9.74,D_A0107,,0,5.1159727e-06,False,
T010272,A0402,2026-02-18 14:43:00,11.66,D_A0402,,0,5.1159727e-06,False,
T010312,A0295,2026-02-18 16:39:00,11.67,D_A0295,,0,5.1159727e-06,False,
T010328,A0179,2026-02-18 18:29:00,7.89,D_A0179,,0,5.1159727e-06,False,
T003990,A0274,2026-01-19 15:29:00,28.51,D_A0274,,0,5.1159727e-06,False,
T011518,A0165,2026-02-24 15:26:00,14.37,D_A0165,,0,5.1159727e-06,False,
T000728,R003,2026-01-04 13:39:00,29.53,D_R003,,0,5.1159727e-06,False,
T011473,A0202,2026-02-24 13:35:00,39.3,D_A0202,,0,5.1159727e-06,False,
T002476,A0448,2026-01-12 16:42:00,36.78,D_A0448,,0,5.1159727e-06,False,
T006684,A0068,2026-02-01 17:50:00,31.85,D_A0068,,0,5.1159727e-06,False,
T001620,A0341,2026-01-08 15:49:00,12.58,D_A0341,,0,5.1159727e-06,False,
T010111,A0171,2026-02-17 17:34:00,10.14,D_A0171,,0,5.1159727e-06,False,
T004038,A0116,2026-01-19 23:22:00,72.83,D_A0116,,0,5.1159727e-06,False,
T004037,A0038,2026-01-19 22:11:00,52.28,D_A0038,,0,5.1159727e-06,False,
T003121,A0215,2026-01-15 17:18:00,38.09,D_A0215,,0,5.1159727e-06,False,
T003118,A0274,2026-01-15 16:59:00,20.48,D_A0274,,0,5.1159727e-06,False,
T003131,A0165,2026-01-15 17:59:00,12.93,D_A0165,,0,5.1159727e-06,False,
T003145,A0171,2026-01-15 18:54:00,47.45,D_A0171,,0,5.1159727e-06,False,
T010660,A0215,2026-02-20 13:00:00,16.53,D_A0215,,0,5.1159727e-06,False,
T003821,A0039,2026-01-18 18:15:00,38.78,D_A0039,,0,5.1159727e-06,False,
T012062,A0489,2026-02-27 14:35:00,43.61,D_A0489,,0,5.1159727e-06,False,
T011885,A0059,2026-02-26 14:58:00,65.27,D_A0059,,0,5.1159727e-06,False,
T011881,A0402,2026-02-26 14:44:00,64.97,D_A0402,,0,5.1159727e-06,False,
T011554,A0116,2026-02-24 19:02:00,14.11,D_A0116,,0,5.1159727e-06,False,
T005637,A0039,2026-01-27 17:02:00,14.36,D_A0039,,0,5.1159727e-06,False,
T012104,A0429,2026-02-27 17:43:00,28.27,D_A0429,,0,5.1159727e-06,False,
T010331,A0315,2026-02-18 18:45:00,19.29,D_A0315,,0,5.1159727e-06,False,
T001451,A0076,2026-01-07 18:34:00,48.3,D_A0076,,0,5.1159727e-06,False,
T007786,A0402,2026-02-06 17:44:00,17.19,D_A0402,,0,5.1159727e-06,False,
T000587,A0380,2026-01-03 17:56:00,37.98,D_A0380,,0,5.1159727e-06,False,
T005621,A0380,2026-01-27 16:08:00,30.13,D_A0380,,0,5.1159727e-06,False,
T007761,A0168,2026-02-06 16:13:00,20.71,D_A0168,,0,5.1159727e-06,False,
T008401,A0466,2026-02-09 15:49:00,41.71,D_A0466,,0,5.1159727e-06,False,
T008393,A0358,2026-02-09 15:33:00,19.33,D_A0358,,0,5.1159727e-06,False,
T003097,A0230,2026-01-15 15:59:00,9.16,D_A0230,,0,5.1159727e-06,False,
T008366,A0227,2026-02-09 14:20:00,30.91,D_A0227,,0,5.1159727e-06,False,
T002690,A0227,2026-01-13 17:27:00,16.99,D_A0227,,0,5.1159727e-06,False,
T002694,A0119,2026-01-13 17:53:00,36.72,D_A0119,,0,5.1159727e-06,False,
T008423,A0315,2026-02-09 17:33:00,16.7,D_A0315,,0,5.1159727e-06,False,
T007724,A0076,2026-02-06 14:13:00,18.91,D_A0076,,0,5.1159727e-06,False,
T002643,A0119,2026-01-13 14:34:00,36.62,D_A0119,,0,5.1159727e-06,False,
T012120,A0379,2026-02-27 19:46:00,16.99,D_A0379,,0,5.1159727e-06,False,
T001362,A0425,2026-01-07 13:13:00,4.5,D_A0425,,0,5.1159727e-06,False,
T004025,A0274,2026-01-19 18:08:00,26.9,D_A0274,,0,5.1159727e-06,False,
T001469,A0107,2026-01-07 21:35:00,64.69,D_A0107,,0,5.1159727e-06,False,
T006484,A0448,2026-01-31 18:52:00,34.23,D_A0448,,0,5.1159727e-06,False,
T001471,A0340,2026-01-07 21:49:00,19.94,D_A0340,,0,5.1159727e-06,False,
T000289,A0171,2026-01-02 13:02:00,12.28,D_A0171,,0,5.1159727e-06,False,
T010306,A0380,2026-02-18 16:29:00,57.4,D_A0380,,0,5.1159727e-06,False,
T003030,A0142,2026-01-15 12:22:00,59.98,D_A0142,,0,5.084421e-06,False,
T011062,A0107,2026-02-22 12:29:00,60.61,D_A0107,,0,5.084421e-06,False,
T004177,A0485,2026-01-20 16:13:00,77.55,D_A0485,,0,5.078586e-06,False,
T006639,A0142,2026-02-01 15:17:00,58.87,D_A0142,,0,5.078586e-06,False,
T005580,A0419,2026-01-27 14:15:00,100.82,D_A0419,,0,5.078586e-06,False,
T002671,A0116,2026-01-13 16:03:00,83.15,D_A0116,,0,5.078586e-06,False,
T002487,A0215,2026-01-12 17:13:00,81.37,D_A0215,,0,5.078586e-06,False,
T004782,A0045,2026-01-23 16:02:00,97.41,D_A0045,,0,5.078586e-06,False,
T011284,A0215,2026-02-23 13:04:00,91.54,D_A0215,,0,5.078586e-06,False,
T004351,A0188,2026-01-21 15:21:00,90.49,D_A0188,,0,5.078586e-06,False,
T001663,A0320,2026-01-08 19:08:00,66.21,D_FAM_4,,0,5.0483186e-06,False,
T001945,R000,2026-01-10 12:07:00,102.9,D_R000,,0,5.013214e-06,False,
T004291,A0452,2026-01-21 12:14:00,41.16,D_A0452,,0,4.97174e-06,False,
T009142,A0322,2026-02-13 12:03:00,65.12,D_A0322,,0,4.97174e-06,False,
T009374,A0038,2026-02-14 12:55:00,19.95,D_A0038,,0,4.97174e-06,False,
T011657,A0222,2026-02-25 12:58:00,73.21,D_A0222,,0,4.97174e-06,False,
T003923,A0215,2026-01-19 12:29:00,59.08,D_A0215,,0,4.97174e-06,False,
T003918,A0315,2026-01-19 12:18:00,64.31,D_A0315,,0,4.97174e-06,False,
T003718,A0038,2026-01-18 12:56:00,37.97,D_A0038,,0,4.97174e-06,False,
T001870,A0320,2026-01-09 20:33:00,79.24,D_A0320,,0,4.966035e-06,False,
T011196,A0076,2026-02-22 20:30:00,69.28,D_A0076,,0,4.966035e-06,False,
T002191,R000,2026-01-11 13:40:00,73.94,D_R000,,0,4.966035e-06,False,
T004533,A0342,2026-01-22 14:15:00,93.5,D_A0342,,0,4.966035e-06,False,
T004755,A0315,2026-01-23 14:31:00,35.49,D_A0315,,0,4.966035e-06,False,
T002881,A0039,2026-01-14 15:47:00,63.65,D_A0039,,0,4.966035e-06,False,
T003349,A0401,2026-01-16 17:28:00,74.35,D_A0401,,0,4.966035e-06,False,
T008978,A0061,2026-02-12 13:35:00,72.87,D_A0061,,0,4.966035e-06,False,
T011475,A0215,2026-02-24 13:38:00,53.77,D_A0215,,0,4.966035e-06,False,
T001457,A0342,2026-01-07 19:37:00,64.94,D_A0342,,0,4.966035e-06,False,
T010541,A0334,2026-02-19 19:26:00,89.88,D_A0334,,0,4.966035e-06,False,
T003317,A0038,2026-01-16 16:05:00,48.23,D_A0038,,0,4.966035e-06,False,
T004629,A0038,2026-01-22 19:11:00,33.45,D_A0038,,0,4.966035e-06,False,
T007360,A0144,2026-02-04 19:25:00,62.99,D_A0144,,0,4.966035e-06,False,
T009025,A0447,2026-02-12 16:23:00,41.25,D_A0447,,0,4.966035e-06,False,
T006691,A0439,2026-02-01 18:00:00,16.54,D_A0439,,0,4.966035e-06,False,
T004811,A0485,2026-01-23 18:11:00,49.32,D_A0485,,0,4.966035e-06,False,
T005681,A0038,2026-01-27 21:12:00,47.81,D_A0038,,0,4.966035e-06,False,
T000396,R000,2026-01-02 20:48:00,46.61,D_R000,,0,4.966035e-06,False,
T005676,A0199,2026-01-27 19:47:00,65.37,D_A0199,,0,4.966035e-06,False,
T005179,A0261,2026-01-25 16:50:00,41.21,D_A0261,,0,4.966035e-06,False,
T003988,A0142,2026-01-19 15:27:00,41.11,D_A0142,,0,4.966035e-06,False,
T010284,A0076,2026-02-18 15:03:00,57.4,D_A0076,,0,4.966035e-06,False,
T011467,A0295,2026-02-24 13:16:00,46.46,D_A0295,,0,4.966035e-06,False,
T011702,A0038,2026-02-25 15:25:00,35.56,D_A0038,,0,4.966035e-06,False,
T002714,A0222,2026-01-13 19:42:00,21.99,D_A0222,,0,4.966035e-06,False,
T008221,A0485,2026-02-08 17:39:00,87.01,D_A0485,,0,4.966035e-06,False,
T008384,A0485,2026-02-09 15:16:00,80.44,D_A0485,,0,4.966035e-06,False,
T012074,A0199,2026-02-27 15:20:00,42.64,D_A0199,,0,4.966035e-06,False,
T003151,A0295,2026-01-15 19:31:00,41.13,D_A0295,,0,4.966035e-06,False,
T002303,A0076,2026-01-11 23:33:00,69.09,D_A0076,,0,4.943255e-06,False,
T001033,A0315,2026-01-05 20:35:00,73.99,D_A0315,,0,4.8337024e-06,False,
T008132,A0401,2026-02-08 13:50:00,61.14,D_A0401,,0,4.8337024e-06,False,
T007694,A0320,2026-02-06 13:06:00,57.86,D_A0320,,0,4.8337024e-06,False,
T011515,A0401,2026-02-24 15:20:00,92.88,D_A0401,,0,4.8337024e-06,False,
T001628,A0315,2026-01-08 16:20:00,89.51,D_A0315,,0,4.8337024e-06,False,
T010738,A0295,2026-02-20 16:54:00,49.68,D_A0295,,0,4.8337024e-06,False,
T006220,A0107,2026-01-30 15:21:00,58.81,D_A0107,,0,4.8337024e-06,False,
T005026,A0061,2026-01-24 21:59:00,78.3,D_A0061,,0,4.8337024e-06,False,
T012129,A0076,2026-02-27 21:50:00,100.21,D_A0076,,0,4.8337024e-06,False,
